Datetime,USGS_flow,variable,USGS_ID,measurement_unit,qualifiers,series
1986-10-01,160.52942,streamflow,9277500,ft3/s,"['A', '[91]']",0
1986-10-02,195.54167,streamflow,9277500,ft3/s,"['A', '[91]']",0
1986-10-03,235.25,streamflow,9277500,ft3/s,"['A', '[91]']",0
1986-10-04,187.16667,streamflow,9277500,ft3/s,"['A', '[91]']",0
1986-10-05,171.125,streamflow,9277500,ft3/s,"['A', '[91]']",0
1986-10-06,168.5,streamflow,9277500,ft3/s,"['A', '[91]']",0
1986-10-07,168.0,streamflow,9277500,ft3/s,"['A', '[91]']",0
1986-10-08,166.56,streamflow,9277500,ft3/s,"['A', '[91]']",0
1986-10-09,160.72,streamflow,9277500,ft3/s,"['A', '[91]']",0
1986-10-10,158.96,streamflow,9277500,ft3/s,"['A', '[91]']",0
1986-10-11,164.92,streamflow,9277500,ft3/s,"['A', '[91]']",0
1986-10-12,166.12,streamflow,9277500,ft3/s,"['A', '[91]']",0
1986-10-13,160.24,streamflow,9277500,ft3/s,"['A', '[91]']",0
1986-10-14,155.44,streamflow,9277500,ft3/s,"['A', '[91]']",0
1986-10-15,154.24,streamflow,9277500,ft3/s,"['A', '[91]']",0
1986-10-16,153.56,streamflow,9277500,ft3/s,"['A', '[91]']",0
1986-10-17,156.24,streamflow,9277500,ft3/s,"['A', '[91]']",0
1986-10-18,174.64,streamflow,9277500,ft3/s,"['A', '[91]']",0
1986-10-19,202.16,streamflow,9277500,ft3/s,"['A', '[91]']",0
1986-10-20,199.56,streamflow,9277500,ft3/s,"['A', '[91]']",0
1986-10-21,181.92,streamflow,9277500,ft3/s,"['A', '[91]']",0
1986-10-22,171.36,streamflow,9277500,ft3/s,"['A', '[91]']",0
1986-10-23,172.4,streamflow,9277500,ft3/s,"['A', '[91]']",0
1986-10-24,189.68,streamflow,9277500,ft3/s,"['A', '[91]']",0
1986-10-25,159.56,streamflow,9277500,ft3/s,"['A', '[91]']",0
1986-10-26,155.66667,streamflow,9277500,ft3/s,"['A', '[91]']",0
1986-10-27,155.0,streamflow,9277500,ft3/s,"['A', '[91]']",0
1986-10-28,153.28,streamflow,9277500,ft3/s,"['A', '[91]']",0
1986-10-29,153.48,streamflow,9277500,ft3/s,"['A', '[91]']",0
1986-10-30,151.24,streamflow,9277500,ft3/s,"['A', '[91]']",0
1986-10-31,151.72,streamflow,9277500,ft3/s,"['A', '[91]']",0
1986-11-01,148.0,streamflow,9277500,ft3/s,"['A', '[91]']",0
1986-11-02,141.16,streamflow,9277500,ft3/s,"['A', '[91]']",0
1986-11-03,136.04,streamflow,9277500,ft3/s,"['A', '[91]']",0
1986-11-04,136.32,streamflow,9277500,ft3/s,"['A', '[91]']",0
1986-11-05,137.4,streamflow,9277500,ft3/s,"['A', '[91]']",0
1986-11-06,147.4,streamflow,9277500,ft3/s,"['A', '[91]']",0
1986-11-07,148.44,streamflow,9277500,ft3/s,"['A', '[91]']",0
1986-11-08,147.68,streamflow,9277500,ft3/s,"['A', '[91]']",0
1986-11-09,145.12,streamflow,9277500,ft3/s,"['A', '[91]']",0
1986-11-10,153.2,streamflow,9277500,ft3/s,"['A', '[91]']",0
1986-11-11,138.84,streamflow,9277500,ft3/s,"['A', '[91]']",0
1986-11-12,160.12,streamflow,9277500,ft3/s,"['A', '[91]']",0
1986-11-13,145.36,streamflow,9277500,ft3/s,"['A', '[91]']",0
1986-11-14,145.84,streamflow,9277500,ft3/s,"['A', '[91]']",0
1986-11-15,148.56,streamflow,9277500,ft3/s,"['A', '[91]']",0
1986-11-16,147.52,streamflow,9277500,ft3/s,"['A', '[91]']",0
1986-11-17,146.72,streamflow,9277500,ft3/s,"['A', '[91]']",0
1986-11-18,146.0,streamflow,9277500,ft3/s,"['A', '[91]']",0
1986-11-19,145.84,streamflow,9277500,ft3/s,"['A', '[91]']",0
1986-11-20,149.25,streamflow,9277500,ft3/s,"['A', '[91]']",0
1986-11-21,146.04167,streamflow,9277500,ft3/s,"['A', '[91]']",0
1986-11-22,145.58333,streamflow,9277500,ft3/s,"['A', '[91]']",0
1986-11-23,140.70833,streamflow,9277500,ft3/s,"['A', '[91]']",0
1986-11-24,138.125,streamflow,9277500,ft3/s,"['A', '[91]']",0
1986-11-25,145.45833,streamflow,9277500,ft3/s,"['A', '[91]']",0
1986-11-26,140.20833,streamflow,9277500,ft3/s,"['A', '[91]']",0
1986-11-27,132.5,streamflow,9277500,ft3/s,"['A', '[91]']",0
1986-11-28,138.25,streamflow,9277500,ft3/s,"['A', '[91]']",0
1986-11-29,143.625,streamflow,9277500,ft3/s,"['A', '[91]']",0
1986-11-30,141.70833,streamflow,9277500,ft3/s,"['A', '[91]']",0
1986-12-01,127.458336,streamflow,9277500,ft3/s,"['A', '[91]']",0
1986-12-02,133.29167,streamflow,9277500,ft3/s,"['A', '[91]']",0
1986-12-03,135.20833,streamflow,9277500,ft3/s,"['A', '[91]']",0
1986-12-04,136.54167,streamflow,9277500,ft3/s,"['A', '[91]']",0
1986-12-05,139.45833,streamflow,9277500,ft3/s,"['A', '[91]']",0
1986-12-06,137.0,streamflow,9277500,ft3/s,"['A', '[91]']",0
1986-12-07,133.70833,streamflow,9277500,ft3/s,"['A', '[91]']",0
1986-12-08,131.5,streamflow,9277500,ft3/s,"['A', '[91]']",0
1986-12-09,127.208336,streamflow,9277500,ft3/s,"['A', '[91]']",0
1986-12-10,108.416664,streamflow,9277500,ft3/s,"['A', '[91]']",0
1986-12-11,114.166664,streamflow,9277500,ft3/s,"['A', '[91]']",0
1986-12-12,127.291664,streamflow,9277500,ft3/s,"['A', '[91]']",0
1986-12-13,130.25,streamflow,9277500,ft3/s,"['A', '[91]']",0
1986-12-14,125.75,streamflow,9277500,ft3/s,"['A', '[91]']",0
1986-12-15,126.208336,streamflow,9277500,ft3/s,"['A', '[91]']",0
1986-12-16,123.833336,streamflow,9277500,ft3/s,"['A', '[91]']",0
1986-12-17,126.791664,streamflow,9277500,ft3/s,"['A', '[91]']",0
1986-12-18,123.291664,streamflow,9277500,ft3/s,"['A', '[91]']",0
1986-12-19,122.333336,streamflow,9277500,ft3/s,"['A', '[91]']",0
1986-12-20,126.375,streamflow,9277500,ft3/s,"['A', '[91]']",0
1986-12-21,125.583336,streamflow,9277500,ft3/s,"['A', '[91]']",0
1986-12-22,119.333336,streamflow,9277500,ft3/s,"['A', '[91]']",0
1986-12-23,119.5,streamflow,9277500,ft3/s,"['A', '[91]']",0
1986-12-24,119.5,streamflow,9277500,ft3/s,"['A', '[91]']",0
1986-12-25,113.125,streamflow,9277500,ft3/s,"['A', '[91]']",0
1986-12-26,114.75,streamflow,9277500,ft3/s,"['A', '[91]']",0
1986-12-27,112.625,streamflow,9277500,ft3/s,"['A', '[91]']",0
1986-12-28,114.75,streamflow,9277500,ft3/s,"['A', '[91]']",0
1986-12-29,109.458336,streamflow,9277500,ft3/s,"['A', '[91]']",0
1986-12-30,109.166664,streamflow,9277500,ft3/s,"['A', '[91]']",0
1986-12-31,108.333336,streamflow,9277500,ft3/s,"['A', '[91]']",0
1987-01-01,105.333336,streamflow,9277500,ft3/s,"['A', '[91]']",0
1987-01-02,111.166664,streamflow,9277500,ft3/s,"['A', '[91]']",0
1987-01-03,113.5,streamflow,9277500,ft3/s,"['A', '[91]']",0
1987-01-04,113.0,streamflow,9277500,ft3/s,"['A', '[91]']",0
1987-01-05,111.75,streamflow,9277500,ft3/s,"['A', '[91]']",0
1987-01-06,114.0,streamflow,9277500,ft3/s,"['A', '[91]']",0
1987-01-07,111.833336,streamflow,9277500,ft3/s,"['A', '[91]']",0
1987-01-08,111.0,streamflow,9277500,ft3/s,"['A', '[91]']",0
1987-01-09,,streamflow,9277500,ft3/s,"['A', '[91]']",0
1987-01-10,,streamflow,9277500,ft3/s,"['A', '[91]']",0
1987-01-11,,streamflow,9277500,ft3/s,"['A', '[91]']",0
1987-01-12,,streamflow,9277500,ft3/s,"['A', '[91]']",0
1987-01-13,106.47059,streamflow,9277500,ft3/s,"['A', '[91]']",0
1987-01-14,105.083336,streamflow,9277500,ft3/s,"['A', '[91]']",0
1987-01-15,101.625,streamflow,9277500,ft3/s,"['A', '[91]']",0
1987-01-16,106.083336,streamflow,9277500,ft3/s,"['A', '[91]']",0
1987-01-17,100.416664,streamflow,9277500,ft3/s,"['A', '[91]']",0
1987-01-18,107.14286,streamflow,9277500,ft3/s,"['A', '[91]']",0
1987-01-19,,streamflow,9277500,ft3/s,"['A', '[91]']",0
1987-01-20,,streamflow,9277500,ft3/s,"['A', '[91]']",0
1987-01-21,,streamflow,9277500,ft3/s,"['A', '[91]']",0
1987-01-22,,streamflow,9277500,ft3/s,"['A', '[91]']",0
1987-01-23,,streamflow,9277500,ft3/s,"['A', '[91]']",0
1987-01-24,,streamflow,9277500,ft3/s,"['A', '[91]']",0
1987-01-25,108.29412,streamflow,9277500,ft3/s,"['A', '[91]']",0
1987-01-26,100.041664,streamflow,9277500,ft3/s,"['A', '[91]']",0
1987-01-27,99.0,streamflow,9277500,ft3/s,"['A', '[91]']",0
1987-01-28,101.375,streamflow,9277500,ft3/s,"['A', '[91]']",0
1987-01-29,100.125,streamflow,9277500,ft3/s,"['A', '[91]']",0
1987-01-30,99.75,streamflow,9277500,ft3/s,"['A', '[91]']",0
1987-01-31,99.083336,streamflow,9277500,ft3/s,"['A', '[91]']",0
1987-02-01,99.0,streamflow,9277500,ft3/s,"['A', '[91]']",0
1987-02-02,99.0,streamflow,9277500,ft3/s,"['A', '[91]']",0
1987-02-03,99.0,streamflow,9277500,ft3/s,"['A', '[91]']",0
1987-02-04,99.5,streamflow,9277500,ft3/s,"['A', '[91]']",0
1987-02-05,97.541664,streamflow,9277500,ft3/s,"['A', '[91]']",0
1987-02-06,98.333336,streamflow,9277500,ft3/s,"['A', '[91]']",0
1987-02-07,98.875,streamflow,9277500,ft3/s,"['A', '[91]']",0
1987-02-08,100.791664,streamflow,9277500,ft3/s,"['A', '[91]']",0
1987-02-09,99.208336,streamflow,9277500,ft3/s,"['A', '[91]']",0
1987-02-10,100.0,streamflow,9277500,ft3/s,"['A', '[91]']",0
1987-02-11,101.0,streamflow,9277500,ft3/s,"['A', '[91]']",0
1987-02-12,101.625,streamflow,9277500,ft3/s,"['A', '[91]']",0
1987-02-13,102.583336,streamflow,9277500,ft3/s,"['A', '[91]']",0
1987-02-14,103.083336,streamflow,9277500,ft3/s,"['A', '[91]']",0
1987-02-15,97.416664,streamflow,9277500,ft3/s,"['A', '[91]']",0
1987-02-16,101.75,streamflow,9277500,ft3/s,"['A', '[91]']",0
1987-02-17,100.208336,streamflow,9277500,ft3/s,"['A', '[91]']",0
1987-02-18,98.833336,streamflow,9277500,ft3/s,"['A', '[91]']",0
1987-02-19,98.333336,streamflow,9277500,ft3/s,"['A', '[91]']",0
1987-02-20,96.208336,streamflow,9277500,ft3/s,"['A', '[91]']",0
1987-02-21,96.458336,streamflow,9277500,ft3/s,"['A', '[91]']",0
1987-02-22,97.458336,streamflow,9277500,ft3/s,"['A', '[91]']",0
1987-02-23,101.041664,streamflow,9277500,ft3/s,"['A', '[91]']",0
1987-02-24,100.625,streamflow,9277500,ft3/s,"['A', '[91]']",0
1987-02-25,99.791664,streamflow,9277500,ft3/s,"['A', '[91]']",0
1987-02-26,97.25,streamflow,9277500,ft3/s,"['A', '[91]']",0
1987-02-27,98.041664,streamflow,9277500,ft3/s,"['A', '[91]']",0
1987-02-28,96.916664,streamflow,9277500,ft3/s,"['A', '[91]']",0
1987-03-01,98.958336,streamflow,9277500,ft3/s,"['A', '[91]']",0
1987-03-02,100.041664,streamflow,9277500,ft3/s,"['A', '[91]']",0
1987-03-03,101.166664,streamflow,9277500,ft3/s,"['A', '[91]']",0
1987-03-04,105.833336,streamflow,9277500,ft3/s,"['A', '[91]']",0
1987-03-05,111.583336,streamflow,9277500,ft3/s,"['A', '[91]']",0
1987-03-06,118.0,streamflow,9277500,ft3/s,"['A', '[91]']",0
1987-03-07,117.0,streamflow,9277500,ft3/s,"['A', '[91]']",0
1987-03-08,119.0,streamflow,9277500,ft3/s,"['A', '[91]']",0
1987-03-09,120.25,streamflow,9277500,ft3/s,"['A', '[91]']",0
1987-03-10,117.833336,streamflow,9277500,ft3/s,"['A', '[91]']",0
1987-03-11,115.0,streamflow,9277500,ft3/s,"['A', '[91]']",0
1987-03-12,112.458336,streamflow,9277500,ft3/s,"['A', '[91]']",0
1987-03-13,120.2,streamflow,9277500,ft3/s,"['A', '[91]']",0
1987-03-14,119.8,streamflow,9277500,ft3/s,"['A', '[91]']",0
1987-03-15,115.24,streamflow,9277500,ft3/s,"['A', '[91]']",0
1987-03-16,114.68,streamflow,9277500,ft3/s,"['A', '[91]']",0
1987-03-17,112.8,streamflow,9277500,ft3/s,"['A', '[91]']",0
1987-03-18,114.52,streamflow,9277500,ft3/s,"['A', '[91]']",0
1987-03-19,111.16,streamflow,9277500,ft3/s,"['A', '[91]']",0
1987-03-20,108.12,streamflow,9277500,ft3/s,"['A', '[91]']",0
1987-03-21,100.32,streamflow,9277500,ft3/s,"['A', '[91]']",0
1987-03-22,104.76,streamflow,9277500,ft3/s,"['A', '[91]']",0
1987-03-23,101.8,streamflow,9277500,ft3/s,"['A', '[91]']",0
1987-03-24,102.08,streamflow,9277500,ft3/s,"['A', '[91]']",0
1987-03-25,106.04,streamflow,9277500,ft3/s,"['A', '[91]']",0
1987-03-26,101.04,streamflow,9277500,ft3/s,"['A', '[91]']",0
1987-03-27,100.08,streamflow,9277500,ft3/s,"['A', '[91]']",0
1987-03-28,99.4,streamflow,9277500,ft3/s,"['A', '[91]']",0
1987-03-29,97.92,streamflow,9277500,ft3/s,"['A', '[91]']",0
1987-03-30,97.24,streamflow,9277500,ft3/s,"['A', '[91]']",0
1987-03-31,103.24,streamflow,9277500,ft3/s,"['A', '[91]']",0
1987-04-01,115.08,streamflow,9277500,ft3/s,"['A', '[91]']",0
1987-04-02,134.08,streamflow,9277500,ft3/s,"['A', '[91]']",0
1987-04-03,131.24,streamflow,9277500,ft3/s,"['A', '[91]']",0
1987-04-04,137.84,streamflow,9277500,ft3/s,"['A', '[91]']",0
1987-04-05,134.04,streamflow,9277500,ft3/s,"['A', '[91]']",0
1987-04-06,139.88,streamflow,9277500,ft3/s,"['A', '[91]']",0
1987-04-07,139.88,streamflow,9277500,ft3/s,"['A', '[91]']",0
1987-04-08,142.2,streamflow,9277500,ft3/s,"['A', '[91]']",0
1987-04-09,147.68,streamflow,9277500,ft3/s,"['A', '[91]']",0
1987-04-10,137.32,streamflow,9277500,ft3/s,"['A', '[91]']",0
1987-04-11,143.36,streamflow,9277500,ft3/s,"['A', '[91]']",0
1987-04-12,145.4,streamflow,9277500,ft3/s,"['A', '[91]']",0
1987-04-13,128.68,streamflow,9277500,ft3/s,"['A', '[91]']",0
1987-04-14,129.88,streamflow,9277500,ft3/s,"['A', '[91]']",0
1987-04-15,141.48,streamflow,9277500,ft3/s,"['A', '[91]']",0
1987-04-16,163.92,streamflow,9277500,ft3/s,"['A', '[91]']",0
1987-04-17,177.96,streamflow,9277500,ft3/s,"['A', '[91]']",0
1987-04-18,191.8,streamflow,9277500,ft3/s,"['A', '[91]']",0
1987-04-19,192.64,streamflow,9277500,ft3/s,"['A', '[91]']",0
1987-04-20,170.92,streamflow,9277500,ft3/s,"['A', '[91]']",0
1987-04-21,159.92,streamflow,9277500,ft3/s,"['A', '[91]']",0
1987-04-22,155.68,streamflow,9277500,ft3/s,"['A', '[91]']",0
1987-04-23,171.52,streamflow,9277500,ft3/s,"['A', '[91]']",0
1987-04-24,187.44,streamflow,9277500,ft3/s,"['A', '[91]']",0
1987-04-25,204.96,streamflow,9277500,ft3/s,"['A', '[91]']",0
1987-04-26,220.24,streamflow,9277500,ft3/s,"['A', '[91]']",0
1987-04-27,204.24,streamflow,9277500,ft3/s,"['A', '[91]']",0
1987-04-28,177.16667,streamflow,9277500,ft3/s,"['A', '[91]']",0
1987-04-29,186.83333,streamflow,9277500,ft3/s,"['A', '[91]']",0
1987-04-30,182.75,streamflow,9277500,ft3/s,"['A', '[91]']",0
1987-05-01,184.29167,streamflow,9277500,ft3/s,"['A', '[91]']",0
1987-05-02,188.20833,streamflow,9277500,ft3/s,"['A', '[91]']",0
1987-05-03,167.875,streamflow,9277500,ft3/s,"['A', '[91]']",0
1987-05-04,149.08333,streamflow,9277500,ft3/s,"['A', '[91]']",0
1987-05-05,131.625,streamflow,9277500,ft3/s,"['A', '[91]']",0
1987-05-06,134.95833,streamflow,9277500,ft3/s,"['A', '[91]']",0
1987-05-07,166.625,streamflow,9277500,ft3/s,"['A', '[91]']",0
1987-05-08,198.79167,streamflow,9277500,ft3/s,"['A', '[91]']",0
1987-05-09,230.375,streamflow,9277500,ft3/s,"['A', '[91]']",0
1987-05-10,261.75,streamflow,9277500,ft3/s,"['A', '[91]']",0
1987-05-11,246.29167,streamflow,9277500,ft3/s,"['A', '[91]']",0
1987-05-12,224.58333,streamflow,9277500,ft3/s,"['A', '[91]']",0
1987-05-13,222.95833,streamflow,9277500,ft3/s,"['A', '[91]']",0
1987-05-14,294.125,streamflow,9277500,ft3/s,"['A', '[91]']",0
1987-05-15,311.0,streamflow,9277500,ft3/s,"['A', '[91]']",0
1987-05-16,352.79166,streamflow,9277500,ft3/s,"['A', '[91]']",0
1987-05-17,396.58334,streamflow,9277500,ft3/s,"['A', '[91]']",0
1987-05-18,461.20834,streamflow,9277500,ft3/s,"['A', '[91]']",0
1987-05-19,497.08334,streamflow,9277500,ft3/s,"['A', '[91]']",0
1987-05-20,464.25,streamflow,9277500,ft3/s,"['A', '[91]']",0
1987-05-21,394.66666,streamflow,9277500,ft3/s,"['A', '[91]']",0
1987-05-22,294.83334,streamflow,9277500,ft3/s,"['A', '[91]']",0
1987-05-23,243.83333,streamflow,9277500,ft3/s,"['A', '[91]']",0
1987-05-24,230.25,streamflow,9277500,ft3/s,"['A', '[91]']",0
1987-05-25,220.125,streamflow,9277500,ft3/s,"['A', '[91]']",0
1987-05-26,239.41667,streamflow,9277500,ft3/s,"['A', '[91]']",0
1987-05-27,265.16666,streamflow,9277500,ft3/s,"['A', '[91]']",0
1987-05-28,242.04167,streamflow,9277500,ft3/s,"['A', '[91]']",0
1987-05-29,235.75,streamflow,9277500,ft3/s,"['A', '[91]']",0
1987-05-30,240.125,streamflow,9277500,ft3/s,"['A', '[91]']",0
1987-05-31,234.375,streamflow,9277500,ft3/s,"['A', '[91]']",0
1987-06-01,209.95833,streamflow,9277500,ft3/s,"['A', '[91]']",0
1987-06-02,207.33333,streamflow,9277500,ft3/s,"['A', '[91]']",0
1987-06-03,194.66667,streamflow,9277500,ft3/s,"['A', '[91]']",0
1987-06-04,184.25,streamflow,9277500,ft3/s,"['A', '[91]']",0
1987-06-05,181.70833,streamflow,9277500,ft3/s,"['A', '[91]']",0
1987-06-06,185.20833,streamflow,9277500,ft3/s,"['A', '[91]']",0
1987-06-07,194.125,streamflow,9277500,ft3/s,"['A', '[91]']",0
1987-06-08,255.91667,streamflow,9277500,ft3/s,"['A', '[91]']",0
1987-06-09,251.16667,streamflow,9277500,ft3/s,"['A', '[91]']",0
1987-06-10,216.125,streamflow,9277500,ft3/s,"['A', '[91]']",0
1987-06-11,199.33333,streamflow,9277500,ft3/s,"['A', '[91]']",0
1987-06-12,184.75,streamflow,9277500,ft3/s,"['A', '[91]']",0
1987-06-13,177.04167,streamflow,9277500,ft3/s,"['A', '[91]']",0
1987-06-14,168.5,streamflow,9277500,ft3/s,"['A', '[91]']",0
1987-06-15,165.0,streamflow,9277500,ft3/s,"['A', '[91]']",0
1987-06-16,165.08333,streamflow,9277500,ft3/s,"['A', '[91]']",0
1987-06-17,150.58333,streamflow,9277500,ft3/s,"['A', '[91]']",0
1987-06-18,150.125,streamflow,9277500,ft3/s,"['A', '[91]']",0
1987-06-19,146.29167,streamflow,9277500,ft3/s,"['A', '[91]']",0
1987-06-20,131.66667,streamflow,9277500,ft3/s,"['A', '[91]']",0
1987-06-21,132.58333,streamflow,9277500,ft3/s,"['A', '[91]']",0
1987-06-22,138.70833,streamflow,9277500,ft3/s,"['A', '[91]']",0
1987-06-23,138.70833,streamflow,9277500,ft3/s,"['A', '[91]']",0
1987-06-24,131.45833,streamflow,9277500,ft3/s,"['A', '[91]']",0
1987-06-25,129.125,streamflow,9277500,ft3/s,"['A', '[91]']",0
1987-06-26,122.375,streamflow,9277500,ft3/s,"['A', '[91]']",0
1987-06-27,126.375,streamflow,9277500,ft3/s,"['A', '[91]']",0
1987-06-28,121.0,streamflow,9277500,ft3/s,"['A', '[91]']",0
1987-06-29,130.08333,streamflow,9277500,ft3/s,"['A', '[91]']",0
1987-06-30,139.04167,streamflow,9277500,ft3/s,"['A', '[91]']",0
1987-07-01,139.375,streamflow,9277500,ft3/s,"['A', '[91]']",0
1987-07-02,135.41667,streamflow,9277500,ft3/s,"['A', '[91]']",0
1987-07-03,131.66667,streamflow,9277500,ft3/s,"['A', '[91]']",0
1987-07-04,122.75,streamflow,9277500,ft3/s,"['A', '[91]']",0
1987-07-05,118.0,streamflow,9277500,ft3/s,"['A', '[91]']",0
1987-07-06,114.666664,streamflow,9277500,ft3/s,"['A', '[91]']",0
1987-07-07,106.791664,streamflow,9277500,ft3/s,"['A', '[91]']",0
1987-07-08,99.25,streamflow,9277500,ft3/s,"['A', '[91]']",0
1987-07-09,105.125,streamflow,9277500,ft3/s,"['A', '[91]']",0
1987-07-10,104.333336,streamflow,9277500,ft3/s,"['A', '[91]']",0
1987-07-11,107.708336,streamflow,9277500,ft3/s,"['A', '[91]']",0
1987-07-12,104.583336,streamflow,9277500,ft3/s,"['A', '[91]']",0
1987-07-13,97.75,streamflow,9277500,ft3/s,"['A', '[91]']",0
1987-07-14,95.833336,streamflow,9277500,ft3/s,"['A', '[91]']",0
1987-07-15,95.416664,streamflow,9277500,ft3/s,"['A', '[91]']",0
1987-07-16,92.833336,streamflow,9277500,ft3/s,"['A', '[91]']",0
1987-07-17,143.125,streamflow,9277500,ft3/s,"['A', '[91]']",0
1987-07-18,157.79167,streamflow,9277500,ft3/s,"['A', '[91]']",0
1987-07-19,111.541664,streamflow,9277500,ft3/s,"['A', '[91]']",0
1987-07-20,103.75,streamflow,9277500,ft3/s,"['A', '[91]']",0
1987-07-21,119.041664,streamflow,9277500,ft3/s,"['A', '[91]']",0
1987-07-22,125.5,streamflow,9277500,ft3/s,"['A', '[91]']",0
1987-07-23,113.041664,streamflow,9277500,ft3/s,"['A', '[91]']",0
1987-07-24,107.791664,streamflow,9277500,ft3/s,"['A', '[91]']",0
1987-07-25,104.666664,streamflow,9277500,ft3/s,"['A', '[91]']",0
1987-07-26,104.875,streamflow,9277500,ft3/s,"['A', '[91]']",0
1987-07-27,116.958336,streamflow,9277500,ft3/s,"['A', '[91]']",0
1987-07-28,116.25,streamflow,9277500,ft3/s,"['A', '[91]']",0
1987-07-29,127.583336,streamflow,9277500,ft3/s,"['A', '[91]']",0
1987-07-30,128.79167,streamflow,9277500,ft3/s,"['A', '[91]']",0
1987-07-31,122.25,streamflow,9277500,ft3/s,"['A', '[91]']",0
1987-08-01,115.833336,streamflow,9277500,ft3/s,"['A', '[91]']",0
1987-08-02,106.791664,streamflow,9277500,ft3/s,"['A', '[91]']",0
1987-08-03,106.333336,streamflow,9277500,ft3/s,"['A', '[91]']",0
1987-08-04,110.583336,streamflow,9277500,ft3/s,"['A', '[91]']",0
1987-08-05,108.958336,streamflow,9277500,ft3/s,"['A', '[91]']",0
1987-08-06,103.708336,streamflow,9277500,ft3/s,"['A', '[91]']",0
1987-08-07,105.625,streamflow,9277500,ft3/s,"['A', '[91]']",0
1987-08-08,98.083336,streamflow,9277500,ft3/s,"['A', '[91]']",0
1987-08-09,97.083336,streamflow,9277500,ft3/s,"['A', '[91]']",0
1987-08-10,92.333336,streamflow,9277500,ft3/s,"['A', '[91]']",0
1987-08-11,93.833336,streamflow,9277500,ft3/s,"['A', '[91]']",0
1987-08-12,94.541664,streamflow,9277500,ft3/s,"['A', '[91]']",0
1987-08-13,87.583336,streamflow,9277500,ft3/s,"['A', '[91]']",0
1987-08-14,104.083336,streamflow,9277500,ft3/s,"['A', '[91]']",0
1987-08-15,113.916664,streamflow,9277500,ft3/s,"['A', '[91]']",0
1987-08-16,106.208336,streamflow,9277500,ft3/s,"['A', '[91]']",0
1987-08-17,102.708336,streamflow,9277500,ft3/s,"['A', '[91]']",0
1987-08-18,97.083336,streamflow,9277500,ft3/s,"['A', '[91]']",0
1987-08-19,94.583336,streamflow,9277500,ft3/s,"['A', '[91]']",0
1987-08-20,90.333336,streamflow,9277500,ft3/s,"['A', '[91]']",0
1987-08-21,94.666664,streamflow,9277500,ft3/s,"['A', '[91]']",0
1987-08-22,97.958336,streamflow,9277500,ft3/s,"['A', '[91]']",0
1987-08-23,100.416664,streamflow,9277500,ft3/s,"['A', '[91]']",0
1987-08-24,104.125,streamflow,9277500,ft3/s,"['A', '[91]']",0
1987-08-25,117.041664,streamflow,9277500,ft3/s,"['A', '[91]']",0
1987-08-26,111.708336,streamflow,9277500,ft3/s,"['A', '[91]']",0
1987-08-27,100.958336,streamflow,9277500,ft3/s,"['A', '[91]']",0
1987-08-28,95.333336,streamflow,9277500,ft3/s,"['A', '[91]']",0
1987-08-29,94.666664,streamflow,9277500,ft3/s,"['A', '[91]']",0
1987-08-30,89.666664,streamflow,9277500,ft3/s,"['A', '[91]']",0
1987-08-31,88.666664,streamflow,9277500,ft3/s,"['A', '[91]']",0
1987-09-01,85.25,streamflow,9277500,ft3/s,"['A', '[91]']",0
1987-09-02,87.416664,streamflow,9277500,ft3/s,"['A', '[91]']",0
1987-09-03,88.5,streamflow,9277500,ft3/s,"['A', '[91]']",0
1987-09-04,87.833336,streamflow,9277500,ft3/s,"['A', '[91]']",0
1987-09-05,85.708336,streamflow,9277500,ft3/s,"['A', '[91]']",0
1987-09-06,78.708336,streamflow,9277500,ft3/s,"['A', '[91]']",0
1987-09-07,79.875,streamflow,9277500,ft3/s,"['A', '[91]']",0
1987-09-08,71.708336,streamflow,9277500,ft3/s,"['A', '[91]']",0
1987-09-09,79.041664,streamflow,9277500,ft3/s,"['A', '[91]']",0
1987-09-10,77.75,streamflow,9277500,ft3/s,"['A', '[91]']",0
1987-09-11,75.416664,streamflow,9277500,ft3/s,"['A', '[91]']",0
1987-09-12,74.208336,streamflow,9277500,ft3/s,"['A', '[91]']",0
1987-09-13,74.5,streamflow,9277500,ft3/s,"['A', '[91]']",0
1987-09-14,78.583336,streamflow,9277500,ft3/s,"['A', '[91]']",0
1987-09-15,83.416664,streamflow,9277500,ft3/s,"['A', '[91]']",0
1987-09-16,80.0,streamflow,9277500,ft3/s,"['A', '[91]']",0
1987-09-17,79.25,streamflow,9277500,ft3/s,"['A', '[91]']",0
1987-09-18,78.375,streamflow,9277500,ft3/s,"['A', '[91]']",0
1987-09-19,78.458336,streamflow,9277500,ft3/s,"['A', '[91]']",0
1987-09-20,78.041664,streamflow,9277500,ft3/s,"['A', '[91]']",0
1987-09-21,75.291664,streamflow,9277500,ft3/s,"['A', '[91]']",0
1987-09-22,72.625,streamflow,9277500,ft3/s,"['A', '[91]']",0
1987-09-23,72.625,streamflow,9277500,ft3/s,"['A', '[91]']",0
1987-09-24,74.125,streamflow,9277500,ft3/s,"['A', '[91]']",0
1987-09-25,76.083336,streamflow,9277500,ft3/s,"['A', '[91]']",0
1987-09-26,76.0,streamflow,9277500,ft3/s,"['A', '[91]']",0
1987-09-27,72.791664,streamflow,9277500,ft3/s,"['A', '[91]']",0
1987-09-28,72.0,streamflow,9277500,ft3/s,"['A', '[91]']",0
1987-09-29,74.375,streamflow,9277500,ft3/s,"['A', '[91]']",0
1987-09-30,75.541664,streamflow,9277500,ft3/s,"['A', '[91]']",0
1987-10-01,75.041664,streamflow,9277500,ft3/s,"['A', '[91]']",0
1987-10-02,73.208336,streamflow,9277500,ft3/s,"['A', '[91]']",0
1987-10-03,72.625,streamflow,9277500,ft3/s,"['A', '[91]']",0
1987-10-04,72.458336,streamflow,9277500,ft3/s,"['A', '[91]']",0
1987-10-05,74.083336,streamflow,9277500,ft3/s,"['A', '[91]']",0
1987-10-06,75.25,streamflow,9277500,ft3/s,"['A', '[91]']",0
1987-10-07,75.76923,streamflow,9277500,ft3/s,"['A', '[91]']",0
1987-10-08,74.76,streamflow,9277500,ft3/s,"['A', '[91]']",0
1987-10-09,77.48,streamflow,9277500,ft3/s,"['A', '[91]']",0
1987-10-10,78.24,streamflow,9277500,ft3/s,"['A', '[91]']",0
1987-10-11,82.64,streamflow,9277500,ft3/s,"['A', '[91]']",0
1987-10-12,82.68,streamflow,9277500,ft3/s,"['A', '[91]']",0
1987-10-13,92.6,streamflow,9277500,ft3/s,"['A', '[91]']",0
1987-10-14,101.2,streamflow,9277500,ft3/s,"['A', '[91]']",0
1987-10-15,101.72,streamflow,9277500,ft3/s,"['A', '[91]']",0
1987-10-16,103.16,streamflow,9277500,ft3/s,"['A', '[91]']",0
1987-10-17,102.88,streamflow,9277500,ft3/s,"['A', '[91]']",0
1987-10-18,102.68,streamflow,9277500,ft3/s,"['A', '[91]']",0
1987-10-19,106.6,streamflow,9277500,ft3/s,"['A', '[91]']",0
1987-10-20,116.8,streamflow,9277500,ft3/s,"['A', '[91]']",0
1987-10-21,113.32,streamflow,9277500,ft3/s,"['A', '[91]']",0
1987-10-22,115.08,streamflow,9277500,ft3/s,"['A', '[91]']",0
1987-10-23,114.44,streamflow,9277500,ft3/s,"['A', '[91]']",0
1987-10-24,116.6,streamflow,9277500,ft3/s,"['A', '[91]']",0
1987-10-25,115.5,streamflow,9277500,ft3/s,"['A', '[91]']",0
1987-10-26,115.88,streamflow,9277500,ft3/s,"['A', '[91]']",0
1987-10-27,117.56,streamflow,9277500,ft3/s,"['A', '[91]']",0
1987-10-28,116.2,streamflow,9277500,ft3/s,"['A', '[91]']",0
1987-10-29,118.76,streamflow,9277500,ft3/s,"['A', '[91]']",0
1987-10-30,129.36,streamflow,9277500,ft3/s,"['A', '[91]']",0
1987-10-31,133.36,streamflow,9277500,ft3/s,"['A', '[91]']",0
1987-11-01,129.52,streamflow,9277500,ft3/s,"['A', '[91]']",0
1987-11-02,131.84,streamflow,9277500,ft3/s,"['A', '[91]']",0
1987-11-03,137.2,streamflow,9277500,ft3/s,"['A', '[91]']",0
1987-11-04,132.08,streamflow,9277500,ft3/s,"['A', '[91]']",0
1987-11-05,127.0,streamflow,9277500,ft3/s,"['A', '[91]']",0
1987-11-06,136.91667,streamflow,9277500,ft3/s,"['A', '[91]']",0
1987-11-07,131.125,streamflow,9277500,ft3/s,"['A', '[91]']",0
1987-11-08,124.041664,streamflow,9277500,ft3/s,"['A', '[91]']",0
1987-11-09,123.541664,streamflow,9277500,ft3/s,"['A', '[91]']",0
1987-11-10,123.833336,streamflow,9277500,ft3/s,"['A', '[91]']",0
1987-11-11,125.375,streamflow,9277500,ft3/s,"['A', '[91]']",0
1987-11-12,124.125,streamflow,9277500,ft3/s,"['A', '[91]']",0
1987-11-13,122.333336,streamflow,9277500,ft3/s,"['A', '[91]']",0
1987-11-14,126.708336,streamflow,9277500,ft3/s,"['A', '[91]']",0
1987-11-15,123.25,streamflow,9277500,ft3/s,"['A', '[91]']",0
1987-11-16,115.041664,streamflow,9277500,ft3/s,"['A', '[91]']",0
1987-11-17,123.25,streamflow,9277500,ft3/s,"['A', '[91]']",0
1987-11-18,113.375,streamflow,9277500,ft3/s,"['A', '[91]']",0
1987-11-19,116.458336,streamflow,9277500,ft3/s,"['A', '[91]']",0
1987-11-20,117.541664,streamflow,9277500,ft3/s,"['A', '[91]']",0
1987-11-21,118.458336,streamflow,9277500,ft3/s,"['A', '[91]']",0
1987-11-22,122.583336,streamflow,9277500,ft3/s,"['A', '[91]']",0
1987-11-23,119.416664,streamflow,9277500,ft3/s,"['A', '[91]']",0
1987-11-24,117.708336,streamflow,9277500,ft3/s,"['A', '[91]']",0
1987-11-25,118.958336,streamflow,9277500,ft3/s,"['A', '[91]']",0
1987-11-26,118.583336,streamflow,9277500,ft3/s,"['A', '[91]']",0
1987-11-27,114.5,streamflow,9277500,ft3/s,"['A', '[91]']",0
1987-11-28,111.25,streamflow,9277500,ft3/s,"['A', '[91]']",0
1987-11-29,115.458336,streamflow,9277500,ft3/s,"['A', '[91]']",0
1987-11-30,113.5,streamflow,9277500,ft3/s,"['A', '[91]']",0
1987-12-01,111.708336,streamflow,9277500,ft3/s,"['A', '[91]']",0
1987-12-02,116.375,streamflow,9277500,ft3/s,"['A', '[91]']",0
1987-12-03,116.416664,streamflow,9277500,ft3/s,"['A', '[91]']",0
1987-12-04,113.5,streamflow,9277500,ft3/s,"['A', '[91]']",0
1987-12-05,114.5,streamflow,9277500,ft3/s,"['A', '[91]']",0
1987-12-06,113.583336,streamflow,9277500,ft3/s,"['A', '[91]']",0
1987-12-07,115.25,streamflow,9277500,ft3/s,"['A', '[91]']",0
1987-12-08,110.791664,streamflow,9277500,ft3/s,"['A', '[91]']",0
1987-12-09,112.333336,streamflow,9277500,ft3/s,"['A', '[91]']",0
1987-12-10,115.166664,streamflow,9277500,ft3/s,"['A', '[91]']",0
1987-12-11,116.333336,streamflow,9277500,ft3/s,"['A', '[91]']",0
1987-12-12,105.416664,streamflow,9277500,ft3/s,"['A', '[91]']",0
1987-12-13,101.14286,streamflow,9277500,ft3/s,"['A', '[91]']",0
1987-12-14,,streamflow,9277500,ft3/s,"['A', '[91]']",0
1987-12-15,,streamflow,9277500,ft3/s,"['A', '[91]']",0
1987-12-16,,streamflow,9277500,ft3/s,"['A', '[91]']",0
1987-12-17,103.47059,streamflow,9277500,ft3/s,"['A', '[91]']",0
1987-12-18,113.666664,streamflow,9277500,ft3/s,"['A', '[91]']",0
1987-12-19,108.14286,streamflow,9277500,ft3/s,"['A', '[91]']",0
1987-12-20,,streamflow,9277500,ft3/s,"['A', '[91]']",0
1987-12-21,,streamflow,9277500,ft3/s,"['A', '[91]']",0
1987-12-22,,streamflow,9277500,ft3/s,"['A', '[91]']",0
1987-12-23,,streamflow,9277500,ft3/s,"['A', '[91]']",0
1987-12-24,,streamflow,9277500,ft3/s,"['A', '[91]']",0
1987-12-25,,streamflow,9277500,ft3/s,"['A', '[91]']",0
1987-12-26,,streamflow,9277500,ft3/s,"['A', '[91]']",0
1987-12-27,,streamflow,9277500,ft3/s,"['A', '[91]']",0
1987-12-28,,streamflow,9277500,ft3/s,"['A', '[91]']",0
1987-12-29,,streamflow,9277500,ft3/s,"['A', '[91]']",0
1987-12-30,,streamflow,9277500,ft3/s,"['A', '[91]']",0
1987-12-31,,streamflow,9277500,ft3/s,"['A', '[91]']",0
1988-01-01,,streamflow,9277500,ft3/s,"['A', '[91]']",0
1988-01-02,,streamflow,9277500,ft3/s,"['A', '[91]']",0
1988-01-03,,streamflow,9277500,ft3/s,"['A', '[91]']",0
1988-01-04,,streamflow,9277500,ft3/s,"['A', '[91]']",0
1988-01-05,,streamflow,9277500,ft3/s,"['A', '[91]']",0
1988-01-06,114.52941,streamflow,9277500,ft3/s,"['A', '[91]']",0
1988-01-07,101.28571,streamflow,9277500,ft3/s,"['A', '[91]']",0
1988-01-08,,streamflow,9277500,ft3/s,"['A', '[91]']",0
1988-01-09,99.52941,streamflow,9277500,ft3/s,"['A', '[91]']",0
1988-01-10,97.583336,streamflow,9277500,ft3/s,"['A', '[91]']",0
1988-01-11,97.083336,streamflow,9277500,ft3/s,"['A', '[91]']",0
1988-01-12,96.541664,streamflow,9277500,ft3/s,"['A', '[91]']",0
1988-01-13,93.85714,streamflow,9277500,ft3/s,"['A', '[91]']",0
1988-01-14,,streamflow,9277500,ft3/s,"['A', '[91]']",0
1988-01-15,95.70588,streamflow,9277500,ft3/s,"['A', '[91]']",0
1988-01-16,96.333336,streamflow,9277500,ft3/s,"['A', '[91]']",0
1988-01-17,95.333336,streamflow,9277500,ft3/s,"['A', '[91]']",0
1988-01-18,98.833336,streamflow,9277500,ft3/s,"['A', '[91]']",0
1988-01-19,97.0,streamflow,9277500,ft3/s,"['A', '[91]']",0
1988-01-20,88.42857,streamflow,9277500,ft3/s,"['A', '[91]']",0
1988-01-21,,streamflow,9277500,ft3/s,"['A', '[91]']",0
1988-01-22,,streamflow,9277500,ft3/s,"['A', '[91]']",0
1988-01-23,,streamflow,9277500,ft3/s,"['A', '[91]']",0
1988-01-24,,streamflow,9277500,ft3/s,"['A', '[91]']",0
1988-01-25,,streamflow,9277500,ft3/s,"['A', '[91]']",0
1988-01-26,,streamflow,9277500,ft3/s,"['A', '[91]']",0
1988-01-27,,streamflow,9277500,ft3/s,"['A', '[91]']",0
1988-01-28,97.411766,streamflow,9277500,ft3/s,"['A', '[91]']",0
1988-01-29,90.666664,streamflow,9277500,ft3/s,"['A', '[91]']",0
1988-01-30,91.0,streamflow,9277500,ft3/s,"['A', '[91]']",0
1988-01-31,91.0,streamflow,9277500,ft3/s,"['A', '[91]']",0
1988-02-01,88.833336,streamflow,9277500,ft3/s,"['A', '[91]']",0
1988-02-02,88.875,streamflow,9277500,ft3/s,"['A', '[91]']",0
1988-02-03,88.291664,streamflow,9277500,ft3/s,"['A', '[91]']",0
1988-02-04,81.85714,streamflow,9277500,ft3/s,"['A', '[91]']",0
1988-02-05,,streamflow,9277500,ft3/s,"['A', '[91]']",0
1988-02-06,,streamflow,9277500,ft3/s,"['A', '[91]']",0
1988-02-07,90.411766,streamflow,9277500,ft3/s,"['A', '[91]']",0
1988-02-08,88.916664,streamflow,9277500,ft3/s,"['A', '[91]']",0
1988-02-09,87.0,streamflow,9277500,ft3/s,"['A', '[91]']",0
1988-02-10,89.166664,streamflow,9277500,ft3/s,"['A', '[91]']",0
1988-02-11,85.625,streamflow,9277500,ft3/s,"['A', '[91]']",0
1988-02-12,87.833336,streamflow,9277500,ft3/s,"['A', '[91]']",0
1988-02-13,87.625,streamflow,9277500,ft3/s,"['A', '[91]']",0
1988-02-14,91.041664,streamflow,9277500,ft3/s,"['A', '[91]']",0
1988-02-15,88.541664,streamflow,9277500,ft3/s,"['A', '[91]']",0
1988-02-16,89.5,streamflow,9277500,ft3/s,"['A', '[91]']",0
1988-02-17,85.5,streamflow,9277500,ft3/s,"['A', '[91]']",0
1988-02-18,87.083336,streamflow,9277500,ft3/s,"['A', '[91]']",0
1988-02-19,86.958336,streamflow,9277500,ft3/s,"['A', '[91]']",0
1988-02-20,86.916664,streamflow,9277500,ft3/s,"['A', '[91]']",0
1988-02-21,88.083336,streamflow,9277500,ft3/s,"['A', '[91]']",0
1988-02-22,88.458336,streamflow,9277500,ft3/s,"['A', '[91]']",0
1988-02-23,88.958336,streamflow,9277500,ft3/s,"['A', '[91]']",0
1988-02-24,90.25,streamflow,9277500,ft3/s,"['A', '[91]']",0
1988-02-25,92.625,streamflow,9277500,ft3/s,"['A', '[91]']",0
1988-02-26,94.875,streamflow,9277500,ft3/s,"['A', '[91]']",0
1988-02-27,96.458336,streamflow,9277500,ft3/s,"['A', '[91]']",0
1988-02-28,101.541664,streamflow,9277500,ft3/s,"['A', '[91]']",0
1988-02-29,106.458336,streamflow,9277500,ft3/s,"['A', '[91]']",0
1988-03-01,101.458336,streamflow,9277500,ft3/s,"['A', '[91]']",0
1988-03-02,94.166664,streamflow,9277500,ft3/s,"['A', '[91]']",0
1988-03-03,91.666664,streamflow,9277500,ft3/s,"['A', '[91]']",0
1988-03-04,90.916664,streamflow,9277500,ft3/s,"['A', '[91]']",0
1988-03-05,86.041664,streamflow,9277500,ft3/s,"['A', '[91]']",0
1988-03-06,87.166664,streamflow,9277500,ft3/s,"['A', '[91]']",0
1988-03-07,86.666664,streamflow,9277500,ft3/s,"['A', '[91]']",0
1988-03-08,78.333336,streamflow,9277500,ft3/s,"['A', '[91]']",0
1988-03-09,83.791664,streamflow,9277500,ft3/s,"['A', '[91]']",0
1988-03-10,85.333336,streamflow,9277500,ft3/s,"['A', '[91]']",0
1988-03-11,78.125,streamflow,9277500,ft3/s,"['A', '[91]']",0
1988-03-12,78.416664,streamflow,9277500,ft3/s,"['A', '[91]']",0
1988-03-13,76.416664,streamflow,9277500,ft3/s,"['A', '[91]']",0
1988-03-14,75.541664,streamflow,9277500,ft3/s,"['A', '[91]']",0
1988-03-15,81.208336,streamflow,9277500,ft3/s,"['A', '[91]']",0
1988-03-16,78.5,streamflow,9277500,ft3/s,"['A', '[91]']",0
1988-03-17,74.208336,streamflow,9277500,ft3/s,"['A', '[91]']",0
1988-03-18,72.291664,streamflow,9277500,ft3/s,"['A', '[91]']",0
1988-03-19,74.166664,streamflow,9277500,ft3/s,"['A', '[91]']",0
1988-03-20,78.5,streamflow,9277500,ft3/s,"['A', '[91]']",0
1988-03-21,87.25,streamflow,9277500,ft3/s,"['A', '[91]']",0
1988-03-22,88.75,streamflow,9277500,ft3/s,"['A', '[91]']",0
1988-03-23,81.833336,streamflow,9277500,ft3/s,"['A', '[91]']",0
1988-03-24,84.041664,streamflow,9277500,ft3/s,"['A', '[91]']",0
1988-03-25,84.0,streamflow,9277500,ft3/s,"['A', '[91]']",0
1988-03-26,93.166664,streamflow,9277500,ft3/s,"['A', '[91]']",0
1988-03-27,99.25,streamflow,9277500,ft3/s,"['A', '[91]']",0
1988-03-28,89.833336,streamflow,9277500,ft3/s,"['A', '[91]']",0
1988-03-29,84.291664,streamflow,9277500,ft3/s,"['A', '[91]']",0
1988-03-30,86.125,streamflow,9277500,ft3/s,"['A', '[91]']",0
1988-03-31,82.166664,streamflow,9277500,ft3/s,"['A', '[91]']",0
1988-04-01,82.041664,streamflow,9277500,ft3/s,"['A', '[91]']",0
1988-04-02,84.708336,streamflow,9277500,ft3/s,"['A', '[91]']",0
1988-04-03,89.625,streamflow,9277500,ft3/s,"['A', '[91]']",0
1988-04-04,94.5,streamflow,9277500,ft3/s,"['A', '[91]']",0
1988-04-05,94.666664,streamflow,9277500,ft3/s,"['A', '[91]']",0
1988-04-06,93.166664,streamflow,9277500,ft3/s,"['A', '[91]']",0
1988-04-07,98.166664,streamflow,9277500,ft3/s,"['A', '[91]']",0
1988-04-08,103.791664,streamflow,9277500,ft3/s,"['A', '[91]']",0
1988-04-09,97.25,streamflow,9277500,ft3/s,"['A', '[91]']",0
1988-04-10,93.5,streamflow,9277500,ft3/s,"['A', '[91]']",0
1988-04-11,93.75,streamflow,9277500,ft3/s,"['A', '[91]']",0
1988-04-12,98.791664,streamflow,9277500,ft3/s,"['A', '[91]']",0
1988-04-13,106.25,streamflow,9277500,ft3/s,"['A', '[91]']",0
1988-04-14,113.125,streamflow,9277500,ft3/s,"['A', '[91]']",0
1988-04-15,127.083336,streamflow,9277500,ft3/s,"['A', '[91]']",0
1988-04-16,131.08333,streamflow,9277500,ft3/s,"['A', '[91]']",0
1988-04-17,130.83333,streamflow,9277500,ft3/s,"['A', '[91]']",0
1988-04-18,135.66667,streamflow,9277500,ft3/s,"['A', '[91]']",0
1988-04-19,137.25,streamflow,9277500,ft3/s,"['A', '[91]']",0
1988-04-20,126.958336,streamflow,9277500,ft3/s,"['A', '[91]']",0
1988-04-21,133.91667,streamflow,9277500,ft3/s,"['A', '[91]']",0
1988-04-22,141.95833,streamflow,9277500,ft3/s,"['A', '[91]']",0
1988-04-23,135.20833,streamflow,9277500,ft3/s,"['A', '[91]']",0
1988-04-24,129.16667,streamflow,9277500,ft3/s,"['A', '[91]']",0
1988-04-25,126.125,streamflow,9277500,ft3/s,"['A', '[91]']",0
1988-04-26,122.875,streamflow,9277500,ft3/s,"['A', '[91]']",0
1988-04-27,122.291664,streamflow,9277500,ft3/s,"['A', '[91]']",0
1988-04-28,116.583336,streamflow,9277500,ft3/s,"['A', '[91]']",0
1988-04-29,118.583336,streamflow,9277500,ft3/s,"['A', '[91]']",0
1988-04-30,115.333336,streamflow,9277500,ft3/s,"['A', '[91]']",0
1988-05-01,119.0,streamflow,9277500,ft3/s,"['A', '[91]']",0
1988-05-02,122.833336,streamflow,9277500,ft3/s,"['A', '[91]']",0
1988-05-03,116.666664,streamflow,9277500,ft3/s,"['A', '[91]']",0
1988-05-04,112.208336,streamflow,9277500,ft3/s,"['A', '[91]']",0
1988-05-05,112.875,streamflow,9277500,ft3/s,"['A', '[91]']",0
1988-05-06,109.291664,streamflow,9277500,ft3/s,"['A', '[91]']",0
1988-05-07,113.416664,streamflow,9277500,ft3/s,"['A', '[91]']",0
1988-05-08,106.333336,streamflow,9277500,ft3/s,"['A', '[91]']",0
1988-05-09,89.416664,streamflow,9277500,ft3/s,"['A', '[91]']",0
1988-05-10,78.708336,streamflow,9277500,ft3/s,"['A', '[91]']",0
1988-05-11,73.75,streamflow,9277500,ft3/s,"['A', '[91]']",0
1988-05-12,81.208336,streamflow,9277500,ft3/s,"['A', '[91]']",0
1988-05-13,118.208336,streamflow,9277500,ft3/s,"['A', '[91]']",0
1988-05-14,182.125,streamflow,9277500,ft3/s,"['A', '[91]']",0
1988-05-15,219.41667,streamflow,9277500,ft3/s,"['A', '[91]']",0
1988-05-16,271.25,streamflow,9277500,ft3/s,"['A', '[91]']",0
1988-05-17,396.58334,streamflow,9277500,ft3/s,"['A', '[91]']",0
1988-05-18,328.04166,streamflow,9277500,ft3/s,"['A', '[91]']",0
1988-05-19,221.66667,streamflow,9277500,ft3/s,"['A', '[91]']",0
1988-05-20,189.75,streamflow,9277500,ft3/s,"['A', '[91]']",0
1988-05-21,149.70833,streamflow,9277500,ft3/s,"['A', '[91]']",0
1988-05-22,151.83333,streamflow,9277500,ft3/s,"['A', '[91]']",0
1988-05-23,164.54167,streamflow,9277500,ft3/s,"['A', '[91]']",0
1988-05-24,169.83333,streamflow,9277500,ft3/s,"['A', '[91]']",0
1988-05-25,155.875,streamflow,9277500,ft3/s,"['A', '[91]']",0
1988-05-26,146.54167,streamflow,9277500,ft3/s,"['A', '[91]']",0
1988-05-27,139.41667,streamflow,9277500,ft3/s,"['A', '[91]']",0
1988-05-28,133.91667,streamflow,9277500,ft3/s,"['A', '[91]']",0
1988-05-29,127.625,streamflow,9277500,ft3/s,"['A', '[91]']",0
1988-05-30,130.20833,streamflow,9277500,ft3/s,"['A', '[91]']",0
1988-05-31,129.875,streamflow,9277500,ft3/s,"['A', '[91]']",0
1988-06-01,114.916664,streamflow,9277500,ft3/s,"['A', '[91]']",0
1988-06-02,99.541664,streamflow,9277500,ft3/s,"['A', '[91]']",0
1988-06-03,91.083336,streamflow,9277500,ft3/s,"['A', '[91]']",0
1988-06-04,88.416664,streamflow,9277500,ft3/s,"['A', '[91]']",0
1988-06-05,96.291664,streamflow,9277500,ft3/s,"['A', '[91]']",0
1988-06-06,97.666664,streamflow,9277500,ft3/s,"['A', '[91]']",0
1988-06-07,95.0,streamflow,9277500,ft3/s,"['A', '[91]']",0
1988-06-08,87.041664,streamflow,9277500,ft3/s,"['A', '[91]']",0
1988-06-09,84.208336,streamflow,9277500,ft3/s,"['A', '[91]']",0
1988-06-10,79.875,streamflow,9277500,ft3/s,"['A', '[91]']",0
1988-06-11,81.166664,streamflow,9277500,ft3/s,"['A', '[91]']",0
1988-06-12,76.666664,streamflow,9277500,ft3/s,"['A', '[91]']",0
1988-06-13,79.041664,streamflow,9277500,ft3/s,"['A', '[91]']",0
1988-06-14,78.583336,streamflow,9277500,ft3/s,"['A', '[91]']",0
1988-06-15,80.5,streamflow,9277500,ft3/s,"['A', '[91]']",0
1988-06-16,79.875,streamflow,9277500,ft3/s,"['A', '[91]']",0
1988-06-17,80.291664,streamflow,9277500,ft3/s,"['A', '[91]']",0
1988-06-18,79.916664,streamflow,9277500,ft3/s,"['A', '[91]']",0
1988-06-19,80.583336,streamflow,9277500,ft3/s,"['A', '[91]']",0
1988-06-20,81.0,streamflow,9277500,ft3/s,"['A', '[91]']",0
1988-06-21,83.833336,streamflow,9277500,ft3/s,"['A', '[91]']",0
1988-06-22,79.541664,streamflow,9277500,ft3/s,"['A', '[91]']",0
1988-06-23,74.416664,streamflow,9277500,ft3/s,"['A', '[91]']",0
1988-06-24,68.0,streamflow,9277500,ft3/s,"['A', '[91]']",0
1988-06-25,68.041664,streamflow,9277500,ft3/s,"['A', '[91]']",0
1988-06-26,71.708336,streamflow,9277500,ft3/s,"['A', '[91]']",0
1988-06-27,84.791664,streamflow,9277500,ft3/s,"['A', '[91]']",0
1988-06-28,83.166664,streamflow,9277500,ft3/s,"['A', '[91]']",0
1988-06-29,84.166664,streamflow,9277500,ft3/s,"['A', '[91]']",0
1988-06-30,82.291664,streamflow,9277500,ft3/s,"['A', '[91]']",0
1988-07-01,80.75,streamflow,9277500,ft3/s,"['A', '[91]']",0
1988-07-02,76.041664,streamflow,9277500,ft3/s,"['A', '[91]']",0
1988-07-03,78.833336,streamflow,9277500,ft3/s,"['A', '[91]']",0
1988-07-04,79.375,streamflow,9277500,ft3/s,"['A', '[91]']",0
1988-07-05,74.833336,streamflow,9277500,ft3/s,"['A', '[91]']",0
1988-07-06,67.166664,streamflow,9277500,ft3/s,"['A', '[91]']",0
1988-07-07,59.75,streamflow,9277500,ft3/s,"['A', '[91]']",0
1988-07-08,55.75,streamflow,9277500,ft3/s,"['A', '[91]']",0
1988-07-09,48.916668,streamflow,9277500,ft3/s,"['A', '[91]']",0
1988-07-10,46.125,streamflow,9277500,ft3/s,"['A', '[91]']",0
1988-07-11,46.291668,streamflow,9277500,ft3/s,"['A', '[91]']",0
1988-07-12,45.0,streamflow,9277500,ft3/s,"['A', '[91]']",0
1988-07-13,46.375,streamflow,9277500,ft3/s,"['A', '[91]']",0
1988-07-14,49.625,streamflow,9277500,ft3/s,"['A', '[91]']",0
1988-07-15,49.625,streamflow,9277500,ft3/s,"['A', '[91]']",0
1988-07-16,43.458332,streamflow,9277500,ft3/s,"['A', '[91]']",0
1988-07-17,46.041668,streamflow,9277500,ft3/s,"['A', '[91]']",0
1988-07-18,39.75,streamflow,9277500,ft3/s,"['A', '[91]']",0
1988-07-19,41.916668,streamflow,9277500,ft3/s,"['A', '[91]']",0
1988-07-20,41.458332,streamflow,9277500,ft3/s,"['A', '[91]']",0
1988-07-21,39.791668,streamflow,9277500,ft3/s,"['A', '[91]']",0
1988-07-22,36.333332,streamflow,9277500,ft3/s,"['A', '[91]']",0
1988-07-23,38.416668,streamflow,9277500,ft3/s,"['A', '[91]']",0
1988-07-24,39.708332,streamflow,9277500,ft3/s,"['A', '[91]']",0
1988-07-25,40.416668,streamflow,9277500,ft3/s,"['A', '[91]']",0
1988-07-26,44.375,streamflow,9277500,ft3/s,"['A', '[91]']",0
1988-07-27,53.916668,streamflow,9277500,ft3/s,"['A', '[91]']",0
1988-07-28,48.375,streamflow,9277500,ft3/s,"['A', '[91]']",0
1988-07-29,48.833332,streamflow,9277500,ft3/s,"['A', '[91]']",0
1988-07-30,47.541668,streamflow,9277500,ft3/s,"['A', '[91]']",0
1988-07-31,48.333332,streamflow,9277500,ft3/s,"['A', '[91]']",0
1988-08-01,50.625,streamflow,9277500,ft3/s,"['A', '[91]']",0
1988-08-02,49.75,streamflow,9277500,ft3/s,"['A', '[91]']",0
1988-08-03,53.625,streamflow,9277500,ft3/s,"['A', '[91]']",0
1988-08-04,45.0,streamflow,9277500,ft3/s,"['A', '[91]']",0
1988-08-05,42.958332,streamflow,9277500,ft3/s,"['A', '[91]']",0
1988-08-06,43.583332,streamflow,9277500,ft3/s,"['A', '[91]']",0
1988-08-07,47.083332,streamflow,9277500,ft3/s,"['A', '[91]']",0
1988-08-08,47.125,streamflow,9277500,ft3/s,"['A', '[91]']",0
1988-08-09,46.125,streamflow,9277500,ft3/s,"['A', '[91]']",0
1988-08-10,48.416668,streamflow,9277500,ft3/s,"['A', '[91]']",0
1988-08-11,49.958332,streamflow,9277500,ft3/s,"['A', '[91]']",0
1988-08-12,47.666668,streamflow,9277500,ft3/s,"['A', '[91]']",0
1988-08-13,48.083332,streamflow,9277500,ft3/s,"['A', '[91]']",0
1988-08-14,51.291668,streamflow,9277500,ft3/s,"['A', '[91]']",0
1988-08-15,52.916668,streamflow,9277500,ft3/s,"['A', '[91]']",0
1988-08-16,54.416668,streamflow,9277500,ft3/s,"['A', '[91]']",0
1988-08-17,49.791668,streamflow,9277500,ft3/s,"['A', '[91]']",0
1988-08-18,50.166668,streamflow,9277500,ft3/s,"['A', '[91]']",0
1988-08-19,49.583332,streamflow,9277500,ft3/s,"['A', '[91]']",0
1988-08-20,48.75,streamflow,9277500,ft3/s,"['A', '[91]']",0
1988-08-21,51.375,streamflow,9277500,ft3/s,"['A', '[91]']",0
1988-08-22,53.666668,streamflow,9277500,ft3/s,"['A', '[91]']",0
1988-08-23,51.583332,streamflow,9277500,ft3/s,"['A', '[91]']",0
1988-08-24,52.0,streamflow,9277500,ft3/s,"['A', '[91]']",0
1988-08-25,54.916668,streamflow,9277500,ft3/s,"['A', '[91]']",0
1988-08-26,55.375,streamflow,9277500,ft3/s,"['A', '[91]']",0
1988-08-27,59.125,streamflow,9277500,ft3/s,"['A', '[91]']",0
1988-08-28,60.708332,streamflow,9277500,ft3/s,"['A', '[91]']",0
1988-08-29,63.125,streamflow,9277500,ft3/s,"['A', '[91]']",0
1988-08-30,64.25,streamflow,9277500,ft3/s,"['A', '[91]']",0
1988-08-31,58.0,streamflow,9277500,ft3/s,"['A', '[91]']",0
1988-09-01,55.833332,streamflow,9277500,ft3/s,"['A', '[91]']",0
1988-09-02,53.666668,streamflow,9277500,ft3/s,"['A', '[91]']",0
1988-09-03,54.333332,streamflow,9277500,ft3/s,"['A', '[91]']",0
1988-09-04,54.0,streamflow,9277500,ft3/s,"['A', '[91]']",0
1988-09-05,57.458332,streamflow,9277500,ft3/s,"['A', '[91]']",0
1988-09-06,57.166668,streamflow,9277500,ft3/s,"['A', '[91]']",0
1988-09-07,56.041668,streamflow,9277500,ft3/s,"['A', '[91]']",0
1988-09-08,54.416668,streamflow,9277500,ft3/s,"['A', '[91]']",0
1988-09-09,54.458332,streamflow,9277500,ft3/s,"['A', '[91]']",0
1988-09-10,55.875,streamflow,9277500,ft3/s,"['A', '[91]']",0
1988-09-11,56.833332,streamflow,9277500,ft3/s,"['A', '[91]']",0
1988-09-12,59.291668,streamflow,9277500,ft3/s,"['A', '[91]']",0
1988-09-13,70.375,streamflow,9277500,ft3/s,"['A', '[91]']",0
1988-09-14,65.958336,streamflow,9277500,ft3/s,"['A', '[91]']",0
1988-09-15,57.25,streamflow,9277500,ft3/s,"['A', '[91]']",0
1988-09-16,56.375,streamflow,9277500,ft3/s,"['A', '[91]']",0
1988-09-17,72.375,streamflow,9277500,ft3/s,"['A', '[91]']",0
1988-09-18,72.125,streamflow,9277500,ft3/s,"['A', '[91]']",0
1988-09-19,75.541664,streamflow,9277500,ft3/s,"['A', '[91]']",0
1988-09-20,78.916664,streamflow,9277500,ft3/s,"['A', '[91]']",0
1988-09-21,81.875,streamflow,9277500,ft3/s,"['A', '[91]']",0
1988-09-22,86.916664,streamflow,9277500,ft3/s,"['A', '[91]']",0
1988-09-23,82.708336,streamflow,9277500,ft3/s,"['A', '[91]']",0
1988-09-24,77.333336,streamflow,9277500,ft3/s,"['A', '[91]']",0
1988-09-25,75.625,streamflow,9277500,ft3/s,"['A', '[91]']",0
1988-09-26,76.625,streamflow,9277500,ft3/s,"['A', '[91]']",0
1988-09-27,75.166664,streamflow,9277500,ft3/s,"['A', '[91]']",0
1988-09-28,69.208336,streamflow,9277500,ft3/s,"['A', '[91]']",0
1988-09-29,63.0,streamflow,9277500,ft3/s,"['A', '[91]']",0
1988-09-30,63.333332,streamflow,9277500,ft3/s,"['A', '[91]']",0
1988-10-01,63.083332,streamflow,9277500,ft3/s,"['A', '[91]']",0
1988-10-02,63.541668,streamflow,9277500,ft3/s,"['A', '[91]']",0
1988-10-03,61.208332,streamflow,9277500,ft3/s,"['A', '[91]']",0
1988-10-04,59.708332,streamflow,9277500,ft3/s,"['A', '[91]']",0
1988-10-05,62.041668,streamflow,9277500,ft3/s,"['A', '[91]']",0
1988-10-06,64.291664,streamflow,9277500,ft3/s,"['A', '[91]']",0
1988-10-07,65.5,streamflow,9277500,ft3/s,"['A', '[91]']",0
1988-10-08,67.375,streamflow,9277500,ft3/s,"['A', '[91]']",0
1988-10-09,67.125,streamflow,9277500,ft3/s,"['A', '[91]']",0
1988-10-10,67.916664,streamflow,9277500,ft3/s,"['A', '[91]']",0
1988-10-11,68.291664,streamflow,9277500,ft3/s,"['A', '[91]']",0
1988-10-12,65.208336,streamflow,9277500,ft3/s,"['A', '[91]']",0
1988-10-13,70.666664,streamflow,9277500,ft3/s,"['A', '[91]']",0
1988-10-14,68.75,streamflow,9277500,ft3/s,"['A', '[91]']",0
1988-10-15,69.208336,streamflow,9277500,ft3/s,"['A', '[91]']",0
1988-10-16,67.375,streamflow,9277500,ft3/s,"['A', '[91]']",0
1988-10-17,69.083336,streamflow,9277500,ft3/s,"['A', '[91]']",0
1988-10-18,70.625,streamflow,9277500,ft3/s,"['A', '[91]']",0
1988-10-19,71.458336,streamflow,9277500,ft3/s,"['A', '[91]']",0
1988-10-20,70.291664,streamflow,9277500,ft3/s,"['A', '[91]']",0
1988-10-21,71.625,streamflow,9277500,ft3/s,"['A', '[91]']",0
1988-10-22,70.791664,streamflow,9277500,ft3/s,"['A', '[91]']",0
1988-10-23,72.666664,streamflow,9277500,ft3/s,"['A', '[91]']",0
1988-10-24,71.041664,streamflow,9277500,ft3/s,"['A', '[91]']",0
1988-10-25,70.625,streamflow,9277500,ft3/s,"['A', '[91]']",0
1988-10-26,69.958336,streamflow,9277500,ft3/s,"['A', '[91]']",0
1988-10-27,69.916664,streamflow,9277500,ft3/s,"['A', '[91]']",0
1988-10-28,70.25,streamflow,9277500,ft3/s,"['A', '[91]']",0
1988-10-29,71.625,streamflow,9277500,ft3/s,"['A', '[91]']",0
1988-10-30,74.391304,streamflow,9277500,ft3/s,"['A', '[91]']",0
1988-10-31,74.583336,streamflow,9277500,ft3/s,"['A', '[91]']",0
1988-11-01,75.708336,streamflow,9277500,ft3/s,"['A', '[91]']",0
1988-11-02,91.583336,streamflow,9277500,ft3/s,"['A', '[91]']",0
1988-11-03,94.0,streamflow,9277500,ft3/s,"['A', '[91]']",0
1988-11-04,101.166664,streamflow,9277500,ft3/s,"['A', '[91]']",0
1988-11-05,98.916664,streamflow,9277500,ft3/s,"['A', '[91]']",0
1988-11-06,96.25,streamflow,9277500,ft3/s,"['A', '[91]']",0
1988-11-07,97.833336,streamflow,9277500,ft3/s,"['A', '[91]']",0
1988-11-08,96.166664,streamflow,9277500,ft3/s,"['A', '[91]']",0
1988-11-09,94.166664,streamflow,9277500,ft3/s,"['A', '[91]']",0
1988-11-10,93.916664,streamflow,9277500,ft3/s,"['A', '[91]']",0
1988-11-11,96.083336,streamflow,9277500,ft3/s,"['A', '[91]']",0
1988-11-12,98.833336,streamflow,9277500,ft3/s,"['A', '[91]']",0
1988-11-13,100.625,streamflow,9277500,ft3/s,"['A', '[91]']",0
1988-11-14,103.583336,streamflow,9277500,ft3/s,"['A', '[91]']",0
1988-11-15,101.0,streamflow,9277500,ft3/s,"['A', '[91]']",0
1988-11-16,98.208336,streamflow,9277500,ft3/s,"['A', '[91]']",0
1988-11-17,104.416664,streamflow,9277500,ft3/s,"['A', '[91]']",0
1988-11-18,102.208336,streamflow,9277500,ft3/s,"['A', '[91]']",0
1988-11-19,100.333336,streamflow,9277500,ft3/s,"['A', '[91]']",0
1988-11-20,98.708336,streamflow,9277500,ft3/s,"['A', '[91]']",0
1988-11-21,100.708336,streamflow,9277500,ft3/s,"['A', '[91]']",0
1988-11-22,101.0,streamflow,9277500,ft3/s,"['A', '[91]']",0
1988-11-23,102.875,streamflow,9277500,ft3/s,"['A', '[91]']",0
1988-11-24,104.458336,streamflow,9277500,ft3/s,"['A', '[91]']",0
1988-11-25,97.791664,streamflow,9277500,ft3/s,"['A', '[91]']",0
1988-11-26,108.916664,streamflow,9277500,ft3/s,"['A', '[91]']",0
1988-11-27,109.25,streamflow,9277500,ft3/s,"['A', '[91]']",0
1988-11-28,107.333336,streamflow,9277500,ft3/s,"['A', '[91]']",0
1988-11-29,108.583336,streamflow,9277500,ft3/s,"['A', '[91]']",0
1988-11-30,106.625,streamflow,9277500,ft3/s,"['A', '[91]']",0
1988-12-01,104.875,streamflow,9277500,ft3/s,"['A', '[91]']",0
1988-12-02,102.625,streamflow,9277500,ft3/s,"['A', '[91]']",0
1988-12-03,102.5,streamflow,9277500,ft3/s,"['A', '[91]']",0
1988-12-04,102.333336,streamflow,9277500,ft3/s,"['A', '[91]']",0
1988-12-05,101.625,streamflow,9277500,ft3/s,"['A', '[91]']",0
1988-12-06,100.958336,streamflow,9277500,ft3/s,"['A', '[91]']",0
1988-12-07,102.083336,streamflow,9277500,ft3/s,"['A', '[91]']",0
1988-12-08,99.958336,streamflow,9277500,ft3/s,"['A', '[91]']",0
1988-12-09,98.166664,streamflow,9277500,ft3/s,"['A', '[91]']",0
1988-12-10,99.75,streamflow,9277500,ft3/s,"['A', '[91]']",0
1988-12-11,99.25,streamflow,9277500,ft3/s,"['A', '[91]']",0
1988-12-12,98.916664,streamflow,9277500,ft3/s,"['A', '[91]']",0
1988-12-13,99.416664,streamflow,9277500,ft3/s,"['A', '[91]']",0
1988-12-14,99.416664,streamflow,9277500,ft3/s,"['A', '[91]']",0
1988-12-15,99.583336,streamflow,9277500,ft3/s,"['A', '[91]']",0
1988-12-16,97.583336,streamflow,9277500,ft3/s,"['A', '[91]']",0
1988-12-17,91.0,streamflow,9277500,ft3/s,"['A', '[91]']",0
1988-12-18,94.208336,streamflow,9277500,ft3/s,"['A', '[91]']",0
1988-12-19,98.208336,streamflow,9277500,ft3/s,"['A', '[91]']",0
1988-12-20,95.833336,streamflow,9277500,ft3/s,"['A', '[91]']",0
1988-12-21,98.5,streamflow,9277500,ft3/s,"['A', '[91]']",0
1988-12-22,97.333336,streamflow,9277500,ft3/s,"['A', '[91]']",0
1988-12-23,98.5,streamflow,9277500,ft3/s,"['A', '[91]']",0
1988-12-24,93.833336,streamflow,9277500,ft3/s,"['A', '[91]']",0
1988-12-25,96.333336,streamflow,9277500,ft3/s,"['A', '[91]']",0
1988-12-26,95.57143,streamflow,9277500,ft3/s,"['A', '[91]']",0
1988-12-27,,streamflow,9277500,ft3/s,"['A', '[91]']",0
1988-12-28,,streamflow,9277500,ft3/s,"['A', '[91]']",0
1988-12-29,,streamflow,9277500,ft3/s,"['A', '[91]']",0
1988-12-30,,streamflow,9277500,ft3/s,"['A', '[91]']",0
1988-12-31,,streamflow,9277500,ft3/s,"['A', '[91]']",0
1989-01-01,,streamflow,9277500,ft3/s,"['A', '[91]']",0
1989-01-02,,streamflow,9277500,ft3/s,"['A', '[91]']",0
1989-01-03,,streamflow,9277500,ft3/s,"['A', '[91]']",0
1989-01-04,,streamflow,9277500,ft3/s,"['A', '[91]']",0
1989-01-05,92.64706,streamflow,9277500,ft3/s,"['A', '[91]']",0
1989-01-06,94.0,streamflow,9277500,ft3/s,"['A', '[91]']",0
1989-01-07,88.0,streamflow,9277500,ft3/s,"['A', '[91]']",0
1989-01-08,,streamflow,9277500,ft3/s,"['A', '[91]']",0
1989-01-09,,streamflow,9277500,ft3/s,"['A', '[91]']",0
1989-01-10,94.52941,streamflow,9277500,ft3/s,"['A', '[91]']",0
1989-01-11,91.041664,streamflow,9277500,ft3/s,"['A', '[91]']",0
1989-01-12,85.42857,streamflow,9277500,ft3/s,"['A', '[91]']",0
1989-01-13,,streamflow,9277500,ft3/s,"['A', '[91]']",0
1989-01-14,,streamflow,9277500,ft3/s,"['A', '[91]']",0
1989-01-15,,streamflow,9277500,ft3/s,"['A', '[91]']",0
1989-01-16,,streamflow,9277500,ft3/s,"['A', '[91]']",0
1989-01-17,,streamflow,9277500,ft3/s,"['A', '[91]']",0
1989-01-18,,streamflow,9277500,ft3/s,"['A', '[91]']",0
1989-01-19,,streamflow,9277500,ft3/s,"['A', '[91]']",0
1989-01-20,,streamflow,9277500,ft3/s,"['A', '[91]']",0
1989-01-21,,streamflow,9277500,ft3/s,"['A', '[91]']",0
1989-01-22,,streamflow,9277500,ft3/s,"['A', '[91]']",0
1989-01-23,85.35294,streamflow,9277500,ft3/s,"['A', '[91]']",0
1989-01-24,86.083336,streamflow,9277500,ft3/s,"['A', '[91]']",0
1989-01-25,82.208336,streamflow,9277500,ft3/s,"['A', '[91]']",0
1989-01-26,82.0,streamflow,9277500,ft3/s,"['A', '[91]']",0
1989-01-27,,streamflow,9277500,ft3/s,"['A', '[91]']",0
1989-01-28,,streamflow,9277500,ft3/s,"['A', '[91]']",0
1989-01-29,,streamflow,9277500,ft3/s,"['A', '[91]']",0
1989-01-30,85.05882,streamflow,9277500,ft3/s,"['A', '[91]']",0
1989-01-31,84.833336,streamflow,9277500,ft3/s,"['A', '[91]']",0
1989-02-01,83.625,streamflow,9277500,ft3/s,"['A', '[91]']",0
1989-02-02,84.5,streamflow,9277500,ft3/s,"['A', '[91]']",0
1989-02-03,84.458336,streamflow,9277500,ft3/s,"['A', '[91]']",0
1989-02-04,84.25,streamflow,9277500,ft3/s,"['A', '[91]']",0
1989-02-05,85.57143,streamflow,9277500,ft3/s,"['A', '[91]']",0
1989-02-06,58.411766,streamflow,9277500,ft3/s,"['A', '[91]']",0
1989-02-07,94.28571,streamflow,9277500,ft3/s,"['A', '[91]']",0
1989-02-08,,streamflow,9277500,ft3/s,"['A', '[91]']",0
1989-02-09,,streamflow,9277500,ft3/s,"['A', '[91]']",0
1989-02-10,,streamflow,9277500,ft3/s,"['A', '[91]']",0
1989-02-11,,streamflow,9277500,ft3/s,"['A', '[91]']",0
1989-02-12,,streamflow,9277500,ft3/s,"['A', '[91]']",0
1989-02-13,77.23529,streamflow,9277500,ft3/s,"['A', '[91]']",0
1989-02-14,71.041664,streamflow,9277500,ft3/s,"['A', '[91]']",0
1989-02-15,74.14286,streamflow,9277500,ft3/s,"['A', '[91]']",0
1989-02-16,,streamflow,9277500,ft3/s,"['A', '[91]']",0
1989-02-17,,streamflow,9277500,ft3/s,"['A', '[91]']",0
1989-02-18,74.29412,streamflow,9277500,ft3/s,"['A', '[91]']",0
1989-02-19,72.375,streamflow,9277500,ft3/s,"['A', '[91]']",0
1989-02-20,70.75,streamflow,9277500,ft3/s,"['A', '[91]']",0
1989-02-21,67.625,streamflow,9277500,ft3/s,"['A', '[91]']",0
1989-02-22,68.166664,streamflow,9277500,ft3/s,"['A', '[91]']",0
1989-02-23,67.833336,streamflow,9277500,ft3/s,"['A', '[91]']",0
1989-02-24,69.208336,streamflow,9277500,ft3/s,"['A', '[91]']",0
1989-02-25,72.0,streamflow,9277500,ft3/s,"['A', '[91]']",0
1989-02-26,74.166664,streamflow,9277500,ft3/s,"['A', '[91]']",0
1989-02-27,75.25,streamflow,9277500,ft3/s,"['A', '[91]']",0
1989-02-28,70.416664,streamflow,9277500,ft3/s,"['A', '[91]']",0
1989-03-01,72.291664,streamflow,9277500,ft3/s,"['A', '[91]']",0
1989-03-02,76.291664,streamflow,9277500,ft3/s,"['A', '[91]']",0
1989-03-03,78.0,streamflow,9277500,ft3/s,"['A', '[91]']",0
1989-03-04,65.75,streamflow,9277500,ft3/s,"['A', '[91]']",0
1989-03-05,71.75,streamflow,9277500,ft3/s,"['A', '[91]']",0
1989-03-06,73.791664,streamflow,9277500,ft3/s,"['A', '[91]']",0
1989-03-07,74.166664,streamflow,9277500,ft3/s,"['A', '[91]']",0
1989-03-08,73.625,streamflow,9277500,ft3/s,"['A', '[91]']",0
1989-03-09,88.166664,streamflow,9277500,ft3/s,"['A', '[91]']",0
1989-03-10,103.083336,streamflow,9277500,ft3/s,"['A', '[91]']",0
1989-03-11,98.5,streamflow,9277500,ft3/s,"['A', '[91]']",0
1989-03-12,103.041664,streamflow,9277500,ft3/s,"['A', '[91]']",0
1989-03-13,102.833336,streamflow,9277500,ft3/s,"['A', '[91]']",0
1989-03-14,92.291664,streamflow,9277500,ft3/s,"['A', '[91]']",0
1989-03-15,82.0,streamflow,9277500,ft3/s,"['A', '[91]']",0
1989-03-16,86.291664,streamflow,9277500,ft3/s,"['A', '[91]']",0
1989-03-17,84.916664,streamflow,9277500,ft3/s,"['A', '[91]']",0
1989-03-18,83.083336,streamflow,9277500,ft3/s,"['A', '[91]']",0
1989-03-19,82.791664,streamflow,9277500,ft3/s,"['A', '[91]']",0
1989-03-20,84.583336,streamflow,9277500,ft3/s,"['A', '[91]']",0
1989-03-21,82.083336,streamflow,9277500,ft3/s,"['A', '[91]']",0
1989-03-22,81.75,streamflow,9277500,ft3/s,"['A', '[91]']",0
1989-03-23,87.333336,streamflow,9277500,ft3/s,"['A', '[91]']",0
1989-03-24,90.166664,streamflow,9277500,ft3/s,"['A', '[91]']",0
1989-03-25,92.083336,streamflow,9277500,ft3/s,"['A', '[91]']",0
1989-03-26,93.75,streamflow,9277500,ft3/s,"['A', '[91]']",0
1989-03-27,95.0,streamflow,9277500,ft3/s,"['A', '[91]']",0
1989-03-28,90.0,streamflow,9277500,ft3/s,"['A', '[91]']",0
1989-03-29,92.833336,streamflow,9277500,ft3/s,"['A', '[91]']",0
1989-03-30,95.166664,streamflow,9277500,ft3/s,"['A', '[91]']",0
1989-03-31,91.25,streamflow,9277500,ft3/s,"['A', '[91]']",0
1989-04-01,91.916664,streamflow,9277500,ft3/s,"['A', '[91]']",0
1989-04-02,90.916664,streamflow,9277500,ft3/s,"['A', '[91]']",0
1989-04-03,93.0,streamflow,9277500,ft3/s,"['A', '[91]']",0
1989-04-04,91.083336,streamflow,9277500,ft3/s,"['A', '[91]']",0
1989-04-05,87.75,streamflow,9277500,ft3/s,"['A', '[91]']",0
1989-04-06,92.75,streamflow,9277500,ft3/s,"['A', '[91]']",0
1989-04-07,104.375,streamflow,9277500,ft3/s,"['A', '[91]']",0
1989-04-08,115.25,streamflow,9277500,ft3/s,"['A', '[91]']",0
1989-04-09,127.625,streamflow,9277500,ft3/s,"['A', '[91]']",0
1989-04-10,124.916664,streamflow,9277500,ft3/s,"['A', '[91]']",0
1989-04-11,117.916664,streamflow,9277500,ft3/s,"['A', '[91]']",0
1989-04-12,116.083336,streamflow,9277500,ft3/s,"['A', '[91]']",0
1989-04-13,114.5,streamflow,9277500,ft3/s,"['A', '[91]']",0
1989-04-14,109.625,streamflow,9277500,ft3/s,"['A', '[91]']",0
1989-04-15,111.5,streamflow,9277500,ft3/s,"['A', '[91]']",0
1989-04-16,122.708336,streamflow,9277500,ft3/s,"['A', '[91]']",0
1989-04-17,128.375,streamflow,9277500,ft3/s,"['A', '[91]']",0
1989-04-18,130.70833,streamflow,9277500,ft3/s,"['A', '[91]']",0
1989-04-19,144.5,streamflow,9277500,ft3/s,"['A', '[91]']",0
1989-04-20,152.16667,streamflow,9277500,ft3/s,"['A', '[91]']",0
1989-04-21,158.25,streamflow,9277500,ft3/s,"['A', '[91]']",0
1989-04-22,155.58333,streamflow,9277500,ft3/s,"['A', '[91]']",0
1989-04-23,148.5,streamflow,9277500,ft3/s,"['A', '[91]']",0
1989-04-24,141.875,streamflow,9277500,ft3/s,"['A', '[91]']",0
1989-04-25,128.86957,streamflow,9277500,ft3/s,"['A', '[91]']",0
1989-04-26,108.583336,streamflow,9277500,ft3/s,"['A', '[91]']",0
1989-04-27,87.083336,streamflow,9277500,ft3/s,"['A', '[91]']",0
1989-04-28,72.75,streamflow,9277500,ft3/s,"['A', '[91]']",0
1989-04-29,64.708336,streamflow,9277500,ft3/s,"['A', '[91]']",0
1989-04-30,60.166668,streamflow,9277500,ft3/s,"['A', '[91]']",0
1989-05-01,56.916668,streamflow,9277500,ft3/s,"['A', '[91]']",0
1989-05-02,58.458332,streamflow,9277500,ft3/s,"['A', '[91]']",0
1989-05-03,60.875,streamflow,9277500,ft3/s,"['A', '[91]']",0
1989-05-04,65.25,streamflow,9277500,ft3/s,"['A', '[91]']",0
1989-05-05,64.25,streamflow,9277500,ft3/s,"['A', '[91]']",0
1989-05-06,74.916664,streamflow,9277500,ft3/s,"['A', '[91]']",0
1989-05-07,119.458336,streamflow,9277500,ft3/s,"['A', '[91]']",0
1989-05-08,185.20833,streamflow,9277500,ft3/s,"['A', '[91]']",0
1989-05-09,241.58333,streamflow,9277500,ft3/s,"['A', '[91]']",0
1989-05-10,228.625,streamflow,9277500,ft3/s,"['A', '[91]']",0
1989-05-11,197.29167,streamflow,9277500,ft3/s,"['A', '[91]']",0
1989-05-12,175.41667,streamflow,9277500,ft3/s,"['A', '[91]']",0
1989-05-13,151.875,streamflow,9277500,ft3/s,"['A', '[91]']",0
1989-05-14,121.333336,streamflow,9277500,ft3/s,"['A', '[91]']",0
1989-05-15,108.333336,streamflow,9277500,ft3/s,"['A', '[91]']",0
1989-05-16,101.291664,streamflow,9277500,ft3/s,"['A', '[91]']",0
1989-05-17,87.041664,streamflow,9277500,ft3/s,"['A', '[91]']",0
1989-05-18,80.916664,streamflow,9277500,ft3/s,"['A', '[91]']",0
1989-05-19,90.708336,streamflow,9277500,ft3/s,"['A', '[91]']",0
1989-05-20,108.75,streamflow,9277500,ft3/s,"['A', '[91]']",0
1989-05-21,110.458336,streamflow,9277500,ft3/s,"['A', '[91]']",0
1989-05-22,119.583336,streamflow,9277500,ft3/s,"['A', '[91]']",0
1989-05-23,133.08333,streamflow,9277500,ft3/s,"['A', '[91]']",0
1989-05-24,131.54167,streamflow,9277500,ft3/s,"['A', '[91]']",0
1989-05-25,123.0,streamflow,9277500,ft3/s,"['A', '[91]']",0
1989-05-26,112.125,streamflow,9277500,ft3/s,"['A', '[91]']",0
1989-05-27,103.625,streamflow,9277500,ft3/s,"['A', '[91]']",0
1989-05-28,104.666664,streamflow,9277500,ft3/s,"['A', '[91]']",0
1989-05-29,114.666664,streamflow,9277500,ft3/s,"['A', '[91]']",0
1989-05-30,108.833336,streamflow,9277500,ft3/s,"['A', '[91]']",0
1989-05-31,116.291664,streamflow,9277500,ft3/s,"['A', '[91]']",0
1989-06-01,105.041664,streamflow,9277500,ft3/s,"['A', '[91]']",0
1989-06-02,93.833336,streamflow,9277500,ft3/s,"['A', '[91]']",0
1989-06-03,85.125,streamflow,9277500,ft3/s,"['A', '[91]']",0
1989-06-04,91.583336,streamflow,9277500,ft3/s,"['A', '[91]']",0
1989-06-05,97.625,streamflow,9277500,ft3/s,"['A', '[91]']",0
1989-06-06,87.0,streamflow,9277500,ft3/s,"['A', '[91]']",0
1989-06-07,86.416664,streamflow,9277500,ft3/s,"['A', '[91]']",0
1989-06-08,92.791664,streamflow,9277500,ft3/s,"['A', '[91]']",0
1989-06-09,99.75,streamflow,9277500,ft3/s,"['A', '[91]']",0
1989-06-10,88.416664,streamflow,9277500,ft3/s,"['A', '[91]']",0
1989-06-11,82.958336,streamflow,9277500,ft3/s,"['A', '[91]']",0
1989-06-12,84.083336,streamflow,9277500,ft3/s,"['A', '[91]']",0
1989-06-13,76.583336,streamflow,9277500,ft3/s,"['A', '[91]']",0
1989-06-14,76.458336,streamflow,9277500,ft3/s,"['A', '[91]']",0
1989-06-15,76.333336,streamflow,9277500,ft3/s,"['A', '[91]']",0
1989-06-16,77.125,streamflow,9277500,ft3/s,"['A', '[91]']",0
1989-06-17,71.458336,streamflow,9277500,ft3/s,"['A', '[91]']",0
1989-06-18,72.958336,streamflow,9277500,ft3/s,"['A', '[91]']",0
1989-06-19,68.0,streamflow,9277500,ft3/s,"['A', '[91]']",0
1989-06-20,64.166664,streamflow,9277500,ft3/s,"['A', '[91]']",0
1989-06-21,63.208332,streamflow,9277500,ft3/s,"['A', '[91]']",0
1989-06-22,64.291664,streamflow,9277500,ft3/s,"['A', '[91]']",0
1989-06-23,66.916664,streamflow,9277500,ft3/s,"['A', '[91]']",0
1989-06-24,68.375,streamflow,9277500,ft3/s,"['A', '[91]']",0
1989-06-25,70.791664,streamflow,9277500,ft3/s,"['A', '[91]']",0
1989-06-26,77.25,streamflow,9277500,ft3/s,"['A', '[91]']",0
1989-06-27,68.541664,streamflow,9277500,ft3/s,"['A', '[91]']",0
1989-06-28,63.333332,streamflow,9277500,ft3/s,"['A', '[91]']",0
1989-06-29,60.041668,streamflow,9277500,ft3/s,"['A', '[91]']",0
1989-06-30,67.916664,streamflow,9277500,ft3/s,"['A', '[91]']",0
1989-07-01,64.291664,streamflow,9277500,ft3/s,"['A', '[91]']",0
1989-07-02,93.333336,streamflow,9277500,ft3/s,"['A', '[91]']",0
1989-07-03,95.416664,streamflow,9277500,ft3/s,"['A', '[91]']",0
1989-07-04,88.75,streamflow,9277500,ft3/s,"['A', '[91]']",0
1989-07-05,104.541664,streamflow,9277500,ft3/s,"['A', '[91]']",0
1989-07-06,100.0,streamflow,9277500,ft3/s,"['A', '[91]']",0
1989-07-07,102.083336,streamflow,9277500,ft3/s,"['A', '[91]']",0
1989-07-08,96.333336,streamflow,9277500,ft3/s,"['A', '[91]']",0
1989-07-09,85.791664,streamflow,9277500,ft3/s,"['A', '[91]']",0
1989-07-10,84.333336,streamflow,9277500,ft3/s,"['A', '[91]']",0
1989-07-11,87.458336,streamflow,9277500,ft3/s,"['A', '[91]']",0
1989-07-12,92.416664,streamflow,9277500,ft3/s,"['A', '[91]']",0
1989-07-13,104.416664,streamflow,9277500,ft3/s,"['A', '[91]']",0
1989-07-14,95.833336,streamflow,9277500,ft3/s,"['A', '[91]']",0
1989-07-15,92.083336,streamflow,9277500,ft3/s,"['A', '[91]']",0
1989-07-16,87.166664,streamflow,9277500,ft3/s,"['A', '[91]']",0
1989-07-17,82.625,streamflow,9277500,ft3/s,"['A', '[91]']",0
1989-07-18,71.458336,streamflow,9277500,ft3/s,"['A', '[91]']",0
1989-07-19,61.916668,streamflow,9277500,ft3/s,"['A', '[91]']",0
1989-07-20,58.666668,streamflow,9277500,ft3/s,"['A', '[91]']",0
1989-07-21,56.791668,streamflow,9277500,ft3/s,"['A', '[91]']",0
1989-07-22,63.375,streamflow,9277500,ft3/s,"['A', '[91]']",0
1989-07-23,71.083336,streamflow,9277500,ft3/s,"['A', '[91]']",0
1989-07-24,75.291664,streamflow,9277500,ft3/s,"['A', '[91]']",0
1989-07-25,76.958336,streamflow,9277500,ft3/s,"['A', '[91]']",0
1989-07-26,74.416664,streamflow,9277500,ft3/s,"['A', '[91]']",0
1989-07-27,70.291664,streamflow,9277500,ft3/s,"['A', '[91]']",0
1989-07-28,79.666664,streamflow,9277500,ft3/s,"['A', '[91]']",0
1989-07-29,77.083336,streamflow,9277500,ft3/s,"['A', '[91]']",0
1989-07-30,79.666664,streamflow,9277500,ft3/s,"['A', '[91]']",0
1989-07-31,83.083336,streamflow,9277500,ft3/s,"['A', '[91]']",0
1989-08-01,78.041664,streamflow,9277500,ft3/s,"['A', '[91]']",0
1989-08-02,73.875,streamflow,9277500,ft3/s,"['A', '[91]']",0
1989-08-03,67.083336,streamflow,9277500,ft3/s,"['A', '[91]']",0
1989-08-04,63.958332,streamflow,9277500,ft3/s,"['A', '[91]']",0
1989-08-05,61.916668,streamflow,9277500,ft3/s,"['A', '[91]']",0
1989-08-06,62.583332,streamflow,9277500,ft3/s,"['A', '[91]']",0
1989-08-07,66.791664,streamflow,9277500,ft3/s,"['A', '[91]']",0
1989-08-08,68.208336,streamflow,9277500,ft3/s,"['A', '[91]']",0
1989-08-09,63.25,streamflow,9277500,ft3/s,"['A', '[91]']",0
1989-08-10,64.875,streamflow,9277500,ft3/s,"['A', '[91]']",0
1989-08-11,68.75,streamflow,9277500,ft3/s,"['A', '[91]']",0
1989-08-12,75.833336,streamflow,9277500,ft3/s,"['A', '[91]']",0
1989-08-13,69.875,streamflow,9277500,ft3/s,"['A', '[91]']",0
1989-08-14,68.25,streamflow,9277500,ft3/s,"['A', '[91]']",0
1989-08-15,71.75,streamflow,9277500,ft3/s,"['A', '[91]']",0
1989-08-16,80.458336,streamflow,9277500,ft3/s,"['A', '[91]']",0
1989-08-17,68.083336,streamflow,9277500,ft3/s,"['A', '[91]']",0
1989-08-18,72.916664,streamflow,9277500,ft3/s,"['A', '[91]']",0
1989-08-19,68.375,streamflow,9277500,ft3/s,"['A', '[91]']",0
1989-08-20,75.083336,streamflow,9277500,ft3/s,"['A', '[91]']",0
1989-08-21,79.875,streamflow,9277500,ft3/s,"['A', '[91]']",0
1989-08-22,73.458336,streamflow,9277500,ft3/s,"['A', '[91]']",0
1989-08-23,73.375,streamflow,9277500,ft3/s,"['A', '[91]']",0
1989-08-24,72.958336,streamflow,9277500,ft3/s,"['A', '[91]']",0
1989-08-25,75.083336,streamflow,9277500,ft3/s,"['A', '[91]']",0
1989-08-26,73.333336,streamflow,9277500,ft3/s,"['A', '[91]']",0
1989-08-27,70.833336,streamflow,9277500,ft3/s,"['A', '[91]']",0
1989-08-28,67.416664,streamflow,9277500,ft3/s,"['A', '[91]']",0
1989-08-29,60.958332,streamflow,9277500,ft3/s,"['A', '[91]']",0
1989-08-30,58.166668,streamflow,9277500,ft3/s,"['A', '[91]']",0
1989-08-31,53.75,streamflow,9277500,ft3/s,"['A', '[91]']",0
1989-09-01,53.625,streamflow,9277500,ft3/s,"['A', '[91]']",0
1989-09-02,54.75,streamflow,9277500,ft3/s,"['A', '[91]']",0
1989-09-03,53.541668,streamflow,9277500,ft3/s,"['A', '[91]']",0
1989-09-04,48.375,streamflow,9277500,ft3/s,"['A', '[91]']",0
1989-09-05,49.708332,streamflow,9277500,ft3/s,"['A', '[91]']",0
1989-09-06,48.5,streamflow,9277500,ft3/s,"['A', '[91]']",0
1989-09-07,47.875,streamflow,9277500,ft3/s,"['A', '[91]']",0
1989-09-08,49.416668,streamflow,9277500,ft3/s,"['A', '[91]']",0
1989-09-09,53.25,streamflow,9277500,ft3/s,"['A', '[91]']",0
1989-09-10,56.583332,streamflow,9277500,ft3/s,"['A', '[91]']",0
1989-09-11,52.166668,streamflow,9277500,ft3/s,"['A', '[91]']",0
1989-09-12,57.583332,streamflow,9277500,ft3/s,"['A', '[91]']",0
1989-09-13,55.416668,streamflow,9277500,ft3/s,"['A', '[91]']",0
1989-09-14,46.791668,streamflow,9277500,ft3/s,"['A', '[91]']",0
1989-09-15,49.875,streamflow,9277500,ft3/s,"['A', '[91]']",0
1989-09-16,50.708332,streamflow,9277500,ft3/s,"['A', '[91]']",0
1989-09-17,50.791668,streamflow,9277500,ft3/s,"['A', '[91]']",0
1989-09-18,60.75,streamflow,9277500,ft3/s,"['A', '[91]']",0
1989-09-19,77.125,streamflow,9277500,ft3/s,"['A', '[91]']",0
1989-09-20,104.0,streamflow,9277500,ft3/s,"['A', '[91]']",0
1989-09-21,104.208336,streamflow,9277500,ft3/s,"['A', '[91]']",0
1989-09-22,87.083336,streamflow,9277500,ft3/s,"['A', '[91]']",0
1989-09-23,76.041664,streamflow,9277500,ft3/s,"['A', '[91]']",0
1989-09-24,65.666664,streamflow,9277500,ft3/s,"['A', '[91]']",0
1989-09-25,65.083336,streamflow,9277500,ft3/s,"['A', '[91]']",0
1989-09-26,76.583336,streamflow,9277500,ft3/s,"['A', '[91]']",0
1989-09-27,70.958336,streamflow,9277500,ft3/s,"['A', '[91]']",0
1989-09-28,62.875,streamflow,9277500,ft3/s,"['A', '[91]']",0
1989-09-29,60.208332,streamflow,9277500,ft3/s,"['A', '[91]']",0
1989-09-30,59.041668,streamflow,9277500,ft3/s,"['A', '[91]']",0
1989-10-01,56.458332,streamflow,9277500,ft3/s,"['A', '[91]']",0
1989-10-02,56.333332,streamflow,9277500,ft3/s,"['A', '[91]']",0
1989-10-03,61.916668,streamflow,9277500,ft3/s,"['A', '[91]']",0
1989-10-04,65.625,streamflow,9277500,ft3/s,"['A', '[91]']",0
1989-10-05,67.958336,streamflow,9277500,ft3/s,"['A', '[91]']",0
1989-10-06,74.791664,streamflow,9277500,ft3/s,"['A', '[91]']",0
1989-10-07,76.041664,streamflow,9277500,ft3/s,"['A', '[91]']",0
1989-10-08,73.75,streamflow,9277500,ft3/s,"['A', '[91]']",0
1989-10-09,71.333336,streamflow,9277500,ft3/s,"['A', '[91]']",0
1989-10-10,72.166664,streamflow,9277500,ft3/s,"['A', '[91]']",0
1989-10-11,69.208336,streamflow,9277500,ft3/s,"['A', '[91]']",0
1989-10-12,66.791664,streamflow,9277500,ft3/s,"['A', '[91]']",0
1989-10-13,65.958336,streamflow,9277500,ft3/s,"['A', '[91]']",0
1989-10-14,70.791664,streamflow,9277500,ft3/s,"['A', '[91]']",0
1989-10-15,76.041664,streamflow,9277500,ft3/s,"['A', '[91]']",0
1989-10-16,77.541664,streamflow,9277500,ft3/s,"['A', '[91]']",0
1989-10-17,72.75,streamflow,9277500,ft3/s,"['A', '[91]']",0
1989-10-18,71.333336,streamflow,9277500,ft3/s,"['A', '[91]']",0
1989-10-19,83.083336,streamflow,9277500,ft3/s,"['A', '[91]']",0
1989-10-20,88.916664,streamflow,9277500,ft3/s,"['A', '[91]']",0
1989-10-21,84.333336,streamflow,9277500,ft3/s,"['A', '[91]']",0
1989-10-22,88.333336,streamflow,9277500,ft3/s,"['A', '[91]']",0
1989-10-23,93.583336,streamflow,9277500,ft3/s,"['A', '[91]']",0
1989-10-24,91.583336,streamflow,9277500,ft3/s,"['A', '[91]']",0
1989-10-25,97.791664,streamflow,9277500,ft3/s,"['A', '[91]']",0
1989-10-26,99.416664,streamflow,9277500,ft3/s,"['A', '[91]']",0
1989-10-27,97.0,streamflow,9277500,ft3/s,"['A', '[91]']",0
1989-10-28,100.75,streamflow,9277500,ft3/s,"['A', '[91]']",0
1989-10-29,99.08696,streamflow,9277500,ft3/s,"['A', '[91]']",0
1989-10-30,97.25,streamflow,9277500,ft3/s,"['A', '[91]']",0
1989-10-31,103.333336,streamflow,9277500,ft3/s,"['A', '[91]']",0
1989-11-01,101.25,streamflow,9277500,ft3/s,"['A', '[91]']",0
1989-11-02,101.458336,streamflow,9277500,ft3/s,"['A', '[91]']",0
1989-11-03,107.458336,streamflow,9277500,ft3/s,"['A', '[91]']",0
1989-11-04,108.625,streamflow,9277500,ft3/s,"['A', '[91]']",0
1989-11-05,104.25,streamflow,9277500,ft3/s,"['A', '[91]']",0
1989-11-06,101.75,streamflow,9277500,ft3/s,"['A', '[91]']",0
1989-11-07,100.083336,streamflow,9277500,ft3/s,"['A', '[91]']",0
1989-11-08,96.916664,streamflow,9277500,ft3/s,"['A', '[91]']",0
1989-11-09,93.916664,streamflow,9277500,ft3/s,"['A', '[91]']",0
1989-11-10,93.0,streamflow,9277500,ft3/s,"['A', '[91]']",0
1989-11-11,93.0,streamflow,9277500,ft3/s,"['A', '[91]']",0
1989-11-12,93.0,streamflow,9277500,ft3/s,"['A', '[91]']",0
1989-11-13,91.333336,streamflow,9277500,ft3/s,"['A', '[91]']",0
1989-11-14,89.333336,streamflow,9277500,ft3/s,"['A', '[91]']",0
1989-11-15,85.833336,streamflow,9277500,ft3/s,"['A', '[91]']",0
1989-11-16,87.958336,streamflow,9277500,ft3/s,"['A', '[91]']",0
1989-11-17,93.416664,streamflow,9277500,ft3/s,"['A', '[91]']",0
1989-11-18,88.833336,streamflow,9277500,ft3/s,"['A', '[91]']",0
1989-11-19,87.0,streamflow,9277500,ft3/s,"['A', '[91]']",0
1989-11-20,88.166664,streamflow,9277500,ft3/s,"['A', '[91]']",0
1989-11-21,89.25,streamflow,9277500,ft3/s,"['A', '[91]']",0
1989-11-22,90.25,streamflow,9277500,ft3/s,"['A', '[91]']",0
1989-11-23,89.583336,streamflow,9277500,ft3/s,"['A', '[91]']",0
1989-11-24,90.583336,streamflow,9277500,ft3/s,"['A', '[91]']",0
1989-11-25,92.583336,streamflow,9277500,ft3/s,"['A', '[91]']",0
1989-11-26,94.708336,streamflow,9277500,ft3/s,"['A', '[91]']",0
1989-11-27,87.5,streamflow,9277500,ft3/s,"['A', '[91]']",0
1989-11-28,82.291664,streamflow,9277500,ft3/s,"['A', '[91]']",0
1989-11-29,88.666664,streamflow,9277500,ft3/s,"['A', '[91]']",0
1989-11-30,93.041664,streamflow,9277500,ft3/s,"['A', '[91]']",0
1989-12-01,89.583336,streamflow,9277500,ft3/s,"['A', '[91]']",0
1989-12-02,88.458336,streamflow,9277500,ft3/s,"['A', '[91]']",0
1989-12-03,87.583336,streamflow,9277500,ft3/s,"['A', '[91]']",0
1989-12-04,91.833336,streamflow,9277500,ft3/s,"['A', '[91]']",0
1989-12-05,92.916664,streamflow,9277500,ft3/s,"['A', '[91]']",0
1989-12-06,91.0,streamflow,9277500,ft3/s,"['A', '[91]']",0
1989-12-07,91.0,streamflow,9277500,ft3/s,"['A', '[91]']",0
1989-12-08,86.916664,streamflow,9277500,ft3/s,"['A', '[91]']",0
1989-12-09,90.25,streamflow,9277500,ft3/s,"['A', '[91]']",0
1989-12-10,89.333336,streamflow,9277500,ft3/s,"['A', '[91]']",0
1989-12-11,82.5,streamflow,9277500,ft3/s,"['A', '[91]']",0
1989-12-12,81.75,streamflow,9277500,ft3/s,"['A', '[91]']",0
1989-12-13,83.041664,streamflow,9277500,ft3/s,"['A', '[91]']",0
1989-12-14,86.041664,streamflow,9277500,ft3/s,"['A', '[91]']",0
1989-12-15,88.0,streamflow,9277500,ft3/s,"['A', '[91]']",0
1989-12-16,83.458336,streamflow,9277500,ft3/s,"['A', '[91]']",0
1989-12-17,78.083336,streamflow,9277500,ft3/s,"['A', '[91]']",0
1989-12-18,78.0,streamflow,9277500,ft3/s,"['A', '[91]']",0
1989-12-19,81.25,streamflow,9277500,ft3/s,"['A', '[91]']",0
1989-12-20,79.25,streamflow,9277500,ft3/s,"['A', '[91]']",0
1989-12-21,79.916664,streamflow,9277500,ft3/s,"['A', '[91]']",0
1989-12-22,78.833336,streamflow,9277500,ft3/s,"['A', '[91]']",0
1989-12-23,78.75,streamflow,9277500,ft3/s,"['A', '[91]']",0
1989-12-24,78.75,streamflow,9277500,ft3/s,"['A', '[91]']",0
1989-12-25,76.25,streamflow,9277500,ft3/s,"['A', '[91]']",0
1989-12-26,81.208336,streamflow,9277500,ft3/s,"['A', '[91]']",0
1989-12-27,77.958336,streamflow,9277500,ft3/s,"['A', '[91]']",0
1989-12-28,74.875,streamflow,9277500,ft3/s,"['A', '[91]']",0
1989-12-29,77.0,streamflow,9277500,ft3/s,"['A', '[91]']",0
1989-12-30,76.0,streamflow,9277500,ft3/s,"['A', '[91]']",0
1989-12-31,75.708336,streamflow,9277500,ft3/s,"['A', '[91]']",0
1990-01-01,78.708336,streamflow,9277500,ft3/s,"['A', '[91]']",0
1990-01-02,74.875,streamflow,9277500,ft3/s,"['A', '[91]']",0
1990-01-03,72.416664,streamflow,9277500,ft3/s,"['A', '[91]']",0
1990-01-04,72.71429,streamflow,9277500,ft3/s,"['A', '[91]']",0
1990-01-05,,streamflow,9277500,ft3/s,"['A', '[91]']",0
1990-01-06,,streamflow,9277500,ft3/s,"['A', '[91]']",0
1990-01-07,,streamflow,9277500,ft3/s,"['A', '[91]']",0
1990-01-08,68.23529,streamflow,9277500,ft3/s,"['A', '[91]']",0
1990-01-09,67.0,streamflow,9277500,ft3/s,"['A', '[91]']",0
1990-01-10,67.0,streamflow,9277500,ft3/s,"['A', '[91]']",0
1990-01-11,67.0,streamflow,9277500,ft3/s,"['A', '[91]']",0
1990-01-12,66.0,streamflow,9277500,ft3/s,"['A', '[91]']",0
1990-01-13,67.083336,streamflow,9277500,ft3/s,"['A', '[91]']",0
1990-01-14,70.0,streamflow,9277500,ft3/s,"['A', '[91]']",0
1990-01-15,70.0,streamflow,9277500,ft3/s,"['A', '[91]']",0
1990-01-16,69.75,streamflow,9277500,ft3/s,"['A', '[91]']",0
1990-01-17,72.333336,streamflow,9277500,ft3/s,"['A', '[91]']",0
1990-01-18,66.5,streamflow,9277500,ft3/s,"['A', '[91]']",0
1990-01-19,64.916664,streamflow,9277500,ft3/s,"['A', '[91]']",0
1990-01-20,73.0,streamflow,9277500,ft3/s,"['A', '[91]']",0
1990-01-21,72.583336,streamflow,9277500,ft3/s,"['A', '[91]']",0
1990-01-22,77.5,streamflow,9277500,ft3/s,"['A', '[91]']",0
1990-01-23,68.75,streamflow,9277500,ft3/s,"['A', '[91]']",0
1990-01-24,68.708336,streamflow,9277500,ft3/s,"['A', '[91]']",0
1990-01-25,59.0,streamflow,9277500,ft3/s,"['A', '[91]']",0
1990-01-26,,streamflow,9277500,ft3/s,"['A', '[91]']",0
1990-01-27,,streamflow,9277500,ft3/s,"['A', '[91]']",0
1990-01-28,,streamflow,9277500,ft3/s,"['A', '[91]']",0
1990-01-29,61.588234,streamflow,9277500,ft3/s,"['A', '[91]']",0
1990-01-30,59.57143,streamflow,9277500,ft3/s,"['A', '[91]']",0
1990-01-31,64.94118,streamflow,9277500,ft3/s,"['A', '[91]']",0
1990-02-01,61.583332,streamflow,9277500,ft3/s,"['A', '[91]']",0
1990-02-02,66.416664,streamflow,9277500,ft3/s,"['A', '[91]']",0
1990-02-03,71.833336,streamflow,9277500,ft3/s,"['A', '[91]']",0
1990-02-04,73.041664,streamflow,9277500,ft3/s,"['A', '[91]']",0
1990-02-05,65.541664,streamflow,9277500,ft3/s,"['A', '[91]']",0
1990-02-06,63.25,streamflow,9277500,ft3/s,"['A', '[91]']",0
1990-02-07,61.791668,streamflow,9277500,ft3/s,"['A', '[91]']",0
1990-02-08,59.041668,streamflow,9277500,ft3/s,"['A', '[91]']",0
1990-02-09,65.71429,streamflow,9277500,ft3/s,"['A', '[91]']",0
1990-02-10,59.0,streamflow,9277500,ft3/s,"['A', '[91]']",0
1990-02-11,59.458332,streamflow,9277500,ft3/s,"['A', '[91]']",0
1990-02-12,61.166668,streamflow,9277500,ft3/s,"['A', '[91]']",0
1990-02-13,59.875,streamflow,9277500,ft3/s,"['A', '[91]']",0
1990-02-14,63.916668,streamflow,9277500,ft3/s,"['A', '[91]']",0
1990-02-15,56.25,streamflow,9277500,ft3/s,"['A', '[91]']",0
1990-02-16,58.142857,streamflow,9277500,ft3/s,"['A', '[91]']",0
1990-02-17,,streamflow,9277500,ft3/s,"['A', '[91]']",0
1990-02-18,,streamflow,9277500,ft3/s,"['A', '[91]']",0
1990-02-19,,streamflow,9277500,ft3/s,"['A', '[91]']",0
1990-02-20,66.588234,streamflow,9277500,ft3/s,"['A', '[91]']",0
1990-02-21,62.541668,streamflow,9277500,ft3/s,"['A', '[91]']",0
1990-02-22,66.583336,streamflow,9277500,ft3/s,"['A', '[91]']",0
1990-02-23,69.833336,streamflow,9277500,ft3/s,"['A', '[91]']",0
1990-02-24,66.583336,streamflow,9277500,ft3/s,"['A', '[91]']",0
1990-02-25,67.458336,streamflow,9277500,ft3/s,"['A', '[91]']",0
1990-02-26,70.458336,streamflow,9277500,ft3/s,"['A', '[91]']",0
1990-02-27,71.416664,streamflow,9277500,ft3/s,"['A', '[91]']",0
1990-02-28,72.166664,streamflow,9277500,ft3/s,"['A', '[91]']",0
1990-03-01,71.375,streamflow,9277500,ft3/s,"['A', '[91]']",0
1990-03-02,72.791664,streamflow,9277500,ft3/s,"['A', '[91]']",0
1990-03-03,74.666664,streamflow,9277500,ft3/s,"['A', '[91]']",0
1990-03-04,75.583336,streamflow,9277500,ft3/s,"['A', '[91]']",0
1990-03-05,80.291664,streamflow,9277500,ft3/s,"['A', '[91]']",0
1990-03-06,80.541664,streamflow,9277500,ft3/s,"['A', '[91]']",0
1990-03-07,77.0,streamflow,9277500,ft3/s,"['A', '[91]']",0
1990-03-08,83.583336,streamflow,9277500,ft3/s,"['A', '[91]']",0
1990-03-09,85.791664,streamflow,9277500,ft3/s,"['A', '[91]']",0
1990-03-10,84.5,streamflow,9277500,ft3/s,"['A', '[91]']",0
1990-03-11,85.333336,streamflow,9277500,ft3/s,"['A', '[91]']",0
1990-03-12,80.625,streamflow,9277500,ft3/s,"['A', '[91]']",0
1990-03-13,79.041664,streamflow,9277500,ft3/s,"['A', '[91]']",0
1990-03-14,75.125,streamflow,9277500,ft3/s,"['A', '[91]']",0
1990-03-15,78.0,streamflow,9277500,ft3/s,"['A', '[91]']",0
1990-03-16,70.291664,streamflow,9277500,ft3/s,"['A', '[91]']",0
1990-03-17,72.541664,streamflow,9277500,ft3/s,"['A', '[91]']",0
1990-03-18,72.708336,streamflow,9277500,ft3/s,"['A', '[91]']",0
1990-03-19,76.166664,streamflow,9277500,ft3/s,"['A', '[91]']",0
1990-03-20,76.916664,streamflow,9277500,ft3/s,"['A', '[91]']",0
1990-03-21,78.0,streamflow,9277500,ft3/s,"['A', '[91]']",0
1990-03-22,81.708336,streamflow,9277500,ft3/s,"['A', '[91]']",0
1990-03-23,84.541664,streamflow,9277500,ft3/s,"['A', '[91]']",0
1990-03-24,83.041664,streamflow,9277500,ft3/s,"['A', '[91]']",0
1990-03-25,78.416664,streamflow,9277500,ft3/s,"['A', '[91]']",0
1990-03-26,79.916664,streamflow,9277500,ft3/s,"['A', '[91]']",0
1990-03-27,81.583336,streamflow,9277500,ft3/s,"['A', '[91]']",0
1990-03-28,87.416664,streamflow,9277500,ft3/s,"['A', '[91]']",0
1990-03-29,84.958336,streamflow,9277500,ft3/s,"['A', '[91]']",0
1990-03-30,76.416664,streamflow,9277500,ft3/s,"['A', '[91]']",0
1990-03-31,75.458336,streamflow,9277500,ft3/s,"['A', '[91]']",0
1990-04-01,76.458336,streamflow,9277500,ft3/s,"['A', '[91]']",0
1990-04-02,77.5,streamflow,9277500,ft3/s,"['A', '[91]']",0
1990-04-03,81.25,streamflow,9277500,ft3/s,"['A', '[91]']",0
1990-04-04,82.083336,streamflow,9277500,ft3/s,"['A', '[91]']",0
1990-04-05,82.708336,streamflow,9277500,ft3/s,"['A', '[91]']",0
1990-04-06,82.291664,streamflow,9277500,ft3/s,"['A', '[91]']",0
1990-04-07,82.416664,streamflow,9277500,ft3/s,"['A', '[91]']",0
1990-04-08,87.083336,streamflow,9277500,ft3/s,"['A', '[91]']",0
1990-04-09,89.25,streamflow,9277500,ft3/s,"['A', '[91]']",0
1990-04-10,84.916664,streamflow,9277500,ft3/s,"['A', '[91]']",0
1990-04-11,83.416664,streamflow,9277500,ft3/s,"['A', '[91]']",0
1990-04-12,85.125,streamflow,9277500,ft3/s,"['A', '[91]']",0
1990-04-13,86.375,streamflow,9277500,ft3/s,"['A', '[91]']",0
1990-04-14,80.875,streamflow,9277500,ft3/s,"['A', '[91]']",0
1990-04-15,84.25,streamflow,9277500,ft3/s,"['A', '[91]']",0
1990-04-16,91.833336,streamflow,9277500,ft3/s,"['A', '[91]']",0
1990-04-17,98.125,streamflow,9277500,ft3/s,"['A', '[91]']",0
1990-04-18,113.75,streamflow,9277500,ft3/s,"['A', '[91]']",0
1990-04-19,101.208336,streamflow,9277500,ft3/s,"['A', '[91]']",0
1990-04-20,87.5,streamflow,9277500,ft3/s,"['A', '[91]']",0
1990-04-21,89.333336,streamflow,9277500,ft3/s,"['A', '[91]']",0
1990-04-22,100.458336,streamflow,9277500,ft3/s,"['A', '[91]']",0
1990-04-23,101.416664,streamflow,9277500,ft3/s,"['A', '[91]']",0
1990-04-24,88.875,streamflow,9277500,ft3/s,"['A', '[91]']",0
1990-04-25,89.166664,streamflow,9277500,ft3/s,"['A', '[91]']",0
1990-04-26,86.416664,streamflow,9277500,ft3/s,"['A', '[91]']",0
1990-04-27,88.833336,streamflow,9277500,ft3/s,"['A', '[91]']",0
1990-04-28,90.5,streamflow,9277500,ft3/s,"['A', '[91]']",0
1990-04-29,92.541664,streamflow,9277500,ft3/s,"['A', '[91]']",0
1990-04-30,96.75,streamflow,9277500,ft3/s,"['A', '[91]']",0
1990-05-01,84.875,streamflow,9277500,ft3/s,"['A', '[91]']",0
1990-05-02,102.875,streamflow,9277500,ft3/s,"['A', '[91]']",0
1990-05-03,101.458336,streamflow,9277500,ft3/s,"['A', '[91]']",0
1990-05-04,100.541664,streamflow,9277500,ft3/s,"['A', '[91]']",0
1990-05-05,96.208336,streamflow,9277500,ft3/s,"['A', '[91]']",0
1990-05-06,100.708336,streamflow,9277500,ft3/s,"['A', '[91]']",0
1990-05-07,118.166664,streamflow,9277500,ft3/s,"['A', '[91]']",0
1990-05-08,146.16667,streamflow,9277500,ft3/s,"['A', '[91]']",0
1990-05-09,152.16667,streamflow,9277500,ft3/s,"['A', '[91]']",0
1990-05-10,143.91667,streamflow,9277500,ft3/s,"['A', '[91]']",0
1990-05-11,84.875,streamflow,9277500,ft3/s,"['A', '[91]']",0
1990-05-12,61.333332,streamflow,9277500,ft3/s,"['A', '[91]']",0
1990-05-13,57.583332,streamflow,9277500,ft3/s,"['A', '[91]']",0
1990-05-14,49.958332,streamflow,9277500,ft3/s,"['A', '[91]']",0
1990-05-15,48.166668,streamflow,9277500,ft3/s,"['A', '[91]']",0
1990-05-16,39.875,streamflow,9277500,ft3/s,"['A', '[91]']",0
1990-05-17,33.916668,streamflow,9277500,ft3/s,"['A', '[91]']",0
1990-05-18,40.291668,streamflow,9277500,ft3/s,"['A', '[91]']",0
1990-05-19,47.041668,streamflow,9277500,ft3/s,"['A', '[91]']",0
1990-05-20,65.958336,streamflow,9277500,ft3/s,"['A', '[91]']",0
1990-05-21,74.0,streamflow,9277500,ft3/s,"['A', '[91]']",0
1990-05-22,68.375,streamflow,9277500,ft3/s,"['A', '[91]']",0
1990-05-23,92.833336,streamflow,9277500,ft3/s,"['A', '[91]']",0
1990-05-24,127.666664,streamflow,9277500,ft3/s,"['A', '[91]']",0
1990-05-25,116.083336,streamflow,9277500,ft3/s,"['A', '[91]']",0
1990-05-26,101.041664,streamflow,9277500,ft3/s,"['A', '[91]']",0
1990-05-27,89.875,streamflow,9277500,ft3/s,"['A', '[91]']",0
1990-05-28,90.833336,streamflow,9277500,ft3/s,"['A', '[91]']",0
1990-05-29,97.791664,streamflow,9277500,ft3/s,"['A', '[91]']",0
1990-05-30,91.041664,streamflow,9277500,ft3/s,"['A', '[91]']",0
1990-05-31,91.916664,streamflow,9277500,ft3/s,"['A', '[91]']",0
1990-06-01,75.625,streamflow,9277500,ft3/s,"['A', '[91]']",0
1990-06-02,76.375,streamflow,9277500,ft3/s,"['A', '[91]']",0
1990-06-03,68.083336,streamflow,9277500,ft3/s,"['A', '[91]']",0
1990-06-04,69.875,streamflow,9277500,ft3/s,"['A', '[91]']",0
1990-06-05,102.666664,streamflow,9277500,ft3/s,"['A', '[91]']",0
1990-06-06,123.375,streamflow,9277500,ft3/s,"['A', '[91]']",0
1990-06-07,122.625,streamflow,9277500,ft3/s,"['A', '[91]']",0
1990-06-08,120.625,streamflow,9277500,ft3/s,"['A', '[91]']",0
1990-06-09,117.0,streamflow,9277500,ft3/s,"['A', '[91]']",0
1990-06-10,124.583336,streamflow,9277500,ft3/s,"['A', '[91]']",0
1990-06-11,196.54167,streamflow,9277500,ft3/s,"['A', '[91]']",0
1990-06-12,418.33334,streamflow,9277500,ft3/s,"['A', '[91]']",0
1990-06-13,221.875,streamflow,9277500,ft3/s,"['A', '[91]']",0
1990-06-14,180.45833,streamflow,9277500,ft3/s,"['A', '[91]']",0
1990-06-15,151.16667,streamflow,9277500,ft3/s,"['A', '[91]']",0
1990-06-16,133.83333,streamflow,9277500,ft3/s,"['A', '[91]']",0
1990-06-17,125.833336,streamflow,9277500,ft3/s,"['A', '[91]']",0
1990-06-18,114.0,streamflow,9277500,ft3/s,"['A', '[91]']",0
1990-06-19,106.5,streamflow,9277500,ft3/s,"['A', '[91]']",0
1990-06-20,100.666664,streamflow,9277500,ft3/s,"['A', '[91]']",0
1990-06-21,80.791664,streamflow,9277500,ft3/s,"['A', '[91]']",0
1990-06-22,74.916664,streamflow,9277500,ft3/s,"['A', '[91]']",0
1990-06-23,73.083336,streamflow,9277500,ft3/s,"['A', '[91]']",0
1990-06-24,70.5,streamflow,9277500,ft3/s,"['A', '[91]']",0
1990-06-25,72.666664,streamflow,9277500,ft3/s,"['A', '[91]']",0
1990-06-26,160.33333,streamflow,9277500,ft3/s,"['A', '[91]']",0
1990-06-27,191.0,streamflow,9277500,ft3/s,"['A', '[91]']",0
1990-06-28,138.29167,streamflow,9277500,ft3/s,"['A', '[91]']",0
1990-06-29,66.208336,streamflow,9277500,ft3/s,"['A', '[91]']",0
1990-06-30,53.791668,streamflow,9277500,ft3/s,"['A', '[91]']",0
1990-07-01,45.541668,streamflow,9277500,ft3/s,"['A', '[91]']",0
1990-07-02,52.416668,streamflow,9277500,ft3/s,"['A', '[91]']",0
1990-07-03,52.541668,streamflow,9277500,ft3/s,"['A', '[91]']",0
1990-07-04,57.541668,streamflow,9277500,ft3/s,"['A', '[91]']",0
1990-07-05,54.041668,streamflow,9277500,ft3/s,"['A', '[91]']",0
1990-07-06,55.0,streamflow,9277500,ft3/s,"['A', '[91]']",0
1990-07-07,69.875,streamflow,9277500,ft3/s,"['A', '[91]']",0
1990-07-08,89.416664,streamflow,9277500,ft3/s,"['A', '[91]']",0
1990-07-09,97.958336,streamflow,9277500,ft3/s,"['A', '[91]']",0
1990-07-10,88.583336,streamflow,9277500,ft3/s,"['A', '[91]']",0
1990-07-11,83.291664,streamflow,9277500,ft3/s,"['A', '[91]']",0
1990-07-12,83.291664,streamflow,9277500,ft3/s,"['A', '[91]']",0
1990-07-13,97.208336,streamflow,9277500,ft3/s,"['A', '[91]']",0
1990-07-14,100.458336,streamflow,9277500,ft3/s,"['A', '[91]']",0
1990-07-15,94.916664,streamflow,9277500,ft3/s,"['A', '[91]']",0
1990-07-16,95.416664,streamflow,9277500,ft3/s,"['A', '[91]']",0
1990-07-17,96.291664,streamflow,9277500,ft3/s,"['A', '[91]']",0
1990-07-18,97.083336,streamflow,9277500,ft3/s,"['A', '[91]']",0
1990-07-19,88.583336,streamflow,9277500,ft3/s,"['A', '[91]']",0
1990-07-20,94.875,streamflow,9277500,ft3/s,"['A', '[91]']",0
1990-07-21,79.125,streamflow,9277500,ft3/s,"['A', '[91]']",0
1990-07-22,72.208336,streamflow,9277500,ft3/s,"['A', '[91]']",0
1990-07-23,70.75,streamflow,9277500,ft3/s,"['A', '[91]']",0
1990-07-24,71.458336,streamflow,9277500,ft3/s,"['A', '[91]']",0
1990-07-25,76.083336,streamflow,9277500,ft3/s,"['A', '[91]']",0
1990-07-26,74.875,streamflow,9277500,ft3/s,"['A', '[91]']",0
1990-07-27,66.541664,streamflow,9277500,ft3/s,"['A', '[91]']",0
1990-07-28,65.708336,streamflow,9277500,ft3/s,"['A', '[91]']",0
1990-07-29,62.833332,streamflow,9277500,ft3/s,"['A', '[91]']",0
1990-07-30,61.875,streamflow,9277500,ft3/s,"['A', '[91]']",0
1990-07-31,64.791664,streamflow,9277500,ft3/s,"['A', '[91]']",0
1990-08-01,62.708332,streamflow,9277500,ft3/s,"['A', '[91]']",0
1990-08-02,58.75,streamflow,9277500,ft3/s,"['A', '[91]']",0
1990-08-03,58.916668,streamflow,9277500,ft3/s,"['A', '[91]']",0
1990-08-04,62.333332,streamflow,9277500,ft3/s,"['A', '[91]']",0
1990-08-05,60.208332,streamflow,9277500,ft3/s,"['A', '[91]']",0
1990-08-06,62.791668,streamflow,9277500,ft3/s,"['A', '[91]']",0
1990-08-07,59.25,streamflow,9277500,ft3/s,"['A', '[91]']",0
1990-08-08,52.333332,streamflow,9277500,ft3/s,"['A', '[91]']",0
1990-08-09,52.208332,streamflow,9277500,ft3/s,"['A', '[91]']",0
1990-08-10,51.708332,streamflow,9277500,ft3/s,"['A', '[91]']",0
1990-08-11,54.75,streamflow,9277500,ft3/s,"['A', '[91]']",0
1990-08-12,56.083332,streamflow,9277500,ft3/s,"['A', '[91]']",0
1990-08-13,54.291668,streamflow,9277500,ft3/s,"['A', '[91]']",0
1990-08-14,58.083332,streamflow,9277500,ft3/s,"['A', '[91]']",0
1990-08-15,58.0,streamflow,9277500,ft3/s,"['A', '[91]']",0
1990-08-16,62.916668,streamflow,9277500,ft3/s,"['A', '[91]']",0
1990-08-17,73.75,streamflow,9277500,ft3/s,"['A', '[91]']",0
1990-08-18,67.708336,streamflow,9277500,ft3/s,"['A', '[91]']",0
1990-08-19,65.875,streamflow,9277500,ft3/s,"['A', '[91]']",0
1990-08-20,64.75,streamflow,9277500,ft3/s,"['A', '[91]']",0
1990-08-21,62.333332,streamflow,9277500,ft3/s,"['A', '[91]']",0
1990-08-22,56.541668,streamflow,9277500,ft3/s,"['A', '[91]']",0
1990-08-23,54.125,streamflow,9277500,ft3/s,"['A', '[91]']",0
1990-08-24,53.25,streamflow,9277500,ft3/s,"['A', '[91]']",0
1990-08-25,55.583332,streamflow,9277500,ft3/s,"['A', '[91]']",0
1990-08-26,52.625,streamflow,9277500,ft3/s,"['A', '[91]']",0
1990-08-27,51.833332,streamflow,9277500,ft3/s,"['A', '[91]']",0
1990-08-28,54.5,streamflow,9277500,ft3/s,"['A', '[91]']",0
1990-08-29,55.083332,streamflow,9277500,ft3/s,"['A', '[91]']",0
1990-08-30,56.083332,streamflow,9277500,ft3/s,"['A', '[91]']",0
1990-08-31,60.166668,streamflow,9277500,ft3/s,"['A', '[91]']",0
1990-09-01,57.75,streamflow,9277500,ft3/s,"['A', '[91]']",0
1990-09-02,61.916668,streamflow,9277500,ft3/s,"['A', '[91]']",0
1990-09-03,67.916664,streamflow,9277500,ft3/s,"['A', '[91]']",0
1990-09-04,67.0,streamflow,9277500,ft3/s,"['A', '[91]']",0
1990-09-05,68.208336,streamflow,9277500,ft3/s,"['A', '[91]']",0
1990-09-06,72.833336,streamflow,9277500,ft3/s,"['A', '[91]']",0
1990-09-07,64.291664,streamflow,9277500,ft3/s,"['A', '[91]']",0
1990-09-08,62.583332,streamflow,9277500,ft3/s,"['A', '[91]']",0
1990-09-09,58.833332,streamflow,9277500,ft3/s,"['A', '[91]']",0
1990-09-10,58.666668,streamflow,9277500,ft3/s,"['A', '[91]']",0
1990-09-11,62.541668,streamflow,9277500,ft3/s,"['A', '[91]']",0
1990-09-12,62.875,streamflow,9277500,ft3/s,"['A', '[91]']",0
1990-09-13,64.166664,streamflow,9277500,ft3/s,"['A', '[91]']",0
1990-09-14,64.541664,streamflow,9277500,ft3/s,"['A', '[91]']",0
1990-09-15,64.541664,streamflow,9277500,ft3/s,"['A', '[91]']",0
1990-09-16,62.75,streamflow,9277500,ft3/s,"['A', '[91]']",0
1990-09-17,66.541664,streamflow,9277500,ft3/s,"['A', '[91]']",0
1990-09-18,66.125,streamflow,9277500,ft3/s,"['A', '[91]']",0
1990-09-19,106.375,streamflow,9277500,ft3/s,"['A', '[91]']",0
1990-09-20,89.666664,streamflow,9277500,ft3/s,"['A', '[91]']",0
1990-09-21,83.75,streamflow,9277500,ft3/s,"['A', '[91]']",0
1990-09-22,75.083336,streamflow,9277500,ft3/s,"['A', '[91]']",0
1990-09-23,73.333336,streamflow,9277500,ft3/s,"['A', '[91]']",0
1990-09-24,72.583336,streamflow,9277500,ft3/s,"['A', '[91]']",0
1990-09-25,72.125,streamflow,9277500,ft3/s,"['A', '[91]']",0
1990-09-26,74.833336,streamflow,9277500,ft3/s,"['A', '[91]']",0
1990-09-27,75.75,streamflow,9277500,ft3/s,"['A', '[91]']",0
1990-09-28,77.833336,streamflow,9277500,ft3/s,"['A', '[91]']",0
1990-09-29,79.75,streamflow,9277500,ft3/s,"['A', '[91]']",0
1990-09-30,82.0,streamflow,9277500,ft3/s,"['A', '[91]']",0
1990-10-01,82.625,streamflow,9277500,ft3/s,"['A', '[91]']",0
1990-10-02,82.833336,streamflow,9277500,ft3/s,"['A', '[91]']",0
1990-10-03,82.0,streamflow,9277500,ft3/s,"['A', '[91]']",0
1990-10-04,88.125,streamflow,9277500,ft3/s,"['A', '[91]']",0
1990-10-05,89.916664,streamflow,9277500,ft3/s,"['A', '[91]']",0
1990-10-06,92.666664,streamflow,9277500,ft3/s,"['A', '[91]']",0
1990-10-07,92.833336,streamflow,9277500,ft3/s,"['A', '[91]']",0
1990-10-08,95.583336,streamflow,9277500,ft3/s,"['A', '[91]']",0
1990-10-09,102.625,streamflow,9277500,ft3/s,"['A', '[91]']",0
1990-10-10,103.166664,streamflow,9277500,ft3/s,"['A', '[91]']",0
1990-10-11,102.583336,streamflow,9277500,ft3/s,"['A', '[91]']",0
1990-10-12,103.166664,streamflow,9277500,ft3/s,"['A', '[91]']",0
1990-10-13,101.0,streamflow,9277500,ft3/s,"['A', '[91]']",0
1990-10-14,101.0,streamflow,9277500,ft3/s,"['A', '[91]']",0
1990-10-15,101.291664,streamflow,9277500,ft3/s,"['A', '[91]']",0
1990-10-16,103.541664,streamflow,9277500,ft3/s,"['A', '[91]']",0
1990-10-17,99.958336,streamflow,9277500,ft3/s,"['A', '[91]']",0
1990-10-18,100.916664,streamflow,9277500,ft3/s,"['A', '[91]']",0
1990-10-19,114.041664,streamflow,9277500,ft3/s,"['A', '[91]']",0
1990-10-20,111.416664,streamflow,9277500,ft3/s,"['A', '[91]']",0
1990-10-21,102.083336,streamflow,9277500,ft3/s,"['A', '[91]']",0
1990-10-22,99.833336,streamflow,9277500,ft3/s,"['A', '[91]']",0
1990-10-23,104.166664,streamflow,9277500,ft3/s,"['A', '[91]']",0
1990-10-24,102.0,streamflow,9277500,ft3/s,"['A', '[91]']",0
1990-10-25,102.0,streamflow,9277500,ft3/s,"['A', '[91]']",0
1990-10-26,96.458336,streamflow,9277500,ft3/s,"['A', '[91]']",0
1990-10-27,95.0,streamflow,9277500,ft3/s,"['A', '[91]']",0
1990-10-28,96.565216,streamflow,9277500,ft3/s,"['A', '[91]']",0
1990-10-29,99.333336,streamflow,9277500,ft3/s,"['A', '[91]']",0
1990-10-30,98.208336,streamflow,9277500,ft3/s,"['A', '[91]']",0
1990-10-31,97.0,streamflow,9277500,ft3/s,"['A', '[91]']",0
1990-11-01,97.333336,streamflow,9277500,ft3/s,"['A', '[91]']",0
1990-11-02,97.916664,streamflow,9277500,ft3/s,"['A', '[91]']",0
1990-11-03,99.0,streamflow,9277500,ft3/s,"['A', '[91]']",0
1990-11-04,92.5,streamflow,9277500,ft3/s,"['A', '[91]']",0
1990-11-05,95.666664,streamflow,9277500,ft3/s,"['A', '[91]']",0
1990-11-06,97.666664,streamflow,9277500,ft3/s,"['A', '[91]']",0
1990-11-07,89.541664,streamflow,9277500,ft3/s,"['A', '[91]']",0
1990-11-08,91.041664,streamflow,9277500,ft3/s,"['A', '[91]']",0
1990-11-09,96.916664,streamflow,9277500,ft3/s,"['A', '[91]']",0
1990-11-10,98.5,streamflow,9277500,ft3/s,"['A', '[91]']",0
1990-11-11,87.25,streamflow,9277500,ft3/s,"['A', '[91]']",0
1990-11-12,88.083336,streamflow,9277500,ft3/s,"['A', '[91]']",0
1990-11-13,87.958336,streamflow,9277500,ft3/s,"['A', '[91]']",0
1990-11-14,86.375,streamflow,9277500,ft3/s,"['A', '[91]']",0
1990-11-15,84.125,streamflow,9277500,ft3/s,"['A', '[91]']",0
1990-11-16,81.708336,streamflow,9277500,ft3/s,"['A', '[91]']",0
1990-11-17,81.416664,streamflow,9277500,ft3/s,"['A', '[91]']",0
1990-11-18,82.666664,streamflow,9277500,ft3/s,"['A', '[91]']",0
1990-11-19,80.166664,streamflow,9277500,ft3/s,"['A', '[91]']",0
1990-11-20,82.541664,streamflow,9277500,ft3/s,"['A', '[91]']",0
1990-11-21,82.708336,streamflow,9277500,ft3/s,"['A', '[91]']",0
1990-11-22,75.041664,streamflow,9277500,ft3/s,"['A', '[91]']",0
1990-11-23,78.916664,streamflow,9277500,ft3/s,"['A', '[91]']",0
1990-11-24,77.375,streamflow,9277500,ft3/s,"['A', '[91]']",0
1990-11-25,77.083336,streamflow,9277500,ft3/s,"['A', '[91]']",0
1990-11-26,82.25,streamflow,9277500,ft3/s,"['A', '[91]']",0
1990-11-27,76.958336,streamflow,9277500,ft3/s,"['A', '[91]']",0
1990-11-28,78.625,streamflow,9277500,ft3/s,"['A', '[91]']",0
1990-11-29,73.291664,streamflow,9277500,ft3/s,"['A', '[91]']",0
1990-11-30,75.75,streamflow,9277500,ft3/s,"['A', '[91]']",0
1990-12-01,75.5,streamflow,9277500,ft3/s,"['A', '[91]']",0
1990-12-02,73.125,streamflow,9277500,ft3/s,"['A', '[91]']",0
1990-12-03,74.583336,streamflow,9277500,ft3/s,"['A', '[91]']",0
1990-12-04,77.833336,streamflow,9277500,ft3/s,"['A', '[91]']",0
1990-12-05,75.458336,streamflow,9277500,ft3/s,"['A', '[91]']",0
1990-12-06,73.541664,streamflow,9277500,ft3/s,"['A', '[91]']",0
1990-12-07,73.916664,streamflow,9277500,ft3/s,"['A', '[91]']",0
1990-12-08,76.291664,streamflow,9277500,ft3/s,"['A', '[91]']",0
1990-12-09,70.958336,streamflow,9277500,ft3/s,"['A', '[91]']",0
1990-12-10,73.0,streamflow,9277500,ft3/s,"['A', '[91]']",0
1990-12-11,73.0,streamflow,9277500,ft3/s,"['A', '[91]']",0
1990-12-12,72.083336,streamflow,9277500,ft3/s,"['A', '[91]']",0
1990-12-13,72.0,streamflow,9277500,ft3/s,"['A', '[91]']",0
1990-12-14,73.958336,streamflow,9277500,ft3/s,"['A', '[91]']",0
1990-12-15,67.291664,streamflow,9277500,ft3/s,"['A', '[91]']",0
1990-12-16,91.833336,streamflow,9277500,ft3/s,"['A', '[91]']",0
1990-12-17,87.625,streamflow,9277500,ft3/s,"['A', '[91]']",0
1990-12-18,81.333336,streamflow,9277500,ft3/s,"['A', '[91]']",0
1990-12-19,81.833336,streamflow,9277500,ft3/s,"['A', '[91]']",0
1990-12-20,78.625,streamflow,9277500,ft3/s,"['A', '[91]']",0
1990-12-21,75.71429,streamflow,9277500,ft3/s,"['A', '[91]']",0
1990-12-22,,streamflow,9277500,ft3/s,"['A', '[91]']",0
1990-12-23,,streamflow,9277500,ft3/s,"['A', '[91]']",0
1990-12-24,,streamflow,9277500,ft3/s,"['A', '[91]']",0
1990-12-25,,streamflow,9277500,ft3/s,"['A', '[91]']",0
1990-12-26,,streamflow,9277500,ft3/s,"['A', '[91]']",0
1990-12-27,,streamflow,9277500,ft3/s,"['A', '[91]']",0
1990-12-28,,streamflow,9277500,ft3/s,"['A', '[91]']",0
1990-12-29,,streamflow,9277500,ft3/s,"['A', '[91]']",0
1990-12-30,,streamflow,9277500,ft3/s,"['A', '[91]']",0
1990-12-31,,streamflow,9277500,ft3/s,"['A', '[91]']",0
1991-01-01,,streamflow,9277500,ft3/s,"['A', '[91]']",0
1991-01-02,,streamflow,9277500,ft3/s,"['A', '[91]']",0
1991-01-03,,streamflow,9277500,ft3/s,"['A', '[91]']",0
1991-01-04,,streamflow,9277500,ft3/s,"['A', '[91]']",0
1991-01-05,,streamflow,9277500,ft3/s,"['A', '[91]']",0
1991-01-06,,streamflow,9277500,ft3/s,"['A', '[91]']",0
1991-01-07,,streamflow,9277500,ft3/s,"['A', '[91]']",0
1991-01-08,63.82353,streamflow,9277500,ft3/s,"['A', '[91]']",0
1991-01-09,66.125,streamflow,9277500,ft3/s,"['A', '[91]']",0
1991-01-10,62.416668,streamflow,9277500,ft3/s,"['A', '[91]']",0
1991-01-11,76.208336,streamflow,9277500,ft3/s,"['A', '[91]']",0
1991-01-12,76.75,streamflow,9277500,ft3/s,"['A', '[91]']",0
1991-01-13,62.625,streamflow,9277500,ft3/s,"['A', '[91]']",0
1991-01-14,71.791664,streamflow,9277500,ft3/s,"['A', '[91]']",0
1991-01-15,73.0,streamflow,9277500,ft3/s,"['A', '[91]']",0
1991-01-16,73.041664,streamflow,9277500,ft3/s,"['A', '[91]']",0
1991-01-17,78.125,streamflow,9277500,ft3/s,"['A', '[91]']",0
1991-01-18,81.166664,streamflow,9277500,ft3/s,"['A', '[91]']",0
1991-01-19,83.958336,streamflow,9277500,ft3/s,"['A', '[91]']",0
1991-01-20,80.208336,streamflow,9277500,ft3/s,"['A', '[91]']",0
1991-01-21,73.0,streamflow,9277500,ft3/s,"['A', '[91]']",0
1991-01-22,,streamflow,9277500,ft3/s,"['A', '[91]']",0
1991-01-23,,streamflow,9277500,ft3/s,"['A', '[91]']",0
1991-01-24,,streamflow,9277500,ft3/s,"['A', '[91]']",0
1991-01-25,,streamflow,9277500,ft3/s,"['A', '[91]']",0
1991-01-26,,streamflow,9277500,ft3/s,"['A', '[91]']",0
1991-01-27,78.05882,streamflow,9277500,ft3/s,"['A', '[91]']",0
1991-01-28,77.0,streamflow,9277500,ft3/s,"['A', '[91]']",0
1991-01-29,75.583336,streamflow,9277500,ft3/s,"['A', '[91]']",0
1991-01-30,78.42857,streamflow,9277500,ft3/s,"['A', '[91]']",0
1991-01-31,,streamflow,9277500,ft3/s,"['A', '[91]']",0
1991-02-01,82.64706,streamflow,9277500,ft3/s,"['A', '[91]']",0
1991-02-02,79.25,streamflow,9277500,ft3/s,"['A', '[91]']",0
1991-02-03,67.458336,streamflow,9277500,ft3/s,"['A', '[91]']",0
1991-02-04,61.916668,streamflow,9277500,ft3/s,"['A', '[92]']",0
1991-02-05,58.625,streamflow,9277500,ft3/s,"['A', '[92]']",0
1991-02-06,58.125,streamflow,9277500,ft3/s,"['A', '[92]']",0
1991-02-07,59.0,streamflow,9277500,ft3/s,"['A', '[92]']",0
1991-02-08,61.333332,streamflow,9277500,ft3/s,"['A', '[92]']",0
1991-02-09,63.125,streamflow,9277500,ft3/s,"['A', '[92]']",0
1991-02-10,62.75,streamflow,9277500,ft3/s,"['A', '[92]']",0
1991-02-11,62.25,streamflow,9277500,ft3/s,"['A', '[92]']",0
1991-02-12,62.0,streamflow,9277500,ft3/s,"['A', '[92]']",0
1991-02-13,63.125,streamflow,9277500,ft3/s,"['A', '[92]']",0
1991-02-14,66.166664,streamflow,9277500,ft3/s,"['A', '[92]']",0
1991-02-15,67.0,streamflow,9277500,ft3/s,"['A', '[92]']",0
1991-02-16,66.583336,streamflow,9277500,ft3/s,"['A', '[92]']",0
1991-02-17,66.916664,streamflow,9277500,ft3/s,"['A', '[92]']",0
1991-02-18,64.708336,streamflow,9277500,ft3/s,"['A', '[92]']",0
1991-02-19,60.25,streamflow,9277500,ft3/s,"['A', '[92]']",0
1991-02-20,65.291664,streamflow,9277500,ft3/s,"['A', '[92]']",0
1991-02-21,65.416664,streamflow,9277500,ft3/s,"['A', '[92]']",0
1991-02-22,63.25,streamflow,9277500,ft3/s,"['A', '[92]']",0
1991-02-23,65.166664,streamflow,9277500,ft3/s,"['A', '[92]']",0
1991-02-24,62.333332,streamflow,9277500,ft3/s,"['A', '[92]']",0
1991-02-25,60.0,streamflow,9277500,ft3/s,"['A', '[92]']",0
1991-02-26,60.041668,streamflow,9277500,ft3/s,"['A', '[92]']",0
1991-02-27,59.416668,streamflow,9277500,ft3/s,"['A', '[92]']",0
1991-02-28,60.875,streamflow,9277500,ft3/s,"['A', '[91]']",0
1991-03-01,63.291668,streamflow,9277500,ft3/s,"['A', '[91]']",0
1991-03-02,67.958336,streamflow,9277500,ft3/s,"['A', '[91]']",0
1991-03-03,63.583332,streamflow,9277500,ft3/s,"['A', '[91]']",0
1991-03-04,61.875,streamflow,9277500,ft3/s,"['A', '[91]']",0
1991-03-05,77.916664,streamflow,9277500,ft3/s,"['A', '[91]']",0
1991-03-06,69.5,streamflow,9277500,ft3/s,"['A', '[91]']",0
1991-03-07,60.25,streamflow,9277500,ft3/s,"['A', '[91]']",0
1991-03-08,58.583332,streamflow,9277500,ft3/s,"['A', '[91]']",0
1991-03-09,59.583332,streamflow,9277500,ft3/s,"['A', '[91]']",0
1991-03-10,60.75,streamflow,9277500,ft3/s,"['A', '[91]']",0
1991-03-11,60.291668,streamflow,9277500,ft3/s,"['A', '[91]']",0
1991-03-12,54.916668,streamflow,9277500,ft3/s,"['A', '[91]']",0
1991-03-13,55.125,streamflow,9277500,ft3/s,"['A', '[91]']",0
1991-03-14,59.0,streamflow,9277500,ft3/s,"['A', '[91]']",0
1991-03-15,54.416668,streamflow,9277500,ft3/s,"['A', '[91]']",0
1991-03-16,55.833332,streamflow,9277500,ft3/s,"['A', '[91]']",0
1991-03-17,54.333332,streamflow,9277500,ft3/s,"['A', '[91]']",0
1991-03-18,53.958332,streamflow,9277500,ft3/s,"['A', '[91]']",0
1991-03-19,55.333332,streamflow,9277500,ft3/s,"['A', '[91]']",0
1991-03-20,55.916668,streamflow,9277500,ft3/s,"['A', '[91]']",0
1991-03-21,57.416668,streamflow,9277500,ft3/s,"['A', '[91]']",0
1991-03-22,57.416668,streamflow,9277500,ft3/s,"['A', '[91]']",0
1991-03-23,54.291668,streamflow,9277500,ft3/s,"['A', '[91]']",0
1991-03-24,53.5,streamflow,9277500,ft3/s,"['A', '[91]']",0
1991-03-25,55.25,streamflow,9277500,ft3/s,"['A', '[91]']",0
1991-03-26,58.0,streamflow,9277500,ft3/s,"['A', '[91]']",0
1991-03-27,57.416668,streamflow,9277500,ft3/s,"['A', '[91]']",0
1991-03-28,53.333332,streamflow,9277500,ft3/s,"['A', '[91]']",0
1991-03-29,58.125,streamflow,9277500,ft3/s,"['A', '[91]']",0
1991-03-30,56.958332,streamflow,9277500,ft3/s,"['A', '[91]']",0
1991-03-31,57.333332,streamflow,9277500,ft3/s,"['A', '[91]']",0
1991-04-01,61.041668,streamflow,9277500,ft3/s,"['A', '[91]']",0
1991-04-02,62.416668,streamflow,9277500,ft3/s,"['A', '[91]']",0
1991-04-03,67.458336,streamflow,9277500,ft3/s,"['A', '[91]']",0
1991-04-04,74.458336,streamflow,9277500,ft3/s,"['A', '[91]']",0
1991-04-05,81.666664,streamflow,9277500,ft3/s,"['A', '[91]']",0
1991-04-06,94.75,streamflow,9277500,ft3/s,"['A', '[91]']",0
1991-04-07,101.583336,streamflow,9277500,ft3/s,"['A', '[91]']",0
1991-04-08,96.041664,streamflow,9277500,ft3/s,"['A', '[91]']",0
1991-04-09,85.583336,streamflow,9277500,ft3/s,"['A', '[91]']",0
1991-04-10,82.416664,streamflow,9277500,ft3/s,"['A', '[91]']",0
1991-04-11,77.791664,streamflow,9277500,ft3/s,"['A', '[91]']",0
1991-04-12,73.75,streamflow,9277500,ft3/s,"['A', '[91]']",0
1991-04-13,75.166664,streamflow,9277500,ft3/s,"['A', '[91]']",0
1991-04-14,73.125,streamflow,9277500,ft3/s,"['A', '[91]']",0
1991-04-15,70.208336,streamflow,9277500,ft3/s,"['A', '[91]']",0
1991-04-16,69.125,streamflow,9277500,ft3/s,"['A', '[91]']",0
1991-04-17,70.541664,streamflow,9277500,ft3/s,"['A', '[91]']",0
1991-04-18,72.25,streamflow,9277500,ft3/s,"['A', '[91]']",0
1991-04-19,71.333336,streamflow,9277500,ft3/s,"['A', '[91]']",0
1991-04-20,71.75,streamflow,9277500,ft3/s,"['A', '[91]']",0
1991-04-21,72.291664,streamflow,9277500,ft3/s,"['A', '[91]']",0
1991-04-22,73.416664,streamflow,9277500,ft3/s,"['A', '[91]']",0
1991-04-23,73.166664,streamflow,9277500,ft3/s,"['A', '[91]']",0
1991-04-24,74.916664,streamflow,9277500,ft3/s,"['A', '[91]']",0
1991-04-25,77.458336,streamflow,9277500,ft3/s,"['A', '[91]']",0
1991-04-26,83.291664,streamflow,9277500,ft3/s,"['A', '[91]']",0
1991-04-27,78.041664,streamflow,9277500,ft3/s,"['A', '[91]']",0
1991-04-28,75.666664,streamflow,9277500,ft3/s,"['A', '[91]']",0
1991-04-29,73.75,streamflow,9277500,ft3/s,"['A', '[91]']",0
1991-04-30,74.291664,streamflow,9277500,ft3/s,"['A', '[91]']",0
1991-05-01,71.166664,streamflow,9277500,ft3/s,"['A', '[91]']",0
1991-05-02,73.25,streamflow,9277500,ft3/s,"['A', '[91]']",0
1991-05-03,76.625,streamflow,9277500,ft3/s,"['A', '[91]']",0
1991-05-04,77.0,streamflow,9277500,ft3/s,"['A', '[91]']",0
1991-05-05,66.791664,streamflow,9277500,ft3/s,"['A', '[91]']",0
1991-05-06,62.625,streamflow,9277500,ft3/s,"['A', '[91]']",0
1991-05-07,64.0,streamflow,9277500,ft3/s,"['A', '[91]']",0
1991-05-08,67.375,streamflow,9277500,ft3/s,"['A', '[91]']",0
1991-05-09,79.25,streamflow,9277500,ft3/s,"['A', '[91]']",0
1991-05-10,89.333336,streamflow,9277500,ft3/s,"['A', '[91]']",0
1991-05-11,75.625,streamflow,9277500,ft3/s,"['A', '[91]']",0
1991-05-12,61.458332,streamflow,9277500,ft3/s,"['A', '[91]']",0
1991-05-13,42.708332,streamflow,9277500,ft3/s,"['A', '[91]']",0
1991-05-14,26.75,streamflow,9277500,ft3/s,"['A', '[91]']",0
1991-05-15,25.416666,streamflow,9277500,ft3/s,"['A', '[91]']",0
1991-05-16,46.333332,streamflow,9277500,ft3/s,"['A', '[91]']",0
1991-05-17,69.541664,streamflow,9277500,ft3/s,"['A', '[91]']",0
1991-05-18,102.041664,streamflow,9277500,ft3/s,"['A', '[91]']",0
1991-05-19,130.45833,streamflow,9277500,ft3/s,"['A', '[91]']",0
1991-05-20,144.41667,streamflow,9277500,ft3/s,"['A', '[91]']",0
1991-05-21,186.83333,streamflow,9277500,ft3/s,"['A', '[91]']",0
1991-05-22,217.04167,streamflow,9277500,ft3/s,"['A', '[91]']",0
1991-05-23,226.875,streamflow,9277500,ft3/s,"['A', '[91]']",0
1991-05-24,240.70833,streamflow,9277500,ft3/s,"['A', '[91]']",0
1991-05-25,225.45833,streamflow,9277500,ft3/s,"['A', '[91]']",0
1991-05-26,259.25,streamflow,9277500,ft3/s,"['A', '[91]']",0
1991-05-27,302.54166,streamflow,9277500,ft3/s,"['A', '[91]']",0
1991-05-28,270.29166,streamflow,9277500,ft3/s,"['A', '[91]']",0
1991-05-29,244.79167,streamflow,9277500,ft3/s,"['A', '[91]']",0
1991-05-30,507.83334,streamflow,9277500,ft3/s,"['A', '[91]']",0
1991-05-31,545.7917,streamflow,9277500,ft3/s,"['A', '[91]']",0
1991-06-01,515.875,streamflow,9277500,ft3/s,"['A', '[91]']",0
1991-06-02,456.95834,streamflow,9277500,ft3/s,"['A', '[91]']",0
1991-06-03,461.16666,streamflow,9277500,ft3/s,"['A', '[91]']",0
1991-06-04,611.3333,streamflow,9277500,ft3/s,"['A', '[91]']",0
1991-06-05,790.6667,streamflow,9277500,ft3/s,"['A', '[91]']",0
1991-06-06,788.2083,streamflow,9277500,ft3/s,"['A', '[91]']",0
1991-06-07,795.625,streamflow,9277500,ft3/s,"['A', '[91]']",0
1991-06-08,873.8333,streamflow,9277500,ft3/s,"['A', '[91]']",0
1991-06-09,882.625,streamflow,9277500,ft3/s,"['A', '[91]']",0
1991-06-10,909.1667,streamflow,9277500,ft3/s,"['A', '[91]']",0
1991-06-11,945.375,streamflow,9277500,ft3/s,"['A', '[91]']",0
1991-06-12,522.9167,streamflow,9277500,ft3/s,"['A', '[91]']",0
1991-06-13,387.79166,streamflow,9277500,ft3/s,"['A', '[91]']",0
1991-06-14,333.625,streamflow,9277500,ft3/s,"['A', '[91]']",0
1991-06-15,234.75,streamflow,9277500,ft3/s,"['A', '[91]']",0
1991-06-16,188.125,streamflow,9277500,ft3/s,"['A', '[91]']",0
1991-06-17,159.16667,streamflow,9277500,ft3/s,"['A', '[91]']",0
1991-06-18,138.91667,streamflow,9277500,ft3/s,"['A', '[91]']",0
1991-06-19,121.958336,streamflow,9277500,ft3/s,"['A', '[91]']",0
1991-06-20,108.125,streamflow,9277500,ft3/s,"['A', '[91]']",0
1991-06-21,102.166664,streamflow,9277500,ft3/s,"['A', '[91]']",0
1991-06-22,97.375,streamflow,9277500,ft3/s,"['A', '[91]']",0
1991-06-23,83.833336,streamflow,9277500,ft3/s,"['A', '[91]']",0
1991-06-24,74.541664,streamflow,9277500,ft3/s,"['A', '[91]']",0
1991-06-25,65.583336,streamflow,9277500,ft3/s,"['A', '[91]']",0
1991-06-26,63.458332,streamflow,9277500,ft3/s,"['A', '[91]']",0
1991-06-27,67.125,streamflow,9277500,ft3/s,"['A', '[91]']",0
1991-06-28,85.583336,streamflow,9277500,ft3/s,"['A', '[91]']",0
1991-06-29,88.208336,streamflow,9277500,ft3/s,"['A', '[91]']",0
1991-06-30,89.25,streamflow,9277500,ft3/s,"['A', '[91]']",0
1991-07-01,90.333336,streamflow,9277500,ft3/s,"['A', '[91]']",0
1991-07-02,83.875,streamflow,9277500,ft3/s,"['A', '[91]']",0
1991-07-03,77.041664,streamflow,9277500,ft3/s,"['A', '[91]']",0
1991-07-04,90.541664,streamflow,9277500,ft3/s,"['A', '[91]']",0
1991-07-05,106.791664,streamflow,9277500,ft3/s,"['A', '[91]']",0
1991-07-06,104.083336,streamflow,9277500,ft3/s,"['A', '[91]']",0
1991-07-07,99.666664,streamflow,9277500,ft3/s,"['A', '[91]']",0
1991-07-08,104.0,streamflow,9277500,ft3/s,"['A', '[91]']",0
1991-07-09,132.375,streamflow,9277500,ft3/s,"['A', '[91]']",0
1991-07-10,153.5,streamflow,9277500,ft3/s,"['A', '[91]']",0
1991-07-11,210.95833,streamflow,9277500,ft3/s,"['A', '[91]']",0
1991-07-12,118.708336,streamflow,9277500,ft3/s,"['A', '[91]']",0
1991-07-13,98.208336,streamflow,9277500,ft3/s,"['A', '[91]']",0
1991-07-14,90.75,streamflow,9277500,ft3/s,"['A', '[91]']",0
1991-07-15,89.666664,streamflow,9277500,ft3/s,"['A', '[91]']",0
1991-07-16,86.375,streamflow,9277500,ft3/s,"['A', '[91]']",0
1991-07-17,83.333336,streamflow,9277500,ft3/s,"['A', '[91]']",0
1991-07-18,91.666664,streamflow,9277500,ft3/s,"['A', '[91]']",0
1991-07-19,93.5,streamflow,9277500,ft3/s,"['A', '[91]']",0
1991-07-20,89.666664,streamflow,9277500,ft3/s,"['A', '[91]']",0
1991-07-21,89.0,streamflow,9277500,ft3/s,"['A', '[91]']",0
1991-07-22,87.75,streamflow,9277500,ft3/s,"['A', '[91]']",0
1991-07-23,82.541664,streamflow,9277500,ft3/s,"['A', '[91]']",0
1991-07-24,94.25,streamflow,9277500,ft3/s,"['A', '[91]']",0
1991-07-25,100.291664,streamflow,9277500,ft3/s,"['A', '[91]']",0
1991-07-26,101.291664,streamflow,9277500,ft3/s,"['A', '[91]']",0
1991-07-27,105.166664,streamflow,9277500,ft3/s,"['A', '[91]']",0
1991-07-28,87.916664,streamflow,9277500,ft3/s,"['A', '[91]']",0
1991-07-29,91.5,streamflow,9277500,ft3/s,"['A', '[91]']",0
1991-07-30,88.083336,streamflow,9277500,ft3/s,"['A', '[91]']",0
1991-07-31,80.958336,streamflow,9277500,ft3/s,"['A', '[91]']",0
1991-08-01,76.833336,streamflow,9277500,ft3/s,"['A', '[91]']",0
1991-08-02,89.041664,streamflow,9277500,ft3/s,"['A', '[91]']",0
1991-08-03,99.291664,streamflow,9277500,ft3/s,"['A', '[91]']",0
1991-08-04,101.625,streamflow,9277500,ft3/s,"['A', '[91]']",0
1991-08-05,96.333336,streamflow,9277500,ft3/s,"['A', '[91]']",0
1991-08-06,70.208336,streamflow,9277500,ft3/s,"['A', '[91]']",0
1991-08-07,74.75,streamflow,9277500,ft3/s,"['A', '[91]']",0
1991-08-08,65.875,streamflow,9277500,ft3/s,"['A', '[91]']",0
1991-08-09,58.541668,streamflow,9277500,ft3/s,"['A', '[91]']",0
1991-08-10,58.208332,streamflow,9277500,ft3/s,"['A', '[91]']",0
1991-08-11,53.833332,streamflow,9277500,ft3/s,"['A', '[91]']",0
1991-08-12,60.0,streamflow,9277500,ft3/s,"['A', '[91]']",0
1991-08-13,55.708332,streamflow,9277500,ft3/s,"['A', '[91]']",0
1991-08-14,58.208332,streamflow,9277500,ft3/s,"['A', '[91]']",0
1991-08-15,74.041664,streamflow,9277500,ft3/s,"['A', '[91]']",0
1991-08-16,78.541664,streamflow,9277500,ft3/s,"['A', '[91]']",0
1991-08-17,65.75,streamflow,9277500,ft3/s,"['A', '[91]']",0
1991-08-18,60.0,streamflow,9277500,ft3/s,"['A', '[91]']",0
1991-08-19,79.916664,streamflow,9277500,ft3/s,"['A', '[91]']",0
1991-08-20,97.583336,streamflow,9277500,ft3/s,"['A', '[91]']",0
1991-08-21,80.75,streamflow,9277500,ft3/s,"['A', '[91]']",0
1991-08-22,73.083336,streamflow,9277500,ft3/s,"['A', '[91]']",0
1991-08-23,68.041664,streamflow,9277500,ft3/s,"['A', '[91]']",0
1991-08-24,71.041664,streamflow,9277500,ft3/s,"['A', '[91]']",0
1991-08-25,76.208336,streamflow,9277500,ft3/s,"['A', '[91]']",0
1991-08-26,91.25,streamflow,9277500,ft3/s,"['A', '[91]']",0
1991-08-27,92.416664,streamflow,9277500,ft3/s,"['A', '[91]']",0
1991-08-28,101.125,streamflow,9277500,ft3/s,"['A', '[91]']",0
1991-08-29,86.041664,streamflow,9277500,ft3/s,"['A', '[91]']",0
1991-08-30,77.916664,streamflow,9277500,ft3/s,"['A', '[91]']",0
1991-08-31,74.875,streamflow,9277500,ft3/s,"['A', '[91]']",0
1991-09-01,76.708336,streamflow,9277500,ft3/s,"['A', '[91]']",0
1991-09-02,84.583336,streamflow,9277500,ft3/s,"['A', '[91]']",0
1991-09-03,77.75,streamflow,9277500,ft3/s,"['A', '[91]']",0
1991-09-04,74.75,streamflow,9277500,ft3/s,"['A', '[91]']",0
1991-09-05,78.375,streamflow,9277500,ft3/s,"['A', '[91]']",0
1991-09-06,78.416664,streamflow,9277500,ft3/s,"['A', '[91]']",0
1991-09-07,112.833336,streamflow,9277500,ft3/s,"['A', '[91]']",0
1991-09-08,139.875,streamflow,9277500,ft3/s,"['A', '[91]']",0
1991-09-09,129.83333,streamflow,9277500,ft3/s,"['A', '[91]']",0
1991-09-10,121.25,streamflow,9277500,ft3/s,"['A', '[91]']",0
1991-09-11,133.16667,streamflow,9277500,ft3/s,"['A', '[91]']",0
1991-09-12,104.583336,streamflow,9277500,ft3/s,"['A', '[91]']",0
1991-09-13,100.166664,streamflow,9277500,ft3/s,"['A', '[91]']",0
1991-09-14,103.375,streamflow,9277500,ft3/s,"['A', '[91]']",0
1991-09-15,102.916664,streamflow,9277500,ft3/s,"['A', '[91]']",0
1991-09-16,106.0,streamflow,9277500,ft3/s,"['A', '[91]']",0
1991-09-17,104.25,streamflow,9277500,ft3/s,"['A', '[91]']",0
1991-09-18,100.791664,streamflow,9277500,ft3/s,"['A', '[91]']",0
1991-09-19,99.583336,streamflow,9277500,ft3/s,"['A', '[91]']",0
1991-09-20,95.583336,streamflow,9277500,ft3/s,"['A', '[91]']",0
1991-09-21,93.166664,streamflow,9277500,ft3/s,"['A', '[91]']",0
1991-09-22,94.416664,streamflow,9277500,ft3/s,"['A', '[91]']",0
1991-09-23,93.666664,streamflow,9277500,ft3/s,"['A', '[91]']",0
1991-09-24,87.916664,streamflow,9277500,ft3/s,"['A', '[91]']",0
1991-09-25,93.083336,streamflow,9277500,ft3/s,"['A', '[91]']",0
1991-09-26,89.75,streamflow,9277500,ft3/s,"['A', '[91]']",0
1991-09-27,77.458336,streamflow,9277500,ft3/s,"['A', '[91]']",0
1991-09-28,74.666664,streamflow,9277500,ft3/s,"['A', '[91]']",0
1991-09-29,80.791664,streamflow,9277500,ft3/s,"['A', '[91]']",0
1991-09-30,87.0,streamflow,9277500,ft3/s,"['A', '[91]']",0
1991-10-01,79.125,streamflow,9277500,ft3/s,"['A', '[91]']",0
1991-10-02,73.333336,streamflow,9277500,ft3/s,"['A', '[91]']",0
1991-10-03,65.583336,streamflow,9277500,ft3/s,"['A', '[91]']",0
1991-10-04,67.333336,streamflow,9277500,ft3/s,"['A', '[91]']",0
1991-10-05,70.5,streamflow,9277500,ft3/s,"['A', '[91]']",0
1991-10-06,76.125,streamflow,9277500,ft3/s,"['A', '[91]']",0
1991-10-07,77.166664,streamflow,9277500,ft3/s,"['A', '[91]']",0
1991-10-08,79.916664,streamflow,9277500,ft3/s,"['A', '[91]']",0
1991-10-09,79.416664,streamflow,9277500,ft3/s,"['A', '[91]']",0
1991-10-10,79.583336,streamflow,9277500,ft3/s,"['A', '[91]']",0
1991-10-11,77.458336,streamflow,9277500,ft3/s,"['A', '[91]']",0
1991-10-12,71.333336,streamflow,9277500,ft3/s,"['A', '[91]']",0
1991-10-13,73.041664,streamflow,9277500,ft3/s,"['A', '[91]']",0
1991-10-14,77.916664,streamflow,9277500,ft3/s,"['A', '[91]']",0
1991-10-15,78.125,streamflow,9277500,ft3/s,"['A', '[91]']",0
1991-10-16,74.75,streamflow,9277500,ft3/s,"['A', '[91]']",0
1991-10-17,78.0,streamflow,9277500,ft3/s,"['A', '[91]']",0
1991-10-18,78.416664,streamflow,9277500,ft3/s,"['A', '[91]']",0
1991-10-19,95.0,streamflow,9277500,ft3/s,"['A', '[91]']",0
1991-10-20,96.083336,streamflow,9277500,ft3/s,"['A', '[91]']",0
1991-10-21,90.5,streamflow,9277500,ft3/s,"['A', '[91]']",0
1991-10-22,91.25,streamflow,9277500,ft3/s,"['A', '[91]']",0
1991-10-23,94.541664,streamflow,9277500,ft3/s,"['A', '[91]']",0
1991-10-24,105.333336,streamflow,9277500,ft3/s,"['A', '[91]']",0
1991-10-25,98.791664,streamflow,9277500,ft3/s,"['A', '[91]']",0
1991-10-26,102.333336,streamflow,9277500,ft3/s,"['A', '[91]']",0
1991-10-27,109.434784,streamflow,9277500,ft3/s,"['A', '[91]']",0
1991-10-28,115.875,streamflow,9277500,ft3/s,"['A', '[91]']",0
1991-10-29,107.5,streamflow,9277500,ft3/s,"['A', '[91]']",0
1991-10-30,112.666664,streamflow,9277500,ft3/s,"['A', '[91]']",0
1991-10-31,108.583336,streamflow,9277500,ft3/s,"['A', '[91]']",0
1991-11-01,111.291664,streamflow,9277500,ft3/s,"['A', '[91]']",0
1991-11-02,112.166664,streamflow,9277500,ft3/s,"['A', '[91]']",0
1991-11-03,101.083336,streamflow,9277500,ft3/s,"['A', '[91]']",0
1991-11-04,110.291664,streamflow,9277500,ft3/s,"['A', '[91]']",0
1991-11-05,113.0,streamflow,9277500,ft3/s,"['A', '[91]']",0
1991-11-06,104.0,streamflow,9277500,ft3/s,"['A', '[91]']",0
1991-11-07,111.791664,streamflow,9277500,ft3/s,"['A', '[91]']",0
1991-11-08,109.916664,streamflow,9277500,ft3/s,"['A', '[91]']",0
1991-11-09,105.416664,streamflow,9277500,ft3/s,"['A', '[91]']",0
1991-11-10,104.0,streamflow,9277500,ft3/s,"['A', '[91]']",0
1991-11-11,103.0,streamflow,9277500,ft3/s,"['A', '[91]']",0
1991-11-12,99.541664,streamflow,9277500,ft3/s,"['A', '[91]']",0
1991-11-13,100.083336,streamflow,9277500,ft3/s,"['A', '[91]']",0
1991-11-14,101.791664,streamflow,9277500,ft3/s,"['A', '[91]']",0
1991-11-15,112.916664,streamflow,9277500,ft3/s,"['A', '[91]']",0
1991-11-16,110.708336,streamflow,9277500,ft3/s,"['A', '[91]']",0
1991-11-17,104.083336,streamflow,9277500,ft3/s,"['A', '[91]']",0
1991-11-18,106.5,streamflow,9277500,ft3/s,"['A', '[91]']",0
1991-11-19,99.833336,streamflow,9277500,ft3/s,"['A', '[91]']",0
1991-11-20,94.5,streamflow,9277500,ft3/s,"['A', '[91]']",0
1991-11-21,103.041664,streamflow,9277500,ft3/s,"['A', '[91]']",0
1991-11-22,97.333336,streamflow,9277500,ft3/s,"['A', '[91]']",0
1991-11-23,86.25,streamflow,9277500,ft3/s,"['A', '[91]']",0
1991-11-24,88.875,streamflow,9277500,ft3/s,"['A', '[91]']",0
1991-11-25,101.125,streamflow,9277500,ft3/s,"['A', '[91]']",0
1991-11-26,103.25,streamflow,9277500,ft3/s,"['A', '[91]']",0
1991-11-27,100.125,streamflow,9277500,ft3/s,"['A', '[91]']",0
1991-11-28,98.291664,streamflow,9277500,ft3/s,"['A', '[91]']",0
1991-11-29,87.583336,streamflow,9277500,ft3/s,"['A', '[91]']",0
1991-11-30,93.75,streamflow,9277500,ft3/s,"['A', '[91]']",0
1991-12-01,79.25,streamflow,9277500,ft3/s,"['A', '[91]']",0
1991-12-02,93.875,streamflow,9277500,ft3/s,"['A', '[91]']",0
1991-12-03,94.375,streamflow,9277500,ft3/s,"['A', '[91]']",0
1991-12-04,92.0,streamflow,9277500,ft3/s,"['A', '[91]']",0
1991-12-05,88.75,streamflow,9277500,ft3/s,"['A', '[91]']",0
1991-12-06,87.5,streamflow,9277500,ft3/s,"['A', '[91]']",0
1991-12-07,89.0,streamflow,9277500,ft3/s,"['A', '[91]']",0
1991-12-08,91.0,streamflow,9277500,ft3/s,"['A', '[91]']",0
1991-12-09,86.583336,streamflow,9277500,ft3/s,"['A', '[91]']",0
1991-12-10,82.5,streamflow,9277500,ft3/s,"['A', '[91]']",0
1991-12-11,87.375,streamflow,9277500,ft3/s,"['A', '[91]']",0
1991-12-12,87.333336,streamflow,9277500,ft3/s,"['A', '[91]']",0
1991-12-13,85.083336,streamflow,9277500,ft3/s,"['A', '[91]']",0
1991-12-14,81.458336,streamflow,9277500,ft3/s,"['A', '[91]']",0
1991-12-15,85.458336,streamflow,9277500,ft3/s,"['A', '[91]']",0
1991-12-16,83.291664,streamflow,9277500,ft3/s,"['A', '[91]']",0
1991-12-17,83.208336,streamflow,9277500,ft3/s,"['A', '[91]']",0
1991-12-18,84.041664,streamflow,9277500,ft3/s,"['A', '[91]']",0
1991-12-19,77.916664,streamflow,9277500,ft3/s,"['A', '[91]']",0
1991-12-20,76.416664,streamflow,9277500,ft3/s,"['A', '[91]']",0
1991-12-21,72.541664,streamflow,9277500,ft3/s,"['A', '[91]']",0
1991-12-22,77.083336,streamflow,9277500,ft3/s,"['A', '[91]']",0
1991-12-23,73.5,streamflow,9277500,ft3/s,"['A', '[91]']",0
1991-12-24,72.875,streamflow,9277500,ft3/s,"['A', '[91]']",0
1991-12-25,70.0,streamflow,9277500,ft3/s,"['A', '[91]']",0
1991-12-26,,streamflow,9277500,ft3/s,"['A', '[91]']",0
1991-12-27,,streamflow,9277500,ft3/s,"['A', '[91]']",0
1991-12-28,,streamflow,9277500,ft3/s,"['A', '[91]']",0
1991-12-29,,streamflow,9277500,ft3/s,"['A', '[91]']",0
1991-12-30,,streamflow,9277500,ft3/s,"['A', '[91]']",0
1991-12-31,,streamflow,9277500,ft3/s,"['A', '[91]']",0
1992-01-01,,streamflow,9277500,ft3/s,"['A', '[91]']",0
1992-01-02,68.64706,streamflow,9277500,ft3/s,"['A', '[91]']",0
1992-01-03,67.57143,streamflow,9277500,ft3/s,"['A', '[91]']",0
1992-01-04,70.411766,streamflow,9277500,ft3/s,"['A', '[91]']",0
1992-01-05,70.833336,streamflow,9277500,ft3/s,"['A', '[91]']",0
1992-01-06,70.0,streamflow,9277500,ft3/s,"['A', '[91]']",0
1992-01-07,70.0,streamflow,9277500,ft3/s,"['A', '[91]']",0
1992-01-08,69.42857,streamflow,9277500,ft3/s,"['A', '[91]']",0
1992-01-09,,streamflow,9277500,ft3/s,"['A', '[91]']",0
1992-01-10,,streamflow,9277500,ft3/s,"['A', '[91]']",0
1992-01-11,,streamflow,9277500,ft3/s,"['A', '[91]']",0
1992-01-12,,streamflow,9277500,ft3/s,"['A', '[91]']",0
1992-01-13,,streamflow,9277500,ft3/s,"['A', '[91]']",0
1992-01-14,,streamflow,9277500,ft3/s,"['A', '[91]']",0
1992-01-15,70.64706,streamflow,9277500,ft3/s,"['A', '[91]']",0
1992-01-16,71.166664,streamflow,9277500,ft3/s,"['A', '[91]']",0
1992-01-17,78.666664,streamflow,9277500,ft3/s,"['A', '[91]']",0
1992-01-18,65.458336,streamflow,9277500,ft3/s,"['A', '[91]']",0
1992-01-19,87.42857,streamflow,9277500,ft3/s,"['A', '[91]']",0
1992-01-20,,streamflow,9277500,ft3/s,"['A', '[91]']",0
1992-01-21,,streamflow,9277500,ft3/s,"['A', '[91]']",0
1992-01-22,,streamflow,9277500,ft3/s,"['A', '[91]']",0
1992-01-23,,streamflow,9277500,ft3/s,"['A', '[91]']",0
1992-01-24,,streamflow,9277500,ft3/s,"['A', '[91]']",0
1992-01-25,,streamflow,9277500,ft3/s,"['A', '[91]']",0
1992-01-26,,streamflow,9277500,ft3/s,"['A', '[91]']",0
1992-01-27,,streamflow,9277500,ft3/s,"['A', '[91]']",0
1992-01-28,,streamflow,9277500,ft3/s,"['A', '[91]']",0
1992-01-29,,streamflow,9277500,ft3/s,"['A', '[91]']",0
1992-01-30,,streamflow,9277500,ft3/s,"['A', '[91]']",0
1992-01-31,,streamflow,9277500,ft3/s,"['A', '[91]']",0
1992-02-01,,streamflow,9277500,ft3/s,"['A', '[91]']",0
1992-02-02,,streamflow,9277500,ft3/s,"['A', '[91]']",0
1992-02-03,,streamflow,9277500,ft3/s,"['A', '[91]']",0
1992-02-04,,streamflow,9277500,ft3/s,"['A', '[91]']",0
1992-02-05,,streamflow,9277500,ft3/s,"['A', '[91]']",0
1992-02-06,,streamflow,9277500,ft3/s,"['A', '[91]']",0
1992-02-07,,streamflow,9277500,ft3/s,"['A', '[91]']",0
1992-02-08,,streamflow,9277500,ft3/s,"['A', '[91]']",0
1992-02-09,,streamflow,9277500,ft3/s,"['A', '[91]']",0
1992-02-10,,streamflow,9277500,ft3/s,"['A', '[91]']",0
1992-02-11,,streamflow,9277500,ft3/s,"['A', '[91]']",0
1992-02-12,,streamflow,9277500,ft3/s,"['A', '[91]']",0
1992-02-13,,streamflow,9277500,ft3/s,"['A', '[91]']",0
1992-02-14,,streamflow,9277500,ft3/s,"['A', '[91]']",0
1992-02-15,,streamflow,9277500,ft3/s,"['A', '[91]']",0
1992-02-16,,streamflow,9277500,ft3/s,"['A', '[91]']",0
1992-02-17,,streamflow,9277500,ft3/s,"['A', '[91]']",0
1992-02-18,,streamflow,9277500,ft3/s,"['A', '[91]']",0
1992-02-19,,streamflow,9277500,ft3/s,"['A', '[91]']",0
1992-02-20,,streamflow,9277500,ft3/s,"['A', '[91]']",0
1992-02-21,,streamflow,9277500,ft3/s,"['A', '[91]']",0
1992-02-22,,streamflow,9277500,ft3/s,"['A', '[91]']",0
1992-02-23,,streamflow,9277500,ft3/s,"['A', '[91]']",0
1992-02-24,,streamflow,9277500,ft3/s,"['A', '[91]']",0
1992-02-25,,streamflow,9277500,ft3/s,"['A', '[91]']",0
1992-02-26,,streamflow,9277500,ft3/s,"['A', '[91]']",0
1992-02-27,,streamflow,9277500,ft3/s,"['A', '[91]']",0
1992-02-28,,streamflow,9277500,ft3/s,"['A', '[91]']",0
1992-02-29,,streamflow,9277500,ft3/s,"['A', '[91]']",0
1992-03-01,,streamflow,9277500,ft3/s,"['A', '[91]']",0
1992-03-02,,streamflow,9277500,ft3/s,"['A', '[91]']",0
1992-03-03,,streamflow,9277500,ft3/s,"['A', '[91]']",0
1992-03-04,,streamflow,9277500,ft3/s,"['A', '[91]']",0
1992-03-05,,streamflow,9277500,ft3/s,"['A', '[91]']",0
1992-03-06,,streamflow,9277500,ft3/s,"['A', '[91]']",0
1992-03-07,,streamflow,9277500,ft3/s,"['A', '[91]']",0
1992-03-08,,streamflow,9277500,ft3/s,"['A', '[91]']",0
1992-03-09,,streamflow,9277500,ft3/s,"['A', '[91]']",0
1992-03-10,,streamflow,9277500,ft3/s,"['A', '[91]']",0
1992-03-11,69.47059,streamflow,9277500,ft3/s,"['A', '[91]']",0
1992-03-12,69.791664,streamflow,9277500,ft3/s,"['A', '[91]']",0
1992-03-13,68.75,streamflow,9277500,ft3/s,"['A', '[91]']",0
1992-03-14,67.291664,streamflow,9277500,ft3/s,"['A', '[91]']",0
1992-03-15,69.083336,streamflow,9277500,ft3/s,"['A', '[91]']",0
1992-03-16,67.708336,streamflow,9277500,ft3/s,"['A', '[91]']",0
1992-03-17,67.25,streamflow,9277500,ft3/s,"['A', '[91]']",0
1992-03-18,67.541664,streamflow,9277500,ft3/s,"['A', '[91]']",0
1992-03-19,65.083336,streamflow,9277500,ft3/s,"['A', '[91]']",0
1992-03-20,65.0,streamflow,9277500,ft3/s,"['A', '[91]']",0
1992-03-21,64.458336,streamflow,9277500,ft3/s,"['A', '[91]']",0
1992-03-22,66.333336,streamflow,9277500,ft3/s,"['A', '[91]']",0
1992-03-23,67.958336,streamflow,9277500,ft3/s,"['A', '[91]']",0
1992-03-24,70.0,streamflow,9277500,ft3/s,"['A', '[91]']",0
1992-03-25,65.583336,streamflow,9277500,ft3/s,"['A', '[91]']",0
1992-03-26,65.416664,streamflow,9277500,ft3/s,"['A', '[91]']",0
1992-03-27,67.0,streamflow,9277500,ft3/s,"['A', '[91]']",0
1992-03-28,67.0,streamflow,9277500,ft3/s,"['A', '[91]']",0
1992-03-29,66.166664,streamflow,9277500,ft3/s,"['A', '[91]']",0
1992-03-30,67.0,streamflow,9277500,ft3/s,"['A', '[91]']",0
1992-03-31,67.0,streamflow,9277500,ft3/s,"['A', '[91]']",0
1992-04-01,67.0,streamflow,9277500,ft3/s,"['A', '[91]']",0
1992-04-02,66.833336,streamflow,9277500,ft3/s,"['A', '[91]']",0
1992-04-03,71.333336,streamflow,9277500,ft3/s,"['A', '[91]']",0
1992-04-04,72.208336,streamflow,9277500,ft3/s,"['A', '[91]']",0
1992-04-05,73.333336,streamflow,9277500,ft3/s,"['A', '[91]']",0
1992-04-06,72.958336,streamflow,9277500,ft3/s,"['A', '[91]']",0
1992-04-07,73.0,streamflow,9277500,ft3/s,"['A', '[91]']",0
1992-04-08,72.083336,streamflow,9277500,ft3/s,"['A', '[91]']",0
1992-04-09,70.166664,streamflow,9277500,ft3/s,"['A', '[91]']",0
1992-04-10,66.708336,streamflow,9277500,ft3/s,"['A', '[91]']",0
1992-04-11,67.75,streamflow,9277500,ft3/s,"['A', '[91]']",0
1992-04-12,70.875,streamflow,9277500,ft3/s,"['A', '[91]']",0
1992-04-13,72.875,streamflow,9277500,ft3/s,"['A', '[91]']",0
1992-04-14,75.0,streamflow,9277500,ft3/s,"['A', '[91]']",0
1992-04-15,75.375,streamflow,9277500,ft3/s,"['A', '[91]']",0
1992-04-16,88.125,streamflow,9277500,ft3/s,"['A', '[91]']",0
1992-04-17,91.666664,streamflow,9277500,ft3/s,"['A', '[91]']",0
1992-04-18,88.666664,streamflow,9277500,ft3/s,"['A', '[91]']",0
1992-04-19,88.833336,streamflow,9277500,ft3/s,"['A', '[91]']",0
1992-04-20,84.375,streamflow,9277500,ft3/s,"['A', '[91]']",0
1992-04-21,80.5,streamflow,9277500,ft3/s,"['A', '[91]']",0
1992-04-22,77.458336,streamflow,9277500,ft3/s,"['A', '[91]']",0
1992-04-23,77.375,streamflow,9277500,ft3/s,"['A', '[91]']",0
1992-04-24,75.833336,streamflow,9277500,ft3/s,"['A', '[91]']",0
1992-04-25,72.416664,streamflow,9277500,ft3/s,"['A', '[91]']",0
1992-04-26,73.416664,streamflow,9277500,ft3/s,"['A', '[91]']",0
1992-04-27,78.291664,streamflow,9277500,ft3/s,"['A', '[91]']",0
1992-04-28,96.916664,streamflow,9277500,ft3/s,"['A', '[91]']",0
1992-04-29,114.416664,streamflow,9277500,ft3/s,"['A', '[91]']",0
1992-04-30,127.333336,streamflow,9277500,ft3/s,"['A', '[91]']",0
1992-05-01,113.375,streamflow,9277500,ft3/s,"['A', '[91]']",0
1992-05-02,84.5,streamflow,9277500,ft3/s,"['A', '[91]']",0
1992-05-03,53.0,streamflow,9277500,ft3/s,"['A', '[91]']",0
1992-05-04,42.916668,streamflow,9277500,ft3/s,"['A', '[91]']",0
1992-05-05,71.875,streamflow,9277500,ft3/s,"['A', '[91]']",0
1992-05-06,75.875,streamflow,9277500,ft3/s,"['A', '[91]']",0
1992-05-07,78.875,streamflow,9277500,ft3/s,"['A', '[91]']",0
1992-05-08,68.375,streamflow,9277500,ft3/s,"['A', '[91]']",0
1992-05-09,67.875,streamflow,9277500,ft3/s,"['A', '[91]']",0
1992-05-10,62.0,streamflow,9277500,ft3/s,"['A', '[91]']",0
1992-05-11,47.583332,streamflow,9277500,ft3/s,"['A', '[91]']",0
1992-05-12,36.041668,streamflow,9277500,ft3/s,"['A', '[91]']",0
1992-05-13,35.958332,streamflow,9277500,ft3/s,"['A', '[91]']",0
1992-05-14,45.25,streamflow,9277500,ft3/s,"['A', '[91]']",0
1992-05-15,51.791668,streamflow,9277500,ft3/s,"['A', '[91]']",0
1992-05-16,48.833332,streamflow,9277500,ft3/s,"['A', '[91]']",0
1992-05-17,45.208332,streamflow,9277500,ft3/s,"['A', '[91]']",0
1992-05-18,46.041668,streamflow,9277500,ft3/s,"['A', '[91]']",0
1992-05-19,46.583332,streamflow,9277500,ft3/s,"['A', '[91]']",0
1992-05-20,63.583332,streamflow,9277500,ft3/s,"['A', '[91]']",0
1992-05-21,77.916664,streamflow,9277500,ft3/s,"['A', '[91]']",0
1992-05-22,82.75,streamflow,9277500,ft3/s,"['A', '[91]']",0
1992-05-23,77.416664,streamflow,9277500,ft3/s,"['A', '[91]']",0
1992-05-24,72.25,streamflow,9277500,ft3/s,"['A', '[91]']",0
1992-05-25,77.041664,streamflow,9277500,ft3/s,"['A', '[91]']",0
1992-05-26,80.791664,streamflow,9277500,ft3/s,"['A', '[91]']",0
1992-05-27,98.25,streamflow,9277500,ft3/s,"['A', '[91]']",0
1992-05-28,79.0,streamflow,9277500,ft3/s,"['A', '[91]']",0
1992-05-29,72.583336,streamflow,9277500,ft3/s,"['A', '[92]']",0
1992-05-30,61.125,streamflow,9277500,ft3/s,"['A', '[92]']",0
1992-05-31,39.583332,streamflow,9277500,ft3/s,"['A', '[92]']",0
1992-06-01,37.208332,streamflow,9277500,ft3/s,"['A', '[92]']",0
1992-06-02,33.958332,streamflow,9277500,ft3/s,"['A', '[92]']",0
1992-06-03,27.083334,streamflow,9277500,ft3/s,"['A', '[92]']",0
1992-06-04,23.083334,streamflow,9277500,ft3/s,"['A', '[92]']",0
1992-06-05,22.75,streamflow,9277500,ft3/s,"['A', '[92]']",0
1992-06-06,22.833334,streamflow,9277500,ft3/s,"['A', '[92]']",0
1992-06-07,59.291668,streamflow,9277500,ft3/s,"['A', '[92]']",0
1992-06-08,68.0,streamflow,9277500,ft3/s,"['A', '[92]']",0
1992-06-09,68.916664,streamflow,9277500,ft3/s,"['A', '[92]']",0
1992-06-10,63.083332,streamflow,9277500,ft3/s,"['A', '[92]']",0
1992-06-11,61.041668,streamflow,9277500,ft3/s,"['A', '[92]']",0
1992-06-12,60.041668,streamflow,9277500,ft3/s,"['A', '[92]']",0
1992-06-13,55.666668,streamflow,9277500,ft3/s,"['A', '[92]']",0
1992-06-14,59.041668,streamflow,9277500,ft3/s,"['A', '[92]']",0
1992-06-15,62.916668,streamflow,9277500,ft3/s,"['A', '[92]']",0
1992-06-16,70.375,streamflow,9277500,ft3/s,"['A', '[92]']",0
1992-06-17,69.583336,streamflow,9277500,ft3/s,"['A', '[92]']",0
1992-06-18,62.833332,streamflow,9277500,ft3/s,"['A', '[92]']",0
1992-06-19,64.166664,streamflow,9277500,ft3/s,"['A', '[92]']",0
1992-06-20,53.916668,streamflow,9277500,ft3/s,"['A', '[92]']",0
1992-06-21,56.458332,streamflow,9277500,ft3/s,"['A', '[92]']",0
1992-06-22,56.458332,streamflow,9277500,ft3/s,"['A', '[91]']",0
1992-06-23,50.75,streamflow,9277500,ft3/s,"['A', '[91]']",0
1992-06-24,46.791668,streamflow,9277500,ft3/s,"['A', '[91]']",0
1992-06-25,59.708332,streamflow,9277500,ft3/s,"['A', '[91]']",0
1992-06-26,60.666668,streamflow,9277500,ft3/s,"['A', '[91]']",0
1992-06-27,66.041664,streamflow,9277500,ft3/s,"['A', '[91]']",0
1992-06-28,68.208336,streamflow,9277500,ft3/s,"['A', '[91]']",0
1992-06-29,65.75,streamflow,9277500,ft3/s,"['A', '[91]']",0
1992-06-30,59.25,streamflow,9277500,ft3/s,"['A', '[91]']",0
1992-07-01,57.125,streamflow,9277500,ft3/s,"['A', '[91]']",0
1992-07-02,59.0,streamflow,9277500,ft3/s,"['A', '[91]']",0
1992-07-03,57.333332,streamflow,9277500,ft3/s,"['A', '[91]']",0
1992-07-04,55.291668,streamflow,9277500,ft3/s,"['A', '[91]']",0
1992-07-05,54.0,streamflow,9277500,ft3/s,"['A', '[91]']",0
1992-07-06,56.25,streamflow,9277500,ft3/s,"['A', '[91]']",0
1992-07-07,54.291668,streamflow,9277500,ft3/s,"['A', '[91]']",0
1992-07-08,67.625,streamflow,9277500,ft3/s,"['A', '[91]']",0
1992-07-09,62.833332,streamflow,9277500,ft3/s,"['A', '[91]']",0
1992-07-10,50.333332,streamflow,9277500,ft3/s,"['A', '[91]']",0
1992-07-11,48.125,streamflow,9277500,ft3/s,"['A', '[91]']",0
1992-07-12,50.791668,streamflow,9277500,ft3/s,"['A', '[91]']",0
1992-07-13,62.75,streamflow,9277500,ft3/s,"['A', '[91]']",0
1992-07-14,60.375,streamflow,9277500,ft3/s,"['A', '[91]']",0
1992-07-15,53.125,streamflow,9277500,ft3/s,"['A', '[91]']",0
1992-07-16,49.375,streamflow,9277500,ft3/s,"['A', '[91]']",0
1992-07-17,48.375,streamflow,9277500,ft3/s,"['A', '[91]']",0
1992-07-18,47.041668,streamflow,9277500,ft3/s,"['A', '[91]']",0
1992-07-19,49.333332,streamflow,9277500,ft3/s,"['A', '[91]']",0
1992-07-20,51.75,streamflow,9277500,ft3/s,"['A', '[91]']",0
1992-07-21,52.625,streamflow,9277500,ft3/s,"['A', '[91]']",0
1992-07-22,50.958332,streamflow,9277500,ft3/s,"['A', '[91]']",0
1992-07-23,45.5,streamflow,9277500,ft3/s,"['A', '[91]']",0
1992-07-24,45.791668,streamflow,9277500,ft3/s,"['A', '[91]']",0
1992-07-25,47.791668,streamflow,9277500,ft3/s,"['A', '[91]']",0
1992-07-26,59.166668,streamflow,9277500,ft3/s,"['A', '[91]']",0
1992-07-27,50.0,streamflow,9277500,ft3/s,"['A', '[91]']",0
1992-07-28,48.5,streamflow,9277500,ft3/s,"['A', '[91]']",0
1992-07-29,49.208332,streamflow,9277500,ft3/s,"['A', '[91]']",0
1992-07-30,46.125,streamflow,9277500,ft3/s,"['A', '[91]']",0
1992-07-31,44.291668,streamflow,9277500,ft3/s,"['A', '[91]']",0
1992-08-01,40.708332,streamflow,9277500,ft3/s,"['A', '[91]']",0
1992-08-02,41.958332,streamflow,9277500,ft3/s,"['A', '[91]']",0
1992-08-03,43.333332,streamflow,9277500,ft3/s,"['A', '[91]']",0
1992-08-04,44.833332,streamflow,9277500,ft3/s,"['A', '[91]']",0
1992-08-05,43.791668,streamflow,9277500,ft3/s,"['A', '[91]']",0
1992-08-06,46.625,streamflow,9277500,ft3/s,"['A', '[91]']",0
1992-08-07,48.333332,streamflow,9277500,ft3/s,"['A', '[91]']",0
1992-08-08,50.708332,streamflow,9277500,ft3/s,"['A', '[91]']",0
1992-08-09,46.625,streamflow,9277500,ft3/s,"['A', '[91]']",0
1992-08-10,46.875,streamflow,9277500,ft3/s,"['A', '[91]']",0
1992-08-11,44.958332,streamflow,9277500,ft3/s,"['A', '[91]']",0
1992-08-12,44.291668,streamflow,9277500,ft3/s,"['A', '[91]']",0
1992-08-13,43.916668,streamflow,9277500,ft3/s,"['A', '[91]']",0
1992-08-14,44.708332,streamflow,9277500,ft3/s,"['A', '[91]']",0
1992-08-15,50.166668,streamflow,9277500,ft3/s,"['A', '[91]']",0
1992-08-16,51.625,streamflow,9277500,ft3/s,"['A', '[91]']",0
1992-08-17,53.791668,streamflow,9277500,ft3/s,"['A', '[91]']",0
1992-08-18,49.875,streamflow,9277500,ft3/s,"['A', '[91]']",0
1992-08-19,49.416668,streamflow,9277500,ft3/s,"['A', '[91]']",0
1992-08-20,50.5,streamflow,9277500,ft3/s,"['A', '[91]']",0
1992-08-21,46.833332,streamflow,9277500,ft3/s,"['A', '[91]']",0
1992-08-22,51.458332,streamflow,9277500,ft3/s,"['A', '[91]']",0
1992-08-23,65.791664,streamflow,9277500,ft3/s,"['A', '[91]']",0
1992-08-24,60.166668,streamflow,9277500,ft3/s,"['A', '[91]']",0
1992-08-25,56.583332,streamflow,9277500,ft3/s,"['A', '[91]']",0
1992-08-26,55.333332,streamflow,9277500,ft3/s,"['A', '[91]']",0
1992-08-27,54.333332,streamflow,9277500,ft3/s,"['A', '[91]']",0
1992-08-28,50.666668,streamflow,9277500,ft3/s,"['A', '[91]']",0
1992-08-29,44.666668,streamflow,9277500,ft3/s,"['A', '[91]']",0
1992-08-30,41.708332,streamflow,9277500,ft3/s,"['A', '[91]']",0
1992-08-31,43.416668,streamflow,9277500,ft3/s,"['A', '[91]']",0
1992-09-01,48.583332,streamflow,9277500,ft3/s,"['A', '[91]']",0
1992-09-02,49.291668,streamflow,9277500,ft3/s,"['A', '[91]']",0
1992-09-03,50.291668,streamflow,9277500,ft3/s,"['A', '[91]']",0
1992-09-04,50.125,streamflow,9277500,ft3/s,"['A', '[91]']",0
1992-09-05,54.333332,streamflow,9277500,ft3/s,"['A', '[91]']",0
1992-09-06,54.458332,streamflow,9277500,ft3/s,"['A', '[91]']",0
1992-09-07,55.291668,streamflow,9277500,ft3/s,"['A', '[91]']",0
1992-09-08,54.666668,streamflow,9277500,ft3/s,"['A', '[91]']",0
1992-09-09,48.5,streamflow,9277500,ft3/s,"['A', '[91]']",0
1992-09-10,42.458332,streamflow,9277500,ft3/s,"['A', '[91]']",0
1992-09-11,44.208332,streamflow,9277500,ft3/s,"['A', '[91]']",0
1992-09-12,44.666668,streamflow,9277500,ft3/s,"['A', '[91]']",0
1992-09-13,42.916668,streamflow,9277500,ft3/s,"['A', '[91]']",0
1992-09-14,46.291668,streamflow,9277500,ft3/s,"['A', '[91]']",0
1992-09-15,48.5,streamflow,9277500,ft3/s,"['A', '[91]']",0
1992-09-16,48.5,streamflow,9277500,ft3/s,"['A', '[91]']",0
1992-09-17,49.916668,streamflow,9277500,ft3/s,"['A', '[91]']",0
1992-09-18,52.375,streamflow,9277500,ft3/s,"['A', '[91]']",0
1992-09-19,53.291668,streamflow,9277500,ft3/s,"['A', '[91]']",0
1992-09-20,49.458332,streamflow,9277500,ft3/s,"['A', '[91]']",0
1992-09-21,49.583332,streamflow,9277500,ft3/s,"['A', '[91]']",0
1992-09-22,46.166668,streamflow,9277500,ft3/s,"['A', '[91]']",0
1992-09-23,44.75,streamflow,9277500,ft3/s,"['A', '[91]']",0
1992-09-24,44.0,streamflow,9277500,ft3/s,"['A', '[91]']",0
1992-09-25,44.791668,streamflow,9277500,ft3/s,"['A', '[91]']",0
1992-09-26,45.791668,streamflow,9277500,ft3/s,"['A', '[91]']",0
1992-09-27,49.5,streamflow,9277500,ft3/s,"['A', '[91]']",0
1992-09-28,50.541668,streamflow,9277500,ft3/s,"['A', '[91]']",0
1992-09-29,52.958332,streamflow,9277500,ft3/s,"['A', '[91]']",0
1992-09-30,53.416668,streamflow,9277500,ft3/s,"['A', '[91]']",0
1992-10-01,50.583332,streamflow,9277500,ft3/s,"['A', '[91]']",0
1992-10-02,49.541668,streamflow,9277500,ft3/s,"['A', '[91]']",0
1992-10-03,49.166668,streamflow,9277500,ft3/s,"['A', '[91]']",0
1992-10-04,56.875,streamflow,9277500,ft3/s,"['A', '[91]']",0
1992-10-05,56.5,streamflow,9277500,ft3/s,"['A', '[91]']",0
1992-10-06,56.625,streamflow,9277500,ft3/s,"['A', '[91]']",0
1992-10-07,59.291668,streamflow,9277500,ft3/s,"['A', '[91]']",0
1992-10-08,61.25,streamflow,9277500,ft3/s,"['A', '[91]']",0
1992-10-09,61.833332,streamflow,9277500,ft3/s,"['A', '[91]']",0
1992-10-10,61.375,streamflow,9277500,ft3/s,"['A', '[91]']",0
1992-10-11,64.083336,streamflow,9277500,ft3/s,"['A', '[91]']",0
1992-10-12,67.0,streamflow,9277500,ft3/s,"['A', '[91]']",0
1992-10-13,67.0,streamflow,9277500,ft3/s,"['A', '[91]']",0
1992-10-14,67.0,streamflow,9277500,ft3/s,"['A', '[91]']",0
1992-10-15,69.833336,streamflow,9277500,ft3/s,"['A', '[91]']",0
1992-10-16,70.75,streamflow,9277500,ft3/s,"['A', '[91]']",0
1992-10-17,77.333336,streamflow,9277500,ft3/s,"['A', '[91]']",0
1992-10-18,78.0,streamflow,9277500,ft3/s,"['A', '[91]']",0
1992-10-19,78.0,streamflow,9277500,ft3/s,"['A', '[91]']",0
1992-10-20,75.791664,streamflow,9277500,ft3/s,"['A', '[91]']",0
1992-10-21,78.0,streamflow,9277500,ft3/s,"['A', '[91]']",0
1992-10-22,77.333336,streamflow,9277500,ft3/s,"['A', '[91]']",0
1992-10-23,77.0,streamflow,9277500,ft3/s,"['A', '[91]']",0
1992-10-24,77.833336,streamflow,9277500,ft3/s,"['A', '[91]']",0
1992-10-25,84.17391,streamflow,9277500,ft3/s,"['A', '[91]']",0
1992-10-26,91.333336,streamflow,9277500,ft3/s,"['A', '[91]']",0
1992-10-27,86.083336,streamflow,9277500,ft3/s,"['A', '[91]']",0
1992-10-28,91.25,streamflow,9277500,ft3/s,"['A', '[91]']",0
1992-10-29,102.625,streamflow,9277500,ft3/s,"['A', '[91]']",0
1992-10-30,100.541664,streamflow,9277500,ft3/s,"['A', '[91]']",0
1992-10-31,117.166664,streamflow,9277500,ft3/s,"['A', '[91]']",0
1992-11-01,106.833336,streamflow,9277500,ft3/s,"['A', '[91]']",0
1992-11-02,104.75,streamflow,9277500,ft3/s,"['A', '[91]']",0
1992-11-03,109.833336,streamflow,9277500,ft3/s,"['A', '[91]']",0
1992-11-04,100.25,streamflow,9277500,ft3/s,"['A', '[91]']",0
1992-11-05,97.958336,streamflow,9277500,ft3/s,"['A', '[91]']",0
1992-11-06,99.0,streamflow,9277500,ft3/s,"['A', '[91]']",0
1992-11-07,96.75,streamflow,9277500,ft3/s,"['A', '[91]']",0
1992-11-08,97.083336,streamflow,9277500,ft3/s,"['A', '[91]']",0
1992-11-09,95.333336,streamflow,9277500,ft3/s,"['A', '[91]']",0
1992-11-10,90.0,streamflow,9277500,ft3/s,"['A', '[91]']",0
1992-11-11,85.291664,streamflow,9277500,ft3/s,"['A', '[91]']",0
1992-11-12,86.708336,streamflow,9277500,ft3/s,"['A', '[91]']",0
1992-11-13,92.5,streamflow,9277500,ft3/s,"['A', '[92]']",0
1992-11-14,90.166664,streamflow,9277500,ft3/s,"['A', '[92]']",0
1992-11-15,86.666664,streamflow,9277500,ft3/s,"['A', '[92]']",0
1992-11-16,89.041664,streamflow,9277500,ft3/s,"['A', '[92]']",0
1992-11-17,87.25,streamflow,9277500,ft3/s,"['A', '[92]']",0
1992-11-18,86.083336,streamflow,9277500,ft3/s,"['A', '[92]']",0
1992-11-19,85.0,streamflow,9277500,ft3/s,"['A', '[92]']",0
1992-11-20,86.041664,streamflow,9277500,ft3/s,"['A', '[92]']",0
1992-11-21,81.5,streamflow,9277500,ft3/s,"['A', '[92]']",0
1992-11-22,81.0,streamflow,9277500,ft3/s,"['A', '[92]']",0
1992-11-23,83.291664,streamflow,9277500,ft3/s,"['A', '[92]']",0
1992-11-24,82.458336,streamflow,9277500,ft3/s,"['A', '[92]']",0
1992-11-25,76.0,streamflow,9277500,ft3/s,"['A', '[92]']",0
1992-11-26,74.791664,streamflow,9277500,ft3/s,"['A', '[92]']",0
1992-11-27,77.25,streamflow,9277500,ft3/s,"['A', '[92]']",0
1992-11-28,77.958336,streamflow,9277500,ft3/s,"['A', '[92]']",0
1992-11-29,80.375,streamflow,9277500,ft3/s,"['A', '[92]']",0
1992-11-30,76.208336,streamflow,9277500,ft3/s,"['A', '[92]']",0
1992-12-01,76.0,streamflow,9277500,ft3/s,"['A', '[92]']",0
1992-12-02,75.0,streamflow,9277500,ft3/s,"['A', '[92]']",0
1992-12-03,75.0,streamflow,9277500,ft3/s,"['A', '[92]']",0
1992-12-04,69.125,streamflow,9277500,ft3/s,"['A', '[92]']",0
1992-12-05,68.208336,streamflow,9277500,ft3/s,"['A', '[92]']",0
1992-12-06,78.125,streamflow,9277500,ft3/s,"['A', '[92]']",0
1992-12-07,76.916664,streamflow,9277500,ft3/s,"['A', '[92]']",0
1992-12-08,74.291664,streamflow,9277500,ft3/s,"['A', '[92]']",0
1992-12-09,77.375,streamflow,9277500,ft3/s,"['A', '[92]']",0
1992-12-10,79.708336,streamflow,9277500,ft3/s,"['A', '[92]']",0
1992-12-11,73.666664,streamflow,9277500,ft3/s,"['A', '[92]']",0
1992-12-12,74.791664,streamflow,9277500,ft3/s,"['A', '[92]']",0
1992-12-13,74.375,streamflow,9277500,ft3/s,"['A', '[92]']",0
1992-12-14,67.75,streamflow,9277500,ft3/s,"['A', '[92]']",0
1992-12-15,75.0,streamflow,9277500,ft3/s,"['A', '[92]']",0
1992-12-16,,streamflow,9277500,ft3/s,"['A', '[92]']",0
1992-12-17,,streamflow,9277500,ft3/s,"['A', '[92]']",0
1992-12-18,61.35294,streamflow,9277500,ft3/s,"['A', '[92]']",0
1992-12-19,60.041668,streamflow,9277500,ft3/s,"['A', '[92]']",0
1992-12-20,68.14286,streamflow,9277500,ft3/s,"['A', '[92]']",0
1992-12-21,,streamflow,9277500,ft3/s,"['A', '[92]']",0
1992-12-22,,streamflow,9277500,ft3/s,"['A', '[92]']",0
1992-12-23,,streamflow,9277500,ft3/s,"['A', '[92]']",0
1992-12-24,,streamflow,9277500,ft3/s,"['A', '[92]']",0
1992-12-25,,streamflow,9277500,ft3/s,"['A', '[92]']",0
1992-12-26,,streamflow,9277500,ft3/s,"['A', '[92]']",0
1992-12-27,,streamflow,9277500,ft3/s,"['A', '[92]']",0
1992-12-28,67.0,streamflow,9277500,ft3/s,"['A', '[92]']",0
1992-12-29,61.125,streamflow,9277500,ft3/s,"['A', '[92]']",0
1992-12-30,61.333332,streamflow,9277500,ft3/s,"['A', '[92]']",0
1992-12-31,60.083332,streamflow,9277500,ft3/s,"['A', '[91]']",0
1993-01-01,64.041664,streamflow,9277500,ft3/s,"['A', '[91]']",0
1993-01-02,59.0,streamflow,9277500,ft3/s,"['A', '[91]']",0
1993-01-03,60.833332,streamflow,9277500,ft3/s,"['A', '[91]']",0
1993-01-04,62.0,streamflow,9277500,ft3/s,"['A', '[91]']",0
1993-01-05,,streamflow,9277500,ft3/s,"['A', '[91]']",0
1993-01-06,,streamflow,9277500,ft3/s,"['A', '[91]']",0
1993-01-07,,streamflow,9277500,ft3/s,"['A', '[91]']",0
1993-01-08,58.764706,streamflow,9277500,ft3/s,"['A', '[91]']",0
1993-01-09,59.5,streamflow,9277500,ft3/s,"['A', '[91]']",0
1993-01-10,65.0,streamflow,9277500,ft3/s,"['A', '[91]']",0
1993-01-11,64.833336,streamflow,9277500,ft3/s,"['A', '[91]']",0
1993-01-12,63.42857,streamflow,9277500,ft3/s,"['A', '[91]']",0
1993-01-13,,streamflow,9277500,ft3/s,"['A', '[91]']",0
1993-01-14,62.0,streamflow,9277500,ft3/s,"['A', '[91]']",0
1993-01-15,62.083332,streamflow,9277500,ft3/s,"['A', '[91]']",0
1993-01-16,70.166664,streamflow,9277500,ft3/s,"['A', '[91]']",0
1993-01-17,71.166664,streamflow,9277500,ft3/s,"['A', '[91]']",0
1993-01-18,70.0,streamflow,9277500,ft3/s,"['A', '[91]']",0
1993-01-19,70.0,streamflow,9277500,ft3/s,"['A', '[91]']",0
1993-01-20,66.833336,streamflow,9277500,ft3/s,"['A', '[91]']",0
1993-01-21,64.541664,streamflow,9277500,ft3/s,"['A', '[91]']",0
1993-01-22,65.916664,streamflow,9277500,ft3/s,"['A', '[91]']",0
1993-01-23,68.708336,streamflow,9277500,ft3/s,"['A', '[91]']",0
1993-01-24,58.42857,streamflow,9277500,ft3/s,"['A', '[91]']",0
1993-01-25,,streamflow,9277500,ft3/s,"['A', '[91]']",0
1993-01-26,,streamflow,9277500,ft3/s,"['A', '[91]']",0
1993-01-27,,streamflow,9277500,ft3/s,"['A', '[91]']",0
1993-01-28,,streamflow,9277500,ft3/s,"['A', '[91]']",0
1993-01-29,,streamflow,9277500,ft3/s,"['A', '[91]']",0
1993-01-30,,streamflow,9277500,ft3/s,"['A', '[91]']",0
1993-01-31,,streamflow,9277500,ft3/s,"['A', '[91]']",0
1993-02-01,65.0,streamflow,9277500,ft3/s,"['A', '[91]']",0
1993-02-02,65.0,streamflow,9277500,ft3/s,"['A', '[91]']",0
1993-02-03,64.125,streamflow,9277500,ft3/s,"['A', '[91]']",0
1993-02-04,64.875,streamflow,9277500,ft3/s,"['A', '[91]']",0
1993-02-05,61.142857,streamflow,9277500,ft3/s,"['A', '[91]']",0
1993-02-06,,streamflow,9277500,ft3/s,"['A', '[91]']",0
1993-02-07,67.0,streamflow,9277500,ft3/s,"['A', '[91]']",0
1993-02-08,64.166664,streamflow,9277500,ft3/s,"['A', '[91]']",0
1993-02-09,62.0,streamflow,9277500,ft3/s,"['A', '[91]']",0
1993-02-10,62.0,streamflow,9277500,ft3/s,"['A', '[91]']",0
1993-02-11,62.833332,streamflow,9277500,ft3/s,"['A', '[91]']",0
1993-02-12,61.75,streamflow,9277500,ft3/s,"['A', '[91]']",0
1993-02-13,63.0,streamflow,9277500,ft3/s,"['A', '[91]']",0
1993-02-14,57.285713,streamflow,9277500,ft3/s,"['A', '[91]']",0
1993-02-15,,streamflow,9277500,ft3/s,"['A', '[91]']",0
1993-02-16,,streamflow,9277500,ft3/s,"['A', '[91]']",0
1993-02-17,67.117645,streamflow,9277500,ft3/s,"['A', '[91]']",0
1993-02-18,67.57143,streamflow,9277500,ft3/s,"['A', '[91]']",0
1993-02-19,66.52941,streamflow,9277500,ft3/s,"['A', '[91]']",0
1993-02-20,67.333336,streamflow,9277500,ft3/s,"['A', '[91]']",0
1993-02-21,66.041664,streamflow,9277500,ft3/s,"['A', '[91]']",0
1993-02-22,63.416668,streamflow,9277500,ft3/s,"['A', '[91]']",0
1993-02-23,64.0,streamflow,9277500,ft3/s,"['A', '[91]']",0
1993-02-24,65.541664,streamflow,9277500,ft3/s,"['A', '[91]']",0
1993-02-25,66.416664,streamflow,9277500,ft3/s,"['A', '[91]']",0
1993-02-26,62.083332,streamflow,9277500,ft3/s,"['A', '[91]']",0
1993-02-27,65.42857,streamflow,9277500,ft3/s,"['A', '[91]']",0
1993-02-28,66.411766,streamflow,9277500,ft3/s,"['A', '[91]']",0
1993-03-01,65.208336,streamflow,9277500,ft3/s,"['A', '[91]']",0
1993-03-02,64.958336,streamflow,9277500,ft3/s,"['A', '[91]']",0
1993-03-03,65.041664,streamflow,9277500,ft3/s,"['A', '[91]']",0
1993-03-04,66.375,streamflow,9277500,ft3/s,"['A', '[91]']",0
1993-03-05,66.875,streamflow,9277500,ft3/s,"['A', '[91]']",0
1993-03-06,68.333336,streamflow,9277500,ft3/s,"['A', '[91]']",0
1993-03-07,67.416664,streamflow,9277500,ft3/s,"['A', '[91]']",0
1993-03-08,68.041664,streamflow,9277500,ft3/s,"['A', '[91]']",0
1993-03-09,71.166664,streamflow,9277500,ft3/s,"['A', '[91]']",0
1993-03-10,73.25,streamflow,9277500,ft3/s,"['A', '[91]']",0
1993-03-11,75.0,streamflow,9277500,ft3/s,"['A', '[91]']",0
1993-03-12,73.708336,streamflow,9277500,ft3/s,"['A', '[91]']",0
1993-03-13,70.333336,streamflow,9277500,ft3/s,"['A', '[92]']",0
1993-03-14,71.875,streamflow,9277500,ft3/s,"['A', '[92]']",0
1993-03-15,74.916664,streamflow,9277500,ft3/s,"['A', '[92]']",0
1993-03-16,77.0,streamflow,9277500,ft3/s,"['A', '[92]']",0
1993-03-17,81.5,streamflow,9277500,ft3/s,"['A', '[92]']",0
1993-03-18,99.375,streamflow,9277500,ft3/s,"['A', '[92]']",0
1993-03-19,103.791664,streamflow,9277500,ft3/s,"['A', '[92]']",0
1993-03-20,103.125,streamflow,9277500,ft3/s,"['A', '[92]']",0
1993-03-21,102.375,streamflow,9277500,ft3/s,"['A', '[92]']",0
1993-03-22,98.416664,streamflow,9277500,ft3/s,"['A', '[92]']",0
1993-03-23,98.166664,streamflow,9277500,ft3/s,"['A', '[92]']",0
1993-03-24,102.125,streamflow,9277500,ft3/s,"['A', '[92]']",0
1993-03-25,108.208336,streamflow,9277500,ft3/s,"['A', '[92]']",0
1993-03-26,113.791664,streamflow,9277500,ft3/s,"['A', '[92]']",0
1993-03-27,135.33333,streamflow,9277500,ft3/s,"['A', '[92]']",0
1993-03-28,130.33333,streamflow,9277500,ft3/s,"['A', '[92]']",0
1993-03-29,137.54167,streamflow,9277500,ft3/s,"['A', '[92]']",0
1993-03-30,124.291664,streamflow,9277500,ft3/s,"['A', '[92]']",0
1993-03-31,108.458336,streamflow,9277500,ft3/s,"['A', '[92]']",0
1993-04-01,104.833336,streamflow,9277500,ft3/s,"['A', '[92]']",0
1993-04-02,109.875,streamflow,9277500,ft3/s,"['A', '[92]']",0
1993-04-03,107.958336,streamflow,9277500,ft3/s,"['A', '[92]']",0
1993-04-04,103.0,streamflow,9277500,ft3/s,"['A', '[92]']",0
1993-04-05,113.875,streamflow,9277500,ft3/s,"['A', '[92]']",0
1993-04-06,108.166664,streamflow,9277500,ft3/s,"['A', '[91]']",0
1993-04-07,101.125,streamflow,9277500,ft3/s,"['A', '[91]']",0
1993-04-08,102.541664,streamflow,9277500,ft3/s,"['A', '[91]']",0
1993-04-09,104.041664,streamflow,9277500,ft3/s,"['A', '[91]']",0
1993-04-10,108.875,streamflow,9277500,ft3/s,"['A', '[91]']",0
1993-04-11,108.416664,streamflow,9277500,ft3/s,"['A', '[91]']",0
1993-04-12,102.333336,streamflow,9277500,ft3/s,"['A', '[91]']",0
1993-04-13,102.0,streamflow,9277500,ft3/s,"['A', '[91]']",0
1993-04-14,102.0,streamflow,9277500,ft3/s,"['A', '[91]']",0
1993-04-15,100.25,streamflow,9277500,ft3/s,"['A', '[91]']",0
1993-04-16,102.0,streamflow,9277500,ft3/s,"['A', '[91]']",0
1993-04-17,102.0,streamflow,9277500,ft3/s,"['A', '[91]']",0
1993-04-18,106.666664,streamflow,9277500,ft3/s,"['A', '[91]']",0
1993-04-19,112.5,streamflow,9277500,ft3/s,"['A', '[91]']",0
1993-04-20,106.5,streamflow,9277500,ft3/s,"['A', '[91]']",0
1993-04-21,106.666664,streamflow,9277500,ft3/s,"['A', '[91]']",0
1993-04-22,112.75,streamflow,9277500,ft3/s,"['A', '[91]']",0
1993-04-23,122.458336,streamflow,9277500,ft3/s,"['A', '[91]']",0
1993-04-24,126.75,streamflow,9277500,ft3/s,"['A', '[91]']",0
1993-04-25,127.875,streamflow,9277500,ft3/s,"['A', '[91]']",0
1993-04-26,125.875,streamflow,9277500,ft3/s,"['A', '[91]']",0
1993-04-27,136.41667,streamflow,9277500,ft3/s,"['A', '[91]']",0
1993-04-28,144.25,streamflow,9277500,ft3/s,"['A', '[91]']",0
1993-04-29,148.83333,streamflow,9277500,ft3/s,"['A', '[91]']",0
1993-04-30,151.5,streamflow,9277500,ft3/s,"['A', '[92]']",0
1993-05-01,153.0,streamflow,9277500,ft3/s,"['A', '[92]']",0
1993-05-02,150.66667,streamflow,9277500,ft3/s,"['A', '[92]']",0
1993-05-03,153.95833,streamflow,9277500,ft3/s,"['A', '[92]']",0
1993-05-04,164.25,streamflow,9277500,ft3/s,"['A', '[92]']",0
1993-05-05,179.20833,streamflow,9277500,ft3/s,"['A', '[92]']",0
1993-05-06,176.0,streamflow,9277500,ft3/s,"['A', '[92]']",0
1993-05-07,178.45833,streamflow,9277500,ft3/s,"['A', '[92]']",0
1993-05-08,165.41667,streamflow,9277500,ft3/s,"['A', '[92]']",0
1993-05-09,158.45833,streamflow,9277500,ft3/s,"['A', '[92]']",0
1993-05-10,151.0,streamflow,9277500,ft3/s,"['A', '[92]']",0
1993-05-11,153.16667,streamflow,9277500,ft3/s,"['A', '[92]']",0
1993-05-12,179.83333,streamflow,9277500,ft3/s,"['A', '[92]']",0
1993-05-13,196.04167,streamflow,9277500,ft3/s,"['A', '[92]']",0
1993-05-14,231.54167,streamflow,9277500,ft3/s,"['A', '[92]']",0
1993-05-15,291.33334,streamflow,9277500,ft3/s,"['A', '[92]']",0
1993-05-16,359.79166,streamflow,9277500,ft3/s,"['A', '[92]']",0
1993-05-17,383.95834,streamflow,9277500,ft3/s,"['A', '[92]']",0
1993-05-18,436.875,streamflow,9277500,ft3/s,"['A', '[92]']",0
1993-05-19,472.91666,streamflow,9277500,ft3/s,"['A', '[92]']",0
1993-05-20,546.0417,streamflow,9277500,ft3/s,"['A', '[92]']",0
1993-05-21,632.1667,streamflow,9277500,ft3/s,"['A', '[92]']",0
1993-05-22,645.125,streamflow,9277500,ft3/s,"['A', '[92]']",0
1993-05-23,648.4167,streamflow,9277500,ft3/s,"['A', '[92]']",0
1993-05-24,587.9167,streamflow,9277500,ft3/s,"['A', '[92]']",0
1993-05-25,594.3333,streamflow,9277500,ft3/s,"['A', '[92]']",0
1993-05-26,970.0417,streamflow,9277500,ft3/s,"['A', '[92]']",0
1993-05-27,1173.4584,streamflow,9277500,ft3/s,"['A', '[92]']",0
1993-05-28,1058.4166,streamflow,9277500,ft3/s,"['A', '[92]']",0
1993-05-29,981.125,streamflow,9277500,ft3/s,"['A', '[92]']",0
1993-05-30,910.1667,streamflow,9277500,ft3/s,"['A', '[92]']",0
1993-05-31,635.4583,streamflow,9277500,ft3/s,"['A', '[92]']",0
1993-06-01,612.1667,streamflow,9277500,ft3/s,"['A', '[92]']",0
1993-06-02,603.8333,streamflow,9277500,ft3/s,"['A', '[92]']",0
1993-06-03,705.3333,streamflow,9277500,ft3/s,"['A', '[92]']",0
1993-06-04,598.0,streamflow,9277500,ft3/s,"['A', '[92]']",0
1993-06-05,472.70834,streamflow,9277500,ft3/s,"['A', '[92]']",0
1993-06-06,459.25,streamflow,9277500,ft3/s,"['A', '[92]']",0
1993-06-07,376.16666,streamflow,9277500,ft3/s,"['A', '[92]']",0
1993-06-08,329.5,streamflow,9277500,ft3/s,"['A', '[92]']",0
1993-06-09,299.79166,streamflow,9277500,ft3/s,"['A', '[92]']",0
1993-06-10,270.75,streamflow,9277500,ft3/s,"['A', '[92]']",0
1993-06-11,260.125,streamflow,9277500,ft3/s,"['A', '[92]']",0
1993-06-12,287.16666,streamflow,9277500,ft3/s,"['A', '[92]']",0
1993-06-13,307.83334,streamflow,9277500,ft3/s,"['A', '[92]']",0
1993-06-14,299.08334,streamflow,9277500,ft3/s,"['A', '[92]']",0
1993-06-15,506.58334,streamflow,9277500,ft3/s,"['A', '[92]']",0
1993-06-16,659.25,streamflow,9277500,ft3/s,"['A', '[92]']",0
1993-06-17,595.6667,streamflow,9277500,ft3/s,"['A', '[91]']",0
1993-06-18,540.5417,streamflow,9277500,ft3/s,"['A', '[91]']",0
1993-06-19,465.875,streamflow,9277500,ft3/s,"['A', '[91]']",0
1993-06-20,478.33334,streamflow,9277500,ft3/s,"['A', '[91]']",0
1993-06-21,524.7917,streamflow,9277500,ft3/s,"['A', '[91]']",0
1993-06-22,522.2083,streamflow,9277500,ft3/s,"['A', '[91]']",0
1993-06-23,502.0,streamflow,9277500,ft3/s,"['A', '[91]']",0
1993-06-24,454.08334,streamflow,9277500,ft3/s,"['A', '[91]']",0
1993-06-25,288.66666,streamflow,9277500,ft3/s,"['A', '[91]']",0
1993-06-26,237.5,streamflow,9277500,ft3/s,"['A', '[91]']",0
1993-06-27,221.70833,streamflow,9277500,ft3/s,"['A', '[91]']",0
1993-06-28,210.625,streamflow,9277500,ft3/s,"['A', '[91]']",0
1993-06-29,194.54167,streamflow,9277500,ft3/s,"['A', '[91]']",0
1993-06-30,181.79167,streamflow,9277500,ft3/s,"['A', '[91]']",0
1993-07-01,187.875,streamflow,9277500,ft3/s,"['A', '[91]']",0
1993-07-02,174.70833,streamflow,9277500,ft3/s,"['A', '[91]']",0
1993-07-03,165.16667,streamflow,9277500,ft3/s,"['A', '[91]']",0
1993-07-04,172.95833,streamflow,9277500,ft3/s,"['A', '[91]']",0
1993-07-05,168.45833,streamflow,9277500,ft3/s,"['A', '[91]']",0
1993-07-06,149.29167,streamflow,9277500,ft3/s,"['A', '[91]']",0
1993-07-07,139.75,streamflow,9277500,ft3/s,"['A', '[91]']",0
1993-07-08,123.625,streamflow,9277500,ft3/s,"['A', '[91]']",0
1993-07-09,112.5,streamflow,9277500,ft3/s,"['A', '[91]']",0
1993-07-10,108.208336,streamflow,9277500,ft3/s,"['A', '[91]']",0
1993-07-11,96.75,streamflow,9277500,ft3/s,"['A', '[91]']",0
1993-07-12,95.833336,streamflow,9277500,ft3/s,"['A', '[91]']",0
1993-07-13,92.0,streamflow,9277500,ft3/s,"['A', '[91]']",0
1993-07-14,80.458336,streamflow,9277500,ft3/s,"['A', '[91]']",0
1993-07-15,71.541664,streamflow,9277500,ft3/s,"['A', '[91]']",0
1993-07-16,67.5,streamflow,9277500,ft3/s,"['A', '[91]']",0
1993-07-17,64.083336,streamflow,9277500,ft3/s,"['A', '[91]']",0
1993-07-18,65.666664,streamflow,9277500,ft3/s,"['A', '[91]']",0
1993-07-19,65.5,streamflow,9277500,ft3/s,"['A', '[91]']",0
1993-07-20,63.791668,streamflow,9277500,ft3/s,"['A', '[91]']",0
1993-07-21,53.25,streamflow,9277500,ft3/s,"['A', '[91]']",0
1993-07-22,53.166668,streamflow,9277500,ft3/s,"['A', '[91]']",0
1993-07-23,62.416668,streamflow,9277500,ft3/s,"['A', '[91]']",0
1993-07-24,104.75,streamflow,9277500,ft3/s,"['A', '[91]']",0
1993-07-25,95.125,streamflow,9277500,ft3/s,"['A', '[91]']",0
1993-07-26,90.166664,streamflow,9277500,ft3/s,"['A', '[91]']",0
1993-07-27,87.208336,streamflow,9277500,ft3/s,"['A', '[91]']",0
1993-07-28,77.5,streamflow,9277500,ft3/s,"['A', '[91]']",0
1993-07-29,74.375,streamflow,9277500,ft3/s,"['A', '[91]']",0
1993-07-30,73.416664,streamflow,9277500,ft3/s,"['A', '[91]']",0
1993-07-31,72.25,streamflow,9277500,ft3/s,"['A', '[91]']",0
1993-08-01,66.291664,streamflow,9277500,ft3/s,"['A', '[91]']",0
1993-08-02,64.583336,streamflow,9277500,ft3/s,"['A', '[91]']",0
1993-08-03,61.375,streamflow,9277500,ft3/s,"['A', '[91]']",0
1993-08-04,72.958336,streamflow,9277500,ft3/s,"['A', '[91]']",0
1993-08-05,98.25,streamflow,9277500,ft3/s,"['A', '[91]']",0
1993-08-06,98.75,streamflow,9277500,ft3/s,"['A', '[91]']",0
1993-08-07,85.666664,streamflow,9277500,ft3/s,"['A', '[91]']",0
1993-08-08,91.166664,streamflow,9277500,ft3/s,"['A', '[91]']",0
1993-08-09,125.541664,streamflow,9277500,ft3/s,"['A', '[91]']",0
1993-08-10,105.0,streamflow,9277500,ft3/s,"['A', '[91]']",0
1993-08-11,110.958336,streamflow,9277500,ft3/s,"['A', '[91]']",0
1993-08-12,115.5,streamflow,9277500,ft3/s,"['A', '[91]']",0
1993-08-13,104.458336,streamflow,9277500,ft3/s,"['A', '[91]']",0
1993-08-14,98.916664,streamflow,9277500,ft3/s,"['A', '[91]']",0
1993-08-15,94.916664,streamflow,9277500,ft3/s,"['A', '[91]']",0
1993-08-16,92.25,streamflow,9277500,ft3/s,"['A', '[91]']",0
1993-08-17,88.916664,streamflow,9277500,ft3/s,"['A', '[91]']",0
1993-08-18,86.416664,streamflow,9277500,ft3/s,"['A', '[91]']",0
1993-08-19,76.583336,streamflow,9277500,ft3/s,"['A', '[91]']",0
1993-08-20,64.333336,streamflow,9277500,ft3/s,"['A', '[91]']",0
1993-08-21,72.625,streamflow,9277500,ft3/s,"['A', '[91]']",0
1993-08-22,72.125,streamflow,9277500,ft3/s,"['A', '[91]']",0
1993-08-23,69.791664,streamflow,9277500,ft3/s,"['A', '[91]']",0
1993-08-24,70.291664,streamflow,9277500,ft3/s,"['A', '[91]']",0
1993-08-25,64.791664,streamflow,9277500,ft3/s,"['A', '[91]']",0
1993-08-26,65.041664,streamflow,9277500,ft3/s,"['A', '[91]']",0
1993-08-27,65.333336,streamflow,9277500,ft3/s,"['A', '[91]']",0
1993-08-28,61.541668,streamflow,9277500,ft3/s,"['A', '[91]']",0
1993-08-29,60.166668,streamflow,9277500,ft3/s,"['A', '[91]']",0
1993-08-30,59.166668,streamflow,9277500,ft3/s,"['A', '[91]']",0
1993-08-31,61.0,streamflow,9277500,ft3/s,"['A', '[91]']",0
1993-09-01,60.458332,streamflow,9277500,ft3/s,"['A', '[91]']",0
1993-09-02,61.916668,streamflow,9277500,ft3/s,"['A', '[91]']",0
1993-09-03,61.666668,streamflow,9277500,ft3/s,"['A', '[91]']",0
1993-09-04,65.916664,streamflow,9277500,ft3/s,"['A', '[91]']",0
1993-09-05,67.5,streamflow,9277500,ft3/s,"['A', '[91]']",0
1993-09-06,67.0,streamflow,9277500,ft3/s,"['A', '[91]']",0
1993-09-07,67.0,streamflow,9277500,ft3/s,"['A', '[91]']",0
1993-09-08,64.75,streamflow,9277500,ft3/s,"['A', '[91]']",0
1993-09-09,63.833332,streamflow,9277500,ft3/s,"['A', '[91]']",0
1993-09-10,65.5,streamflow,9277500,ft3/s,"['A', '[91]']",0
1993-09-11,64.5,streamflow,9277500,ft3/s,"['A', '[91]']",0
1993-09-12,65.0,streamflow,9277500,ft3/s,"['A', '[91]']",0
1993-09-13,69.333336,streamflow,9277500,ft3/s,"['A', '[91]']",0
1993-09-14,77.291664,streamflow,9277500,ft3/s,"['A', '[91]']",0
1993-09-15,64.416664,streamflow,9277500,ft3/s,"['A', '[91]']",0
1993-09-16,67.291664,streamflow,9277500,ft3/s,"['A', '[91]']",0
1993-09-17,73.0,streamflow,9277500,ft3/s,"['A', '[91]']",0
1993-09-18,84.541664,streamflow,9277500,ft3/s,"['A', '[91]']",0
1993-09-19,87.625,streamflow,9277500,ft3/s,"['A', '[91]']",0
1993-09-20,97.25,streamflow,9277500,ft3/s,"['A', '[91]']",0
1993-09-21,84.916664,streamflow,9277500,ft3/s,"['A', '[91]']",0
1993-09-22,81.958336,streamflow,9277500,ft3/s,"['A', '[91]']",0
1993-09-23,85.666664,streamflow,9277500,ft3/s,"['A', '[91]']",0
1993-09-24,84.708336,streamflow,9277500,ft3/s,"['A', '[91]']",0
1993-09-25,85.0,streamflow,9277500,ft3/s,"['A', '[91]']",0
1993-09-26,85.583336,streamflow,9277500,ft3/s,"['A', '[91]']",0
1993-09-27,85.25,streamflow,9277500,ft3/s,"['A', '[91]']",0
1993-09-28,84.125,streamflow,9277500,ft3/s,"['A', '[91]']",0
1993-09-29,80.083336,streamflow,9277500,ft3/s,"['A', '[91]']",0
1993-09-30,79.166664,streamflow,9277500,ft3/s,"['A', '[91]']",0
1993-10-01,79.666664,streamflow,9277500,ft3/s,"['A', '[91]']",0
1993-10-02,78.583336,streamflow,9277500,ft3/s,"['A', '[91]']",0
1993-10-03,76.333336,streamflow,9277500,ft3/s,"['A', '[91]']",0
1993-10-04,73.5,streamflow,9277500,ft3/s,"['A', '[91]']",0
1993-10-05,74.916664,streamflow,9277500,ft3/s,"['A', '[91]']",0
1993-10-06,79.5,streamflow,9277500,ft3/s,"['A', '[91]']",0
1993-10-07,90.166664,streamflow,9277500,ft3/s,"['A', '[91]']",0
1993-10-08,89.625,streamflow,9277500,ft3/s,"['A', '[91]']",0
1993-10-09,95.708336,streamflow,9277500,ft3/s,"['A', '[91]']",0
1993-10-10,94.583336,streamflow,9277500,ft3/s,"['A', '[91]']",0
1993-10-11,93.291664,streamflow,9277500,ft3/s,"['A', '[91]']",0
1993-10-12,97.666664,streamflow,9277500,ft3/s,"['A', '[91]']",0
1993-10-13,100.1875,streamflow,9277500,ft3/s,"['A', '[91]']",0
1993-10-14,102.25,streamflow,9277500,ft3/s,"['A', '[91]']",0
1993-10-15,103.125,streamflow,9277500,ft3/s,"['A', '[91]']",0
1993-10-16,100.625,streamflow,9277500,ft3/s,"['A', '[91]']",0
1993-10-17,104.208336,streamflow,9277500,ft3/s,"['A', '[91]']",0
1993-10-18,119.916664,streamflow,9277500,ft3/s,"['A', '[91]']",0
1993-10-19,111.666664,streamflow,9277500,ft3/s,"['A', '[91]']",0
1993-10-20,102.625,streamflow,9277500,ft3/s,"['A', '[91]']",0
1993-10-21,101.0,streamflow,9277500,ft3/s,"['A', '[91]']",0
1993-10-22,101.0,streamflow,9277500,ft3/s,"['A', '[91]']",0
1993-10-23,99.75,streamflow,9277500,ft3/s,"['A', '[91]']",0
1993-10-24,98.0,streamflow,9277500,ft3/s,"['A', '[91]']",0
1993-10-25,97.270836,streamflow,9277500,ft3/s,"['A', '[91]']",0
1993-10-26,96.291664,streamflow,9277500,ft3/s,"['A', '[91]']",0
1993-10-27,97.333336,streamflow,9277500,ft3/s,"['A', '[91]']",0
1993-10-28,98.0,streamflow,9277500,ft3/s,"['A', '[91]']",0
1993-10-29,96.083336,streamflow,9277500,ft3/s,"['A', '[91]']",0
1993-10-30,95.75,streamflow,9277500,ft3/s,"['A', '[91]']",0
1993-10-31,98.86957,streamflow,9277500,ft3/s,"['A', '[91]']",0
1993-11-01,102.166664,streamflow,9277500,ft3/s,"['A', '[91]']",0
1993-11-02,97.916664,streamflow,9277500,ft3/s,"['A', '[91]']",0
1993-11-03,98.604164,streamflow,9277500,ft3/s,"['A', '[91]']",0
1993-11-04,99.5,streamflow,9277500,ft3/s,"['A', '[91]']",0
1993-11-05,96.5,streamflow,9277500,ft3/s,"['A', '[91]']",0
1993-11-06,92.708336,streamflow,9277500,ft3/s,"['A', '[91]']",0
1993-11-07,93.770836,streamflow,9277500,ft3/s,"['A', '[91]']",0
1993-11-08,93.541664,streamflow,9277500,ft3/s,"['A', '[91]']",0
1993-11-09,93.958336,streamflow,9277500,ft3/s,"['A', '[91]']",0
1993-11-10,95.020836,streamflow,9277500,ft3/s,"['A', '[91]']",0
1993-11-11,96.770836,streamflow,9277500,ft3/s,"['A', '[91]']",0
1993-11-12,99.916664,streamflow,9277500,ft3/s,"['A', '[91]']",0
1993-11-13,101.0,streamflow,9277500,ft3/s,"['A', '[91]']",0
1993-11-14,98.166664,streamflow,9277500,ft3/s,"['A', '[91]']",0
1993-11-15,95.0625,streamflow,9277500,ft3/s,"['A', '[91]']",0
1993-11-16,91.875,streamflow,9277500,ft3/s,"['A', '[91]']",0
1993-11-17,92.645836,streamflow,9277500,ft3/s,"['A', '[91]']",0
1993-11-18,89.541664,streamflow,9277500,ft3/s,"['A', '[91]']",0
1993-11-19,87.833336,streamflow,9277500,ft3/s,"['A', '[91]']",0
1993-11-20,85.916664,streamflow,9277500,ft3/s,"['A', '[91]']",0
1993-11-21,87.291664,streamflow,9277500,ft3/s,"['A', '[91]']",0
1993-11-22,90.833336,streamflow,9277500,ft3/s,"['A', '[91]']",0
1993-11-23,93.625,streamflow,9277500,ft3/s,"['A', '[91]']",0
1993-11-24,86.083336,streamflow,9277500,ft3/s,"['A', '[91]']",0
1993-11-25,85.5,streamflow,9277500,ft3/s,"['A', '[91]']",0
1993-11-26,77.416664,streamflow,9277500,ft3/s,"['A', '[91]']",0
1993-11-27,91.875,streamflow,9277500,ft3/s,"['A', '[91]']",0
1993-11-28,87.291664,streamflow,9277500,ft3/s,"['A', '[91]']",0
1993-11-29,91.0,streamflow,9277500,ft3/s,"['A', '[91]']",0
1993-11-30,88.375,streamflow,9277500,ft3/s,"['A', '[91]']",0
1993-12-01,88.0,streamflow,9277500,ft3/s,"['A', '[91]']",0
1993-12-02,88.0,streamflow,9277500,ft3/s,"['A', '[91]']",0
1993-12-03,87.375,streamflow,9277500,ft3/s,"['A', '[91]']",0
1993-12-04,85.416664,streamflow,9277500,ft3/s,"['A', '[91]']",0
1993-12-05,85.916664,streamflow,9277500,ft3/s,"['A', '[91]']",0
1993-12-06,87.416664,streamflow,9277500,ft3/s,"['A', '[91]']",0
1993-12-07,87.0,streamflow,9277500,ft3/s,"['A', '[91]']",0
1993-12-08,86.666664,streamflow,9277500,ft3/s,"['A', '[91]']",0
1993-12-09,86.0,streamflow,9277500,ft3/s,"['A', '[91]']",0
1993-12-10,86.0,streamflow,9277500,ft3/s,"['A', '[91]']",0
1993-12-11,83.833336,streamflow,9277500,ft3/s,"['A', '[91]']",0
1993-12-12,86.583336,streamflow,9277500,ft3/s,"['A', '[91]']",0
1993-12-13,76.916664,streamflow,9277500,ft3/s,"['A', '[91]']",0
1993-12-14,82.25,streamflow,9277500,ft3/s,"['A', '[91]']",0
1993-12-15,83.291664,streamflow,9277500,ft3/s,"['A', '[91]']",0
1993-12-16,81.875,streamflow,9277500,ft3/s,"['A', '[91]']",0
1993-12-17,79.666664,streamflow,9277500,ft3/s,"['A', '[91]']",0
1993-12-18,78.416664,streamflow,9277500,ft3/s,"['A', '[91]']",0
1993-12-19,76.25,streamflow,9277500,ft3/s,"['A', '[91]']",0
1993-12-20,73.291664,streamflow,9277500,ft3/s,"['A', '[91]']",0
1993-12-21,78.708336,streamflow,9277500,ft3/s,"['A', '[91]']",0
1993-12-22,77.958336,streamflow,9277500,ft3/s,"['A', '[91]']",0
1993-12-23,81.083336,streamflow,9277500,ft3/s,"['A', '[91]']",0
1993-12-24,73.916664,streamflow,9277500,ft3/s,"['A', '[91]']",0
1993-12-25,84.375,streamflow,9277500,ft3/s,"['A', '[91]']",0
1993-12-26,81.958336,streamflow,9277500,ft3/s,"['A', '[91]']",0
1993-12-27,79.041664,streamflow,9277500,ft3/s,"['A', '[91]']",0
1993-12-28,79.0,streamflow,9277500,ft3/s,"['A', '[91]']",0
1993-12-29,72.083336,streamflow,9277500,ft3/s,"['A', '[91]']",0
1993-12-30,70.916664,streamflow,9277500,ft3/s,"['A', '[91]']",0
1993-12-31,73.958336,streamflow,9277500,ft3/s,"['A', '[91]']",0
1994-01-01,73.0,streamflow,9277500,ft3/s,"['A', '[91]']",0
1994-01-02,73.0,streamflow,9277500,ft3/s,"['A', '[91]']",0
1994-01-03,73.0,streamflow,9277500,ft3/s,"['A', '[91]']",0
1994-01-04,73.0,streamflow,9277500,ft3/s,"['A', '[91]']",0
1994-01-05,72.083336,streamflow,9277500,ft3/s,"['A', '[91]']",0
1994-01-06,72.125,streamflow,9277500,ft3/s,"['A', '[91]']",0
1994-01-07,68.208336,streamflow,9277500,ft3/s,"['A', '[91]']",0
1994-01-08,73.916664,streamflow,9277500,ft3/s,"['A', '[91]']",0
1994-01-09,70.541664,streamflow,9277500,ft3/s,"['A', '[91]']",0
1994-01-10,70.541664,streamflow,9277500,ft3/s,"['A', '[91]']",0
1994-01-11,70.333336,streamflow,9277500,ft3/s,"['A', '[91]']",0
1994-01-12,73.125,streamflow,9277500,ft3/s,"['A', '[91]']",0
1994-01-13,71.083336,streamflow,9277500,ft3/s,"['A', '[91]']",0
1994-01-14,70.0,streamflow,9277500,ft3/s,"['A', '[91]']",0
1994-01-15,70.0,streamflow,9277500,ft3/s,"['A', '[91]']",0
1994-01-16,71.166664,streamflow,9277500,ft3/s,"['A', '[91]']",0
1994-01-17,68.583336,streamflow,9277500,ft3/s,"['A', '[91]']",0
1994-01-18,70.791664,streamflow,9277500,ft3/s,"['A', '[91]']",0
1994-01-19,69.0,streamflow,9277500,ft3/s,"['A', '[91]']",0
1994-01-20,67.583336,streamflow,9277500,ft3/s,"['A', '[91]']",0
1994-01-21,66.291664,streamflow,9277500,ft3/s,"['A', '[91]']",0
1994-01-22,66.125,streamflow,9277500,ft3/s,"['A', '[91]']",0
1994-01-23,67.791664,streamflow,9277500,ft3/s,"['A', '[91]']",0
1994-01-24,68.0,streamflow,9277500,ft3/s,"['A', '[91]']",0
1994-01-25,69.0,streamflow,9277500,ft3/s,"['A', '[91]']",0
1994-01-26,69.0,streamflow,9277500,ft3/s,"['A', '[91]']",0
1994-01-27,66.25,streamflow,9277500,ft3/s,"['A', '[91]']",0
1994-01-28,66.0,streamflow,9277500,ft3/s,"['A', '[91]']",0
1994-01-29,65.0,streamflow,9277500,ft3/s,"['A', '[91]']",0
1994-01-30,60.285713,streamflow,9277500,ft3/s,"['A', '[91]']",0
1994-01-31,,streamflow,9277500,ft3/s,"['A', '[91]']",0
1994-02-01,,streamflow,9277500,ft3/s,"['A', '[91]']",0
1994-02-02,,streamflow,9277500,ft3/s,"['A', '[91]']",0
1994-02-03,,streamflow,9277500,ft3/s,"['A', '[91]']",0
1994-02-04,,streamflow,9277500,ft3/s,"['A', '[91]']",0
1994-02-05,,streamflow,9277500,ft3/s,"['A', '[91]']",0
1994-02-06,,streamflow,9277500,ft3/s,"['A', '[91]']",0
1994-02-07,63.0,streamflow,9277500,ft3/s,"['A', '[91]']",0
1994-02-08,65.458336,streamflow,9277500,ft3/s,"['A', '[91]']",0
1994-02-09,63.041668,streamflow,9277500,ft3/s,"['A', '[91]']",0
1994-02-10,61.625,streamflow,9277500,ft3/s,"['A', '[91]']",0
1994-02-11,65.958336,streamflow,9277500,ft3/s,"['A', '[91]']",0
1994-02-12,59.0,streamflow,9277500,ft3/s,"['A', '[91]']",0
1994-02-13,60.416668,streamflow,9277500,ft3/s,"['A', '[91]']",0
1994-02-14,67.375,streamflow,9277500,ft3/s,"['A', '[91]']",0
1994-02-15,65.833336,streamflow,9277500,ft3/s,"['A', '[91]']",0
1994-02-16,66.5,streamflow,9277500,ft3/s,"['A', '[91]']",0
1994-02-17,62.083332,streamflow,9277500,ft3/s,"['A', '[91]']",0
1994-02-18,67.0,streamflow,9277500,ft3/s,"['A', '[91]']",0
1994-02-19,63.166668,streamflow,9277500,ft3/s,"['A', '[91]']",0
1994-02-20,60.75,streamflow,9277500,ft3/s,"['A', '[91]']",0
1994-02-21,67.25,streamflow,9277500,ft3/s,"['A', '[91]']",0
1994-02-22,62.291668,streamflow,9277500,ft3/s,"['A', '[91]']",0
1994-02-23,62.541668,streamflow,9277500,ft3/s,"['A', '[91]']",0
1994-02-24,65.875,streamflow,9277500,ft3/s,"['A', '[91]']",0
1994-02-25,63.208332,streamflow,9277500,ft3/s,"['A', '[91]']",0
1994-02-26,68.791664,streamflow,9277500,ft3/s,"['A', '[91]']",0
1994-02-27,69.375,streamflow,9277500,ft3/s,"['A', '[91]']",0
1994-02-28,68.333336,streamflow,9277500,ft3/s,"['A', '[91]']",0
1994-03-01,69.291664,streamflow,9277500,ft3/s,"['A', '[91]']",0
1994-03-02,73.833336,streamflow,9277500,ft3/s,"['A', '[91]']",0
1994-03-03,74.375,streamflow,9277500,ft3/s,"['A', '[91]']",0
1994-03-04,76.708336,streamflow,9277500,ft3/s,"['A', '[91]']",0
1994-03-05,77.125,streamflow,9277500,ft3/s,"['A', '[91]']",0
1994-03-06,76.125,streamflow,9277500,ft3/s,"['A', '[91]']",0
1994-03-07,74.75,streamflow,9277500,ft3/s,"['A', '[91]']",0
1994-03-08,72.583336,streamflow,9277500,ft3/s,"['A', '[91]']",0
1994-03-09,69.583336,streamflow,9277500,ft3/s,"['A', '[91]']",0
1994-03-10,69.166664,streamflow,9277500,ft3/s,"['A', '[91]']",0
1994-03-11,69.25,streamflow,9277500,ft3/s,"['A', '[91]']",0
1994-03-12,68.333336,streamflow,9277500,ft3/s,"['A', '[91]']",0
1994-03-13,68.291664,streamflow,9277500,ft3/s,"['A', '[91]']",0
1994-03-14,69.75,streamflow,9277500,ft3/s,"['A', '[91]']",0
1994-03-15,72.25,streamflow,9277500,ft3/s,"['A', '[91]']",0
1994-03-16,74.0,streamflow,9277500,ft3/s,"['A', '[91]']",0
1994-03-17,76.208336,streamflow,9277500,ft3/s,"['A', '[91]']",0
1994-03-18,77.083336,streamflow,9277500,ft3/s,"['A', '[91]']",0
1994-03-19,74.916664,streamflow,9277500,ft3/s,"['A', '[91]']",0
1994-03-20,76.958336,streamflow,9277500,ft3/s,"['A', '[91]']",0
1994-03-21,73.041664,streamflow,9277500,ft3/s,"['A', '[91]']",0
1994-03-22,73.583336,streamflow,9277500,ft3/s,"['A', '[91]']",0
1994-03-23,75.25,streamflow,9277500,ft3/s,"['A', '[91]']",0
1994-03-24,69.916664,streamflow,9277500,ft3/s,"['A', '[91]']",0
1994-03-25,71.5,streamflow,9277500,ft3/s,"['A', '[91]']",0
1994-03-26,70.0,streamflow,9277500,ft3/s,"['A', '[91]']",0
1994-03-27,68.0,streamflow,9277500,ft3/s,"['A', '[91]']",0
1994-03-28,67.166664,streamflow,9277500,ft3/s,"['A', '[91]']",0
1994-03-29,67.041664,streamflow,9277500,ft3/s,"['A', '[91]']",0
1994-03-30,68.25,streamflow,9277500,ft3/s,"['A', '[91]']",0
1994-03-31,68.875,streamflow,9277500,ft3/s,"['A', '[91]']",0
1994-04-01,68.208336,streamflow,9277500,ft3/s,"['A', '[91]']",0
1994-04-02,70.25,streamflow,9277500,ft3/s,"['A', '[91]']",0
1994-04-03,69.333336,streamflow,9277500,ft3/s,"['A', '[91]']",0
1994-04-04,71.166664,streamflow,9277500,ft3/s,"['A', '[91]']",0
1994-04-05,72.333336,streamflow,9277500,ft3/s,"['A', '[91]']",0
1994-04-06,67.75,streamflow,9277500,ft3/s,"['A', '[91]']",0
1994-04-07,68.5,streamflow,9277500,ft3/s,"['A', '[91]']",0
1994-04-08,68.0,streamflow,9277500,ft3/s,"['A', '[91]']",0
1994-04-09,65.833336,streamflow,9277500,ft3/s,"['A', '[91]']",0
1994-04-10,70.791664,streamflow,9277500,ft3/s,"['A', '[91]']",0
1994-04-11,70.25,streamflow,9277500,ft3/s,"['A', '[91]']",0
1994-04-12,69.083336,streamflow,9277500,ft3/s,"['A', '[91]']",0
1994-04-13,69.625,streamflow,9277500,ft3/s,"['A', '[91]']",0
1994-04-14,70.791664,streamflow,9277500,ft3/s,"['A', '[91]']",0
1994-04-15,74.166664,streamflow,9277500,ft3/s,"['A', '[91]']",0
1994-04-16,74.416664,streamflow,9277500,ft3/s,"['A', '[91]']",0
1994-04-17,75.5,streamflow,9277500,ft3/s,"['A', '[91]']",0
1994-04-18,83.833336,streamflow,9277500,ft3/s,"['A', '[91]']",0
1994-04-19,87.958336,streamflow,9277500,ft3/s,"['A', '[91]']",0
1994-04-20,90.333336,streamflow,9277500,ft3/s,"['A', '[91]']",0
1994-04-21,94.0,streamflow,9277500,ft3/s,"['A', '[91]']",0
1994-04-22,100.104164,streamflow,9277500,ft3/s,"['A', '[91]']",0
1994-04-23,108.791664,streamflow,9277500,ft3/s,"['A', '[91]']",0
1994-04-24,121.666664,streamflow,9277500,ft3/s,"['A', '[91]']",0
1994-04-25,111.75,streamflow,9277500,ft3/s,"['A', '[91]']",0
1994-04-26,108.5,streamflow,9277500,ft3/s,"['A', '[91]']",0
1994-04-27,116.25,streamflow,9277500,ft3/s,"['A', '[91]']",0
1994-04-28,113.833336,streamflow,9277500,ft3/s,"['A', '[91]']",0
1994-04-29,110.5,streamflow,9277500,ft3/s,"['A', '[91]']",0
1994-04-30,103.25,streamflow,9277500,ft3/s,"['A', '[91]']",0
1994-05-01,96.625,streamflow,9277500,ft3/s,"['A', '[91]']",0
1994-05-02,101.708336,streamflow,9277500,ft3/s,"['A', '[91]']",0
1994-05-03,93.416664,streamflow,9277500,ft3/s,"['A', '[91]']",0
1994-05-04,91.0,streamflow,9277500,ft3/s,"['A', '[91]']",0
1994-05-05,89.166664,streamflow,9277500,ft3/s,"['A', '[91]']",0
1994-05-06,93.458336,streamflow,9277500,ft3/s,"['A', '[91]']",0
1994-05-07,105.1875,streamflow,9277500,ft3/s,"['A', '[91]']",0
1994-05-08,118.5,streamflow,9277500,ft3/s,"['A', '[91]']",0
1994-05-09,117.833336,streamflow,9277500,ft3/s,"['A', '[91]']",0
1994-05-10,114.25,streamflow,9277500,ft3/s,"['A', '[91]']",0
1994-05-11,116.25,streamflow,9277500,ft3/s,"['A', '[91]']",0
1994-05-12,123.458336,streamflow,9277500,ft3/s,"['A', '[91]']",0
1994-05-13,139.33333,streamflow,9277500,ft3/s,"['A', '[91]']",0
1994-05-14,153.66667,streamflow,9277500,ft3/s,"['A', '[91]']",0
1994-05-15,154.70833,streamflow,9277500,ft3/s,"['A', '[91]']",0
1994-05-16,155.54167,streamflow,9277500,ft3/s,"['A', '[91]']",0
1994-05-17,141.66667,streamflow,9277500,ft3/s,"['A', '[91]']",0
1994-05-18,124.916664,streamflow,9277500,ft3/s,"['A', '[91]']",0
1994-05-19,109.666664,streamflow,9277500,ft3/s,"['A', '[91]']",0
1994-05-20,103.020836,streamflow,9277500,ft3/s,"['A', '[91]']",0
1994-05-21,94.979164,streamflow,9277500,ft3/s,"['A', '[91]']",0
1994-05-22,77.916664,streamflow,9277500,ft3/s,"['A', '[91]']",0
1994-05-23,81.5,streamflow,9277500,ft3/s,"['A', '[91]']",0
1994-05-24,80.125,streamflow,9277500,ft3/s,"['A', '[91]']",0
1994-05-25,71.291664,streamflow,9277500,ft3/s,"['A', '[91]']",0
1994-05-26,70.541664,streamflow,9277500,ft3/s,"['A', '[91]']",0
1994-05-27,71.25,streamflow,9277500,ft3/s,"['A', '[91]']",0
1994-05-28,68.416664,streamflow,9277500,ft3/s,"['A', '[91]']",0
1994-05-29,71.333336,streamflow,9277500,ft3/s,"['A', '[91]']",0
1994-05-30,68.666664,streamflow,9277500,ft3/s,"['A', '[91]']",0
1994-05-31,76.708336,streamflow,9277500,ft3/s,"['A', '[91]']",0
1994-06-01,107.666664,streamflow,9277500,ft3/s,"['A', '[91]']",0
1994-06-02,92.416664,streamflow,9277500,ft3/s,"['A', '[91]']",0
1994-06-03,86.833336,streamflow,9277500,ft3/s,"['A', '[91]']",0
1994-06-04,86.875,streamflow,9277500,ft3/s,"['A', '[91]']",0
1994-06-05,86.875,streamflow,9277500,ft3/s,"['A', '[91]']",0
1994-06-06,87.291664,streamflow,9277500,ft3/s,"['A', '[91]']",0
1994-06-07,71.916664,streamflow,9277500,ft3/s,"['A', '[91]']",0
1994-06-08,46.5,streamflow,9277500,ft3/s,"['A', '[91]']",0
1994-06-09,44.958332,streamflow,9277500,ft3/s,"['A', '[91]']",0
1994-06-10,48.625,streamflow,9277500,ft3/s,"['A', '[91]']",0
1994-06-11,44.25,streamflow,9277500,ft3/s,"['A', '[91]']",0
1994-06-12,43.041668,streamflow,9277500,ft3/s,"['A', '[91]']",0
1994-06-13,42.458332,streamflow,9277500,ft3/s,"['A', '[91]']",0
1994-06-14,47.791668,streamflow,9277500,ft3/s,"['A', '[91]']",0
1994-06-15,48.125,streamflow,9277500,ft3/s,"['A', '[91]']",0
1994-06-16,60.375,streamflow,9277500,ft3/s,"['A', '[91]']",0
1994-06-17,75.291664,streamflow,9277500,ft3/s,"['A', '[91]']",0
1994-06-18,69.541664,streamflow,9277500,ft3/s,"['A', '[91]']",0
1994-06-19,71.708336,streamflow,9277500,ft3/s,"['A', '[91]']",0
1994-06-20,75.958336,streamflow,9277500,ft3/s,"['A', '[91]']",0
1994-06-21,73.833336,streamflow,9277500,ft3/s,"['A', '[91]']",0
1994-06-22,76.708336,streamflow,9277500,ft3/s,"['A', '[91]']",0
1994-06-23,70.041664,streamflow,9277500,ft3/s,"['A', '[91]']",0
1994-06-24,67.916664,streamflow,9277500,ft3/s,"['A', '[91]']",0
1994-06-25,65.416664,streamflow,9277500,ft3/s,"['A', '[91]']",0
1994-06-26,61.583332,streamflow,9277500,ft3/s,"['A', '[91]']",0
1994-06-27,59.458332,streamflow,9277500,ft3/s,"['A', '[91]']",0
1994-06-28,57.666668,streamflow,9277500,ft3/s,"['A', '[91]']",0
1994-06-29,55.75,streamflow,9277500,ft3/s,"['A', '[91]']",0
1994-06-30,53.791668,streamflow,9277500,ft3/s,"['A', '[91]']",0
1994-07-01,48.791668,streamflow,9277500,ft3/s,"['A', '[91]']",0
1994-07-02,43.75,streamflow,9277500,ft3/s,"['A', '[91]']",0
1994-07-03,48.958332,streamflow,9277500,ft3/s,"['A', '[91]']",0
1994-07-04,47.958332,streamflow,9277500,ft3/s,"['A', '[91]']",0
1994-07-05,44.375,streamflow,9277500,ft3/s,"['A', '[91]']",0
1994-07-06,44.708332,streamflow,9277500,ft3/s,"['A', '[91]']",0
1994-07-07,42.458332,streamflow,9277500,ft3/s,"['A', '[91]']",0
1994-07-08,41.0,streamflow,9277500,ft3/s,"['A', '[91]']",0
1994-07-09,38.166668,streamflow,9277500,ft3/s,"['A', '[91]']",0
1994-07-10,35.666668,streamflow,9277500,ft3/s,"['A', '[91]']",0
1994-07-11,34.291668,streamflow,9277500,ft3/s,"['A', '[91]']",0
1994-07-12,31.916666,streamflow,9277500,ft3/s,"['A', '[91]']",0
1994-07-13,31.916666,streamflow,9277500,ft3/s,"['A', '[91]']",0
1994-07-14,33.375,streamflow,9277500,ft3/s,"['A', '[91]']",0
1994-07-15,37.791668,streamflow,9277500,ft3/s,"['A', '[91]']",0
1994-07-16,35.458332,streamflow,9277500,ft3/s,"['A', '[91]']",0
1994-07-17,38.0,streamflow,9277500,ft3/s,"['A', '[91]']",0
1994-07-18,37.375,streamflow,9277500,ft3/s,"['A', '[91]']",0
1994-07-19,36.333332,streamflow,9277500,ft3/s,"['A', '[91]']",0
1994-07-20,34.666668,streamflow,9277500,ft3/s,"['A', '[91]']",0
1994-07-21,34.5,streamflow,9277500,ft3/s,"['A', '[91]']",0
1994-07-22,34.75,streamflow,9277500,ft3/s,"['A', '[91]']",0
1994-07-23,40.875,streamflow,9277500,ft3/s,"['A', '[91]']",0
1994-07-24,39.25,streamflow,9277500,ft3/s,"['A', '[91]']",0
1994-07-25,46.291668,streamflow,9277500,ft3/s,"['A', '[91]']",0
1994-07-26,42.291668,streamflow,9277500,ft3/s,"['A', '[91]']",0
1994-07-27,43.0,streamflow,9277500,ft3/s,"['A', '[91]']",0
1994-07-28,44.541668,streamflow,9277500,ft3/s,"['A', '[91]']",0
1994-07-29,43.5,streamflow,9277500,ft3/s,"['A', '[91]']",0
1994-07-30,43.833332,streamflow,9277500,ft3/s,"['A', '[91]']",0
1994-07-31,48.041668,streamflow,9277500,ft3/s,"['A', '[91]']",0
1994-08-01,50.541668,streamflow,9277500,ft3/s,"['A', '[91]']",0
1994-08-02,53.875,streamflow,9277500,ft3/s,"['A', '[91]']",0
1994-08-03,56.583332,streamflow,9277500,ft3/s,"['A', '[91]']",0
1994-08-04,52.458332,streamflow,9277500,ft3/s,"['A', '[91]']",0
1994-08-05,47.25,streamflow,9277500,ft3/s,"['A', '[91]']",0
1994-08-06,45.625,streamflow,9277500,ft3/s,"['A', '[91]']",0
1994-08-07,45.708332,streamflow,9277500,ft3/s,"['A', '[91]']",0
1994-08-08,50.166668,streamflow,9277500,ft3/s,"['A', '[91]']",0
1994-08-09,58.708332,streamflow,9277500,ft3/s,"['A', '[91]']",0
1994-08-10,76.791664,streamflow,9277500,ft3/s,"['A', '[91]']",0
1994-08-11,68.5,streamflow,9277500,ft3/s,"['A', '[91]']",0
1994-08-12,63.5,streamflow,9277500,ft3/s,"['A', '[91]']",0
1994-08-13,62.791668,streamflow,9277500,ft3/s,"['A', '[91]']",0
1994-08-14,64.583336,streamflow,9277500,ft3/s,"['A', '[91]']",0
1994-08-15,62.958332,streamflow,9277500,ft3/s,"['A', '[91]']",0
1994-08-16,56.375,streamflow,9277500,ft3/s,"['A', '[91]']",0
1994-08-17,57.083332,streamflow,9277500,ft3/s,"['A', '[91]']",0
1994-08-18,57.5,streamflow,9277500,ft3/s,"['A', '[91]']",0
1994-08-19,67.416664,streamflow,9277500,ft3/s,"['A', '[91]']",0
1994-08-20,81.083336,streamflow,9277500,ft3/s,"['A', '[91]']",0
1994-08-21,72.416664,streamflow,9277500,ft3/s,"['A', '[91]']",0
1994-08-22,69.166664,streamflow,9277500,ft3/s,"['A', '[91]']",0
1994-08-23,69.0,streamflow,9277500,ft3/s,"['A', '[91]']",0
1994-08-24,66.875,streamflow,9277500,ft3/s,"['A', '[91]']",0
1994-08-25,62.791668,streamflow,9277500,ft3/s,"['A', '[91]']",0
1994-08-26,59.875,streamflow,9277500,ft3/s,"['A', '[91]']",0
1994-08-27,62.041668,streamflow,9277500,ft3/s,"['A', '[91]']",0
1994-08-28,61.166668,streamflow,9277500,ft3/s,"['A', '[91]']",0
1994-08-29,58.5,streamflow,9277500,ft3/s,"['A', '[91]']",0
1994-08-30,57.125,streamflow,9277500,ft3/s,"['A', '[91]']",0
1994-08-31,54.916668,streamflow,9277500,ft3/s,"['A', '[91]']",0
1994-09-01,51.416668,streamflow,9277500,ft3/s,"['A', '[91]']",0
1994-09-02,48.208332,streamflow,9277500,ft3/s,"['A', '[91]']",0
1994-09-03,45.0,streamflow,9277500,ft3/s,"['A', '[91]']",0
1994-09-04,43.833332,streamflow,9277500,ft3/s,"['A', '[91]']",0
1994-09-05,42.958332,streamflow,9277500,ft3/s,"['A', '[91]']",0
1994-09-06,44.166668,streamflow,9277500,ft3/s,"['A', '[91]']",0
1994-09-07,46.458332,streamflow,9277500,ft3/s,"['A', '[91]']",0
1994-09-08,48.0,streamflow,9277500,ft3/s,"['A', '[91]']",0
1994-09-09,48.333332,streamflow,9277500,ft3/s,"['A', '[91]']",0
1994-09-10,48.0,streamflow,9277500,ft3/s,"['A', '[91]']",0
1994-09-11,51.125,streamflow,9277500,ft3/s,"['A', '[91]']",0
1994-09-12,51.416668,streamflow,9277500,ft3/s,"['A', '[91]']",0
1994-09-13,59.041668,streamflow,9277500,ft3/s,"['A', '[91]']",0
1994-09-14,68.416664,streamflow,9277500,ft3/s,"['A', '[91]']",0
1994-09-15,64.125,streamflow,9277500,ft3/s,"['A', '[91]']",0
1994-09-16,63.75,streamflow,9277500,ft3/s,"['A', '[91]']",0
1994-09-17,61.291668,streamflow,9277500,ft3/s,"['A', '[91]']",0
1994-09-18,61.0,streamflow,9277500,ft3/s,"['A', '[91]']",0
1994-09-19,61.0,streamflow,9277500,ft3/s,"['A', '[91]']",0
1994-09-20,61.291668,streamflow,9277500,ft3/s,"['A', '[91]']",0
1994-09-21,65.625,streamflow,9277500,ft3/s,"['A', '[91]']",0
1994-09-22,59.375,streamflow,9277500,ft3/s,"['A', '[91]']",0
1994-09-23,59.75,streamflow,9277500,ft3/s,"['A', '[91]']",0
1994-09-24,62.833332,streamflow,9277500,ft3/s,"['A', '[91]']",0
1994-09-25,58.583332,streamflow,9277500,ft3/s,"['A', '[91]']",0
1994-09-26,58.291668,streamflow,9277500,ft3/s,"['A', '[91]']",0
1994-09-27,57.958332,streamflow,9277500,ft3/s,"['A', '[91]']",0
1994-09-28,59.0,streamflow,9277500,ft3/s,"['A', '[91]']",0
1994-09-29,57.666668,streamflow,9277500,ft3/s,"['A', '[91]']",0
1994-09-30,70.958336,streamflow,9277500,ft3/s,"['A', '[91]']",0
1994-10-01,76.5,streamflow,9277500,ft3/s,"['A', '[91]']",0
1994-10-02,84.833336,streamflow,9277500,ft3/s,"['A', '[91]']",0
1994-10-03,96.0,streamflow,9277500,ft3/s,"['A', '[91]']",0
1994-10-04,130.91667,streamflow,9277500,ft3/s,"['A', '[91]']",0
1994-10-05,118.833336,streamflow,9277500,ft3/s,"['A', '[91]']",0
1994-10-06,118.75,streamflow,9277500,ft3/s,"['A', '[91]']",0
1994-10-07,105.5,streamflow,9277500,ft3/s,"['A', '[91]']",0
1994-10-08,94.291664,streamflow,9277500,ft3/s,"['A', '[91]']",0
1994-10-09,93.458336,streamflow,9277500,ft3/s,"['A', '[91]']",0
1994-10-10,90.5,streamflow,9277500,ft3/s,"['A', '[91]']",0
1994-10-11,93.0,streamflow,9277500,ft3/s,"['A', '[91]']",0
1994-10-12,93.0,streamflow,9277500,ft3/s,"['A', '[91]']",0
1994-10-13,88.875,streamflow,9277500,ft3/s,"['A', '[91]']",0
1994-10-14,89.0,streamflow,9277500,ft3/s,"['A', '[91]']",0
1994-10-15,92.791664,streamflow,9277500,ft3/s,"['A', '[91]']",0
1994-10-16,99.770836,streamflow,9277500,ft3/s,"['A', '[91]']",0
1994-10-17,100.9375,streamflow,9277500,ft3/s,"['A', '[91]']",0
1994-10-18,96.854164,streamflow,9277500,ft3/s,"['A', '[91]']",0
1994-10-19,96.0,streamflow,9277500,ft3/s,"['A', '[91]']",0
1994-10-20,96.0,streamflow,9277500,ft3/s,"['A', '[91]']",0
1994-10-21,98.0,streamflow,9277500,ft3/s,"['A', '[91]']",0
1994-10-22,98.0,streamflow,9277500,ft3/s,"['A', '[91]']",0
1994-10-23,97.083336,streamflow,9277500,ft3/s,"['A', '[91]']",0
1994-10-24,96.0,streamflow,9277500,ft3/s,"['A', '[91]']",0
1994-10-25,91.75,streamflow,9277500,ft3/s,"['A', '[91]']",0
1994-10-26,91.0,streamflow,9277500,ft3/s,"['A', '[91]']",0
1994-10-27,91.416664,streamflow,9277500,ft3/s,"['A', '[91]']",0
1994-10-28,93.0,streamflow,9277500,ft3/s,"['A', '[91]']",0
1994-10-29,93.0,streamflow,9277500,ft3/s,"['A', '[91]']",0
1994-10-30,93.0,streamflow,9277500,ft3/s,"['A', '[91]']",0
1994-10-31,89.24,streamflow,9277500,ft3/s,"['A', '[91]']",0
1994-11-01,89.48,streamflow,9277500,ft3/s,"['A', '[91]']",0
1994-11-02,93.0,streamflow,9277500,ft3/s,"['A', '[91]']",0
1994-11-03,93.0,streamflow,9277500,ft3/s,"['A', '[91]']",0
1994-11-04,91.72,streamflow,9277500,ft3/s,"['A', '[91]']",0
1994-11-05,92.12,streamflow,9277500,ft3/s,"['A', '[91]']",0
1994-11-06,92.72,streamflow,9277500,ft3/s,"['A', '[91]']",0
1994-11-07,91.0,streamflow,9277500,ft3/s,"['A', '[91]']",0
1994-11-08,91.0,streamflow,9277500,ft3/s,"['A', '[91]']",0
1994-11-09,88.72,streamflow,9277500,ft3/s,"['A', '[91]']",0
1994-11-10,86.32,streamflow,9277500,ft3/s,"['A', '[91]']",0
1994-11-11,86.0,streamflow,9277500,ft3/s,"['A', '[91]']",0
1994-11-12,,streamflow,9277500,ft3/s,"['A', '[91]']",0
1994-11-13,,streamflow,9277500,ft3/s,"['A', '[91]']",0
1994-11-14,,streamflow,9277500,ft3/s,"['A', '[91]']",0
1994-11-15,,streamflow,9277500,ft3/s,"['A', '[91]']",0
1994-11-16,,streamflow,9277500,ft3/s,"['A', '[91]']",0
1994-11-17,,streamflow,9277500,ft3/s,"['A', '[91]']",0
1994-11-18,92.64706,streamflow,9277500,ft3/s,"['A', '[91]']",0
1994-11-19,88.833336,streamflow,9277500,ft3/s,"['A', '[91]']",0
1994-11-20,84.208336,streamflow,9277500,ft3/s,"['A', '[91]']",0
1994-11-21,86.875,streamflow,9277500,ft3/s,"['A', '[91]']",0
1994-11-22,82.833336,streamflow,9277500,ft3/s,"['A', '[91]']",0
1994-11-23,79.583336,streamflow,9277500,ft3/s,"['A', '[91]']",0
1994-11-24,83.291664,streamflow,9277500,ft3/s,"['A', '[91]']",0
1994-11-25,84.0,streamflow,9277500,ft3/s,"['A', '[91]']",0
1994-11-26,83.75,streamflow,9277500,ft3/s,"['A', '[91]']",0
1994-11-27,82.416664,streamflow,9277500,ft3/s,"['A', '[91]']",0
1994-11-28,83.0,streamflow,9277500,ft3/s,"['A', '[91]']",0
1994-11-29,86.791664,streamflow,9277500,ft3/s,"['A', '[91]']",0
1994-11-30,84.416664,streamflow,9277500,ft3/s,"['A', '[91]']",0
1994-12-01,81.791664,streamflow,9277500,ft3/s,"['A', '[91]']",0
1994-12-02,80.708336,streamflow,9277500,ft3/s,"['A', '[91]']",0
1994-12-03,80.0,streamflow,9277500,ft3/s,"['A', '[91]']",0
1994-12-04,81.0,streamflow,9277500,ft3/s,"['A', '[91]']",0
1994-12-05,81.0,streamflow,9277500,ft3/s,"['A', '[91]']",0
1994-12-06,81.0,streamflow,9277500,ft3/s,"['A', '[91]']",0
1994-12-07,81.0,streamflow,9277500,ft3/s,"['A', '[91]']",0
1994-12-08,72.916664,streamflow,9277500,ft3/s,"['A', '[91]']",0
1994-12-09,71.375,streamflow,9277500,ft3/s,"['A', '[91]']",0
1994-12-10,83.708336,streamflow,9277500,ft3/s,"['A', '[91]']",0
1994-12-11,93.041664,streamflow,9277500,ft3/s,"['A', '[91]']",0
1994-12-12,81.958336,streamflow,9277500,ft3/s,"['A', '[91]']",0
1994-12-13,78.833336,streamflow,9277500,ft3/s,"['A', '[91]']",0
1994-12-14,81.208336,streamflow,9277500,ft3/s,"['A', '[91]']",0
1994-12-15,79.291664,streamflow,9277500,ft3/s,"['A', '[91]']",0
1994-12-16,80.416664,streamflow,9277500,ft3/s,"['A', '[91]']",0
1994-12-17,79.458336,streamflow,9277500,ft3/s,"['A', '[91]']",0
1994-12-18,77.125,streamflow,9277500,ft3/s,"['A', '[91]']",0
1994-12-19,74.25,streamflow,9277500,ft3/s,"['A', '[91]']",0
1994-12-20,77.083336,streamflow,9277500,ft3/s,"['A', '[91]']",0
1994-12-21,80.708336,streamflow,9277500,ft3/s,"['A', '[91]']",0
1994-12-22,79.625,streamflow,9277500,ft3/s,"['A', '[91]']",0
1994-12-23,75.958336,streamflow,9277500,ft3/s,"['A', '[91]']",0
1994-12-24,77.0,streamflow,9277500,ft3/s,"['A', '[91]']",0
1994-12-25,77.0,streamflow,9277500,ft3/s,"['A', '[91]']",0
1994-12-26,75.708336,streamflow,9277500,ft3/s,"['A', '[91]']",0
1994-12-27,73.041664,streamflow,9277500,ft3/s,"['A', '[91]']",0
1994-12-28,72.0,streamflow,9277500,ft3/s,"['A', '[91]']",0
1994-12-29,73.708336,streamflow,9277500,ft3/s,"['A', '[91]']",0
1994-12-30,73.375,streamflow,9277500,ft3/s,"['A', '[91]']",0
1994-12-31,67.458336,streamflow,9277500,ft3/s,"['A', '[91]']",0
1995-01-01,65.5,streamflow,9277500,ft3/s,"['A', '[91]']",0
1995-01-02,78.71429,streamflow,9277500,ft3/s,"['A', '[91]']",0
1995-01-03,,streamflow,9277500,ft3/s,"['A', '[91]']",0
1995-01-04,,streamflow,9277500,ft3/s,"['A', '[91]']",0
1995-01-05,68.70588,streamflow,9277500,ft3/s,"['A', '[91]']",0
1995-01-06,71.125,streamflow,9277500,ft3/s,"['A', '[91]']",0
1995-01-07,72.75,streamflow,9277500,ft3/s,"['A', '[91]']",0
1995-01-08,73.541664,streamflow,9277500,ft3/s,"['A', '[91]']",0
1995-01-09,76.291664,streamflow,9277500,ft3/s,"['A', '[91]']",0
1995-01-10,72.625,streamflow,9277500,ft3/s,"['A', '[91]']",0
1995-01-11,74.458336,streamflow,9277500,ft3/s,"['A', '[91]']",0
1995-01-12,71.083336,streamflow,9277500,ft3/s,"['A', '[91]']",0
1995-01-13,71.375,streamflow,9277500,ft3/s,"['A', '[91]']",0
1995-01-14,72.625,streamflow,9277500,ft3/s,"['A', '[91]']",0
1995-01-15,75.666664,streamflow,9277500,ft3/s,"['A', '[91]']",0
1995-01-16,73.541664,streamflow,9277500,ft3/s,"['A', '[91]']",0
1995-01-17,73.416664,streamflow,9277500,ft3/s,"['A', '[91]']",0
1995-01-18,73.541664,streamflow,9277500,ft3/s,"['A', '[91]']",0
1995-01-19,74.833336,streamflow,9277500,ft3/s,"['A', '[91]']",0
1995-01-20,75.583336,streamflow,9277500,ft3/s,"['A', '[91]']",0
1995-01-21,75.75,streamflow,9277500,ft3/s,"['A', '[91]']",0
1995-01-22,68.041664,streamflow,9277500,ft3/s,"['A', '[91]']",0
1995-01-23,89.28571,streamflow,9277500,ft3/s,"['A', '[91]']",0
1995-01-24,,streamflow,9277500,ft3/s,"['A', '[91]']",0
1995-01-25,75.588234,streamflow,9277500,ft3/s,"['A', '[91]']",0
1995-01-26,73.333336,streamflow,9277500,ft3/s,"['A', '[91]']",0
1995-01-27,70.875,streamflow,9277500,ft3/s,"['A', '[91]']",0
1995-01-28,73.291664,streamflow,9277500,ft3/s,"['A', '[91]']",0
1995-01-29,69.958336,streamflow,9277500,ft3/s,"['A', '[91]']",0
1995-01-30,73.333336,streamflow,9277500,ft3/s,"['A', '[91]']",0
1995-01-31,74.541664,streamflow,9277500,ft3/s,"['A', '[91]']",0
1995-02-01,76.041664,streamflow,9277500,ft3/s,"['A', '[91]']",0
1995-02-02,84.25,streamflow,9277500,ft3/s,"['A', '[91]']",0
1995-02-03,84.25,streamflow,9277500,ft3/s,"['A', '[91]']",0
1995-02-04,78.833336,streamflow,9277500,ft3/s,"['A', '[91]']",0
1995-02-05,78.541664,streamflow,9277500,ft3/s,"['A', '[91]']",0
1995-02-06,78.791664,streamflow,9277500,ft3/s,"['A', '[91]']",0
1995-02-07,78.958336,streamflow,9277500,ft3/s,"['A', '[91]']",0
1995-02-08,78.25,streamflow,9277500,ft3/s,"['A', '[91]']",0
1995-02-09,77.25,streamflow,9277500,ft3/s,"['A', '[91]']",0
1995-02-10,75.125,streamflow,9277500,ft3/s,"['A', '[91]']",0
1995-02-11,74.208336,streamflow,9277500,ft3/s,"['A', '[91]']",0
1995-02-12,72.25,streamflow,9277500,ft3/s,"['A', '[91]']",0
1995-02-13,73.166664,streamflow,9277500,ft3/s,"['A', '[91]']",0
1995-02-14,74.583336,streamflow,9277500,ft3/s,"['A', '[91]']",0
1995-02-15,63.333332,streamflow,9277500,ft3/s,"['A', '[91]']",0
1995-02-16,75.333336,streamflow,9277500,ft3/s,"['A', '[91]']",0
1995-02-17,77.791664,streamflow,9277500,ft3/s,"['A', '[91]']",0
1995-02-18,72.375,streamflow,9277500,ft3/s,"['A', '[91]']",0
1995-02-19,74.541664,streamflow,9277500,ft3/s,"['A', '[91]']",0
1995-02-20,73.75,streamflow,9277500,ft3/s,"['A', '[91]']",0
1995-02-21,75.083336,streamflow,9277500,ft3/s,"['A', '[91]']",0
1995-02-22,74.875,streamflow,9277500,ft3/s,"['A', '[91]']",0
1995-02-23,78.208336,streamflow,9277500,ft3/s,"['A', '[91]']",0
1995-02-24,80.458336,streamflow,9277500,ft3/s,"['A', '[91]']",0
1995-02-25,78.875,streamflow,9277500,ft3/s,"['A', '[91]']",0
1995-02-26,80.333336,streamflow,9277500,ft3/s,"['A', '[91]']",0
1995-02-27,81.458336,streamflow,9277500,ft3/s,"['A', '[91]']",0
1995-02-28,80.125,streamflow,9277500,ft3/s,"['A', '[91]']",0
1995-03-01,77.333336,streamflow,9277500,ft3/s,"['A', '[91]']",0
1995-03-02,77.041664,streamflow,9277500,ft3/s,"['A', '[91]']",0
1995-03-03,74.625,streamflow,9277500,ft3/s,"['A', '[91]']",0
1995-03-04,76.875,streamflow,9277500,ft3/s,"['A', '[91]']",0
1995-03-05,73.666664,streamflow,9277500,ft3/s,"['A', '[91]']",0
1995-03-06,74.375,streamflow,9277500,ft3/s,"['A', '[91]']",0
1995-03-07,69.0,streamflow,9277500,ft3/s,"['A', '[91]']",0
1995-03-08,69.458336,streamflow,9277500,ft3/s,"['A', '[91]']",0
1995-03-09,74.083336,streamflow,9277500,ft3/s,"['A', '[91]']",0
1995-03-10,74.125,streamflow,9277500,ft3/s,"['A', '[91]']",0
1995-03-11,77.291664,streamflow,9277500,ft3/s,"['A', '[91]']",0
1995-03-12,107.020836,streamflow,9277500,ft3/s,"['A', '[91]']",0
1995-03-13,96.270836,streamflow,9277500,ft3/s,"['A', '[91]']",0
1995-03-14,87.041664,streamflow,9277500,ft3/s,"['A', '[91]']",0
1995-03-15,84.625,streamflow,9277500,ft3/s,"['A', '[91]']",0
1995-03-16,86.270836,streamflow,9277500,ft3/s,"['A', '[91]']",0
1995-03-17,88.6,streamflow,9277500,ft3/s,"['A', '[91]']",0
1995-03-18,91.72,streamflow,9277500,ft3/s,"['A', '[91]']",0
1995-03-19,99.82,streamflow,9277500,ft3/s,"['A', '[91]']",0
1995-03-20,100.656,streamflow,9277500,ft3/s,"['A', '[91]']",0
1995-03-21,93.4,streamflow,9277500,ft3/s,"['A', '[91]']",0
1995-03-22,95.72,streamflow,9277500,ft3/s,"['A', '[91]']",0
1995-03-23,91.76,streamflow,9277500,ft3/s,"['A', '[91]']",0
1995-03-24,90.8,streamflow,9277500,ft3/s,"['A', '[91]']",0
1995-03-25,86.16,streamflow,9277500,ft3/s,"['A', '[91]']",0
1995-03-26,82.16,streamflow,9277500,ft3/s,"['A', '[91]']",0
1995-03-27,83.36,streamflow,9277500,ft3/s,"['A', '[91]']",0
1995-03-28,82.88,streamflow,9277500,ft3/s,"['A', '[91]']",0
1995-03-29,81.48,streamflow,9277500,ft3/s,"['A', '[91]']",0
1995-03-30,80.96,streamflow,9277500,ft3/s,"['A', '[91]']",0
1995-03-31,82.36,streamflow,9277500,ft3/s,"['A', '[91]']",0
1995-04-01,86.82,streamflow,9277500,ft3/s,"['A', '[91]']",0
1995-04-02,83.16,streamflow,9277500,ft3/s,"['A', '[91]']",0
1995-04-03,83.8,streamflow,9277500,ft3/s,"['A', '[91]']",0
1995-04-04,87.76,streamflow,9277500,ft3/s,"['A', '[91]']",0
1995-04-05,90.0,streamflow,9277500,ft3/s,"['A', '[91]']",0
1995-04-06,,streamflow,9277500,ft3/s,"['A', '[91]']",0
1995-04-07,,streamflow,9277500,ft3/s,"['A', '[91]']",0
1995-04-08,99.111115,streamflow,9277500,ft3/s,"['A', '[91]']",0
1995-04-09,96.395836,streamflow,9277500,ft3/s,"['A', '[91]']",0
1995-04-10,92.666664,streamflow,9277500,ft3/s,"['A', '[91]']",0
1995-04-11,89.833336,streamflow,9277500,ft3/s,"['A', '[91]']",0
1995-04-12,86.875,streamflow,9277500,ft3/s,"['A', '[91]']",0
1995-04-13,87.916664,streamflow,9277500,ft3/s,"['A', '[91]']",0
1995-04-14,91.833336,streamflow,9277500,ft3/s,"['A', '[91]']",0
1995-04-15,93.958336,streamflow,9277500,ft3/s,"['A', '[91]']",0
1995-04-16,90.958336,streamflow,9277500,ft3/s,"['A', '[91]']",0
1995-04-17,88.583336,streamflow,9277500,ft3/s,"['A', '[91]']",0
1995-04-18,88.791664,streamflow,9277500,ft3/s,"['A', '[91]']",0
1995-04-19,89.75,streamflow,9277500,ft3/s,"['A', '[91]']",0
1995-04-20,91.625,streamflow,9277500,ft3/s,"['A', '[91]']",0
1995-04-21,85.041664,streamflow,9277500,ft3/s,"['A', '[91]']",0
1995-04-22,84.583336,streamflow,9277500,ft3/s,"['A', '[91]']",0
1995-04-23,83.166664,streamflow,9277500,ft3/s,"['A', '[91]']",0
1995-04-24,83.583336,streamflow,9277500,ft3/s,"['A', '[91]']",0
1995-04-25,79.208336,streamflow,9277500,ft3/s,"['A', '[91]']",0
1995-04-26,81.875,streamflow,9277500,ft3/s,"['A', '[91]']",0
1995-04-27,79.083336,streamflow,9277500,ft3/s,"['A', '[91]']",0
1995-04-28,82.125,streamflow,9277500,ft3/s,"['A', '[91]']",0
1995-04-29,90.458336,streamflow,9277500,ft3/s,"['A', '[91]']",0
1995-04-30,106.1875,streamflow,9277500,ft3/s,"['A', '[91]']",0
1995-05-01,104.583336,streamflow,9277500,ft3/s,"['A', '[91]']",0
1995-05-02,121.666664,streamflow,9277500,ft3/s,"['A', '[91]']",0
1995-05-03,129.33333,streamflow,9277500,ft3/s,"['A', '[91]']",0
1995-05-04,117.083336,streamflow,9277500,ft3/s,"['A', '[91]']",0
1995-05-05,115.166664,streamflow,9277500,ft3/s,"['A', '[91]']",0
1995-05-06,119.333336,streamflow,9277500,ft3/s,"['A', '[91]']",0
1995-05-07,119.5,streamflow,9277500,ft3/s,"['A', '[91]']",0
1995-05-08,114.583336,streamflow,9277500,ft3/s,"['A', '[91]']",0
1995-05-09,113.5,streamflow,9277500,ft3/s,"['A', '[91]']",0
1995-05-10,120.166664,streamflow,9277500,ft3/s,"['A', '[91]']",0
1995-05-11,130.5,streamflow,9277500,ft3/s,"['A', '[91]']",0
1995-05-12,140.75,streamflow,9277500,ft3/s,"['A', '[91]']",0
1995-05-13,132.91667,streamflow,9277500,ft3/s,"['A', '[91]']",0
1995-05-14,129.5,streamflow,9277500,ft3/s,"['A', '[91]']",0
1995-05-15,131.33333,streamflow,9277500,ft3/s,"['A', '[91]']",0
1995-05-16,132.88,streamflow,9277500,ft3/s,"['A', '[91]']",0
1995-05-17,139.04,streamflow,9277500,ft3/s,"['A', '[91]']",0
1995-05-18,142.8,streamflow,9277500,ft3/s,"['A', '[91]']",0
1995-05-19,169.4,streamflow,9277500,ft3/s,"['A', '[91]']",0
1995-05-20,170.08,streamflow,9277500,ft3/s,"['A', '[91]']",0
1995-05-21,186.32,streamflow,9277500,ft3/s,"['A', '[91]']",0
1995-05-22,212.96,streamflow,9277500,ft3/s,"['A', '[91]']",0
1995-05-23,258.64,streamflow,9277500,ft3/s,"['A', '[91]']",0
1995-05-24,293.24,streamflow,9277500,ft3/s,"['A', '[91]']",0
1995-05-25,286.56,streamflow,9277500,ft3/s,"['A', '[91]']",0
1995-05-26,256.2,streamflow,9277500,ft3/s,"['A', '[91]']",0
1995-05-27,228.36,streamflow,9277500,ft3/s,"['A', '[91]']",0
1995-05-28,204.44,streamflow,9277500,ft3/s,"['A', '[91]']",0
1995-05-29,200.4,streamflow,9277500,ft3/s,"['A', '[91]']",0
1995-05-30,197.48,streamflow,9277500,ft3/s,"['A', '[91]']",0
1995-05-31,196.72,streamflow,9277500,ft3/s,"['A', '[91]']",0
1995-06-01,206.8,streamflow,9277500,ft3/s,"['A', '[91]']",0
1995-06-02,276.16,streamflow,9277500,ft3/s,"['A', '[91]']",0
1995-06-03,395.2,streamflow,9277500,ft3/s,"['A', '[91]']",0
1995-06-04,543.92,streamflow,9277500,ft3/s,"['A', '[91]']",0
1995-06-05,617.8,streamflow,9277500,ft3/s,"['A', '[91]']",0
1995-06-06,744.72,streamflow,9277500,ft3/s,"['A', '[91]']",0
1995-06-07,772.4,streamflow,9277500,ft3/s,"['A', '[91]']",0
1995-06-08,741.32,streamflow,9277500,ft3/s,"['A', '[91]']",0
1995-06-09,688.6,streamflow,9277500,ft3/s,"['A', '[91]']",0
1995-06-10,598.88,streamflow,9277500,ft3/s,"['A', '[91]']",0
1995-06-11,608.6,streamflow,9277500,ft3/s,"['A', '[91]']",0
1995-06-12,728.72,streamflow,9277500,ft3/s,"['A', '[91]']",0
1995-06-13,1080.28,streamflow,9277500,ft3/s,"['A', '[91]']",0
1995-06-14,1394.4,streamflow,9277500,ft3/s,"['A', '[91]']",0
1995-06-15,1591.25,streamflow,9277500,ft3/s,"['A', '[91]']",0
1995-06-16,1530.0,streamflow,9277500,ft3/s,"['A', '[91]']",0
1995-06-17,1220.0,streamflow,9277500,ft3/s,"['A', '[91]']",0
1995-06-18,1029.25,streamflow,9277500,ft3/s,"['A', '[91]']",0
1995-06-19,951.5417,streamflow,9277500,ft3/s,"['A', '[91]']",0
1995-06-20,1110.625,streamflow,9277500,ft3/s,"['A', '[91]']",0
1995-06-21,1137.9584,streamflow,9277500,ft3/s,"['A', '[91]']",0
1995-06-22,1130.75,streamflow,9277500,ft3/s,"['A', '[91]']",0
1995-06-23,1072.5834,streamflow,9277500,ft3/s,"['A', '[91]']",0
1995-06-24,1104.0834,streamflow,9277500,ft3/s,"['A', '[91]']",0
1995-06-25,1168.5,streamflow,9277500,ft3/s,"['A', '[91]']",0
1995-06-26,1195.8334,streamflow,9277500,ft3/s,"['A', '[91]']",0
1995-06-27,1274.5834,streamflow,9277500,ft3/s,"['A', '[91]']",0
1995-06-28,1297.9166,streamflow,9277500,ft3/s,"['A', '[91]']",0
1995-06-29,1232.5,streamflow,9277500,ft3/s,"['A', '[91]']",0
1995-06-30,892.7083,streamflow,9277500,ft3/s,"['A', '[91]']",0
1995-07-01,771.5417,streamflow,9277500,ft3/s,"['A', '[91]']",0
1995-07-02,725.75,streamflow,9277500,ft3/s,"['A', '[91]']",0
1995-07-03,773.1667,streamflow,9277500,ft3/s,"['A', '[91]']",0
1995-07-04,821.1667,streamflow,9277500,ft3/s,"['A', '[91]']",0
1995-07-05,610.2917,streamflow,9277500,ft3/s,"['A', '[91]']",0
1995-07-06,832.2917,streamflow,9277500,ft3/s,"['A', '[91]']",0
1995-07-07,918.5,streamflow,9277500,ft3/s,"['A', '[91]']",0
1995-07-08,921.7083,streamflow,9277500,ft3/s,"['A', '[91]']",0
1995-07-09,832.0,streamflow,9277500,ft3/s,"['A', '[91]']",0
1995-07-10,795.75,streamflow,9277500,ft3/s,"['A', '[91]']",0
1995-07-11,781.5833,streamflow,9277500,ft3/s,"['A', '[91]']",0
1995-07-12,523.2083,streamflow,9277500,ft3/s,"['A', '[91]']",0
1995-07-13,458.54166,streamflow,9277500,ft3/s,"['A', '[91]']",0
1995-07-14,375.04166,streamflow,9277500,ft3/s,"['A', '[91]']",0
1995-07-15,332.0,streamflow,9277500,ft3/s,"['A', '[91]']",0
1995-07-16,294.16666,streamflow,9277500,ft3/s,"['A', '[91]']",0
1995-07-17,272.375,streamflow,9277500,ft3/s,"['A', '[91]']",0
1995-07-18,256.625,streamflow,9277500,ft3/s,"['A', '[91]']",0
1995-07-19,241.33333,streamflow,9277500,ft3/s,"['A', '[91]']",0
1995-07-20,220.95833,streamflow,9277500,ft3/s,"['A', '[91]']",0
1995-07-21,197.70833,streamflow,9277500,ft3/s,"['A', '[91]']",0
1995-07-22,177.04167,streamflow,9277500,ft3/s,"['A', '[91]']",0
1995-07-23,162.16667,streamflow,9277500,ft3/s,"['A', '[91]']",0
1995-07-24,147.95833,streamflow,9277500,ft3/s,"['A', '[91]']",0
1995-07-25,127.666664,streamflow,9277500,ft3/s,"['A', '[92]']",0
1995-07-26,119.416664,streamflow,9277500,ft3/s,"['A', '[92]']",0
1995-07-27,107.291664,streamflow,9277500,ft3/s,"['A', '[92]']",0
1995-07-28,97.625,streamflow,9277500,ft3/s,"['A', '[92]']",0
1995-07-29,85.875,streamflow,9277500,ft3/s,"['A', '[92]']",0
1995-07-30,79.791664,streamflow,9277500,ft3/s,"['A', '[92]']",0
1995-07-31,76.708336,streamflow,9277500,ft3/s,"['A', '[92]']",0
1995-08-01,72.291664,streamflow,9277500,ft3/s,"['A', '[92]']",0
1995-08-02,70.375,streamflow,9277500,ft3/s,"['A', '[92]']",0
1995-08-03,64.625,streamflow,9277500,ft3/s,"['A', '[92]']",0
1995-08-04,59.833332,streamflow,9277500,ft3/s,"['A', '[92]']",0
1995-08-05,58.333332,streamflow,9277500,ft3/s,"['A', '[92]']",0
1995-08-06,59.75,streamflow,9277500,ft3/s,"['A', '[92]']",0
1995-08-07,60.125,streamflow,9277500,ft3/s,"['A', '[92]']",0
1995-08-08,58.666668,streamflow,9277500,ft3/s,"['A', '[92]']",0
1995-08-09,54.625,streamflow,9277500,ft3/s,"['A', '[92]']",0
1995-08-10,53.125,streamflow,9277500,ft3/s,"['A', '[92]']",0
1995-08-11,59.833332,streamflow,9277500,ft3/s,"['A', '[92]']",0
1995-08-12,60.666668,streamflow,9277500,ft3/s,"['A', '[92]']",0
1995-08-13,61.958332,streamflow,9277500,ft3/s,"['A', '[92]']",0
1995-08-14,61.708332,streamflow,9277500,ft3/s,"['A', '[92]']",0
1995-08-15,62.0,streamflow,9277500,ft3/s,"['A', '[92]']",0
1995-08-16,59.25,streamflow,9277500,ft3/s,"['A', '[92]']",0
1995-08-17,62.208332,streamflow,9277500,ft3/s,"['A', '[92]']",0
1995-08-18,58.083332,streamflow,9277500,ft3/s,"['A', '[91]']",0
1995-08-19,55.583332,streamflow,9277500,ft3/s,"['A', '[91]']",0
1995-08-20,57.125,streamflow,9277500,ft3/s,"['A', '[91]']",0
1995-08-21,64.0,streamflow,9277500,ft3/s,"['A', '[91]']",0
1995-08-22,65.416664,streamflow,9277500,ft3/s,"['A', '[91]']",0
1995-08-23,63.208332,streamflow,9277500,ft3/s,"['A', '[91]']",0
1995-08-24,72.833336,streamflow,9277500,ft3/s,"['A', '[91]']",0
1995-08-25,68.166664,streamflow,9277500,ft3/s,"['A', '[91]']",0
1995-08-26,63.166668,streamflow,9277500,ft3/s,"['A', '[91]']",0
1995-08-27,60.416668,streamflow,9277500,ft3/s,"['A', '[91]']",0
1995-08-28,62.916668,streamflow,9277500,ft3/s,"['A', '[91]']",0
1995-08-29,60.666668,streamflow,9277500,ft3/s,"['A', '[91]']",0
1995-08-30,55.708332,streamflow,9277500,ft3/s,"['A', '[91]']",0
1995-08-31,54.291668,streamflow,9277500,ft3/s,"['A', '[91]']",0
1995-09-01,53.875,streamflow,9277500,ft3/s,"['A', '[91]']",0
1995-09-02,58.583332,streamflow,9277500,ft3/s,"['A', '[91]']",0
1995-09-03,66.833336,streamflow,9277500,ft3/s,"['A', '[91]']",0
1995-09-04,64.416664,streamflow,9277500,ft3/s,"['A', '[91]']",0
1995-09-05,64.208336,streamflow,9277500,ft3/s,"['A', '[91]']",0
1995-09-06,65.916664,streamflow,9277500,ft3/s,"['A', '[91]']",0
1995-09-07,65.875,streamflow,9277500,ft3/s,"['A', '[91]']",0
1995-09-08,77.208336,streamflow,9277500,ft3/s,"['A', '[91]']",0
1995-09-09,76.291664,streamflow,9277500,ft3/s,"['A', '[91]']",0
1995-09-10,80.75,streamflow,9277500,ft3/s,"['A', '[91]']",0
1995-09-11,77.333336,streamflow,9277500,ft3/s,"['A', '[91]']",0
1995-09-12,75.958336,streamflow,9277500,ft3/s,"['A', '[91]']",0
1995-09-13,78.416664,streamflow,9277500,ft3/s,"['A', '[91]']",0
1995-09-14,77.458336,streamflow,9277500,ft3/s,"['A', '[91]']",0
1995-09-15,79.666664,streamflow,9277500,ft3/s,"['A', '[91]']",0
1995-09-16,77.0,streamflow,9277500,ft3/s,"['A', '[91]']",0
1995-09-17,75.958336,streamflow,9277500,ft3/s,"['A', '[91]']",0
1995-09-18,81.875,streamflow,9277500,ft3/s,"['A', '[91]']",0
1995-09-19,82.916664,streamflow,9277500,ft3/s,"['A', '[91]']",0
1995-09-20,81.0,streamflow,9277500,ft3/s,"['A', '[91]']",0
1995-09-21,78.125,streamflow,9277500,ft3/s,"['A', '[91]']",0
1995-09-22,84.208336,streamflow,9277500,ft3/s,"['A', '[91]']",0
1995-09-23,84.166664,streamflow,9277500,ft3/s,"['A', '[91]']",0
1995-09-24,82.125,streamflow,9277500,ft3/s,"['A', '[91]']",0
1995-09-25,82.083336,streamflow,9277500,ft3/s,"['A', '[91]']",0
1995-09-26,84.625,streamflow,9277500,ft3/s,"['A', '[91]']",0
1995-09-27,81.583336,streamflow,9277500,ft3/s,"['A', '[91]']",0
1995-09-28,81.291664,streamflow,9277500,ft3/s,"['A', '[91]']",0
1995-09-29,89.416664,streamflow,9277500,ft3/s,"['A', '[91]']",0
1995-09-30,94.3125,streamflow,9277500,ft3/s,"['A', '[91]']",0
1995-10-01,91.416664,streamflow,9277500,ft3/s,"['A', '[91]']",0
1995-10-02,88.666664,streamflow,9277500,ft3/s,"['A', '[91]']",0
1995-10-03,93.25,streamflow,9277500,ft3/s,"['A', '[91]']",0
1995-10-04,96.958336,streamflow,9277500,ft3/s,"['A', '[91]']",0
1995-10-05,105.958336,streamflow,9277500,ft3/s,"['A', '[91]']",0
1995-10-06,105.958336,streamflow,9277500,ft3/s,"['A', '[91]']",0
1995-10-07,106.0,streamflow,9277500,ft3/s,"['A', '[91]']",0
1995-10-08,106.416664,streamflow,9277500,ft3/s,"['A', '[91]']",0
1995-10-09,106.166664,streamflow,9277500,ft3/s,"['A', '[91]']",0
1995-10-10,100.520836,streamflow,9277500,ft3/s,"['A', '[91]']",0
1995-10-11,97.916664,streamflow,9277500,ft3/s,"['A', '[91]']",0
1995-10-12,94.916664,streamflow,9277500,ft3/s,"['A', '[91]']",0
1995-10-13,96.208336,streamflow,9277500,ft3/s,"['A', '[91]']",0
1995-10-14,97.979164,streamflow,9277500,ft3/s,"['A', '[91]']",0
1995-10-15,100.291664,streamflow,9277500,ft3/s,"['A', '[91]']",0
1995-10-16,100.416664,streamflow,9277500,ft3/s,"['A', '[91]']",0
1995-10-17,99.4375,streamflow,9277500,ft3/s,"['A', '[91]']",0
1995-10-18,99.645836,streamflow,9277500,ft3/s,"['A', '[91]']",0
1995-10-19,104.75,streamflow,9277500,ft3/s,"['A', '[91]']",0
1995-10-20,103.979164,streamflow,9277500,ft3/s,"['A', '[91]']",0
1995-10-21,104.458336,streamflow,9277500,ft3/s,"['A', '[91]']",0
1995-10-22,104.541664,streamflow,9277500,ft3/s,"['A', '[91]']",0
1995-10-23,107.833336,streamflow,9277500,ft3/s,"['A', '[91]']",0
1995-10-24,107.5,streamflow,9277500,ft3/s,"['A', '[91]']",0
1995-10-25,108.708336,streamflow,9277500,ft3/s,"['A', '[91]']",0
1995-10-26,118.833336,streamflow,9277500,ft3/s,"['A', '[91]']",0
1995-10-27,119.333336,streamflow,9277500,ft3/s,"['A', '[91]']",0
1995-10-28,114.5,streamflow,9277500,ft3/s,"['A', '[91]']",0
1995-10-29,115.833336,streamflow,9277500,ft3/s,"['A', '[91]']",0
1995-10-30,116.48,streamflow,9277500,ft3/s,"['A', '[91]']",0
1995-10-31,115.44,streamflow,9277500,ft3/s,"['A', '[91]']",0
1995-11-01,116.72,streamflow,9277500,ft3/s,"['A', '[91]']",0
1995-11-02,111.6,streamflow,9277500,ft3/s,"['A', '[91]']",0
1995-11-03,108.14,streamflow,9277500,ft3/s,"['A', '[91]']",0
1995-11-04,108.72,streamflow,9277500,ft3/s,"['A', '[91]']",0
1995-11-05,108.76,streamflow,9277500,ft3/s,"['A', '[91]']",0
1995-11-06,111.92,streamflow,9277500,ft3/s,"['A', '[91]']",0
1995-11-07,112.52,streamflow,9277500,ft3/s,"['A', '[91]']",0
1995-11-08,109.44,streamflow,9277500,ft3/s,"['A', '[91]']",0
1995-11-09,110.96,streamflow,9277500,ft3/s,"['A', '[91]']",0
1995-11-10,115.24,streamflow,9277500,ft3/s,"['A', '[91]']",0
1995-11-11,104.32,streamflow,9277500,ft3/s,"['A', '[91]']",0
1995-11-12,112.6,streamflow,9277500,ft3/s,"['A', '[91]']",0
1995-11-13,111.4,streamflow,9277500,ft3/s,"['A', '[91]']",0
1995-11-14,105.72,streamflow,9277500,ft3/s,"['A', '[91]']",0
1995-11-15,103.56,streamflow,9277500,ft3/s,"['A', '[91]']",0
1995-11-16,102.2,streamflow,9277500,ft3/s,"['A', '[91]']",0
1995-11-17,100.16,streamflow,9277500,ft3/s,"['A', '[91]']",0
1995-11-18,98.36,streamflow,9277500,ft3/s,"['A', '[91]']",0
1995-11-19,98.4,streamflow,9277500,ft3/s,"['A', '[91]']",0
1995-11-20,99.8,streamflow,9277500,ft3/s,"['A', '[91]']",0
1995-11-21,99.58,streamflow,9277500,ft3/s,"['A', '[91]']",0
1995-11-22,97.229164,streamflow,9277500,ft3/s,"['A', '[91]']",0
1995-11-23,95.208336,streamflow,9277500,ft3/s,"['A', '[91]']",0
1995-11-24,91.458336,streamflow,9277500,ft3/s,"['A', '[91]']",0
1995-11-25,96.125,streamflow,9277500,ft3/s,"['A', '[91]']",0
1995-11-26,96.458336,streamflow,9277500,ft3/s,"['A', '[91]']",0
1995-11-27,98.083336,streamflow,9277500,ft3/s,"['A', '[91]']",0
1995-11-28,92.416664,streamflow,9277500,ft3/s,"['A', '[91]']",0
1995-11-29,98.916664,streamflow,9277500,ft3/s,"['A', '[91]']",0
1995-11-30,97.0,streamflow,9277500,ft3/s,"['A', '[91]']",0
1995-12-01,92.75,streamflow,9277500,ft3/s,"['A', '[91]']",0
1995-12-02,89.5,streamflow,9277500,ft3/s,"['A', '[91]']",0
1995-12-03,89.666664,streamflow,9277500,ft3/s,"['A', '[91]']",0
1995-12-04,89.75,streamflow,9277500,ft3/s,"['A', '[91]']",0
1995-12-05,90.166664,streamflow,9277500,ft3/s,"['A', '[91]']",0
1995-12-06,95.083336,streamflow,9277500,ft3/s,"['A', '[91]']",0
1995-12-07,92.291664,streamflow,9277500,ft3/s,"['A', '[91]']",0
1995-12-08,86.166664,streamflow,9277500,ft3/s,"['A', '[91]']",0
1995-12-09,84.666664,streamflow,9277500,ft3/s,"['A', '[91]']",0
1995-12-10,91.791664,streamflow,9277500,ft3/s,"['A', '[91]']",0
1995-12-11,90.25,streamflow,9277500,ft3/s,"['A', '[91]']",0
1995-12-12,88.291664,streamflow,9277500,ft3/s,"['A', '[91]']",0
1995-12-13,94.395836,streamflow,9277500,ft3/s,"['A', '[91]']",0
1995-12-14,84.958336,streamflow,9277500,ft3/s,"['A', '[91]']",0
1995-12-15,81.583336,streamflow,9277500,ft3/s,"['A', '[91]']",0
1995-12-16,84.666664,streamflow,9277500,ft3/s,"['A', '[91]']",0
1995-12-17,85.916664,streamflow,9277500,ft3/s,"['A', '[91]']",0
1995-12-18,82.166664,streamflow,9277500,ft3/s,"['A', '[91]']",0
1995-12-19,76.75,streamflow,9277500,ft3/s,"['A', '[91]']",0
1995-12-20,78.416664,streamflow,9277500,ft3/s,"['A', '[91]']",0
1995-12-21,76.958336,streamflow,9277500,ft3/s,"['A', '[91]']",0
1995-12-22,78.333336,streamflow,9277500,ft3/s,"['A', '[91]']",0
1995-12-23,73.333336,streamflow,9277500,ft3/s,"['A', '[91]']",0
1995-12-24,75.4375,streamflow,9277500,ft3/s,"['A', '[91]']",0
1995-12-25,74.333336,streamflow,9277500,ft3/s,"['A', '[91]']",0
1995-12-26,72.916664,streamflow,9277500,ft3/s,"['A', '[91]']",0
1995-12-27,71.916664,streamflow,9277500,ft3/s,"['A', '[91]']",0
1995-12-28,74.625,streamflow,9277500,ft3/s,"['A', '[91]']",0
1995-12-29,76.125,streamflow,9277500,ft3/s,"['A', '[91]']",0
1995-12-30,76.291664,streamflow,9277500,ft3/s,"['A', '[91]']",0
1995-12-31,76.25,streamflow,9277500,ft3/s,"['A', '[91]']",0
1996-01-01,73.208336,streamflow,9277500,ft3/s,"['A', '[91]']",0
1996-01-02,76.0,streamflow,9277500,ft3/s,"['A', '[91]']",0
1996-01-03,76.791664,streamflow,9277500,ft3/s,"['A', '[91]']",0
1996-01-04,77.0,streamflow,9277500,ft3/s,"['A', '[91]']",0
1996-01-05,77.0,streamflow,9277500,ft3/s,"['A', '[91]']",0
1996-01-06,76.0,streamflow,9277500,ft3/s,"['A', '[91]']",0
1996-01-07,78.083336,streamflow,9277500,ft3/s,"['A', '[91]']",0
1996-01-08,75.375,streamflow,9277500,ft3/s,"['A', '[91]']",0
1996-01-09,77.125,streamflow,9277500,ft3/s,"['A', '[91]']",0
1996-01-10,77.041664,streamflow,9277500,ft3/s,"['A', '[91]']",0
1996-01-11,76.416664,streamflow,9277500,ft3/s,"['A', '[91]']",0
1996-01-12,76.333336,streamflow,9277500,ft3/s,"['A', '[91]']",0
1996-01-13,74.083336,streamflow,9277500,ft3/s,"['A', '[91]']",0
1996-01-14,75.791664,streamflow,9277500,ft3/s,"['A', '[91]']",0
1996-01-15,76.166664,streamflow,9277500,ft3/s,"['A', '[91]']",0
1996-01-16,75.71429,streamflow,9277500,ft3/s,"['A', '[91]']",0
1996-01-17,,streamflow,9277500,ft3/s,"['A', '[91]']",0
1996-01-18,,streamflow,9277500,ft3/s,"['A', '[91]']",0
1996-01-19,,streamflow,9277500,ft3/s,"['A', '[91]']",0
1996-01-20,,streamflow,9277500,ft3/s,"['A', '[91]']",0
1996-01-21,,streamflow,9277500,ft3/s,"['A', '[91]']",0
1996-01-22,,streamflow,9277500,ft3/s,"['A', '[91]']",0
1996-01-23,,streamflow,9277500,ft3/s,"['A', '[91]']",0
1996-01-24,,streamflow,9277500,ft3/s,"['A', '[91]']",0
1996-01-25,,streamflow,9277500,ft3/s,"['A', '[91]']",0
1996-01-26,,streamflow,9277500,ft3/s,"['A', '[91]']",0
1996-01-27,,streamflow,9277500,ft3/s,"['A', '[91]']",0
1996-01-28,,streamflow,9277500,ft3/s,"['A', '[91]']",0
1996-01-29,,streamflow,9277500,ft3/s,"['A', '[91]']",0
1996-01-30,,streamflow,9277500,ft3/s,"['A', '[91]']",0
1996-01-31,,streamflow,9277500,ft3/s,"['A', '[91]']",0
1996-02-01,,streamflow,9277500,ft3/s,"['A', '[91]']",0
1996-02-02,,streamflow,9277500,ft3/s,"['A', '[91]']",0
1996-02-03,,streamflow,9277500,ft3/s,"['A', '[91]']",0
1996-02-04,,streamflow,9277500,ft3/s,"['A', '[91]']",0
1996-02-05,,streamflow,9277500,ft3/s,"['A', '[91]']",0
1996-02-06,,streamflow,9277500,ft3/s,"['A', '[91]']",0
1996-02-07,76.29412,streamflow,9277500,ft3/s,"['A', '[91]']",0
1996-02-08,75.0,streamflow,9277500,ft3/s,"['A', '[91]']",0
1996-02-09,75.541664,streamflow,9277500,ft3/s,"['A', '[91]']",0
1996-02-10,77.083336,streamflow,9277500,ft3/s,"['A', '[91]']",0
1996-02-11,77.625,streamflow,9277500,ft3/s,"['A', '[91]']",0
1996-02-12,75.916664,streamflow,9277500,ft3/s,"['A', '[91]']",0
1996-02-13,75.166664,streamflow,9277500,ft3/s,"['A', '[91]']",0
1996-02-14,80.083336,streamflow,9277500,ft3/s,"['A', '[91]']",0
1996-02-15,81.083336,streamflow,9277500,ft3/s,"['A', '[91]']",0
1996-02-16,81.0,streamflow,9277500,ft3/s,"['A', '[91]']",0
1996-02-17,81.75,streamflow,9277500,ft3/s,"['A', '[91]']",0
1996-02-18,84.958336,streamflow,9277500,ft3/s,"['A', '[91]']",0
1996-02-19,89.333336,streamflow,9277500,ft3/s,"['A', '[91]']",0
1996-02-20,88.375,streamflow,9277500,ft3/s,"['A', '[91]']",0
1996-02-21,86.708336,streamflow,9277500,ft3/s,"['A', '[91]']",0
1996-02-22,86.0,streamflow,9277500,ft3/s,"['A', '[91]']",0
1996-02-23,79.708336,streamflow,9277500,ft3/s,"['A', '[91]']",0
1996-02-24,77.541664,streamflow,9277500,ft3/s,"['A', '[91]']",0
1996-02-25,81.208336,streamflow,9277500,ft3/s,"['A', '[91]']",0
1996-02-26,82.791664,streamflow,9277500,ft3/s,"['A', '[91]']",0
1996-02-27,74.458336,streamflow,9277500,ft3/s,"['A', '[91]']",0
1996-02-28,77.083336,streamflow,9277500,ft3/s,"['A', '[91]']",0
1996-02-29,82.583336,streamflow,9277500,ft3/s,"['A', '[91]']",0
1996-03-01,80.625,streamflow,9277500,ft3/s,"['A', '[91]']",0
1996-03-02,78.916664,streamflow,9277500,ft3/s,"['A', '[91]']",0
1996-03-03,78.833336,streamflow,9277500,ft3/s,"['A', '[91]']",0
1996-03-04,80.791664,streamflow,9277500,ft3/s,"['A', '[91]']",0
1996-03-05,78.541664,streamflow,9277500,ft3/s,"['A', '[91]']",0
1996-03-06,78.916664,streamflow,9277500,ft3/s,"['A', '[91]']",0
1996-03-07,76.208336,streamflow,9277500,ft3/s,"['A', '[91]']",0
1996-03-08,76.875,streamflow,9277500,ft3/s,"['A', '[91]']",0
1996-03-09,80.375,streamflow,9277500,ft3/s,"['A', '[91]']",0
1996-03-10,83.875,streamflow,9277500,ft3/s,"['A', '[91]']",0
1996-03-11,87.625,streamflow,9277500,ft3/s,"['A', '[91]']",0
1996-03-12,89.875,streamflow,9277500,ft3/s,"['A', '[91]']",0
1996-03-13,96.666664,streamflow,9277500,ft3/s,"['A', '[91]']",0
1996-03-14,94.5,streamflow,9277500,ft3/s,"['A', '[91]']",0
1996-03-15,92.125,streamflow,9277500,ft3/s,"['A', '[91]']",0
1996-03-16,90.6875,streamflow,9277500,ft3/s,"['A', '[91]']",0
1996-03-17,87.375,streamflow,9277500,ft3/s,"['A', '[91]']",0
1996-03-18,83.875,streamflow,9277500,ft3/s,"['A', '[91]']",0
1996-03-19,82.875,streamflow,9277500,ft3/s,"['A', '[91]']",0
1996-03-20,82.625,streamflow,9277500,ft3/s,"['A', '[91]']",0
1996-03-21,88.958336,streamflow,9277500,ft3/s,"['A', '[91]']",0
1996-03-22,94.416664,streamflow,9277500,ft3/s,"['A', '[91]']",0
1996-03-23,99.479164,streamflow,9277500,ft3/s,"['A', '[91]']",0
1996-03-24,92.791664,streamflow,9277500,ft3/s,"['A', '[91]']",0
1996-03-25,91.25,streamflow,9277500,ft3/s,"['A', '[91]']",0
1996-03-26,85.583336,streamflow,9277500,ft3/s,"['A', '[91]']",0
1996-03-27,86.791664,streamflow,9277500,ft3/s,"['A', '[91]']",0
1996-03-28,88.125,streamflow,9277500,ft3/s,"['A', '[91]']",0
1996-03-29,90.5,streamflow,9277500,ft3/s,"['A', '[91]']",0
1996-03-30,89.25,streamflow,9277500,ft3/s,"['A', '[91]']",0
1996-03-31,88.541664,streamflow,9277500,ft3/s,"['A', '[91]']",0
1996-04-01,92.458336,streamflow,9277500,ft3/s,"['A', '[91]']",0
1996-04-02,100.104164,streamflow,9277500,ft3/s,"['A', '[91]']",0
1996-04-03,102.625,streamflow,9277500,ft3/s,"['A', '[91]']",0
1996-04-04,101.375,streamflow,9277500,ft3/s,"['A', '[91]']",0
1996-04-05,101.708336,streamflow,9277500,ft3/s,"['A', '[91]']",0
1996-04-06,103.416664,streamflow,9277500,ft3/s,"['A', '[91]']",0
1996-04-07,112.958336,streamflow,9277500,ft3/s,"['A', '[91]']",0
1996-04-08,131.96,streamflow,9277500,ft3/s,"['A', '[91]']",0
1996-04-09,153.92,streamflow,9277500,ft3/s,"['A', '[91]']",0
1996-04-10,172.48,streamflow,9277500,ft3/s,"['A', '[91]']",0
1996-04-11,170.96,streamflow,9277500,ft3/s,"['A', '[91]']",0
1996-04-12,152.92,streamflow,9277500,ft3/s,"['A', '[91]']",0
1996-04-13,139.72,streamflow,9277500,ft3/s,"['A', '[91]']",0
1996-04-14,129.84,streamflow,9277500,ft3/s,"['A', '[91]']",0
1996-04-15,130.52,streamflow,9277500,ft3/s,"['A', '[91]']",0
1996-04-16,126.666664,streamflow,9277500,ft3/s,"['A', '[91]']",0
1996-04-17,129.5,streamflow,9277500,ft3/s,"['A', '[91]']",0
1996-04-18,129.41667,streamflow,9277500,ft3/s,"['A', '[91]']",0
1996-04-19,126.333336,streamflow,9277500,ft3/s,"['A', '[91]']",0
1996-04-20,124.916664,streamflow,9277500,ft3/s,"['A', '[91]']",0
1996-04-21,117.916664,streamflow,9277500,ft3/s,"['A', '[91]']",0
1996-04-22,116.333336,streamflow,9277500,ft3/s,"['A', '[91]']",0
1996-04-23,118.291664,streamflow,9277500,ft3/s,"['A', '[91]']",0
1996-04-24,126.333336,streamflow,9277500,ft3/s,"['A', '[91]']",0
1996-04-25,132.91667,streamflow,9277500,ft3/s,"['A', '[91]']",0
1996-04-26,138.33333,streamflow,9277500,ft3/s,"['A', '[91]']",0
1996-04-27,148.79167,streamflow,9277500,ft3/s,"['A', '[91]']",0
1996-04-28,150.70833,streamflow,9277500,ft3/s,"['A', '[91]']",0
1996-04-29,145.75,streamflow,9277500,ft3/s,"['A', '[91]']",0
1996-04-30,141.91667,streamflow,9277500,ft3/s,"['A', '[91]']",0
1996-05-01,150.33333,streamflow,9277500,ft3/s,"['A', '[91]']",0
1996-05-02,167.54167,streamflow,9277500,ft3/s,"['A', '[91]']",0
1996-05-03,177.45833,streamflow,9277500,ft3/s,"['A', '[91]']",0
1996-05-04,178.91667,streamflow,9277500,ft3/s,"['A', '[91]']",0
1996-05-05,180.75,streamflow,9277500,ft3/s,"['A', '[91]']",0
1996-05-06,194.5,streamflow,9277500,ft3/s,"['A', '[91]']",0
1996-05-07,217.54167,streamflow,9277500,ft3/s,"['A', '[91]']",0
1996-05-08,226.45833,streamflow,9277500,ft3/s,"['A', '[91]']",0
1996-05-09,222.54167,streamflow,9277500,ft3/s,"['A', '[91]']",0
1996-05-10,228.41667,streamflow,9277500,ft3/s,"['A', '[91]']",0
1996-05-11,224.91667,streamflow,9277500,ft3/s,"['A', '[91]']",0
1996-05-12,232.5,streamflow,9277500,ft3/s,"['A', '[91]']",0
1996-05-13,300.875,streamflow,9277500,ft3/s,"['A', '[91]']",0
1996-05-14,363.25,streamflow,9277500,ft3/s,"['A', '[91]']",0
1996-05-15,449.95834,streamflow,9277500,ft3/s,"['A', '[91]']",0
1996-05-16,501.16666,streamflow,9277500,ft3/s,"['A', '[91]']",0
1996-05-17,589.6667,streamflow,9277500,ft3/s,"['A', '[91]']",0
1996-05-18,585.0417,streamflow,9277500,ft3/s,"['A', '[91]']",0
1996-05-19,507.66666,streamflow,9277500,ft3/s,"['A', '[91]']",0
1996-05-20,422.875,streamflow,9277500,ft3/s,"['A', '[91]']",0
1996-05-21,344.29166,streamflow,9277500,ft3/s,"['A', '[91]']",0
1996-05-22,299.29166,streamflow,9277500,ft3/s,"['A', '[91]']",0
1996-05-23,325.33334,streamflow,9277500,ft3/s,"['A', '[91]']",0
1996-05-24,285.33334,streamflow,9277500,ft3/s,"['A', '[91]']",0
1996-05-25,269.70834,streamflow,9277500,ft3/s,"['A', '[91]']",0
1996-05-26,250.29167,streamflow,9277500,ft3/s,"['A', '[91]']",0
1996-05-27,219.91667,streamflow,9277500,ft3/s,"['A', '[91]']",0
1996-05-28,229.33333,streamflow,9277500,ft3/s,"['A', '[91]']",0
1996-05-29,225.875,streamflow,9277500,ft3/s,"['A', '[91]']",0
1996-05-30,219.66667,streamflow,9277500,ft3/s,"['A', '[91]']",0
1996-05-31,228.33333,streamflow,9277500,ft3/s,"['A', '[91]']",0
1996-06-01,231.125,streamflow,9277500,ft3/s,"['A', '[91]']",0
1996-06-02,259.875,streamflow,9277500,ft3/s,"['A', '[91]']",0
1996-06-03,304.79166,streamflow,9277500,ft3/s,"['A', '[91]']",0
1996-06-04,385.04166,streamflow,9277500,ft3/s,"['A', '[91]']",0
1996-06-05,907.4583,streamflow,9277500,ft3/s,"['A', '[91]']",0
1996-06-06,1008.8333,streamflow,9277500,ft3/s,"['A', '[91]']",0
1996-06-07,995.0,streamflow,9277500,ft3/s,"['A', '[91]']",0
1996-06-08,970.125,streamflow,9277500,ft3/s,"['A', '[91]']",0
1996-06-09,1022.4583,streamflow,9277500,ft3/s,"['A', '[91]']",0
1996-06-10,1004.25,streamflow,9277500,ft3/s,"['A', '[91]']",0
1996-06-11,913.5417,streamflow,9277500,ft3/s,"['A', '[91]']",0
1996-06-12,868.625,streamflow,9277500,ft3/s,"['A', '[91]']",0
1996-06-13,798.1667,streamflow,9277500,ft3/s,"['A', '[91]']",0
1996-06-14,740.2083,streamflow,9277500,ft3/s,"['A', '[91]']",0
1996-06-15,483.04166,streamflow,9277500,ft3/s,"['A', '[91]']",0
1996-06-16,376.875,streamflow,9277500,ft3/s,"['A', '[91]']",0
1996-06-17,352.33334,streamflow,9277500,ft3/s,"['A', '[91]']",0
1996-06-18,337.625,streamflow,9277500,ft3/s,"['A', '[91]']",0
1996-06-19,516.7083,streamflow,9277500,ft3/s,"['A', '[91]']",0
1996-06-20,571.125,streamflow,9277500,ft3/s,"['A', '[91]']",0
1996-06-21,544.5833,streamflow,9277500,ft3/s,"['A', '[91]']",0
1996-06-22,396.20834,streamflow,9277500,ft3/s,"['A', '[91]']",0
1996-06-23,282.0,streamflow,9277500,ft3/s,"['A', '[91]']",0
1996-06-24,264.70834,streamflow,9277500,ft3/s,"['A', '[91]']",0
1996-06-25,233.83333,streamflow,9277500,ft3/s,"['A', '[91]']",0
1996-06-26,221.625,streamflow,9277500,ft3/s,"['A', '[91]']",0
1996-06-27,223.70833,streamflow,9277500,ft3/s,"['A', '[91]']",0
1996-06-28,246.79167,streamflow,9277500,ft3/s,"['A', '[91]']",0
1996-06-29,219.83333,streamflow,9277500,ft3/s,"['A', '[91]']",0
1996-06-30,207.0,streamflow,9277500,ft3/s,"['A', '[91]']",0
1996-07-01,195.83333,streamflow,9277500,ft3/s,"['A', '[91]']",0
1996-07-02,186.625,streamflow,9277500,ft3/s,"['A', '[91]']",0
1996-07-03,180.125,streamflow,9277500,ft3/s,"['A', '[91]']",0
1996-07-04,177.75,streamflow,9277500,ft3/s,"['A', '[91]']",0
1996-07-05,184.29167,streamflow,9277500,ft3/s,"['A', '[91]']",0
1996-07-06,170.41667,streamflow,9277500,ft3/s,"['A', '[91]']",0
1996-07-07,164.20833,streamflow,9277500,ft3/s,"['A', '[91]']",0
1996-07-08,155.70833,streamflow,9277500,ft3/s,"['A', '[91]']",0
1996-07-09,149.33333,streamflow,9277500,ft3/s,"['A', '[91]']",0
1996-07-10,148.16667,streamflow,9277500,ft3/s,"['A', '[91]']",0
1996-07-11,137.91667,streamflow,9277500,ft3/s,"['A', '[91]']",0
1996-07-12,128.16667,streamflow,9277500,ft3/s,"['A', '[91]']",0
1996-07-13,124.5,streamflow,9277500,ft3/s,"['A', '[91]']",0
1996-07-14,108.958336,streamflow,9277500,ft3/s,"['A', '[91]']",0
1996-07-15,98.208336,streamflow,9277500,ft3/s,"['A', '[91]']",0
1996-07-16,97.416664,streamflow,9277500,ft3/s,"['A', '[91]']",0
1996-07-17,99.625,streamflow,9277500,ft3/s,"['A', '[91]']",0
1996-07-18,104.333336,streamflow,9277500,ft3/s,"['A', '[91]']",0
1996-07-19,93.458336,streamflow,9277500,ft3/s,"['A', '[91]']",0
1996-07-20,89.083336,streamflow,9277500,ft3/s,"['A', '[91]']",0
1996-07-21,83.25,streamflow,9277500,ft3/s,"['A', '[91]']",0
1996-07-22,80.166664,streamflow,9277500,ft3/s,"['A', '[91]']",0
1996-07-23,77.041664,streamflow,9277500,ft3/s,"['A', '[91]']",0
1996-07-24,72.875,streamflow,9277500,ft3/s,"['A', '[91]']",0
1996-07-25,69.541664,streamflow,9277500,ft3/s,"['A', '[91]']",0
1996-07-26,65.083336,streamflow,9277500,ft3/s,"['A', '[91]']",0
1996-07-27,61.5,streamflow,9277500,ft3/s,"['A', '[91]']",0
1996-07-28,65.166664,streamflow,9277500,ft3/s,"['A', '[91]']",0
1996-07-29,73.833336,streamflow,9277500,ft3/s,"['A', '[91]']",0
1996-07-30,75.791664,streamflow,9277500,ft3/s,"['A', '[91]']",0
1996-07-31,73.333336,streamflow,9277500,ft3/s,"['A', '[91]']",0
1996-08-01,70.0,streamflow,9277500,ft3/s,"['A', '[91]']",0
1996-08-02,74.5,streamflow,9277500,ft3/s,"['A', '[91]']",0
1996-08-03,76.916664,streamflow,9277500,ft3/s,"['A', '[91]']",0
1996-08-04,71.75,streamflow,9277500,ft3/s,"['A', '[91]']",0
1996-08-05,75.25,streamflow,9277500,ft3/s,"['A', '[91]']",0
1996-08-06,72.125,streamflow,9277500,ft3/s,"['A', '[91]']",0
1996-08-07,71.708336,streamflow,9277500,ft3/s,"['A', '[91]']",0
1996-08-08,75.0,streamflow,9277500,ft3/s,"['A', '[91]']",0
1996-08-09,70.166664,streamflow,9277500,ft3/s,"['A', '[91]']",0
1996-08-10,68.541664,streamflow,9277500,ft3/s,"['A', '[91]']",0
1996-08-11,63.333332,streamflow,9277500,ft3/s,"['A', '[91]']",0
1996-08-12,64.5,streamflow,9277500,ft3/s,"['A', '[91]']",0
1996-08-13,65.958336,streamflow,9277500,ft3/s,"['A', '[91]']",0
1996-08-14,67.166664,streamflow,9277500,ft3/s,"['A', '[91]']",0
1996-08-15,68.5,streamflow,9277500,ft3/s,"['A', '[91]']",0
1996-08-16,70.0,streamflow,9277500,ft3/s,"['A', '[91]']",0
1996-08-17,70.5,streamflow,9277500,ft3/s,"['A', '[91]']",0
1996-08-18,74.166664,streamflow,9277500,ft3/s,"['A', '[91]']",0
1996-08-19,77.958336,streamflow,9277500,ft3/s,"['A', '[91]']",0
1996-08-20,72.75,streamflow,9277500,ft3/s,"['A', '[91]']",0
1996-08-21,73.125,streamflow,9277500,ft3/s,"['A', '[91]']",0
1996-08-22,68.791664,streamflow,9277500,ft3/s,"['A', '[91]']",0
1996-08-23,62.458332,streamflow,9277500,ft3/s,"['A', '[91]']",0
1996-08-24,61.5,streamflow,9277500,ft3/s,"['A', '[91]']",0
1996-08-25,62.041668,streamflow,9277500,ft3/s,"['A', '[91]']",0
1996-08-26,68.0,streamflow,9277500,ft3/s,"['A', '[91]']",0
1996-08-27,68.375,streamflow,9277500,ft3/s,"['A', '[91]']",0
1996-08-28,69.416664,streamflow,9277500,ft3/s,"['A', '[91]']",0
1996-08-29,70.333336,streamflow,9277500,ft3/s,"['A', '[91]']",0
1996-08-30,64.041664,streamflow,9277500,ft3/s,"['A', '[91]']",0
1996-08-31,65.25,streamflow,9277500,ft3/s,"['A', '[91]']",0
1996-09-01,67.25,streamflow,9277500,ft3/s,"['A', '[91]']",0
1996-09-02,65.375,streamflow,9277500,ft3/s,"['A', '[91]']",0
1996-09-03,63.833332,streamflow,9277500,ft3/s,"['A', '[91]']",0
1996-09-04,65.333336,streamflow,9277500,ft3/s,"['A', '[91]']",0
1996-09-05,64.458336,streamflow,9277500,ft3/s,"['A', '[91]']",0
1996-09-06,65.458336,streamflow,9277500,ft3/s,"['A', '[91]']",0
1996-09-07,63.791668,streamflow,9277500,ft3/s,"['A', '[91]']",0
1996-09-08,62.416668,streamflow,9277500,ft3/s,"['A', '[91]']",0
1996-09-09,62.5,streamflow,9277500,ft3/s,"['A', '[91]']",0
1996-09-10,61.5,streamflow,9277500,ft3/s,"['A', '[91]']",0
1996-09-11,61.208332,streamflow,9277500,ft3/s,"['A', '[91]']",0
1996-09-12,72.458336,streamflow,9277500,ft3/s,"['A', '[91]']",0
1996-09-13,85.791664,streamflow,9277500,ft3/s,"['A', '[91]']",0
1996-09-14,102.75,streamflow,9277500,ft3/s,"['A', '[91]']",0
1996-09-15,114.416664,streamflow,9277500,ft3/s,"['A', '[91]']",0
1996-09-16,100.770836,streamflow,9277500,ft3/s,"['A', '[91]']",0
1996-09-17,106.916664,streamflow,9277500,ft3/s,"['A', '[91]']",0
1996-09-18,109.166664,streamflow,9277500,ft3/s,"['A', '[91]']",0
1996-09-19,105.833336,streamflow,9277500,ft3/s,"['A', '[91]']",0
1996-09-20,97.604164,streamflow,9277500,ft3/s,"['A', '[91]']",0
1996-09-21,102.354164,streamflow,9277500,ft3/s,"['A', '[91]']",0
1996-09-22,100.479164,streamflow,9277500,ft3/s,"['A', '[91]']",0
1996-09-23,100.125,streamflow,9277500,ft3/s,"['A', '[91]']",0
1996-09-24,98.333336,streamflow,9277500,ft3/s,"['A', '[91]']",0
1996-09-25,95.208336,streamflow,9277500,ft3/s,"['A', '[91]']",0
1996-09-26,94.770836,streamflow,9277500,ft3/s,"['A', '[91]']",0
1996-09-27,98.145836,streamflow,9277500,ft3/s,"['A', '[91]']",0
1996-09-28,99.645836,streamflow,9277500,ft3/s,"['A', '[91]']",0
1996-09-29,99.145836,streamflow,9277500,ft3/s,"['A', '[91]']",0
1996-09-30,99.75,streamflow,9277500,ft3/s,"['A', '[91]']",0
1996-10-01,98.354164,streamflow,9277500,ft3/s,"['A', '[91]']",0
1996-10-02,94.5,streamflow,9277500,ft3/s,"['A', '[91]']",0
1996-10-03,97.333336,streamflow,9277500,ft3/s,"['A', '[91]']",0
1996-10-04,98.770836,streamflow,9277500,ft3/s,"['A', '[91]']",0
1996-10-05,95.375,streamflow,9277500,ft3/s,"['A', '[91]']",0
1996-10-06,93.0,streamflow,9277500,ft3/s,"['A', '[91]']",0
1996-10-07,91.458336,streamflow,9277500,ft3/s,"['A', '[91]']",0
1996-10-08,91.416664,streamflow,9277500,ft3/s,"['A', '[91]']",0
1996-10-09,93.75,streamflow,9277500,ft3/s,"['A', '[91]']",0
1996-10-10,95.458336,streamflow,9277500,ft3/s,"['A', '[91]']",0
1996-10-11,95.375,streamflow,9277500,ft3/s,"['A', '[91]']",0
1996-10-12,94.5,streamflow,9277500,ft3/s,"['A', '[91]']",0
1996-10-13,93.541664,streamflow,9277500,ft3/s,"['A', '[91]']",0
1996-10-14,98.125,streamflow,9277500,ft3/s,"['A', '[91]']",0
1996-10-15,98.9375,streamflow,9277500,ft3/s,"['A', '[91]']",0
1996-10-16,97.666664,streamflow,9277500,ft3/s,"['A', '[91]']",0
1996-10-17,98.5,streamflow,9277500,ft3/s,"['A', '[91]']",0
1996-10-18,99.166664,streamflow,9277500,ft3/s,"['A', '[91]']",0
1996-10-19,101.833336,streamflow,9277500,ft3/s,"['A', '[91]']",0
1996-10-20,104.583336,streamflow,9277500,ft3/s,"['A', '[91]']",0
1996-10-21,99.25,streamflow,9277500,ft3/s,"['A', '[91]']",0
1996-10-22,98.895836,streamflow,9277500,ft3/s,"['A', '[91]']",0
1996-10-23,101.75,streamflow,9277500,ft3/s,"['A', '[91]']",0
1996-10-24,100.75,streamflow,9277500,ft3/s,"['A', '[91]']",0
1996-10-25,110.5,streamflow,9277500,ft3/s,"['A', '[91]']",0
1996-10-26,106.583336,streamflow,9277500,ft3/s,"['A', '[91]']",0
1996-10-27,107.875,streamflow,9277500,ft3/s,"['A', '[91]']",0
1996-10-28,107.64,streamflow,9277500,ft3/s,"['A', '[91]']",0
1996-10-29,108.84,streamflow,9277500,ft3/s,"['A', '[91]']",0
1996-10-30,108.64,streamflow,9277500,ft3/s,"['A', '[91]']",0
1996-10-31,108.04,streamflow,9277500,ft3/s,"['A', '[91]']",0
1996-11-01,107.24,streamflow,9277500,ft3/s,"['A', '[91]']",0
1996-11-02,104.52,streamflow,9277500,ft3/s,"['A', '[91]']",0
1996-11-03,104.16,streamflow,9277500,ft3/s,"['A', '[91]']",0
1996-11-04,103.92,streamflow,9277500,ft3/s,"['A', '[91]']",0
1996-11-05,105.64,streamflow,9277500,ft3/s,"['A', '[91]']",0
1996-11-06,101.8,streamflow,9277500,ft3/s,"['A', '[91]']",0
1996-11-07,96.64,streamflow,9277500,ft3/s,"['A', '[91]']",0
1996-11-08,103.26,streamflow,9277500,ft3/s,"['A', '[91]']",0
1996-11-09,103.64,streamflow,9277500,ft3/s,"['A', '[91]']",0
1996-11-10,101.46,streamflow,9277500,ft3/s,"['A', '[91]']",0
1996-11-11,99.9,streamflow,9277500,ft3/s,"['A', '[91]']",0
1996-11-12,100.24,streamflow,9277500,ft3/s,"['A', '[91]']",0
1996-11-13,99.32,streamflow,9277500,ft3/s,"['A', '[91]']",0
1996-11-14,100.1,streamflow,9277500,ft3/s,"['A', '[91]']",0
1996-11-15,97.66,streamflow,9277500,ft3/s,"['A', '[91]']",0
1996-11-16,98.22,streamflow,9277500,ft3/s,"['A', '[91]']",0
1996-11-17,93.68,streamflow,9277500,ft3/s,"['A', '[91]']",0
1996-11-18,96.98,streamflow,9277500,ft3/s,"['A', '[91]']",0
1996-11-19,103.9,streamflow,9277500,ft3/s,"['A', '[91]']",0
1996-11-20,103.395836,streamflow,9277500,ft3/s,"['A', '[91]']",0
1996-11-21,103.25,streamflow,9277500,ft3/s,"['A', '[91]']",0
1996-11-22,119.854164,streamflow,9277500,ft3/s,"['A', '[91]']",0
1996-11-23,119.916664,streamflow,9277500,ft3/s,"['A', '[91]']",0
1996-11-24,102.145836,streamflow,9277500,ft3/s,"['A', '[91]']",0
1996-11-25,103.0625,streamflow,9277500,ft3/s,"['A', '[91]']",0
1996-11-26,98.416664,streamflow,9277500,ft3/s,"['A', '[91]']",0
1996-11-27,91.9375,streamflow,9277500,ft3/s,"['A', '[91]']",0
1996-11-28,94.166664,streamflow,9277500,ft3/s,"['A', '[91]']",0
1996-11-29,100.458336,streamflow,9277500,ft3/s,"['A', '[91]']",0
1996-11-30,94.958336,streamflow,9277500,ft3/s,"['A', '[91]']",0
1996-12-01,91.395836,streamflow,9277500,ft3/s,"['A', '[91]']",0
1996-12-02,95.5,streamflow,9277500,ft3/s,"['A', '[91]']",0
1996-12-03,86.0625,streamflow,9277500,ft3/s,"['A', '[91]']",0
1996-12-04,94.375,streamflow,9277500,ft3/s,"['A', '[91]']",0
1996-12-05,92.666664,streamflow,9277500,ft3/s,"['A', '[91]']",0
1996-12-06,97.479164,streamflow,9277500,ft3/s,"['A', '[91]']",0
1996-12-07,95.291664,streamflow,9277500,ft3/s,"['A', '[91]']",0
1996-12-08,93.0,streamflow,9277500,ft3/s,"['A', '[91]']",0
1996-12-09,93.0,streamflow,9277500,ft3/s,"['A', '[91]']",0
1996-12-10,95.395836,streamflow,9277500,ft3/s,"['A', '[91]']",0
1996-12-11,96.541664,streamflow,9277500,ft3/s,"['A', '[91]']",0
1996-12-12,95.8125,streamflow,9277500,ft3/s,"['A', '[91]']",0
1996-12-13,99.125,streamflow,9277500,ft3/s,"['A', '[91]']",0
1996-12-14,94.375,streamflow,9277500,ft3/s,"['A', '[91]']",0
1996-12-15,84.916664,streamflow,9277500,ft3/s,"['A', '[91]']",0
1996-12-16,94.875,streamflow,9277500,ft3/s,"['A', '[91]']",0
1996-12-17,87.208336,streamflow,9277500,ft3/s,"['A', '[91]']",0
1996-12-18,85.666664,streamflow,9277500,ft3/s,"['A', '[91]']",0
1996-12-19,97.78571,streamflow,9277500,ft3/s,"['A', '[91]']",0
1996-12-20,,streamflow,9277500,ft3/s,"['A', '[91]']",0
1996-12-21,,streamflow,9277500,ft3/s,"['A', '[91]']",0
1996-12-22,,streamflow,9277500,ft3/s,"['A', '[91]']",0
1996-12-23,,streamflow,9277500,ft3/s,"['A', '[91]']",0
1996-12-24,,streamflow,9277500,ft3/s,"['A', '[91]']",0
1996-12-25,93.17647,streamflow,9277500,ft3/s,"['A', '[91]']",0
1996-12-26,90.875,streamflow,9277500,ft3/s,"['A', '[91]']",0
1996-12-27,91.458336,streamflow,9277500,ft3/s,"['A', '[91]']",0
1996-12-28,91.125,streamflow,9277500,ft3/s,"['A', '[91]']",0
1996-12-29,89.916664,streamflow,9277500,ft3/s,"['A', '[91]']",0
1996-12-30,89.0,streamflow,9277500,ft3/s,"['A', '[91]']",0
1996-12-31,88.916664,streamflow,9277500,ft3/s,"['A', '[91]']",0
1997-01-01,89.625,streamflow,9277500,ft3/s,"['A', '[91]']",0
1997-01-02,90.5,streamflow,9277500,ft3/s,"['A', '[91]']",0
1997-01-03,94.1875,streamflow,9277500,ft3/s,"['A', '[91]']",0
1997-01-04,89.875,streamflow,9277500,ft3/s,"['A', '[91]']",0
1997-01-05,80.5,streamflow,9277500,ft3/s,"['A', '[91]']",0
1997-01-06,94.42857,streamflow,9277500,ft3/s,"['A', '[91]']",0
1997-01-07,,streamflow,9277500,ft3/s,"['A', '[91]']",0
1997-01-08,,streamflow,9277500,ft3/s,"['A', '[91]']",0
1997-01-09,,streamflow,9277500,ft3/s,"['A', '[91]']",0
1997-01-10,,streamflow,9277500,ft3/s,"['A', '[91]']",0
1997-01-11,,streamflow,9277500,ft3/s,"['A', '[91]']",0
1997-01-12,,streamflow,9277500,ft3/s,"['A', '[91]']",0
1997-01-13,,streamflow,9277500,ft3/s,"['A', '[91]']",0
1997-01-14,,streamflow,9277500,ft3/s,"['A', '[91]']",0
1997-01-15,,streamflow,9277500,ft3/s,"['A', '[91]']",0
1997-01-16,,streamflow,9277500,ft3/s,"['A', '[91]']",0
1997-01-17,,streamflow,9277500,ft3/s,"['A', '[91]']",0
1997-01-18,,streamflow,9277500,ft3/s,"['A', '[91]']",0
1997-01-19,,streamflow,9277500,ft3/s,"['A', '[91]']",0
1997-01-20,,streamflow,9277500,ft3/s,"['A', '[91]']",0
1997-01-21,,streamflow,9277500,ft3/s,"['A', '[91]']",0
1997-01-22,,streamflow,9277500,ft3/s,"['A', '[91]']",0
1997-01-23,,streamflow,9277500,ft3/s,"['A', '[91]']",0
1997-01-24,,streamflow,9277500,ft3/s,"['A', '[91]']",0
1997-01-25,,streamflow,9277500,ft3/s,"['A', '[91]']",0
1997-01-26,,streamflow,9277500,ft3/s,"['A', '[91]']",0
1997-01-27,,streamflow,9277500,ft3/s,"['A', '[91]']",0
1997-01-28,85.23529,streamflow,9277500,ft3/s,"['A', '[91]']",0
1997-01-29,91.333336,streamflow,9277500,ft3/s,"['A', '[91]']",0
1997-01-30,87.625,streamflow,9277500,ft3/s,"['A', '[91]']",0
1997-01-31,91.041664,streamflow,9277500,ft3/s,"['A', '[91]']",0
1997-02-01,90.291664,streamflow,9277500,ft3/s,"['A', '[91]']",0
1997-02-02,88.375,streamflow,9277500,ft3/s,"['A', '[91]']",0
1997-02-03,87.208336,streamflow,9277500,ft3/s,"['A', '[91]']",0
1997-02-04,85.5,streamflow,9277500,ft3/s,"['A', '[91]']",0
1997-02-05,87.458336,streamflow,9277500,ft3/s,"['A', '[91]']",0
1997-02-06,86.375,streamflow,9277500,ft3/s,"['A', '[91]']",0
1997-02-07,82.208336,streamflow,9277500,ft3/s,"['A', '[91]']",0
1997-02-08,79.0,streamflow,9277500,ft3/s,"['A', '[91]']",0
1997-02-09,,streamflow,9277500,ft3/s,"['A', '[91]']",0
1997-02-10,,streamflow,9277500,ft3/s,"['A', '[91]']",0
1997-02-11,,streamflow,9277500,ft3/s,"['A', '[91]']",0
1997-02-12,89.70588,streamflow,9277500,ft3/s,"['A', '[91]']",0
1997-02-13,86.458336,streamflow,9277500,ft3/s,"['A', '[91]']",0
1997-02-14,86.958336,streamflow,9277500,ft3/s,"['A', '[91]']",0
1997-02-15,86.75,streamflow,9277500,ft3/s,"['A', '[91]']",0
1997-02-16,87.25,streamflow,9277500,ft3/s,"['A', '[91]']",0
1997-02-17,87.25,streamflow,9277500,ft3/s,"['A', '[91]']",0
1997-02-18,87.666664,streamflow,9277500,ft3/s,"['A', '[91]']",0
1997-02-19,81.791664,streamflow,9277500,ft3/s,"['A', '[91]']",0
1997-02-20,86.041664,streamflow,9277500,ft3/s,"['A', '[92]']",0
1997-02-21,81.583336,streamflow,9277500,ft3/s,"['A', '[92]']",0
1997-02-22,79.541664,streamflow,9277500,ft3/s,"['A', '[92]']",0
1997-02-23,86.25,streamflow,9277500,ft3/s,"['A', '[92]']",0
1997-02-24,83.25,streamflow,9277500,ft3/s,"['A', '[92]']",0
1997-02-25,77.041664,streamflow,9277500,ft3/s,"['A', '[92]']",0
1997-02-26,87.5625,streamflow,9277500,ft3/s,"['A', '[92]']",0
1997-02-27,85.875,streamflow,9277500,ft3/s,"['A', '[92]']",0
1997-02-28,84.583336,streamflow,9277500,ft3/s,"['A', '[92]']",0
1997-03-01,79.083336,streamflow,9277500,ft3/s,"['A', '[92]']",0
1997-03-02,84.958336,streamflow,9277500,ft3/s,"['A', '[92]']",0
1997-03-03,84.583336,streamflow,9277500,ft3/s,"['A', '[92]']",0
1997-03-04,78.458336,streamflow,9277500,ft3/s,"['A', '[92]']",0
1997-03-05,81.083336,streamflow,9277500,ft3/s,"['A', '[92]']",0
1997-03-06,83.041664,streamflow,9277500,ft3/s,"['A', '[92]']",0
1997-03-07,83.041664,streamflow,9277500,ft3/s,"['A', '[92]']",0
1997-03-08,83.791664,streamflow,9277500,ft3/s,"['A', '[92]']",0
1997-03-09,84.666664,streamflow,9277500,ft3/s,"['A', '[92]']",0
1997-03-10,82.625,streamflow,9277500,ft3/s,"['A', '[92]']",0
1997-03-11,85.5,streamflow,9277500,ft3/s,"['A', '[92]']",0
1997-03-12,89.729164,streamflow,9277500,ft3/s,"['A', '[92]']",0
1997-03-13,93.145836,streamflow,9277500,ft3/s,"['A', '[92]']",0
1997-03-14,89.291664,streamflow,9277500,ft3/s,"['A', '[92]']",0
1997-03-15,92.270836,streamflow,9277500,ft3/s,"['A', '[92]']",0
1997-03-16,96.645836,streamflow,9277500,ft3/s,"['A', '[91]']",0
1997-03-17,106.0,streamflow,9277500,ft3/s,"['A', '[91]']",0
1997-03-18,118.75,streamflow,9277500,ft3/s,"['A', '[91]']",0
1997-03-19,123.5,streamflow,9277500,ft3/s,"['A', '[91]']",0
1997-03-20,134.0,streamflow,9277500,ft3/s,"['A', '[91]']",0
1997-03-21,140.0,streamflow,9277500,ft3/s,"['A', '[91]']",0
1997-03-22,161.66667,streamflow,9277500,ft3/s,"['A', '[91]']",0
1997-03-23,143.20833,streamflow,9277500,ft3/s,"['A', '[91]']",0
1997-03-24,151.375,streamflow,9277500,ft3/s,"['A', '[91]']",0
1997-03-25,122.208336,streamflow,9277500,ft3/s,"['A', '[91]']",0
1997-03-26,121.583336,streamflow,9277500,ft3/s,"['A', '[91]']",0
1997-03-27,125.916664,streamflow,9277500,ft3/s,"['A', '[91]']",0
1997-03-28,122.5,streamflow,9277500,ft3/s,"['A', '[91]']",0
1997-03-29,118.75,streamflow,9277500,ft3/s,"['A', '[91]']",0
1997-03-30,129.66667,streamflow,9277500,ft3/s,"['A', '[91]']",0
1997-03-31,128.41667,streamflow,9277500,ft3/s,"['A', '[91]']",0
1997-04-01,119.625,streamflow,9277500,ft3/s,"['A', '[91]']",0
1997-04-02,113.083336,streamflow,9277500,ft3/s,"['A', '[91]']",0
1997-04-03,115.125,streamflow,9277500,ft3/s,"['A', '[91]']",0
1997-04-04,116.083336,streamflow,9277500,ft3/s,"['A', '[91]']",0
1997-04-05,115.083336,streamflow,9277500,ft3/s,"['A', '[91]']",0
1997-04-06,108.666664,streamflow,9277500,ft3/s,"['A', '[91]']",0
1997-04-07,111.62,streamflow,9277500,ft3/s,"['A', '[91]']",0
1997-04-08,111.84,streamflow,9277500,ft3/s,"['A', '[91]']",0
1997-04-09,115.24,streamflow,9277500,ft3/s,"['A', '[91]']",0
1997-04-10,126.84,streamflow,9277500,ft3/s,"['A', '[91]']",0
1997-04-11,117.12,streamflow,9277500,ft3/s,"['A', '[91]']",0
1997-04-12,115.56,streamflow,9277500,ft3/s,"['A', '[91]']",0
1997-04-13,108.84,streamflow,9277500,ft3/s,"['A', '[91]']",0
1997-04-14,113.04,streamflow,9277500,ft3/s,"['A', '[91]']",0
1997-04-15,110.36,streamflow,9277500,ft3/s,"['A', '[91]']",0
1997-04-16,117.0,streamflow,9277500,ft3/s,"['A', '[91]']",0
1997-04-17,129.16,streamflow,9277500,ft3/s,"['A', '[91]']",0
1997-04-18,146.92,streamflow,9277500,ft3/s,"['A', '[91]']",0
1997-04-19,170.44,streamflow,9277500,ft3/s,"['A', '[91]']",0
1997-04-20,184.76,streamflow,9277500,ft3/s,"['A', '[91]']",0
1997-04-21,217.84,streamflow,9277500,ft3/s,"['A', '[91]']",0
1997-04-22,218.24,streamflow,9277500,ft3/s,"['A', '[91]']",0
1997-04-23,207.04,streamflow,9277500,ft3/s,"['A', '[91]']",0
1997-04-24,201.54167,streamflow,9277500,ft3/s,"['A', '[91]']",0
1997-04-25,188.95833,streamflow,9277500,ft3/s,"['A', '[91]']",0
1997-04-26,174.20833,streamflow,9277500,ft3/s,"['A', '[91]']",0
1997-04-27,181.5,streamflow,9277500,ft3/s,"['A', '[91]']",0
1997-04-28,211.0,streamflow,9277500,ft3/s,"['A', '[91]']",0
1997-04-29,240.33333,streamflow,9277500,ft3/s,"['A', '[91]']",0
1997-04-30,235.33333,streamflow,9277500,ft3/s,"['A', '[91]']",0
1997-05-01,229.58333,streamflow,9277500,ft3/s,"['A', '[91]']",0
1997-05-02,222.08333,streamflow,9277500,ft3/s,"['A', '[91]']",0
1997-05-03,211.875,streamflow,9277500,ft3/s,"['A', '[91]']",0
1997-05-04,212.66667,streamflow,9277500,ft3/s,"['A', '[91]']",0
1997-05-05,230.16667,streamflow,9277500,ft3/s,"['A', '[91]']",0
1997-05-06,260.16666,streamflow,9277500,ft3/s,"['A', '[91]']",0
1997-05-07,294.75,streamflow,9277500,ft3/s,"['A', '[91]']",0
1997-05-08,326.75,streamflow,9277500,ft3/s,"['A', '[91]']",0
1997-05-09,355.375,streamflow,9277500,ft3/s,"['A', '[91]']",0
1997-05-10,388.29166,streamflow,9277500,ft3/s,"['A', '[91]']",0
1997-05-11,424.29166,streamflow,9277500,ft3/s,"['A', '[91]']",0
1997-05-12,462.54166,streamflow,9277500,ft3/s,"['A', '[91]']",0
1997-05-13,534.1667,streamflow,9277500,ft3/s,"['A', '[91]']",0
1997-05-14,596.4167,streamflow,9277500,ft3/s,"['A', '[91]']",0
1997-05-15,625.0417,streamflow,9277500,ft3/s,"['A', '[91]']",0
1997-05-16,731.375,streamflow,9277500,ft3/s,"['A', '[91]']",0
1997-05-17,795.6667,streamflow,9277500,ft3/s,"['A', '[91]']",0
1997-05-18,847.625,streamflow,9277500,ft3/s,"['A', '[91]']",0
1997-05-19,827.9167,streamflow,9277500,ft3/s,"['A', '[91]']",0
1997-05-20,814.875,streamflow,9277500,ft3/s,"['A', '[91]']",0
1997-05-21,768.4167,streamflow,9277500,ft3/s,"['A', '[91]']",0
1997-05-22,732.625,streamflow,9277500,ft3/s,"['A', '[91]']",0
1997-05-23,732.25,streamflow,9277500,ft3/s,"['A', '[91]']",0
1997-05-24,697.7083,streamflow,9277500,ft3/s,"['A', '[91]']",0
1997-05-25,642.625,streamflow,9277500,ft3/s,"['A', '[91]']",0
1997-05-26,549.5833,streamflow,9277500,ft3/s,"['A', '[91]']",0
1997-05-27,485.58334,streamflow,9277500,ft3/s,"['A', '[92]']",0
1997-05-28,466.5,streamflow,9277500,ft3/s,"['A', '[92]']",0
1997-05-29,457.41666,streamflow,9277500,ft3/s,"['A', '[92]']",0
1997-05-30,557.6667,streamflow,9277500,ft3/s,"['A', '[92]']",0
1997-05-31,785.9583,streamflow,9277500,ft3/s,"['A', '[92]']",0
1997-06-01,954.1667,streamflow,9277500,ft3/s,"['A', '[92]']",0
1997-06-02,971.5,streamflow,9277500,ft3/s,"['A', '[92]']",0
1997-06-03,733.9583,streamflow,9277500,ft3/s,"['A', '[92]']",0
1997-06-04,652.5,streamflow,9277500,ft3/s,"['A', '[92]']",0
1997-06-05,,streamflow,9277500,ft3/s,"['A', '[92]']",0
1997-06-06,,streamflow,9277500,ft3/s,"['A', '[92]']",0
1997-06-07,,streamflow,9277500,ft3/s,"['A', '[92]']",0
1997-06-08,,streamflow,9277500,ft3/s,"['A', '[92]']",0
1997-06-09,,streamflow,9277500,ft3/s,"['A', '[92]']",0
1997-06-10,,streamflow,9277500,ft3/s,"['A', '[92]']",0
1997-06-11,,streamflow,9277500,ft3/s,"['A', '[92]']",0
1997-06-12,,streamflow,9277500,ft3/s,"['A', '[92]']",0
1997-06-13,,streamflow,9277500,ft3/s,"['A', '[92]']",0
1997-06-14,899.55554,streamflow,9277500,ft3/s,"['A', '[92]']",0
1997-06-15,814.7917,streamflow,9277500,ft3/s,"['A', '[92]']",0
1997-06-16,770.625,streamflow,9277500,ft3/s,"['A', '[92]']",0
1997-06-17,748.2917,streamflow,9277500,ft3/s,"['A', '[92]']",0
1997-06-18,797.5417,streamflow,9277500,ft3/s,"['A', '[92]']",0
1997-06-19,866.0,streamflow,9277500,ft3/s,"['A', '[92]']",0
1997-06-20,875.25,streamflow,9277500,ft3/s,"['A', '[91]']",0
1997-06-21,789.75,streamflow,9277500,ft3/s,"['A', '[91]']",0
1997-06-22,732.875,streamflow,9277500,ft3/s,"['A', '[91]']",0
1997-06-23,658.0,streamflow,9277500,ft3/s,"['A', '[91]']",0
1997-06-24,591.0833,streamflow,9277500,ft3/s,"['A', '[91]']",0
1997-06-25,523.5417,streamflow,9277500,ft3/s,"['A', '[91]']",0
1997-06-26,479.54166,streamflow,9277500,ft3/s,"['A', '[91]']",0
1997-06-27,438.41666,streamflow,9277500,ft3/s,"['A', '[91]']",0
1997-06-28,406.70834,streamflow,9277500,ft3/s,"['A', '[91]']",0
1997-06-29,379.875,streamflow,9277500,ft3/s,"['A', '[91]']",0
1997-06-30,244.45833,streamflow,9277500,ft3/s,"['A', '[91]']",0
1997-07-01,244.875,streamflow,9277500,ft3/s,"['A', '[91]']",0
1997-07-02,210.70833,streamflow,9277500,ft3/s,"['A', '[91]']",0
1997-07-03,197.75,streamflow,9277500,ft3/s,"['A', '[91]']",0
1997-07-04,173.29167,streamflow,9277500,ft3/s,"['A', '[91]']",0
1997-07-05,154.58333,streamflow,9277500,ft3/s,"['A', '[91]']",0
1997-07-06,144.25,streamflow,9277500,ft3/s,"['A', '[91]']",0
1997-07-07,135.25,streamflow,9277500,ft3/s,"['A', '[91]']",0
1997-07-08,125.916664,streamflow,9277500,ft3/s,"['A', '[91]']",0
1997-07-09,118.416664,streamflow,9277500,ft3/s,"['A', '[91]']",0
1997-07-10,120.333336,streamflow,9277500,ft3/s,"['A', '[91]']",0
1997-07-11,107.708336,streamflow,9277500,ft3/s,"['A', '[91]']",0
1997-07-12,109.208336,streamflow,9277500,ft3/s,"['A', '[91]']",0
1997-07-13,107.083336,streamflow,9277500,ft3/s,"['A', '[91]']",0
1997-07-14,100.645836,streamflow,9277500,ft3/s,"['A', '[91]']",0
1997-07-15,97.166664,streamflow,9277500,ft3/s,"['A', '[91]']",0
1997-07-16,92.458336,streamflow,9277500,ft3/s,"['A', '[91]']",0
1997-07-17,97.541664,streamflow,9277500,ft3/s,"['A', '[91]']",0
1997-07-18,102.5625,streamflow,9277500,ft3/s,"['A', '[91]']",0
1997-07-19,101.104164,streamflow,9277500,ft3/s,"['A', '[91]']",0
1997-07-20,99.791664,streamflow,9277500,ft3/s,"['A', '[91]']",0
1997-07-21,92.625,streamflow,9277500,ft3/s,"['A', '[91]']",0
1997-07-22,92.416664,streamflow,9277500,ft3/s,"['A', '[91]']",0
1997-07-23,98.5,streamflow,9277500,ft3/s,"['A', '[91]']",0
1997-07-24,103.833336,streamflow,9277500,ft3/s,"['A', '[91]']",0
1997-07-25,92.625,streamflow,9277500,ft3/s,"['A', '[91]']",0
1997-07-26,93.166664,streamflow,9277500,ft3/s,"['A', '[91]']",0
1997-07-27,96.875,streamflow,9277500,ft3/s,"['A', '[91]']",0
1997-07-28,93.5,streamflow,9277500,ft3/s,"['A', '[91]']",0
1997-07-29,108.375,streamflow,9277500,ft3/s,"['A', '[91]']",0
1997-07-30,95.291664,streamflow,9277500,ft3/s,"['A', '[91]']",0
1997-07-31,96.916664,streamflow,9277500,ft3/s,"['A', '[91]']",0
1997-08-01,102.875,streamflow,9277500,ft3/s,"['A', '[91]']",0
1997-08-02,103.833336,streamflow,9277500,ft3/s,"['A', '[91]']",0
1997-08-03,99.6875,streamflow,9277500,ft3/s,"['A', '[91]']",0
1997-08-04,108.25,streamflow,9277500,ft3/s,"['A', '[91]']",0
1997-08-05,132.0,streamflow,9277500,ft3/s,"['A', '[91]']",0
1997-08-06,129.83333,streamflow,9277500,ft3/s,"['A', '[91]']",0
1997-08-07,131.47917,streamflow,9277500,ft3/s,"['A', '[91]']",0
1997-08-08,121.9375,streamflow,9277500,ft3/s,"['A', '[91]']",0
1997-08-09,113.625,streamflow,9277500,ft3/s,"['A', '[91]']",0
1997-08-10,121.916664,streamflow,9277500,ft3/s,"['A', '[91]']",0
1997-08-11,127.333336,streamflow,9277500,ft3/s,"['A', '[91]']",0
1997-08-12,139.54167,streamflow,9277500,ft3/s,"['A', '[91]']",0
1997-08-13,170.40625,streamflow,9277500,ft3/s,"['A', '[91]']",0
1997-08-14,155.96875,streamflow,9277500,ft3/s,"['A', '[91]']",0
1997-08-15,147.34375,streamflow,9277500,ft3/s,"['A', '[91]']",0
1997-08-16,136.70833,streamflow,9277500,ft3/s,"['A', '[91]']",0
1997-08-17,129.5,streamflow,9277500,ft3/s,"['A', '[91]']",0
1997-08-18,132.52083,streamflow,9277500,ft3/s,"['A', '[91]']",0
1997-08-19,127.166664,streamflow,9277500,ft3/s,"['A', '[91]']",0
1997-08-20,125.1875,streamflow,9277500,ft3/s,"['A', '[91]']",0
1997-08-21,127.416664,streamflow,9277500,ft3/s,"['A', '[91]']",0
1997-08-22,127.020836,streamflow,9277500,ft3/s,"['A', '[91]']",0
1997-08-23,141.36458,streamflow,9277500,ft3/s,"['A', '[91]']",0
1997-08-24,143.60417,streamflow,9277500,ft3/s,"['A', '[91]']",0
1997-08-25,133.95833,streamflow,9277500,ft3/s,"['A', '[91]']",0
1997-08-26,132.41667,streamflow,9277500,ft3/s,"['A', '[91]']",0
1997-08-27,135.70833,streamflow,9277500,ft3/s,"['A', '[91]']",0
1997-08-28,133.64583,streamflow,9277500,ft3/s,"['A', '[91]']",0
1997-08-29,132.64583,streamflow,9277500,ft3/s,"['A', '[91]']",0
1997-08-30,125.770836,streamflow,9277500,ft3/s,"['A', '[91]']",0
1997-08-31,124.458336,streamflow,9277500,ft3/s,"['A', '[91]']",0
1997-09-01,129.83333,streamflow,9277500,ft3/s,"['A', '[91]']",0
1997-09-02,131.20833,streamflow,9277500,ft3/s,"['A', '[91]']",0
1997-09-03,154.54167,streamflow,9277500,ft3/s,"['A', '[91]']",0
1997-09-04,146.51042,streamflow,9277500,ft3/s,"['A', '[91]']",0
1997-09-05,138.08333,streamflow,9277500,ft3/s,"['A', '[91]']",0
1997-09-06,129.64583,streamflow,9277500,ft3/s,"['A', '[91]']",0
1997-09-07,137.51042,streamflow,9277500,ft3/s,"['A', '[91]']",0
1997-09-08,143.94792,streamflow,9277500,ft3/s,"['A', '[91]']",0
1997-09-09,138.875,streamflow,9277500,ft3/s,"['A', '[91]']",0
1997-09-10,137.33333,streamflow,9277500,ft3/s,"['A', '[91]']",0
1997-09-11,150.82292,streamflow,9277500,ft3/s,"['A', '[91]']",0
1997-09-12,159.58333,streamflow,9277500,ft3/s,"['A', '[91]']",0
1997-09-13,142.02083,streamflow,9277500,ft3/s,"['A', '[91]']",0
1997-09-14,142.5,streamflow,9277500,ft3/s,"['A', '[91]']",0
1997-09-15,136.77083,streamflow,9277500,ft3/s,"['A', '[91]']",0
1997-09-16,150.5,streamflow,9277500,ft3/s,"['A', '[91]']",0
1997-09-17,139.10417,streamflow,9277500,ft3/s,"['A', '[91]']",0
1997-09-18,139.54167,streamflow,9277500,ft3/s,"['A', '[91]']",0
1997-09-19,182.95833,streamflow,9277500,ft3/s,"['A', '[91]']",0
1997-09-20,175.3125,streamflow,9277500,ft3/s,"['A', '[91]']",0
1997-09-21,169.64583,streamflow,9277500,ft3/s,"['A', '[91]']",0
1997-09-22,150.40625,streamflow,9277500,ft3/s,"['A', '[91]']",0
1997-09-23,145.20833,streamflow,9277500,ft3/s,"['A', '[91]']",0
1997-09-24,140.91667,streamflow,9277500,ft3/s,"['A', '[91]']",0
1997-09-25,137.625,streamflow,9277500,ft3/s,"['A', '[91]']",0
1997-09-26,159.0625,streamflow,9277500,ft3/s,"['A', '[91]']",0
1997-09-27,162.5625,streamflow,9277500,ft3/s,"['A', '[91]']",0
1997-09-28,147.90625,streamflow,9277500,ft3/s,"['A', '[91]']",0
1997-09-29,142.0625,streamflow,9277500,ft3/s,"['A', '[91]']",0
1997-09-30,138.875,streamflow,9277500,ft3/s,"['A', '[91]']",0
1997-10-01,137.0,streamflow,9277500,ft3/s,"['A', '[91]']",0
1997-10-02,141.90625,streamflow,9277500,ft3/s,"['A', '[91]']",0
1997-10-03,153.73958,streamflow,9277500,ft3/s,"['A', '[91]']",0
1997-10-04,150.59375,streamflow,9277500,ft3/s,"['A', '[91]']",0
1997-10-05,146.25,streamflow,9277500,ft3/s,"['A', '[91]']",0
1997-10-06,139.95833,streamflow,9277500,ft3/s,"['A', '[91]']",0
1997-10-07,134.5,streamflow,9277500,ft3/s,"['A', '[91]']",0
1997-10-08,157.5625,streamflow,9277500,ft3/s,"['A', '[91]']",0
1997-10-09,147.73958,streamflow,9277500,ft3/s,"['A', '[91]']",0
1997-10-10,144.375,streamflow,9277500,ft3/s,"['A', '[91]']",0
1997-10-11,146.5625,streamflow,9277500,ft3/s,"['A', '[91]']",0
1997-10-12,148.16667,streamflow,9277500,ft3/s,"['A', '[91]']",0
1997-10-13,141.83333,streamflow,9277500,ft3/s,"['A', '[91]']",0
1997-10-14,143.5625,streamflow,9277500,ft3/s,"['A', '[91]']",0
1997-10-15,142.0,streamflow,9277500,ft3/s,"['A', '[91]']",0
1997-10-16,140.58333,streamflow,9277500,ft3/s,"['A', '[91]']",0
1997-10-17,140.79167,streamflow,9277500,ft3/s,"['A', '[91]']",0
1997-10-18,140.95833,streamflow,9277500,ft3/s,"['A', '[91]']",0
1997-10-19,138.10417,streamflow,9277500,ft3/s,"['A', '[91]']",0
1997-10-20,135.625,streamflow,9277500,ft3/s,"['A', '[91]']",0
1997-10-21,129.02083,streamflow,9277500,ft3/s,"['A', '[91]']",0
1997-10-22,127.229164,streamflow,9277500,ft3/s,"['A', '[91]']",0
1997-10-23,129.20833,streamflow,9277500,ft3/s,"['A', '[91]']",0
1997-10-24,144.14583,streamflow,9277500,ft3/s,"['A', '[91]']",0
1997-10-25,139.10417,streamflow,9277500,ft3/s,"['A', '[91]']",0
1997-10-26,134.19565,streamflow,9277500,ft3/s,"['A', '[91]']",0
1997-10-27,134.83333,streamflow,9277500,ft3/s,"['A', '[91]']",0
1997-10-28,135.20833,streamflow,9277500,ft3/s,"['A', '[91]']",0
1997-10-29,133.14583,streamflow,9277500,ft3/s,"['A', '[91]']",0
1997-10-30,131.70833,streamflow,9277500,ft3/s,"['A', '[91]']",0
1997-10-31,131.8125,streamflow,9277500,ft3/s,"['A', '[91]']",0
1997-11-01,138.33333,streamflow,9277500,ft3/s,"['A', '[91]']",0
1997-11-02,130.02083,streamflow,9277500,ft3/s,"['A', '[91]']",0
1997-11-03,128.9375,streamflow,9277500,ft3/s,"['A', '[91]']",0
1997-11-04,129.6875,streamflow,9277500,ft3/s,"['A', '[91]']",0
1997-11-05,127.166664,streamflow,9277500,ft3/s,"['A', '[91]']",0
1997-11-06,126.479164,streamflow,9277500,ft3/s,"['A', '[91]']",0
1997-11-07,126.520836,streamflow,9277500,ft3/s,"['A', '[91]']",0
1997-11-08,126.666664,streamflow,9277500,ft3/s,"['A', '[91]']",0
1997-11-09,132.14583,streamflow,9277500,ft3/s,"['A', '[91]']",0
1997-11-10,126.708336,streamflow,9277500,ft3/s,"['A', '[91]']",0
1997-11-11,128.41667,streamflow,9277500,ft3/s,"['A', '[91]']",0
1997-11-12,128.125,streamflow,9277500,ft3/s,"['A', '[91]']",0
1997-11-13,126.208336,streamflow,9277500,ft3/s,"['A', '[91]']",0
1997-11-14,120.791664,streamflow,9277500,ft3/s,"['A', '[91]']",0
1997-11-15,112.291664,streamflow,9277500,ft3/s,"['A', '[91]']",0
1997-11-16,106.458336,streamflow,9277500,ft3/s,"['A', '[91]']",0
1997-11-17,117.708336,streamflow,9277500,ft3/s,"['A', '[91]']",0
1997-11-18,121.125,streamflow,9277500,ft3/s,"['A', '[91]']",0
1997-11-19,121.729164,streamflow,9277500,ft3/s,"['A', '[91]']",0
1997-11-20,121.083336,streamflow,9277500,ft3/s,"['A', '[91]']",0
1997-11-21,119.5,streamflow,9277500,ft3/s,"['A', '[91]']",0
1997-11-22,117.1875,streamflow,9277500,ft3/s,"['A', '[91]']",0
1997-11-23,112.8125,streamflow,9277500,ft3/s,"['A', '[91]']",0
1997-11-24,117.83854,streamflow,9277500,ft3/s,"['A', '[91]']",0
1997-11-25,116.953125,streamflow,9277500,ft3/s,"['A', '[91]']",0
1997-11-26,117.052086,streamflow,9277500,ft3/s,"['A', '[91]']",0
1997-11-27,123.1875,streamflow,9277500,ft3/s,"['A', '[91]']",0
1997-11-28,117.875,streamflow,9277500,ft3/s,"['A', '[91]']",0
1997-11-29,114.86979,streamflow,9277500,ft3/s,"['A', '[91]']",0
1997-11-30,114.03646,streamflow,9277500,ft3/s,"['A', '[91]']",0
1997-12-01,116.16146,streamflow,9277500,ft3/s,"['A', '[91]']",0
1997-12-02,120.552086,streamflow,9277500,ft3/s,"['A', '[91]']",0
1997-12-03,109.104164,streamflow,9277500,ft3/s,"['A', '[91]']",0
1997-12-04,103.666664,streamflow,9277500,ft3/s,"['A', '[91]']",0
1997-12-05,107.541664,streamflow,9277500,ft3/s,"['A', '[91]']",0
1997-12-06,113.145836,streamflow,9277500,ft3/s,"['A', '[91]']",0
1997-12-07,115.9375,streamflow,9277500,ft3/s,"['A', '[91]']",0
1997-12-08,116.354164,streamflow,9277500,ft3/s,"['A', '[91]']",0
1997-12-09,112.760414,streamflow,9277500,ft3/s,"['A', '[91]']",0
1997-12-10,108.21354,streamflow,9277500,ft3/s,"['A', '[91]']",0
1997-12-11,100.44271,streamflow,9277500,ft3/s,"['A', '[91]']",0
1997-12-12,101.53125,streamflow,9277500,ft3/s,"['A', '[91]']",0
1997-12-13,106.75521,streamflow,9277500,ft3/s,"['A', '[91]']",0
1997-12-14,109.71354,streamflow,9277500,ft3/s,"['A', '[91]']",0
1997-12-15,115.635414,streamflow,9277500,ft3/s,"['A', '[91]']",0
1997-12-16,110.614586,streamflow,9277500,ft3/s,"['A', '[91]']",0
1997-12-17,106.645836,streamflow,9277500,ft3/s,"['A', '[91]']",0
1997-12-18,106.015625,streamflow,9277500,ft3/s,"['A', '[91]']",0
1997-12-19,107.010414,streamflow,9277500,ft3/s,"['A', '[91]']",0
1997-12-20,103.50521,streamflow,9277500,ft3/s,"['A', '[91]']",0
1997-12-21,108.125,streamflow,9277500,ft3/s,"['A', '[91]']",0
1997-12-22,113.604164,streamflow,9277500,ft3/s,"['A', '[91]']",0
1997-12-23,104.52604,streamflow,9277500,ft3/s,"['A', '[91]']",0
1997-12-24,106.927086,streamflow,9277500,ft3/s,"['A', '[91]']",0
1997-12-25,102.47396,streamflow,9277500,ft3/s,"['A', '[91]']",0
1997-12-26,103.177086,streamflow,9277500,ft3/s,"['A', '[91]']",0
1997-12-27,107.046875,streamflow,9277500,ft3/s,"['A', '[91]']",0
1997-12-28,106.583336,streamflow,9277500,ft3/s,"['A', '[91]']",0
1997-12-29,118.09375,streamflow,9277500,ft3/s,"['A', '[91]']",0
1997-12-30,108.56771,streamflow,9277500,ft3/s,"['A', '[91]']",0
1997-12-31,101.916664,streamflow,9277500,ft3/s,"['A', '[91]']",0
1998-01-01,101.11979,streamflow,9277500,ft3/s,"['A', '[91]']",0
1998-01-02,100.677086,streamflow,9277500,ft3/s,"['A', '[91]']",0
1998-01-03,101.21875,streamflow,9277500,ft3/s,"['A', '[91]']",0
1998-01-04,101.21875,streamflow,9277500,ft3/s,"['A', '[91]']",0
1998-01-05,105.09896,streamflow,9277500,ft3/s,"['A', '[91]']",0
1998-01-06,95.78646,streamflow,9277500,ft3/s,"['A', '[91]']",0
1998-01-07,99.38021,streamflow,9277500,ft3/s,"['A', '[91]']",0
1998-01-08,121.03125,streamflow,9277500,ft3/s,"['A', '[91]']",0
1998-01-09,101.71354,streamflow,9277500,ft3/s,"['A', '[91]']",0
1998-01-10,97.11979,streamflow,9277500,ft3/s,"['A', '[91]']",0
1998-01-11,97.09896,streamflow,9277500,ft3/s,"['A', '[91]']",0
1998-01-12,97.56771,streamflow,9277500,ft3/s,"['A', '[91]']",0
1998-01-13,98.359375,streamflow,9277500,ft3/s,"['A', '[91]']",0
1998-01-14,96.234375,streamflow,9277500,ft3/s,"['A', '[91]']",0
1998-01-15,96.59896,streamflow,9277500,ft3/s,"['A', '[91]']",0
1998-01-16,97.416664,streamflow,9277500,ft3/s,"['A', '[91]']",0
1998-01-17,96.34896,streamflow,9277500,ft3/s,"['A', '[91]']",0
1998-01-18,97.171875,streamflow,9277500,ft3/s,"['A', '[91]']",0
1998-01-19,96.479164,streamflow,9277500,ft3/s,"['A', '[91]']",0
1998-01-20,95.640625,streamflow,9277500,ft3/s,"['A', '[91]']",0
1998-01-21,88.427086,streamflow,9277500,ft3/s,"['A', '[91]']",0
1998-01-22,86.22396,streamflow,9277500,ft3/s,"['A', '[91]']",0
1998-01-23,100.895836,streamflow,9277500,ft3/s,"['A', '[91]']",0
1998-01-24,92.822914,streamflow,9277500,ft3/s,"['A', '[91]']",0
1998-01-25,90.520836,streamflow,9277500,ft3/s,"['A', '[91]']",0
1998-01-26,87.395836,streamflow,9277500,ft3/s,"['A', '[91]']",0
1998-01-27,86.5625,streamflow,9277500,ft3/s,"['A', '[91]']",0
1998-01-28,86.484375,streamflow,9277500,ft3/s,"['A', '[91]']",0
1998-01-29,84.895836,streamflow,9277500,ft3/s,"['A', '[91]']",0
1998-01-30,89.47396,streamflow,9277500,ft3/s,"['A', '[91]']",0
1998-01-31,86.71875,streamflow,9277500,ft3/s,"['A', '[91]']",0
1998-02-01,82.645836,streamflow,9277500,ft3/s,"['A', '[91]']",0
1998-02-02,86.66146,streamflow,9277500,ft3/s,"['A', '[91]']",0
1998-02-03,87.552086,streamflow,9277500,ft3/s,"['A', '[91]']",0
1998-02-04,84.708336,streamflow,9277500,ft3/s,"['A', '[91]']",0
1998-02-05,83.90625,streamflow,9277500,ft3/s,"['A', '[91]']",0
1998-02-06,83.989586,streamflow,9277500,ft3/s,"['A', '[91]']",0
1998-02-07,88.364586,streamflow,9277500,ft3/s,"['A', '[91]']",0
1998-02-08,86.864586,streamflow,9277500,ft3/s,"['A', '[91]']",0
1998-02-09,85.322914,streamflow,9277500,ft3/s,"['A', '[91]']",0
1998-02-10,78.875,streamflow,9277500,ft3/s,"['A', '[91]']",0
1998-02-11,79.364586,streamflow,9277500,ft3/s,"['A', '[91]']",0
1998-02-12,83.75,streamflow,9277500,ft3/s,"['A', '[91]']",0
1998-02-13,85.63021,streamflow,9277500,ft3/s,"['A', '[91]']",0
1998-02-14,86.020836,streamflow,9277500,ft3/s,"['A', '[91]']",0
1998-02-15,85.614586,streamflow,9277500,ft3/s,"['A', '[91]']",0
1998-02-16,84.979164,streamflow,9277500,ft3/s,"['A', '[91]']",0
1998-02-17,83.375,streamflow,9277500,ft3/s,"['A', '[91]']",0
1998-02-18,82.302086,streamflow,9277500,ft3/s,"['A', '[91]']",0
1998-02-19,79.09375,streamflow,9277500,ft3/s,"['A', '[91]']",0
1998-02-20,80.265625,streamflow,9277500,ft3/s,"['A', '[91]']",0
1998-02-21,82.802086,streamflow,9277500,ft3/s,"['A', '[91]']",0
1998-02-22,86.645836,streamflow,9277500,ft3/s,"['A', '[91]']",0
1998-02-23,83.1875,streamflow,9277500,ft3/s,"['A', '[91]']",0
1998-02-24,84.03125,streamflow,9277500,ft3/s,"['A', '[91]']",0
1998-02-25,76.489586,streamflow,9277500,ft3/s,"['A', '[91]']",0
1998-02-26,75.572914,streamflow,9277500,ft3/s,"['A', '[91]']",0
1998-02-27,73.59375,streamflow,9277500,ft3/s,"['A', '[91]']",0
1998-02-28,76.083336,streamflow,9277500,ft3/s,"['A', '[91]']",0
1998-03-01,78.645836,streamflow,9277500,ft3/s,"['A', '[91]']",0
1998-03-02,77.71875,streamflow,9277500,ft3/s,"['A', '[91]']",0
1998-03-03,80.020836,streamflow,9277500,ft3/s,"['A', '[91]']",0
1998-03-04,79.21875,streamflow,9277500,ft3/s,"['A', '[91]']",0
1998-03-05,74.0625,streamflow,9277500,ft3/s,"['A', '[91]']",0
1998-03-06,84.78125,streamflow,9277500,ft3/s,"['A', '[91]']",0
1998-03-07,76.427086,streamflow,9277500,ft3/s,"['A', '[91]']",0
1998-03-08,74.15625,streamflow,9277500,ft3/s,"['A', '[91]']",0
1998-03-09,82.666664,streamflow,9277500,ft3/s,"['A', '[91]']",0
1998-03-10,77.989586,streamflow,9277500,ft3/s,"['A', '[91]']",0
1998-03-11,79.0,streamflow,9277500,ft3/s,"['A', '[91]']",0
1998-03-12,78.614586,streamflow,9277500,ft3/s,"['A', '[91]']",0
1998-03-13,81.52604,streamflow,9277500,ft3/s,"['A', '[91]']",0
1998-03-14,86.265625,streamflow,9277500,ft3/s,"['A', '[91]']",0
1998-03-15,91.229164,streamflow,9277500,ft3/s,"['A', '[91]']",0
1998-03-16,94.635414,streamflow,9277500,ft3/s,"['A', '[91]']",0
1998-03-17,96.145836,streamflow,9277500,ft3/s,"['A', '[91]']",0
1998-03-18,93.06771,streamflow,9277500,ft3/s,"['A', '[91]']",0
1998-03-19,86.52604,streamflow,9277500,ft3/s,"['A', '[91]']",0
1998-03-20,87.333336,streamflow,9277500,ft3/s,"['A', '[91]']",0
1998-03-21,91.78125,streamflow,9277500,ft3/s,"['A', '[91]']",0
1998-03-22,100.541664,streamflow,9277500,ft3/s,"['A', '[91]']",0
1998-03-23,111.958336,streamflow,9277500,ft3/s,"['A', '[91]']",0
1998-03-24,120.604164,streamflow,9277500,ft3/s,"['A', '[91]']",0
1998-03-25,131.625,streamflow,9277500,ft3/s,"['A', '[91]']",0
1998-03-26,129.77083,streamflow,9277500,ft3/s,"['A', '[91]']",0
1998-03-27,128.1875,streamflow,9277500,ft3/s,"['A', '[91]']",0
1998-03-28,127.875,streamflow,9277500,ft3/s,"['A', '[91]']",0
1998-03-29,126.333336,streamflow,9277500,ft3/s,"['A', '[91]']",0
1998-03-30,115.677086,streamflow,9277500,ft3/s,"['A', '[91]']",0
1998-03-31,112.78125,streamflow,9277500,ft3/s,"['A', '[91]']",0
1998-04-01,113.958336,streamflow,9277500,ft3/s,"['A', '[91]']",0
1998-04-02,110.260414,streamflow,9277500,ft3/s,"['A', '[91]']",0
1998-04-03,108.052086,streamflow,9277500,ft3/s,"['A', '[91]']",0
1998-04-04,110.84375,streamflow,9277500,ft3/s,"['A', '[91]']",0
1998-04-05,113.229164,streamflow,9277500,ft3/s,"['A', '[91]']",0
1998-04-06,110.104164,streamflow,9277500,ft3/s,"['A', '[91]']",0
1998-04-07,112.5625,streamflow,9277500,ft3/s,"['A', '[91]']",0
1998-04-08,114.302086,streamflow,9277500,ft3/s,"['A', '[91]']",0
1998-04-09,118.166664,streamflow,9277500,ft3/s,"['A', '[91]']",0
1998-04-10,117.0625,streamflow,9277500,ft3/s,"['A', '[91]']",0
1998-04-11,117.729164,streamflow,9277500,ft3/s,"['A', '[91]']",0
1998-04-12,127.020836,streamflow,9277500,ft3/s,"['A', '[91]']",0
1998-04-13,126.979164,streamflow,9277500,ft3/s,"['A', '[91]']",0
1998-04-14,129.83333,streamflow,9277500,ft3/s,"['A', '[91]']",0
1998-04-15,126.458336,streamflow,9277500,ft3/s,"['A', '[91]']",0
1998-04-16,124.520836,streamflow,9277500,ft3/s,"['A', '[91]']",0
1998-04-17,122.0,streamflow,9277500,ft3/s,"['A', '[91]']",0
1998-04-18,121.541664,streamflow,9277500,ft3/s,"['A', '[91]']",0
1998-04-19,123.895836,streamflow,9277500,ft3/s,"['A', '[91]']",0
1998-04-20,125.395836,streamflow,9277500,ft3/s,"['A', '[91]']",0
1998-04-21,134.375,streamflow,9277500,ft3/s,"['A', '[91]']",0
1998-04-22,150.125,streamflow,9277500,ft3/s,"['A', '[91]']",0
1998-04-23,162.11458,streamflow,9277500,ft3/s,"['A', '[91]']",0
1998-04-24,203.48958,streamflow,9277500,ft3/s,"['A', '[91]']",0
1998-04-25,217.90625,streamflow,9277500,ft3/s,"['A', '[91]']",0
1998-04-26,208.52083,streamflow,9277500,ft3/s,"['A', '[91]']",0
1998-04-27,208.20833,streamflow,9277500,ft3/s,"['A', '[91]']",0
1998-04-28,207.10417,streamflow,9277500,ft3/s,"['A', '[92]']",0
1998-04-29,218.875,streamflow,9277500,ft3/s,"['A', '[92]']",0
1998-04-30,230.19792,streamflow,9277500,ft3/s,"['A', '[92]']",0
1998-05-01,257.66666,streamflow,9277500,ft3/s,"['A', '[92]']",0
1998-05-02,282.6771,streamflow,9277500,ft3/s,"['A', '[92]']",0
1998-05-03,307.64584,streamflow,9277500,ft3/s,"['A', '[92]']",0
1998-05-04,343.875,streamflow,9277500,ft3/s,"['A', '[92]']",0
1998-05-05,332.9896,streamflow,9277500,ft3/s,"['A', '[92]']",0
1998-05-06,319.03125,streamflow,9277500,ft3/s,"['A', '[92]']",0
1998-05-07,302.20834,streamflow,9277500,ft3/s,"['A', '[92]']",0
1998-05-08,297.40625,streamflow,9277500,ft3/s,"['A', '[92]']",0
1998-05-09,351.0521,streamflow,9277500,ft3/s,"['A', '[92]']",0
1998-05-10,377.5521,streamflow,9277500,ft3/s,"['A', '[92]']",0
1998-05-11,385.1875,streamflow,9277500,ft3/s,"['A', '[92]']",0
1998-05-12,297.21875,streamflow,9277500,ft3/s,"['A', '[92]']",0
1998-05-13,286.625,streamflow,9277500,ft3/s,"['A', '[92]']",0
1998-05-14,280.6146,streamflow,9277500,ft3/s,"['A', '[92]']",0
1998-05-15,294.1771,streamflow,9277500,ft3/s,"['A', '[92]']",0
1998-05-16,288.20834,streamflow,9277500,ft3/s,"['A', '[92]']",0
1998-05-17,295.3229,streamflow,9277500,ft3/s,"['A', '[92]']",0
1998-05-18,286.1979,streamflow,9277500,ft3/s,"['A', '[92]']",0
1998-05-19,316.40625,streamflow,9277500,ft3/s,"['A', '[92]']",0
1998-05-20,336.46875,streamflow,9277500,ft3/s,"['A', '[92]']",0
1998-05-21,389.91666,streamflow,9277500,ft3/s,"['A', '[92]']",0
1998-05-22,648.7708,streamflow,9277500,ft3/s,"['A', '[91]']",0
1998-05-23,621.15625,streamflow,9277500,ft3/s,"['A', '[91]']",0
1998-05-24,579.13544,streamflow,9277500,ft3/s,"['A', '[91]']",0
1998-05-25,606.92706,streamflow,9277500,ft3/s,"['A', '[91]']",0
1998-05-26,657.5208,streamflow,9277500,ft3/s,"['A', '[91]']",0
1998-05-27,644.76044,streamflow,9277500,ft3/s,"['A', '[91]']",0
1998-05-28,684.94794,streamflow,9277500,ft3/s,"['A', '[91]']",0
1998-05-29,750.92706,streamflow,9277500,ft3/s,"['A', '[91]']",0
1998-05-30,752.38544,streamflow,9277500,ft3/s,"['A', '[91]']",0
1998-05-31,786.76044,streamflow,9277500,ft3/s,"['A', '[91]']",0
1998-06-01,774.3125,streamflow,9277500,ft3/s,"['A', '[91]']",0
1998-06-02,816.92706,streamflow,9277500,ft3/s,"['A', '[91]']",0
1998-06-03,1131.2188,streamflow,9277500,ft3/s,"['A', '[91]']",0
1998-06-04,1020.4583,streamflow,9277500,ft3/s,"['A', '[91]']",0
1998-06-05,835.75,streamflow,9277500,ft3/s,"['A', '[91]']",0
1998-06-06,818.125,streamflow,9277500,ft3/s,"['A', '[91]']",0
1998-06-07,765.90625,streamflow,9277500,ft3/s,"['A', '[91]']",0
1998-06-08,721.80206,streamflow,9277500,ft3/s,"['A', '[91]']",0
1998-06-09,704.6667,streamflow,9277500,ft3/s,"['A', '[91]']",0
1998-06-10,713.75,streamflow,9277500,ft3/s,"['A', '[91]']",0
1998-06-11,687.6875,streamflow,9277500,ft3/s,"['A', '[91]']",0
1998-06-12,688.32294,streamflow,9277500,ft3/s,"['A', '[91]']",0
1998-06-13,748.5833,streamflow,9277500,ft3/s,"['A', '[91]']",0
1998-06-14,790.4375,streamflow,9277500,ft3/s,"['A', '[91]']",0
1998-06-15,782.94794,streamflow,9277500,ft3/s,"['A', '[91]']",0
1998-06-16,745.01044,streamflow,9277500,ft3/s,"['A', '[91]']",0
1998-06-17,802.6042,streamflow,9277500,ft3/s,"['A', '[91]']",0
1998-06-18,738.34375,streamflow,9277500,ft3/s,"['A', '[91]']",0
1998-06-19,822.4375,streamflow,9277500,ft3/s,"['A', '[91]']",0
1998-06-20,909.625,streamflow,9277500,ft3/s,"['A', '[91]']",0
1998-06-21,952.375,streamflow,9277500,ft3/s,"['A', '[91]']",0
1998-06-22,1104.1041,streamflow,9277500,ft3/s,"['A', '[91]']",0
1998-06-23,1044.7812,streamflow,9277500,ft3/s,"['A', '[91]']",0
1998-06-24,1052.9896,streamflow,9277500,ft3/s,"['A', '[91]']",0
1998-06-25,962.59375,streamflow,9277500,ft3/s,"['A', '[91]']",0
1998-06-26,979.32294,streamflow,9277500,ft3/s,"['A', '[91]']",0
1998-06-27,987.7292,streamflow,9277500,ft3/s,"['A', '[91]']",0
1998-06-28,936.01044,streamflow,9277500,ft3/s,"['A', '[91]']",0
1998-06-29,954.34375,streamflow,9277500,ft3/s,"['A', '[91]']",0
1998-06-30,961.4167,streamflow,9277500,ft3/s,"['A', '[91]']",0
1998-07-01,955.6875,streamflow,9277500,ft3/s,"['A', '[91]']",0
1998-07-02,906.40625,streamflow,9277500,ft3/s,"['A', '[91]']",0
1998-07-03,877.32294,streamflow,9277500,ft3/s,"['A', '[91]']",0
1998-07-04,843.40625,streamflow,9277500,ft3/s,"['A', '[91]']",0
1998-07-05,788.26044,streamflow,9277500,ft3/s,"['A', '[91]']",0
1998-07-06,708.59375,streamflow,9277500,ft3/s,"['A', '[91]']",0
1998-07-07,625.46875,streamflow,9277500,ft3/s,"['A', '[91]']",0
1998-07-08,423.03125,streamflow,9277500,ft3/s,"['A', '[91]']",0
1998-07-09,361.47916,streamflow,9277500,ft3/s,"['A', '[92]']",0
1998-07-10,337.65625,streamflow,9277500,ft3/s,"['A', '[92]']",0
1998-07-11,329.95834,streamflow,9277500,ft3/s,"['A', '[92]']",0
1998-07-12,297.3021,streamflow,9277500,ft3/s,"['A', '[92]']",0
1998-07-13,339.45834,streamflow,9277500,ft3/s,"['A', '[92]']",0
1998-07-14,267.0104,streamflow,9277500,ft3/s,"['A', '[92]']",0
1998-07-15,232.5,streamflow,9277500,ft3/s,"['A', '[92]']",0
1998-07-16,208.625,streamflow,9277500,ft3/s,"['A', '[92]']",0
1998-07-17,202.96875,streamflow,9277500,ft3/s,"['A', '[92]']",0
1998-07-18,189.6875,streamflow,9277500,ft3/s,"['A', '[92]']",0
1998-07-19,180.59375,streamflow,9277500,ft3/s,"['A', '[92]']",0
1998-07-20,177.61458,streamflow,9277500,ft3/s,"['A', '[92]']",0
1998-07-21,173.44792,streamflow,9277500,ft3/s,"['A', '[92]']",0
1998-07-22,165.16667,streamflow,9277500,ft3/s,"['A', '[92]']",0
1998-07-23,171.05208,streamflow,9277500,ft3/s,"['A', '[92]']",0
1998-07-24,169.48958,streamflow,9277500,ft3/s,"['A', '[92]']",0
1998-07-25,172.78125,streamflow,9277500,ft3/s,"['A', '[92]']",0
1998-07-26,186.04167,streamflow,9277500,ft3/s,"['A', '[92]']",0
1998-07-27,180.15625,streamflow,9277500,ft3/s,"['A', '[92]']",0
1998-07-28,175.85417,streamflow,9277500,ft3/s,"['A', '[92]']",0
1998-07-29,175.1875,streamflow,9277500,ft3/s,"['A', '[92]']",0
1998-07-30,166.1875,streamflow,9277500,ft3/s,"['A', '[92]']",0
1998-07-31,171.69792,streamflow,9277500,ft3/s,"['A', '[92]']",0
1998-08-01,160.625,streamflow,9277500,ft3/s,"['A', '[92]']",0
1998-08-02,153.29167,streamflow,9277500,ft3/s,"['A', '[91]']",0
1998-08-03,149.52083,streamflow,9277500,ft3/s,"['A', '[91]']",0
1998-08-04,165.82292,streamflow,9277500,ft3/s,"['A', '[91]']",0
1998-08-05,136.64583,streamflow,9277500,ft3/s,"['A', '[91]']",0
1998-08-06,134.10417,streamflow,9277500,ft3/s,"['A', '[91]']",0
1998-08-07,123.458336,streamflow,9277500,ft3/s,"['A', '[91]']",0
1998-08-08,118.041664,streamflow,9277500,ft3/s,"['A', '[91]']",0
1998-08-09,115.229164,streamflow,9277500,ft3/s,"['A', '[91]']",0
1998-08-10,118.6875,streamflow,9277500,ft3/s,"['A', '[91]']",0
1998-08-11,125.197914,streamflow,9277500,ft3/s,"['A', '[91]']",0
1998-08-12,114.59375,streamflow,9277500,ft3/s,"['A', '[91]']",0
1998-08-13,110.385414,streamflow,9277500,ft3/s,"['A', '[91]']",0
1998-08-14,114.010414,streamflow,9277500,ft3/s,"['A', '[91]']",0
1998-08-15,102.416664,streamflow,9277500,ft3/s,"['A', '[91]']",0
1998-08-16,105.46875,streamflow,9277500,ft3/s,"['A', '[91]']",0
1998-08-17,108.3125,streamflow,9277500,ft3/s,"['A', '[91]']",0
1998-08-18,114.104164,streamflow,9277500,ft3/s,"['A', '[91]']",0
1998-08-19,120.75,streamflow,9277500,ft3/s,"['A', '[91]']",0
1998-08-20,111.958336,streamflow,9277500,ft3/s,"['A', '[91]']",0
1998-08-21,116.677086,streamflow,9277500,ft3/s,"['A', '[91]']",0
1998-08-22,131.23958,streamflow,9277500,ft3/s,"['A', '[91]']",0
1998-08-23,116.40625,streamflow,9277500,ft3/s,"['A', '[91]']",0
1998-08-24,112.40625,streamflow,9277500,ft3/s,"['A', '[91]']",0
1998-08-25,111.114586,streamflow,9277500,ft3/s,"['A', '[91]']",0
1998-08-26,130.8125,streamflow,9277500,ft3/s,"['A', '[91]']",0
1998-08-27,142.28125,streamflow,9277500,ft3/s,"['A', '[91]']",0
1998-08-28,130.35417,streamflow,9277500,ft3/s,"['A', '[91]']",0
1998-08-29,128.72917,streamflow,9277500,ft3/s,"['A', '[91]']",0
1998-08-30,126.020836,streamflow,9277500,ft3/s,"['A', '[91]']",0
1998-08-31,122.416664,streamflow,9277500,ft3/s,"['A', '[91]']",0
1998-09-01,121.104164,streamflow,9277500,ft3/s,"['A', '[91]']",0
1998-09-02,122.458336,streamflow,9277500,ft3/s,"['A', '[91]']",0
1998-09-03,118.229164,streamflow,9277500,ft3/s,"['A', '[91]']",0
1998-09-04,113.541664,streamflow,9277500,ft3/s,"['A', '[91]']",0
1998-09-05,112.46875,streamflow,9277500,ft3/s,"['A', '[91]']",0
1998-09-06,118.645836,streamflow,9277500,ft3/s,"['A', '[91]']",0
1998-09-07,114.666664,streamflow,9277500,ft3/s,"['A', '[91]']",0
1998-09-08,114.5,streamflow,9277500,ft3/s,"['A', '[91]']",0
1998-09-09,107.322914,streamflow,9277500,ft3/s,"['A', '[91]']",0
1998-09-10,116.114586,streamflow,9277500,ft3/s,"['A', '[91]']",0
1998-09-11,131.6875,streamflow,9277500,ft3/s,"['A', '[91]']",0
1998-09-12,140.0,streamflow,9277500,ft3/s,"['A', '[91]']",0
1998-09-13,154.48958,streamflow,9277500,ft3/s,"['A', '[91]']",0
1998-09-14,141.70833,streamflow,9277500,ft3/s,"['A', '[91]']",0
1998-09-15,135.125,streamflow,9277500,ft3/s,"['A', '[91]']",0
1998-09-16,131.25,streamflow,9277500,ft3/s,"['A', '[91]']",0
1998-09-17,132.02083,streamflow,9277500,ft3/s,"['A', '[91]']",0
1998-09-18,128.77083,streamflow,9277500,ft3/s,"['A', '[91]']",0
1998-09-19,123.6875,streamflow,9277500,ft3/s,"['A', '[91]']",0
1998-09-20,119.479164,streamflow,9277500,ft3/s,"['A', '[91]']",0
1998-09-21,128.60417,streamflow,9277500,ft3/s,"['A', '[91]']",0
1998-09-22,140.25,streamflow,9277500,ft3/s,"['A', '[91]']",0
1998-09-23,134.5625,streamflow,9277500,ft3/s,"['A', '[91]']",0
1998-09-24,135.625,streamflow,9277500,ft3/s,"['A', '[91]']",0
1998-09-25,133.54167,streamflow,9277500,ft3/s,"['A', '[91]']",0
1998-09-26,132.66667,streamflow,9277500,ft3/s,"['A', '[91]']",0
1998-09-27,128.70833,streamflow,9277500,ft3/s,"['A', '[91]']",0
1998-09-28,123.270836,streamflow,9277500,ft3/s,"['A', '[91]']",0
1998-09-29,122.1875,streamflow,9277500,ft3/s,"['A', '[91]']",0
1998-09-30,130.5,streamflow,9277500,ft3/s,"['A', '[91]']",0
1998-10-01,132.16667,streamflow,9277500,ft3/s,"['A', '[91]']",0
1998-10-02,132.35417,streamflow,9277500,ft3/s,"['A', '[91]']",0
1998-10-03,132.66667,streamflow,9277500,ft3/s,"['A', '[91]']",0
1998-10-04,131.95833,streamflow,9277500,ft3/s,"['A', '[91]']",0
1998-10-05,133.28125,streamflow,9277500,ft3/s,"['A', '[91]']",0
1998-10-06,134.51042,streamflow,9277500,ft3/s,"['A', '[91]']",0
1998-10-07,133.32292,streamflow,9277500,ft3/s,"['A', '[91]']",0
1998-10-08,131.90625,streamflow,9277500,ft3/s,"['A', '[91]']",0
1998-10-09,129.82292,streamflow,9277500,ft3/s,"['A', '[91]']",0
1998-10-10,128.90625,streamflow,9277500,ft3/s,"['A', '[91]']",0
1998-10-11,127.229164,streamflow,9277500,ft3/s,"['A', '[91]']",0
1998-10-12,127.354164,streamflow,9277500,ft3/s,"['A', '[91]']",0
1998-10-13,127.833336,streamflow,9277500,ft3/s,"['A', '[91]']",0
1998-10-14,128.02083,streamflow,9277500,ft3/s,"['A', '[91]']",0
1998-10-15,126.625,streamflow,9277500,ft3/s,"['A', '[91]']",0
1998-10-16,127.489586,streamflow,9277500,ft3/s,"['A', '[91]']",0
1998-10-17,128.14583,streamflow,9277500,ft3/s,"['A', '[91]']",0
1998-10-18,129.97917,streamflow,9277500,ft3/s,"['A', '[91]']",0
1998-10-19,129.6875,streamflow,9277500,ft3/s,"['A', '[91]']",0
1998-10-20,120.791664,streamflow,9277500,ft3/s,"['A', '[91]']",0
1998-10-21,123.645836,streamflow,9277500,ft3/s,"['A', '[91]']",0
1998-10-22,133.28125,streamflow,9277500,ft3/s,"['A', '[91]']",0
1998-10-23,138.97917,streamflow,9277500,ft3/s,"['A', '[91]']",0
1998-10-24,134.77083,streamflow,9277500,ft3/s,"['A', '[91]']",0
1998-10-25,138.61957,streamflow,9277500,ft3/s,"['A', '[91]']",0
1998-10-26,144.07292,streamflow,9277500,ft3/s,"['A', '[91]']",0
1998-10-27,144.0,streamflow,9277500,ft3/s,"['A', '[91]']",0
1998-10-28,135.66667,streamflow,9277500,ft3/s,"['A', '[91]']",0
1998-10-29,129.45833,streamflow,9277500,ft3/s,"['A', '[91]']",0
1998-10-30,137.79167,streamflow,9277500,ft3/s,"['A', '[91]']",0
1998-10-31,138.84375,streamflow,9277500,ft3/s,"['A', '[91]']",0
1998-11-01,132.63542,streamflow,9277500,ft3/s,"['A', '[91]']",0
1998-11-02,130.66667,streamflow,9277500,ft3/s,"['A', '[91]']",0
1998-11-03,128.16667,streamflow,9277500,ft3/s,"['A', '[91]']",0
1998-11-04,126.34375,streamflow,9277500,ft3/s,"['A', '[91]']",0
1998-11-05,126.427086,streamflow,9277500,ft3/s,"['A', '[91]']",0
1998-11-06,129.6875,streamflow,9277500,ft3/s,"['A', '[91]']",0
1998-11-07,124.645836,streamflow,9277500,ft3/s,"['A', '[91]']",0
1998-11-08,131.03125,streamflow,9277500,ft3/s,"['A', '[91]']",0
1998-11-09,123.166664,streamflow,9277500,ft3/s,"['A', '[91]']",0
1998-11-10,127.0,streamflow,9277500,ft3/s,"['A', '[91]']",0
1998-11-11,127.09375,streamflow,9277500,ft3/s,"['A', '[91]']",0
1998-11-12,125.520836,streamflow,9277500,ft3/s,"['A', '[91]']",0
1998-11-13,123.1875,streamflow,9277500,ft3/s,"['A', '[91]']",0
1998-11-14,125.270836,streamflow,9277500,ft3/s,"['A', '[91]']",0
1998-11-15,125.4375,streamflow,9277500,ft3/s,"['A', '[91]']",0
1998-11-16,123.802086,streamflow,9277500,ft3/s,"['A', '[91]']",0
1998-11-17,122.520836,streamflow,9277500,ft3/s,"['A', '[91]']",0
1998-11-18,122.395836,streamflow,9277500,ft3/s,"['A', '[91]']",0
1998-11-19,118.5625,streamflow,9277500,ft3/s,"['A', '[91]']",0
1998-11-20,112.5625,streamflow,9277500,ft3/s,"['A', '[91]']",0
1998-11-21,116.041664,streamflow,9277500,ft3/s,"['A', '[91]']",0
1998-11-22,122.59375,streamflow,9277500,ft3/s,"['A', '[91]']",0
1998-11-23,119.583336,streamflow,9277500,ft3/s,"['A', '[91]']",0
1998-11-24,117.34375,streamflow,9277500,ft3/s,"['A', '[91]']",0
1998-11-25,113.90625,streamflow,9277500,ft3/s,"['A', '[91]']",0
1998-11-26,116.447914,streamflow,9277500,ft3/s,"['A', '[91]']",0
1998-11-27,115.489586,streamflow,9277500,ft3/s,"['A', '[91]']",0
1998-11-28,115.822914,streamflow,9277500,ft3/s,"['A', '[91]']",0
1998-11-29,114.395836,streamflow,9277500,ft3/s,"['A', '[91]']",0
1998-11-30,113.1875,streamflow,9277500,ft3/s,"['A', '[91]']",0
1998-12-01,111.958336,streamflow,9277500,ft3/s,"['A', '[91]']",0
1998-12-02,113.572914,streamflow,9277500,ft3/s,"['A', '[91]']",0
1998-12-03,110.104164,streamflow,9277500,ft3/s,"['A', '[91]']",0
1998-12-04,110.65625,streamflow,9277500,ft3/s,"['A', '[91]']",0
1998-12-05,105.802086,streamflow,9277500,ft3/s,"['A', '[91]']",0
1998-12-06,94.614586,streamflow,9277500,ft3/s,"['A', '[91]']",0
1998-12-07,111.260414,streamflow,9277500,ft3/s,"['A', '[91]']",0
1998-12-08,110.427086,streamflow,9277500,ft3/s,"['A', '[91]']",0
1998-12-09,108.395836,streamflow,9277500,ft3/s,"['A', '[91]']",0
1998-12-10,110.666664,streamflow,9277500,ft3/s,"['A', '[91]']",0
1998-12-11,115.729164,streamflow,9277500,ft3/s,"['A', '[91]']",0
1998-12-12,104.75,streamflow,9277500,ft3/s,"['A', '[91]']",0
1998-12-13,104.552086,streamflow,9277500,ft3/s,"['A', '[91]']",0
1998-12-14,103.864586,streamflow,9277500,ft3/s,"['A', '[91]']",0
1998-12-15,105.21875,streamflow,9277500,ft3/s,"['A', '[91]']",0
1998-12-16,103.625,streamflow,9277500,ft3/s,"['A', '[91]']",0
1998-12-17,104.65625,streamflow,9277500,ft3/s,"['A', '[91]']",0
1998-12-18,104.666664,streamflow,9277500,ft3/s,"['A', '[91]']",0
1998-12-19,103.65625,streamflow,9277500,ft3/s,"['A', '[91]']",0
1998-12-20,103.895836,streamflow,9277500,ft3/s,"['A', '[91]']",0
1998-12-21,107.89286,streamflow,9277500,ft3/s,"['A', '[91]']",0
1998-12-22,102.57353,streamflow,9277500,ft3/s,"['A', '[91]']",0
1998-12-23,116.46429,streamflow,9277500,ft3/s,"['A', '[91]']",0
1998-12-24,,streamflow,9277500,ft3/s,"['A', '[91]']",0
1998-12-25,,streamflow,9277500,ft3/s,"['A', '[91]']",0
1998-12-26,,streamflow,9277500,ft3/s,"['A', '[91]']",0
1998-12-27,,streamflow,9277500,ft3/s,"['A', '[91]']",0
1998-12-28,,streamflow,9277500,ft3/s,"['A', '[91]']",0
1998-12-29,103.76471,streamflow,9277500,ft3/s,"['A', '[91]']",0
1998-12-30,97.916664,streamflow,9277500,ft3/s,"['A', '[91]']",0
1998-12-31,98.770836,streamflow,9277500,ft3/s,"['A', '[91]']",0
1999-01-01,97.572914,streamflow,9277500,ft3/s,"['A', '[91]']",0
1999-01-02,93.28125,streamflow,9277500,ft3/s,"['A', '[91]']",0
1999-01-03,90.46429,streamflow,9277500,ft3/s,"['A', '[91]']",0
1999-01-04,,streamflow,9277500,ft3/s,"['A', '[91]']",0
1999-01-05,96.911766,streamflow,9277500,ft3/s,"['A', '[91]']",0
1999-01-06,96.25,streamflow,9277500,ft3/s,"['A', '[91]']",0
1999-01-07,95.96875,streamflow,9277500,ft3/s,"['A', '[91]']",0
1999-01-08,93.947914,streamflow,9277500,ft3/s,"['A', '[91]']",0
1999-01-09,91.96875,streamflow,9277500,ft3/s,"['A', '[91]']",0
1999-01-10,94.78125,streamflow,9277500,ft3/s,"['A', '[91]']",0
1999-01-11,96.020836,streamflow,9277500,ft3/s,"['A', '[91]']",0
1999-01-12,95.1875,streamflow,9277500,ft3/s,"['A', '[91]']",0
1999-01-13,94.416664,streamflow,9277500,ft3/s,"['A', '[91]']",0
1999-01-14,92.21875,streamflow,9277500,ft3/s,"['A', '[91]']",0
1999-01-15,94.8125,streamflow,9277500,ft3/s,"['A', '[91]']",0
1999-01-16,92.729164,streamflow,9277500,ft3/s,"['A', '[91]']",0
1999-01-17,95.229164,streamflow,9277500,ft3/s,"['A', '[91]']",0
1999-01-18,94.020836,streamflow,9277500,ft3/s,"['A', '[91]']",0
1999-01-19,95.791664,streamflow,9277500,ft3/s,"['A', '[91]']",0
1999-01-20,95.25,streamflow,9277500,ft3/s,"['A', '[91]']",0
1999-01-21,99.90625,streamflow,9277500,ft3/s,"['A', '[91]']",0
1999-01-22,92.07143,streamflow,9277500,ft3/s,"['A', '[91]']",0
1999-01-23,97.617645,streamflow,9277500,ft3/s,"['A', '[91]']",0
1999-01-24,96.40625,streamflow,9277500,ft3/s,"['A', '[91]']",0
1999-01-25,95.427086,streamflow,9277500,ft3/s,"['A', '[91]']",0
1999-01-26,94.75,streamflow,9277500,ft3/s,"['A', '[91]']",0
1999-01-27,93.572914,streamflow,9277500,ft3/s,"['A', '[91]']",0
1999-01-28,90.708336,streamflow,9277500,ft3/s,"['A', '[91]']",0
1999-01-29,86.85714,streamflow,9277500,ft3/s,"['A', '[91]']",0
1999-01-30,,streamflow,9277500,ft3/s,"['A', '[91]']",0
1999-01-31,,streamflow,9277500,ft3/s,"['A', '[91]']",0
1999-02-01,94.92647,streamflow,9277500,ft3/s,"['A', '[91]']",0
1999-02-02,92.552086,streamflow,9277500,ft3/s,"['A', '[91]']",0
1999-02-03,93.020836,streamflow,9277500,ft3/s,"['A', '[91]']",0
1999-02-04,91.885414,streamflow,9277500,ft3/s,"['A', '[91]']",0
1999-02-05,93.21875,streamflow,9277500,ft3/s,"['A', '[91]']",0
1999-02-06,92.416664,streamflow,9277500,ft3/s,"['A', '[91]']",0
1999-02-07,91.5,streamflow,9277500,ft3/s,"['A', '[91]']",0
1999-02-08,92.71875,streamflow,9277500,ft3/s,"['A', '[91]']",0
1999-02-09,93.072914,streamflow,9277500,ft3/s,"['A', '[91]']",0
1999-02-10,97.42857,streamflow,9277500,ft3/s,"['A', '[91]']",0
1999-02-11,90.69118,streamflow,9277500,ft3/s,"['A', '[91]']",0
1999-02-12,93.96429,streamflow,9277500,ft3/s,"['A', '[91]']",0
1999-02-13,,streamflow,9277500,ft3/s,"['A', '[91]']",0
1999-02-14,92.05882,streamflow,9277500,ft3/s,"['A', '[91]']",0
1999-02-15,92.15625,streamflow,9277500,ft3/s,"['A', '[91]']",0
1999-02-16,90.583336,streamflow,9277500,ft3/s,"['A', '[91]']",0
1999-02-17,94.010414,streamflow,9277500,ft3/s,"['A', '[91]']",0
1999-02-18,91.635414,streamflow,9277500,ft3/s,"['A', '[91]']",0
1999-02-19,92.25,streamflow,9277500,ft3/s,"['A', '[91]']",0
1999-02-20,86.479164,streamflow,9277500,ft3/s,"['A', '[91]']",0
1999-02-21,91.333336,streamflow,9277500,ft3/s,"['A', '[91]']",0
1999-02-22,91.958336,streamflow,9277500,ft3/s,"['A', '[91]']",0
1999-02-23,90.25,streamflow,9277500,ft3/s,"['A', '[91]']",0
1999-02-24,89.614586,streamflow,9277500,ft3/s,"['A', '[91]']",0
1999-02-25,93.260414,streamflow,9277500,ft3/s,"['A', '[91]']",0
1999-02-26,93.53125,streamflow,9277500,ft3/s,"['A', '[91]']",0
1999-02-27,87.729164,streamflow,9277500,ft3/s,"['A', '[91]']",0
1999-02-28,91.78125,streamflow,9277500,ft3/s,"['A', '[91]']",0
1999-03-01,94.375,streamflow,9277500,ft3/s,"['A', '[91]']",0
1999-03-02,95.385414,streamflow,9277500,ft3/s,"['A', '[91]']",0
1999-03-03,91.145836,streamflow,9277500,ft3/s,"['A', '[91]']",0
1999-03-04,91.677086,streamflow,9277500,ft3/s,"['A', '[91]']",0
1999-03-05,86.947914,streamflow,9277500,ft3/s,"['A', '[91]']",0
1999-03-06,86.447914,streamflow,9277500,ft3/s,"['A', '[91]']",0
1999-03-07,89.770836,streamflow,9277500,ft3/s,"['A', '[91]']",0
1999-03-08,87.697914,streamflow,9277500,ft3/s,"['A', '[91]']",0
1999-03-09,88.885414,streamflow,9277500,ft3/s,"['A', '[91]']",0
1999-03-10,87.59375,streamflow,9277500,ft3/s,"['A', '[91]']",0
1999-03-11,87.875,streamflow,9277500,ft3/s,"['A', '[91]']",0
1999-03-12,86.354164,streamflow,9277500,ft3/s,"['A', '[91]']",0
1999-03-13,86.25,streamflow,9277500,ft3/s,"['A', '[91]']",0
1999-03-14,88.510414,streamflow,9277500,ft3/s,"['A', '[91]']",0
1999-03-15,91.5625,streamflow,9277500,ft3/s,"['A', '[91]']",0
1999-03-16,93.260414,streamflow,9277500,ft3/s,"['A', '[91]']",0
1999-03-17,95.28125,streamflow,9277500,ft3/s,"['A', '[91]']",0
1999-03-18,96.989586,streamflow,9277500,ft3/s,"['A', '[91]']",0
1999-03-19,100.927086,streamflow,9277500,ft3/s,"['A', '[91]']",0
1999-03-20,102.75,streamflow,9277500,ft3/s,"['A', '[91]']",0
1999-03-21,106.010414,streamflow,9277500,ft3/s,"['A', '[91]']",0
1999-03-22,99.770836,streamflow,9277500,ft3/s,"['A', '[91]']",0
1999-03-23,101.09375,streamflow,9277500,ft3/s,"['A', '[91]']",0
1999-03-24,99.583336,streamflow,9277500,ft3/s,"['A', '[91]']",0
1999-03-25,104.28125,streamflow,9277500,ft3/s,"['A', '[91]']",0
1999-03-26,106.822914,streamflow,9277500,ft3/s,"['A', '[91]']",0
1999-03-27,103.864586,streamflow,9277500,ft3/s,"['A', '[91]']",0
1999-03-28,97.666664,streamflow,9277500,ft3/s,"['A', '[91]']",0
1999-03-29,96.708336,streamflow,9277500,ft3/s,"['A', '[91]']",0
1999-03-30,124.46875,streamflow,9277500,ft3/s,"['A', '[91]']",0
1999-03-31,105.875,streamflow,9277500,ft3/s,"['A', '[91]']",0
1999-04-01,100.802086,streamflow,9277500,ft3/s,"['A', '[91]']",0
1999-04-02,124.59375,streamflow,9277500,ft3/s,"['A', '[91]']",0
1999-04-03,122.635414,streamflow,9277500,ft3/s,"['A', '[91]']",0
1999-04-04,126.625,streamflow,9277500,ft3/s,"['A', '[91]']",0
1999-04-05,136.67708,streamflow,9277500,ft3/s,"['A', '[91]']",0
1999-04-06,123.5625,streamflow,9277500,ft3/s,"['A', '[91]']",0
1999-04-07,119.25,streamflow,9277500,ft3/s,"['A', '[91]']",0
1999-04-08,97.822914,streamflow,9277500,ft3/s,"['A', '[91]']",0
1999-04-09,94.625,streamflow,9277500,ft3/s,"['A', '[91]']",0
1999-04-10,89.3125,streamflow,9277500,ft3/s,"['A', '[91]']",0
1999-04-11,93.177086,streamflow,9277500,ft3/s,"['A', '[91]']",0
1999-04-12,91.552086,streamflow,9277500,ft3/s,"['A', '[91]']",0
1999-04-13,92.104164,streamflow,9277500,ft3/s,"['A', '[91]']",0
1999-04-14,95.479164,streamflow,9277500,ft3/s,"['A', '[91]']",0
1999-04-15,95.520836,streamflow,9277500,ft3/s,"['A', '[91]']",0
1999-04-16,93.90625,streamflow,9277500,ft3/s,"['A', '[91]']",0
1999-04-17,92.3125,streamflow,9277500,ft3/s,"['A', '[91]']",0
1999-04-18,95.197914,streamflow,9277500,ft3/s,"['A', '[91]']",0
1999-04-19,99.65625,streamflow,9277500,ft3/s,"['A', '[91]']",0
1999-04-20,109.09375,streamflow,9277500,ft3/s,"['A', '[91]']",0
1999-04-21,120.427086,streamflow,9277500,ft3/s,"['A', '[91]']",0
1999-04-22,117.114586,streamflow,9277500,ft3/s,"['A', '[91]']",0
1999-04-23,117.770836,streamflow,9277500,ft3/s,"['A', '[91]']",0
1999-04-24,119.489586,streamflow,9277500,ft3/s,"['A', '[91]']",0
1999-04-25,117.052086,streamflow,9277500,ft3/s,"['A', '[91]']",0
1999-04-26,116.322914,streamflow,9277500,ft3/s,"['A', '[91]']",0
1999-04-27,120.229164,streamflow,9277500,ft3/s,"['A', '[91]']",0
1999-04-28,132.36458,streamflow,9277500,ft3/s,"['A', '[91]']",0
1999-04-29,161.0,streamflow,9277500,ft3/s,"['A', '[91]']",0
1999-04-30,160.39583,streamflow,9277500,ft3/s,"['A', '[91]']",0
1999-05-01,150.27083,streamflow,9277500,ft3/s,"['A', '[91]']",0
1999-05-02,146.48958,streamflow,9277500,ft3/s,"['A', '[91]']",0
1999-05-03,152.42708,streamflow,9277500,ft3/s,"['A', '[91]']",0
1999-05-04,153.375,streamflow,9277500,ft3/s,"['A', '[91]']",0
1999-05-05,143.03125,streamflow,9277500,ft3/s,"['A', '[91]']",0
1999-05-06,138.625,streamflow,9277500,ft3/s,"['A', '[91]']",0
1999-05-07,137.0625,streamflow,9277500,ft3/s,"['A', '[91]']",0
1999-05-08,145.80208,streamflow,9277500,ft3/s,"['A', '[91]']",0
1999-05-09,161.57292,streamflow,9277500,ft3/s,"['A', '[91]']",0
1999-05-10,168.64583,streamflow,9277500,ft3/s,"['A', '[91]']",0
1999-05-11,155.33333,streamflow,9277500,ft3/s,"['A', '[91]']",0
1999-05-12,147.44792,streamflow,9277500,ft3/s,"['A', '[91]']",0
1999-05-13,158.79167,streamflow,9277500,ft3/s,"['A', '[91]']",0
1999-05-14,180.20833,streamflow,9277500,ft3/s,"['A', '[91]']",0
1999-05-15,175.04167,streamflow,9277500,ft3/s,"['A', '[91]']",0
1999-05-16,166.34375,streamflow,9277500,ft3/s,"['A', '[91]']",0
1999-05-17,159.38542,streamflow,9277500,ft3/s,"['A', '[91]']",0
1999-05-18,161.17708,streamflow,9277500,ft3/s,"['A', '[91]']",0
1999-05-19,182.96875,streamflow,9277500,ft3/s,"['A', '[91]']",0
1999-05-20,216.78125,streamflow,9277500,ft3/s,"['A', '[91]']",0
1999-05-21,254.04167,streamflow,9277500,ft3/s,"['A', '[91]']",0
1999-05-22,299.20834,streamflow,9277500,ft3/s,"['A', '[91]']",0
1999-05-23,368.03125,streamflow,9277500,ft3/s,"['A', '[91]']",0
1999-05-24,511.39584,streamflow,9277500,ft3/s,"['A', '[91]']",0
1999-05-25,651.42706,streamflow,9277500,ft3/s,"['A', '[91]']",0
1999-05-26,763.76044,streamflow,9277500,ft3/s,"['A', '[91]']",0
1999-05-27,837.19794,streamflow,9277500,ft3/s,"['A', '[91]']",0
1999-05-28,879.2083,streamflow,9277500,ft3/s,"['A', '[91]']",0
1999-05-29,977.38544,streamflow,9277500,ft3/s,"['A', '[91]']",0
1999-05-30,955.40625,streamflow,9277500,ft3/s,"['A', '[91]']",0
1999-05-31,927.7292,streamflow,9277500,ft3/s,"['A', '[91]']",0
1999-06-01,792.67706,streamflow,9277500,ft3/s,"['A', '[91]']",0
1999-06-02,782.76044,streamflow,9277500,ft3/s,"['A', '[91]']",0
1999-06-03,852.51044,streamflow,9277500,ft3/s,"['A', '[91]']",0
1999-06-04,732.23956,streamflow,9277500,ft3/s,"['A', '[91]']",0
1999-06-05,675.40625,streamflow,9277500,ft3/s,"['A', '[91]']",0
1999-06-06,632.2708,streamflow,9277500,ft3/s,"['A', '[91]']",0
1999-06-07,678.59375,streamflow,9277500,ft3/s,"['A', '[91]']",0
1999-06-08,958.84375,streamflow,9277500,ft3/s,"['A', '[91]']",0
1999-06-09,1132.4479,streamflow,9277500,ft3/s,"['A', '[91]']",0
1999-06-10,1189.4688,streamflow,9277500,ft3/s,"['A', '[92]']",0
1999-06-11,1094.5416,streamflow,9277500,ft3/s,"['A', '[92]']",0
1999-06-12,1147.6041,streamflow,9277500,ft3/s,"['A', '[92]']",0
1999-06-13,1302.1875,streamflow,9277500,ft3/s,"['A', '[92]']",0
1999-06-14,1370.989,streamflow,9277500,ft3/s,"['A', '[92]']",0
1999-06-15,1328.6459,streamflow,9277500,ft3/s,"['A', '[92]']",0
1999-06-16,1405.9375,streamflow,9277500,ft3/s,"['A', '[92]']",0
1999-06-17,1505.625,streamflow,9277500,ft3/s,"['A', '[92]']",0
1999-06-18,1526.1459,streamflow,9277500,ft3/s,"['A', '[92]']",0
1999-06-19,1448.0209,streamflow,9277500,ft3/s,"['A', '[92]']",0
1999-06-20,1357.9166,streamflow,9277500,ft3/s,"['A', '[92]']",0
1999-06-21,1241.0416,streamflow,9277500,ft3/s,"['A', '[92]']",0
1999-06-22,1182.9166,streamflow,9277500,ft3/s,"['A', '[92]']",0
1999-06-23,1129.375,streamflow,9277500,ft3/s,"['A', '[92]']",0
1999-06-24,810.8333,streamflow,9277500,ft3/s,"['A', '[92]']",0
1999-06-25,697.1458,streamflow,9277500,ft3/s,"['A', '[92]']",0
1999-06-26,644.9375,streamflow,9277500,ft3/s,"['A', '[92]']",0
1999-06-27,536.6875,streamflow,9277500,ft3/s,"['A', '[92]']",0
1999-06-28,443.29166,streamflow,9277500,ft3/s,"['A', '[92]']",0
1999-06-29,399.08334,streamflow,9277500,ft3/s,"['A', '[92]']",0
1999-06-30,382.8646,streamflow,9277500,ft3/s,"['A', '[92]']",0
1999-07-01,363.64584,streamflow,9277500,ft3/s,"['A', '[92]']",0
1999-07-02,345.5521,streamflow,9277500,ft3/s,"['A', '[92]']",0
1999-07-03,319.0625,streamflow,9277500,ft3/s,"['A', '[92]']",0
1999-07-04,307.8125,streamflow,9277500,ft3/s,"['A', '[91]']",0
1999-07-05,285.71875,streamflow,9277500,ft3/s,"['A', '[91]']",0
1999-07-06,269.6771,streamflow,9277500,ft3/s,"['A', '[91]']",0
1999-07-07,252.40625,streamflow,9277500,ft3/s,"['A', '[91]']",0
1999-07-08,262.91666,streamflow,9277500,ft3/s,"['A', '[91]']",0
1999-07-09,243.55208,streamflow,9277500,ft3/s,"['A', '[91]']",0
1999-07-10,226.47917,streamflow,9277500,ft3/s,"['A', '[91]']",0
1999-07-11,215.63542,streamflow,9277500,ft3/s,"['A', '[91]']",0
1999-07-12,206.46875,streamflow,9277500,ft3/s,"['A', '[91]']",0
1999-07-13,199.47917,streamflow,9277500,ft3/s,"['A', '[91]']",0
1999-07-14,194.375,streamflow,9277500,ft3/s,"['A', '[91]']",0
1999-07-15,222.23958,streamflow,9277500,ft3/s,"['A', '[91]']",0
1999-07-16,199.5,streamflow,9277500,ft3/s,"['A', '[91]']",0
1999-07-17,217.40625,streamflow,9277500,ft3/s,"['A', '[91]']",0
1999-07-18,204.02083,streamflow,9277500,ft3/s,"['A', '[91]']",0
1999-07-19,185.3125,streamflow,9277500,ft3/s,"['A', '[91]']",0
1999-07-20,178.25,streamflow,9277500,ft3/s,"['A', '[91]']",0
1999-07-21,174.15625,streamflow,9277500,ft3/s,"['A', '[91]']",0
1999-07-22,164.76042,streamflow,9277500,ft3/s,"['A', '[91]']",0
1999-07-23,151.90625,streamflow,9277500,ft3/s,"['A', '[91]']",0
1999-07-24,128.28125,streamflow,9277500,ft3/s,"['A', '[91]']",0
1999-07-25,118.65625,streamflow,9277500,ft3/s,"['A', '[91]']",0
1999-07-26,112.791664,streamflow,9277500,ft3/s,"['A', '[91]']",0
1999-07-27,104.125,streamflow,9277500,ft3/s,"['A', '[91]']",0
1999-07-28,96.135414,streamflow,9277500,ft3/s,"['A', '[91]']",0
1999-07-29,88.666664,streamflow,9277500,ft3/s,"['A', '[91]']",0
1999-07-30,96.40625,streamflow,9277500,ft3/s,"['A', '[91]']",0
1999-07-31,116.333336,streamflow,9277500,ft3/s,"['A', '[91]']",0
1999-08-01,109.916664,streamflow,9277500,ft3/s,"['A', '[91]']",0
1999-08-02,100.010414,streamflow,9277500,ft3/s,"['A', '[91]']",0
1999-08-03,89.770836,streamflow,9277500,ft3/s,"['A', '[91]']",0
1999-08-04,88.270836,streamflow,9277500,ft3/s,"['A', '[91]']",0
1999-08-05,93.177086,streamflow,9277500,ft3/s,"['A', '[91]']",0
1999-08-06,100.666664,streamflow,9277500,ft3/s,"['A', '[91]']",0
1999-08-07,98.375,streamflow,9277500,ft3/s,"['A', '[91]']",0
1999-08-08,87.71875,streamflow,9277500,ft3/s,"['A', '[91]']",0
1999-08-09,90.229164,streamflow,9277500,ft3/s,"['A', '[91]']",0
1999-08-10,88.166664,streamflow,9277500,ft3/s,"['A', '[91]']",0
1999-08-11,96.291664,streamflow,9277500,ft3/s,"['A', '[91]']",0
1999-08-12,96.40625,streamflow,9277500,ft3/s,"['A', '[91]']",0
1999-08-13,90.0625,streamflow,9277500,ft3/s,"['A', '[91]']",0
1999-08-14,86.385414,streamflow,9277500,ft3/s,"['A', '[91]']",0
1999-08-15,83.677086,streamflow,9277500,ft3/s,"['A', '[91]']",0
1999-08-16,81.635414,streamflow,9277500,ft3/s,"['A', '[91]']",0
1999-08-17,79.395836,streamflow,9277500,ft3/s,"['A', '[91]']",0
1999-08-18,87.21875,streamflow,9277500,ft3/s,"['A', '[91]']",0
1999-08-19,82.822914,streamflow,9277500,ft3/s,"['A', '[91]']",0
1999-08-20,94.447914,streamflow,9277500,ft3/s,"['A', '[91]']",0
1999-08-21,84.677086,streamflow,9277500,ft3/s,"['A', '[91]']",0
1999-08-22,91.583336,streamflow,9277500,ft3/s,"['A', '[91]']",0
1999-08-23,91.6875,streamflow,9277500,ft3/s,"['A', '[91]']",0
1999-08-24,85.989586,streamflow,9277500,ft3/s,"['A', '[91]']",0
1999-08-25,101.0,streamflow,9277500,ft3/s,"['A', '[91]']",0
1999-08-26,113.5,streamflow,9277500,ft3/s,"['A', '[91]']",0
1999-08-27,115.520836,streamflow,9277500,ft3/s,"['A', '[91]']",0
1999-08-28,124.541664,streamflow,9277500,ft3/s,"['A', '[91]']",0
1999-08-29,122.947914,streamflow,9277500,ft3/s,"['A', '[91]']",0
1999-08-30,123.8125,streamflow,9277500,ft3/s,"['A', '[91]']",0
1999-08-31,148.85417,streamflow,9277500,ft3/s,"['A', '[91]']",0
1999-09-01,135.70833,streamflow,9277500,ft3/s,"['A', '[91]']",0
1999-09-02,173.41667,streamflow,9277500,ft3/s,"['A', '[91]']",0
1999-09-03,167.69792,streamflow,9277500,ft3/s,"['A', '[91]']",0
1999-09-04,152.51042,streamflow,9277500,ft3/s,"['A', '[91]']",0
1999-09-05,142.15625,streamflow,9277500,ft3/s,"['A', '[91]']",0
1999-09-06,134.42708,streamflow,9277500,ft3/s,"['A', '[91]']",0
1999-09-07,130.29167,streamflow,9277500,ft3/s,"['A', '[91]']",0
1999-09-08,129.25,streamflow,9277500,ft3/s,"['A', '[91]']",0
1999-09-09,128.1875,streamflow,9277500,ft3/s,"['A', '[91]']",0
1999-09-10,128.39583,streamflow,9277500,ft3/s,"['A', '[91]']",0
1999-09-11,127.541664,streamflow,9277500,ft3/s,"['A', '[91]']",0
1999-09-12,124.28125,streamflow,9277500,ft3/s,"['A', '[91]']",0
1999-09-13,122.59375,streamflow,9277500,ft3/s,"['A', '[91]']",0
1999-09-14,119.677086,streamflow,9277500,ft3/s,"['A', '[91]']",0
1999-09-15,120.4375,streamflow,9277500,ft3/s,"['A', '[91]']",0
1999-09-16,108.53125,streamflow,9277500,ft3/s,"['A', '[91]']",0
1999-09-17,107.614586,streamflow,9277500,ft3/s,"['A', '[91]']",0
1999-09-18,105.947914,streamflow,9277500,ft3/s,"['A', '[91]']",0
1999-09-19,104.229164,streamflow,9277500,ft3/s,"['A', '[91]']",0
1999-09-20,112.135414,streamflow,9277500,ft3/s,"['A', '[91]']",0
1999-09-21,108.1875,streamflow,9277500,ft3/s,"['A', '[91]']",0
1999-09-22,107.197914,streamflow,9277500,ft3/s,"['A', '[91]']",0
1999-09-23,104.802086,streamflow,9277500,ft3/s,"['A', '[91]']",0
1999-09-24,108.3125,streamflow,9277500,ft3/s,"['A', '[91]']",0
1999-09-25,105.208336,streamflow,9277500,ft3/s,"['A', '[91]']",0
1999-09-26,102.885414,streamflow,9277500,ft3/s,"['A', '[91]']",0
1999-09-27,103.3125,streamflow,9277500,ft3/s,"['A', '[91]']",0
1999-09-28,102.833336,streamflow,9277500,ft3/s,"['A', '[91]']",0
1999-09-29,108.458336,streamflow,9277500,ft3/s,"['A', '[91]']",0
1999-09-30,108.604164,streamflow,9277500,ft3/s,"['A', '[91]']",0
1999-10-01,107.40625,streamflow,9277500,ft3/s,"['A', '[91]']",0
1999-10-02,110.895836,streamflow,9277500,ft3/s,"['A', '[91]']",0
1999-10-03,114.375,streamflow,9277500,ft3/s,"['A', '[91]']",0
1999-10-04,115.666664,streamflow,9277500,ft3/s,"['A', '[91]']",0
1999-10-05,117.125,streamflow,9277500,ft3/s,"['A', '[91]']",0
1999-10-06,114.96875,streamflow,9277500,ft3/s,"['A', '[91]']",0
1999-10-07,119.0,streamflow,9277500,ft3/s,"['A', '[91]']",0
1999-10-08,116.9375,streamflow,9277500,ft3/s,"['A', '[91]']",0
1999-10-09,116.520836,streamflow,9277500,ft3/s,"['A', '[91]']",0
1999-10-10,114.4375,streamflow,9277500,ft3/s,"['A', '[91]']",0
1999-10-11,113.0625,streamflow,9277500,ft3/s,"['A', '[91]']",0
1999-10-12,111.625,streamflow,9277500,ft3/s,"['A', '[91]']",0
1999-10-13,110.739586,streamflow,9277500,ft3/s,"['A', '[91]']",0
1999-10-14,109.9375,streamflow,9277500,ft3/s,"['A', '[91]']",0
1999-10-15,108.0625,streamflow,9277500,ft3/s,"['A', '[91]']",0
1999-10-16,110.072914,streamflow,9277500,ft3/s,"['A', '[91]']",0
1999-10-17,114.0625,streamflow,9277500,ft3/s,"['A', '[91]']",0
1999-10-18,117.0,streamflow,9277500,ft3/s,"['A', '[91]']",0
1999-10-19,117.3125,streamflow,9277500,ft3/s,"['A', '[91]']",0
1999-10-20,118.822914,streamflow,9277500,ft3/s,"['A', '[91]']",0
1999-10-21,117.8125,streamflow,9277500,ft3/s,"['A', '[91]']",0
1999-10-22,117.375,streamflow,9277500,ft3/s,"['A', '[91]']",0
1999-10-23,115.010414,streamflow,9277500,ft3/s,"['A', '[91]']",0
1999-10-24,118.8125,streamflow,9277500,ft3/s,"['A', '[91]']",0
1999-10-25,119.416664,streamflow,9277500,ft3/s,"['A', '[91]']",0
1999-10-26,117.625,streamflow,9277500,ft3/s,"['A', '[91]']",0
1999-10-27,116.541664,streamflow,9277500,ft3/s,"['A', '[91]']",0
1999-10-28,118.020836,streamflow,9277500,ft3/s,"['A', '[91]']",0
1999-10-29,120.979164,streamflow,9277500,ft3/s,"['A', '[91]']",0
1999-10-30,118.208336,streamflow,9277500,ft3/s,"['A', '[91]']",0
1999-10-31,117.53261,streamflow,9277500,ft3/s,"['A', '[91]']",0
1999-11-01,117.541664,streamflow,9277500,ft3/s,"['A', '[92]']",0
1999-11-02,115.260414,streamflow,9277500,ft3/s,"['A', '[92]']",0
1999-11-03,114.947914,streamflow,9277500,ft3/s,"['A', '[92]']",0
1999-11-04,114.916664,streamflow,9277500,ft3/s,"['A', '[92]']",0
1999-11-05,114.447914,streamflow,9277500,ft3/s,"['A', '[92]']",0
1999-11-06,115.916664,streamflow,9277500,ft3/s,"['A', '[92]']",0
1999-11-07,117.395836,streamflow,9277500,ft3/s,"['A', '[92]']",0
1999-11-08,119.708336,streamflow,9277500,ft3/s,"['A', '[92]']",0
1999-11-09,117.072914,streamflow,9277500,ft3/s,"['A', '[92]']",0
1999-11-10,115.739586,streamflow,9277500,ft3/s,"['A', '[92]']",0
1999-11-11,114.989586,streamflow,9277500,ft3/s,"['A', '[92]']",0
1999-11-12,114.260414,streamflow,9277500,ft3/s,"['A', '[92]']",0
1999-11-13,112.604164,streamflow,9277500,ft3/s,"['A', '[92]']",0
1999-11-14,112.864586,streamflow,9277500,ft3/s,"['A', '[92]']",0
1999-11-15,113.3125,streamflow,9277500,ft3/s,"['A', '[92]']",0
1999-11-16,114.125,streamflow,9277500,ft3/s,"['A', '[92]']",0
1999-11-17,116.229164,streamflow,9277500,ft3/s,"['A', '[92]']",0
1999-11-18,115.229164,streamflow,9277500,ft3/s,"['A', '[92]']",0
1999-11-19,112.416664,streamflow,9277500,ft3/s,"['A', '[92]']",0
1999-11-20,114.708336,streamflow,9277500,ft3/s,"['A', '[92]']",0
1999-11-21,116.125,streamflow,9277500,ft3/s,"['A', '[92]']",0
1999-11-22,114.0,streamflow,9277500,ft3/s,"['A', '[92]']",0
1999-11-23,104.760414,streamflow,9277500,ft3/s,"['A', '[92]']",0
1999-11-24,103.083336,streamflow,9277500,ft3/s,"['A', '[92]']",0
1999-11-25,106.739586,streamflow,9277500,ft3/s,"['A', '[91]']",0
1999-11-26,123.583336,streamflow,9277500,ft3/s,"['A', '[91]']",0
1999-11-27,119.802086,streamflow,9277500,ft3/s,"['A', '[91]']",0
1999-11-28,115.34375,streamflow,9277500,ft3/s,"['A', '[91]']",0
1999-11-29,116.4375,streamflow,9277500,ft3/s,"['A', '[91]']",0
1999-11-30,114.333336,streamflow,9277500,ft3/s,"['A', '[91]']",0
1999-12-01,112.0,streamflow,9277500,ft3/s,"['A', '[91]']",0
1999-12-02,110.666664,streamflow,9277500,ft3/s,"['A', '[91]']",0
1999-12-03,112.739586,streamflow,9277500,ft3/s,"['A', '[91]']",0
1999-12-04,104.604164,streamflow,9277500,ft3/s,"['A', '[91]']",0
1999-12-05,102.302086,streamflow,9277500,ft3/s,"['A', '[91]']",0
1999-12-06,107.53125,streamflow,9277500,ft3/s,"['A', '[91]']",0
1999-12-07,109.947914,streamflow,9277500,ft3/s,"['A', '[91]']",0
1999-12-08,108.28125,streamflow,9277500,ft3/s,"['A', '[91]']",0
1999-12-09,100.21875,streamflow,9277500,ft3/s,"['A', '[91]']",0
1999-12-10,107.729164,streamflow,9277500,ft3/s,"['A', '[91]']",0
1999-12-11,106.302086,streamflow,9277500,ft3/s,"['A', '[91]']",0
1999-12-12,109.28125,streamflow,9277500,ft3/s,"['A', '[91]']",0
1999-12-13,107.8125,streamflow,9277500,ft3/s,"['A', '[91]']",0
1999-12-14,103.739586,streamflow,9277500,ft3/s,"['A', '[91]']",0
1999-12-15,115.645836,streamflow,9277500,ft3/s,"['A', '[91]']",0
1999-12-16,144.60417,streamflow,9277500,ft3/s,"['A', '[91]']",0
1999-12-17,106.510414,streamflow,9277500,ft3/s,"['A', '[91]']",0
1999-12-18,101.6875,streamflow,9277500,ft3/s,"['A', '[91]']",0
1999-12-19,100.8125,streamflow,9277500,ft3/s,"['A', '[91]']",0
1999-12-20,99.760414,streamflow,9277500,ft3/s,"['A', '[91]']",0
1999-12-21,100.739586,streamflow,9277500,ft3/s,"['A', '[91]']",0
1999-12-22,99.75,streamflow,9277500,ft3/s,"['A', '[91]']",0
1999-12-23,100.322914,streamflow,9277500,ft3/s,"['A', '[91]']",0
1999-12-24,100.385414,streamflow,9277500,ft3/s,"['A', '[91]']",0
1999-12-25,98.458336,streamflow,9277500,ft3/s,"['A', '[91]']",0
1999-12-26,97.5,streamflow,9277500,ft3/s,"['A', '[91]']",0
1999-12-27,97.6875,streamflow,9277500,ft3/s,"['A', '[91]']",0
1999-12-28,95.229164,streamflow,9277500,ft3/s,"['A', '[91]']",0
1999-12-29,94.96875,streamflow,9277500,ft3/s,"['A', '[91]']",0
1999-12-30,96.46875,streamflow,9277500,ft3/s,"['A', '[91]']",0
1999-12-31,95.21875,streamflow,9277500,ft3/s,"['A', '[91]']",0
2000-01-01,95.875,streamflow,9277500,ft3/s,"['A', '[91]']",0
2000-01-02,95.541664,streamflow,9277500,ft3/s,"['A', '[91]']",0
2000-01-03,94.979164,streamflow,9277500,ft3/s,"['A', '[91]']",0
2000-01-04,112.75,streamflow,9277500,ft3/s,"['A', '[91]']",0
2000-01-05,111.5,streamflow,9277500,ft3/s,"['A', '[91]']",0
2000-01-06,98.40625,streamflow,9277500,ft3/s,"['A', '[91]']",0
2000-01-07,107.229164,streamflow,9277500,ft3/s,"['A', '[91]']",0
2000-01-08,119.552086,streamflow,9277500,ft3/s,"['A', '[91]']",0
2000-01-09,109.34375,streamflow,9277500,ft3/s,"['A', '[91]']",0
2000-01-10,100.489586,streamflow,9277500,ft3/s,"['A', '[91]']",0
2000-01-11,97.322914,streamflow,9277500,ft3/s,"['A', '[91]']",0
2000-01-12,97.0,streamflow,9277500,ft3/s,"['A', '[91]']",0
2000-01-13,93.260414,streamflow,9277500,ft3/s,"['A', '[91]']",0
2000-01-14,95.864586,streamflow,9277500,ft3/s,"['A', '[91]']",0
2000-01-15,95.395836,streamflow,9277500,ft3/s,"['A', '[91]']",0
2000-01-16,96.583336,streamflow,9277500,ft3/s,"['A', '[91]']",0
2000-01-17,95.260414,streamflow,9277500,ft3/s,"['A', '[91]']",0
2000-01-18,99.0625,streamflow,9277500,ft3/s,"['A', '[91]']",0
2000-01-19,105.65625,streamflow,9277500,ft3/s,"['A', '[91]']",0
2000-01-20,103.0625,streamflow,9277500,ft3/s,"['A', '[91]']",0
2000-01-21,100.322914,streamflow,9277500,ft3/s,"['A', '[91]']",0
2000-01-22,94.229164,streamflow,9277500,ft3/s,"['A', '[91]']",0
2000-01-23,92.416664,streamflow,9277500,ft3/s,"['A', '[91]']",0
2000-01-24,85.60714,streamflow,9277500,ft3/s,"['A', '[91]']",0
2000-01-25,,streamflow,9277500,ft3/s,"['A', '[91]']",0
2000-01-26,,streamflow,9277500,ft3/s,"['A', '[91]']",0
2000-01-27,,streamflow,9277500,ft3/s,"['A', '[91]']",0
2000-01-28,,streamflow,9277500,ft3/s,"['A', '[91]']",0
2000-01-29,,streamflow,9277500,ft3/s,"['A', '[91]']",0
2000-01-30,,streamflow,9277500,ft3/s,"['A', '[91]']",0
2000-01-31,,streamflow,9277500,ft3/s,"['A', '[91]']",0
2000-02-01,,streamflow,9277500,ft3/s,"['A', '[91]']",0
2000-02-02,,streamflow,9277500,ft3/s,"['A', '[91]']",0
2000-02-03,,streamflow,9277500,ft3/s,"['A', '[91]']",0
2000-02-04,,streamflow,9277500,ft3/s,"['A', '[91]']",0
2000-02-05,,streamflow,9277500,ft3/s,"['A', '[91]']",0
2000-02-06,,streamflow,9277500,ft3/s,"['A', '[91]']",0
2000-02-07,,streamflow,9277500,ft3/s,"['A', '[91]']",0
2000-02-08,,streamflow,9277500,ft3/s,"['A', '[91]']",0
2000-02-09,,streamflow,9277500,ft3/s,"['A', '[91]']",0
2000-02-10,85.22059,streamflow,9277500,ft3/s,"['A', '[91]']",0
2000-02-11,88.114586,streamflow,9277500,ft3/s,"['A', '[91]']",0
2000-02-12,89.635414,streamflow,9277500,ft3/s,"['A', '[91]']",0
2000-02-13,87.958336,streamflow,9277500,ft3/s,"['A', '[91]']",0
2000-02-14,88.84375,streamflow,9277500,ft3/s,"['A', '[91]']",0
2000-02-15,88.927086,streamflow,9277500,ft3/s,"['A', '[91]']",0
2000-02-16,85.552086,streamflow,9277500,ft3/s,"['A', '[91]']",0
2000-02-17,90.03125,streamflow,9277500,ft3/s,"['A', '[91]']",0
2000-02-18,88.020836,streamflow,9277500,ft3/s,"['A', '[91]']",0
2000-02-19,82.6875,streamflow,9277500,ft3/s,"['A', '[91]']",0
2000-02-20,79.666664,streamflow,9277500,ft3/s,"['A', '[91]']",0
2000-02-21,88.96875,streamflow,9277500,ft3/s,"['A', '[91]']",0
2000-02-22,90.427086,streamflow,9277500,ft3/s,"['A', '[91]']",0
2000-02-23,91.020836,streamflow,9277500,ft3/s,"['A', '[91]']",0
2000-02-24,90.614586,streamflow,9277500,ft3/s,"['A', '[91]']",0
2000-02-25,89.229164,streamflow,9277500,ft3/s,"['A', '[91]']",0
2000-02-26,97.916664,streamflow,9277500,ft3/s,"['A', '[91]']",0
2000-02-27,87.875,streamflow,9277500,ft3/s,"['A', '[91]']",0
2000-02-28,87.135414,streamflow,9277500,ft3/s,"['A', '[91]']",0
2000-02-29,85.697914,streamflow,9277500,ft3/s,"['A', '[91]']",0
2000-03-01,86.34375,streamflow,9277500,ft3/s,"['A', '[91]']",0
2000-03-02,87.0625,streamflow,9277500,ft3/s,"['A', '[91]']",0
2000-03-03,86.802086,streamflow,9277500,ft3/s,"['A', '[91]']",0
2000-03-04,85.53125,streamflow,9277500,ft3/s,"['A', '[91]']",0
2000-03-05,87.46875,streamflow,9277500,ft3/s,"['A', '[91]']",0
2000-03-06,88.270836,streamflow,9277500,ft3/s,"['A', '[91]']",0
2000-03-07,87.760414,streamflow,9277500,ft3/s,"['A', '[91]']",0
2000-03-08,84.010414,streamflow,9277500,ft3/s,"['A', '[91]']",0
2000-03-09,86.072914,streamflow,9277500,ft3/s,"['A', '[91]']",0
2000-03-10,83.65625,streamflow,9277500,ft3/s,"['A', '[91]']",0
2000-03-11,82.635414,streamflow,9277500,ft3/s,"['A', '[91]']",0
2000-03-12,84.96875,streamflow,9277500,ft3/s,"['A', '[91]']",0
2000-03-13,83.010414,streamflow,9277500,ft3/s,"['A', '[91]']",0
2000-03-14,81.78125,streamflow,9277500,ft3/s,"['A', '[91]']",0
2000-03-15,83.96875,streamflow,9277500,ft3/s,"['A', '[91]']",0
2000-03-16,81.614586,streamflow,9277500,ft3/s,"['A', '[91]']",0
2000-03-17,81.572914,streamflow,9277500,ft3/s,"['A', '[91]']",0
2000-03-18,82.364586,streamflow,9277500,ft3/s,"['A', '[91]']",0
2000-03-19,82.083336,streamflow,9277500,ft3/s,"['A', '[91]']",0
2000-03-20,83.291664,streamflow,9277500,ft3/s,"['A', '[91]']",0
2000-03-21,82.458336,streamflow,9277500,ft3/s,"['A', '[91]']",0
2000-03-22,83.40625,streamflow,9277500,ft3/s,"['A', '[91]']",0
2000-03-23,85.583336,streamflow,9277500,ft3/s,"['A', '[91]']",0
2000-03-24,87.84375,streamflow,9277500,ft3/s,"['A', '[92]']",0
2000-03-25,87.010414,streamflow,9277500,ft3/s,"['A', '[92]']",0
2000-03-26,88.25,streamflow,9277500,ft3/s,"['A', '[92]']",0
2000-03-27,92.708336,streamflow,9277500,ft3/s,"['A', '[92]']",0
2000-03-28,97.489586,streamflow,9277500,ft3/s,"['A', '[92]']",0
2000-03-29,100.479164,streamflow,9277500,ft3/s,"['A', '[92]']",0
2000-03-30,98.125,streamflow,9277500,ft3/s,"['A', '[92]']",0
2000-03-31,93.802086,streamflow,9277500,ft3/s,"['A', '[92]']",0
2000-04-01,91.916664,streamflow,9277500,ft3/s,"['A', '[92]']",0
2000-04-02,91.114586,streamflow,9277500,ft3/s,"['A', '[92]']",0
2000-04-03,94.53125,streamflow,9277500,ft3/s,"['A', '[92]']",0
2000-04-04,98.239586,streamflow,9277500,ft3/s,"['A', '[92]']",0
2000-04-05,110.208336,streamflow,9277500,ft3/s,"['A', '[92]']",0
2000-04-06,125.166664,streamflow,9277500,ft3/s,"['A', '[92]']",0
2000-04-07,123.645836,streamflow,9277500,ft3/s,"['A', '[92]']",0
2000-04-08,125.177086,streamflow,9277500,ft3/s,"['A', '[92]']",0
2000-04-09,127.302086,streamflow,9277500,ft3/s,"['A', '[92]']",0
2000-04-10,129.40625,streamflow,9277500,ft3/s,"['A', '[92]']",0
2000-04-11,124.59375,streamflow,9277500,ft3/s,"['A', '[92]']",0
2000-04-12,115.458336,streamflow,9277500,ft3/s,"['A', '[92]']",0
2000-04-13,118.1875,streamflow,9277500,ft3/s,"['A', '[92]']",0
2000-04-14,123.479164,streamflow,9277500,ft3/s,"['A', '[92]']",0
2000-04-15,133.09375,streamflow,9277500,ft3/s,"['A', '[92]']",0
2000-04-16,120.0625,streamflow,9277500,ft3/s,"['A', '[92]']",0
2000-04-17,113.1875,streamflow,9277500,ft3/s,"['A', '[91]']",0
2000-04-18,113.71875,streamflow,9277500,ft3/s,"['A', '[91]']",0
2000-04-19,116.947914,streamflow,9277500,ft3/s,"['A', '[91]']",0
2000-04-20,111.135414,streamflow,9277500,ft3/s,"['A', '[91]']",0
2000-04-21,108.614586,streamflow,9277500,ft3/s,"['A', '[91]']",0
2000-04-22,112.697914,streamflow,9277500,ft3/s,"['A', '[91]']",0
2000-04-23,118.5625,streamflow,9277500,ft3/s,"['A', '[91]']",0
2000-04-24,125.1875,streamflow,9277500,ft3/s,"['A', '[91]']",0
2000-04-25,121.020836,streamflow,9277500,ft3/s,"['A', '[91]']",0
2000-04-26,119.145836,streamflow,9277500,ft3/s,"['A', '[91]']",0
2000-04-27,128.77083,streamflow,9277500,ft3/s,"['A', '[91]']",0
2000-04-28,137.58333,streamflow,9277500,ft3/s,"['A', '[91]']",0
2000-04-29,150.22917,streamflow,9277500,ft3/s,"['A', '[91]']",0
2000-04-30,152.42708,streamflow,9277500,ft3/s,"['A', '[91]']",0
2000-05-01,140.33333,streamflow,9277500,ft3/s,"['A', '[91]']",0
2000-05-02,161.73958,streamflow,9277500,ft3/s,"['A', '[91]']",0
2000-05-03,169.17708,streamflow,9277500,ft3/s,"['A', '[91]']",0
2000-05-04,176.11458,streamflow,9277500,ft3/s,"['A', '[91]']",0
2000-05-05,207.53125,streamflow,9277500,ft3/s,"['A', '[91]']",0
2000-05-06,195.85417,streamflow,9277500,ft3/s,"['A', '[91]']",0
2000-05-07,180.76042,streamflow,9277500,ft3/s,"['A', '[91]']",0
2000-05-08,165.17708,streamflow,9277500,ft3/s,"['A', '[91]']",0
2000-05-09,140.85417,streamflow,9277500,ft3/s,"['A', '[91]']",0
2000-05-10,138.39583,streamflow,9277500,ft3/s,"['A', '[91]']",0
2000-05-11,154.75,streamflow,9277500,ft3/s,"['A', '[91]']",0
2000-05-12,147.07292,streamflow,9277500,ft3/s,"['A', '[91]']",0
2000-05-13,132.1875,streamflow,9277500,ft3/s,"['A', '[91]']",0
2000-05-14,112.791664,streamflow,9277500,ft3/s,"['A', '[91]']",0
2000-05-15,110.625,streamflow,9277500,ft3/s,"['A', '[91]']",0
2000-05-16,96.96875,streamflow,9277500,ft3/s,"['A', '[91]']",0
2000-05-17,104.041664,streamflow,9277500,ft3/s,"['A', '[91]']",0
2000-05-18,102.052086,streamflow,9277500,ft3/s,"['A', '[91]']",0
2000-05-19,100.020836,streamflow,9277500,ft3/s,"['A', '[91]']",0
2000-05-20,97.895836,streamflow,9277500,ft3/s,"['A', '[91]']",0
2000-05-21,114.854164,streamflow,9277500,ft3/s,"['A', '[91]']",0
2000-05-22,148.9375,streamflow,9277500,ft3/s,"['A', '[91]']",0
2000-05-23,181.76042,streamflow,9277500,ft3/s,"['A', '[91]']",0
2000-05-24,229.65625,streamflow,9277500,ft3/s,"['A', '[91]']",0
2000-05-25,256.83334,streamflow,9277500,ft3/s,"['A', '[91]']",0
2000-05-26,272.5729,streamflow,9277500,ft3/s,"['A', '[91]']",0
2000-05-27,263.3229,streamflow,9277500,ft3/s,"['A', '[91]']",0
2000-05-28,246.8125,streamflow,9277500,ft3/s,"['A', '[91]']",0
2000-05-29,253.21875,streamflow,9277500,ft3/s,"['A', '[91]']",0
2000-05-30,248.28125,streamflow,9277500,ft3/s,"['A', '[91]']",0
2000-05-31,216.36458,streamflow,9277500,ft3/s,"['A', '[91]']",0
2000-06-01,182.54167,streamflow,9277500,ft3/s,"['A', '[91]']",0
2000-06-02,160.90625,streamflow,9277500,ft3/s,"['A', '[91]']",0
2000-06-03,140.9375,streamflow,9277500,ft3/s,"['A', '[91]']",0
2000-06-04,129.48958,streamflow,9277500,ft3/s,"['A', '[91]']",0
2000-06-05,120.0625,streamflow,9277500,ft3/s,"['A', '[91]']",0
2000-06-06,110.65625,streamflow,9277500,ft3/s,"['A', '[91]']",0
2000-06-07,106.666664,streamflow,9277500,ft3/s,"['A', '[91]']",0
2000-06-08,95.9375,streamflow,9277500,ft3/s,"['A', '[91]']",0
2000-06-09,98.46875,streamflow,9277500,ft3/s,"['A', '[91]']",0
2000-06-10,91.21875,streamflow,9277500,ft3/s,"['A', '[91]']",0
2000-06-11,90.552086,streamflow,9277500,ft3/s,"['A', '[91]']",0
2000-06-12,85.78125,streamflow,9277500,ft3/s,"['A', '[91]']",0
2000-06-13,80.489586,streamflow,9277500,ft3/s,"['A', '[91]']",0
2000-06-14,74.1875,streamflow,9277500,ft3/s,"['A', '[91]']",0
2000-06-15,70.625,streamflow,9277500,ft3/s,"['A', '[91]']",0
2000-06-16,70.041664,streamflow,9277500,ft3/s,"['A', '[91]']",0
2000-06-17,76.458336,streamflow,9277500,ft3/s,"['A', '[91]']",0
2000-06-18,95.5,streamflow,9277500,ft3/s,"['A', '[91]']",0
2000-06-19,144.39583,streamflow,9277500,ft3/s,"['A', '[91]']",0
2000-06-20,176.52083,streamflow,9277500,ft3/s,"['A', '[91]']",0
2000-06-21,159.29167,streamflow,9277500,ft3/s,"['A', '[91]']",0
2000-06-22,146.13542,streamflow,9277500,ft3/s,"['A', '[91]']",0
2000-06-23,140.67708,streamflow,9277500,ft3/s,"['A', '[91]']",0
2000-06-24,140.5,streamflow,9277500,ft3/s,"['A', '[91]']",0
2000-06-25,134.03125,streamflow,9277500,ft3/s,"['A', '[91]']",0
2000-06-26,131.55208,streamflow,9277500,ft3/s,"['A', '[91]']",0
2000-06-27,141.0625,streamflow,9277500,ft3/s,"['A', '[91]']",0
2000-06-28,136.54167,streamflow,9277500,ft3/s,"['A', '[91]']",0
2000-06-29,123.739586,streamflow,9277500,ft3/s,"['A', '[91]']",0
2000-06-30,111.28125,streamflow,9277500,ft3/s,"['A', '[91]']",0
2000-07-01,108.90625,streamflow,9277500,ft3/s,"['A', '[91]']",0
2000-07-02,104.0625,streamflow,9277500,ft3/s,"['A', '[91]']",0
2000-07-03,98.135414,streamflow,9277500,ft3/s,"['A', '[91]']",0
2000-07-04,88.6875,streamflow,9277500,ft3/s,"['A', '[91]']",0
2000-07-05,87.90625,streamflow,9277500,ft3/s,"['A', '[91]']",0
2000-07-06,88.333336,streamflow,9277500,ft3/s,"['A', '[91]']",0
2000-07-07,86.833336,streamflow,9277500,ft3/s,"['A', '[91]']",0
2000-07-08,80.447914,streamflow,9277500,ft3/s,"['A', '[91]']",0
2000-07-09,83.239586,streamflow,9277500,ft3/s,"['A', '[91]']",0
2000-07-10,80.666664,streamflow,9277500,ft3/s,"['A', '[91]']",0
2000-07-11,85.895836,streamflow,9277500,ft3/s,"['A', '[91]']",0
2000-07-12,79.572914,streamflow,9277500,ft3/s,"['A', '[91]']",0
2000-07-13,74.78125,streamflow,9277500,ft3/s,"['A', '[91]']",0
2000-07-14,71.8125,streamflow,9277500,ft3/s,"['A', '[91]']",0
2000-07-15,67.479164,streamflow,9277500,ft3/s,"['A', '[91]']",0
2000-07-16,67.572914,streamflow,9277500,ft3/s,"['A', '[91]']",0
2000-07-17,71.697914,streamflow,9277500,ft3/s,"['A', '[91]']",0
2000-07-18,67.09375,streamflow,9277500,ft3/s,"['A', '[91]']",0
2000-07-19,60.729168,streamflow,9277500,ft3/s,"['A', '[91]']",0
2000-07-20,52.395832,streamflow,9277500,ft3/s,"['A', '[91]']",0
2000-07-21,48.90625,streamflow,9277500,ft3/s,"['A', '[91]']",0
2000-07-22,49.395832,streamflow,9277500,ft3/s,"['A', '[92]']",0
2000-07-23,48.59375,streamflow,9277500,ft3/s,"['A', '[92]']",0
2000-07-24,47.447918,streamflow,9277500,ft3/s,"['A', '[92]']",0
2000-07-25,50.520832,streamflow,9277500,ft3/s,"['A', '[92]']",0
2000-07-26,54.333332,streamflow,9277500,ft3/s,"['A', '[92]']",0
2000-07-27,53.166668,streamflow,9277500,ft3/s,"['A', '[92]']",0
2000-07-28,49.15625,streamflow,9277500,ft3/s,"['A', '[92]']",0
2000-07-29,46.65625,streamflow,9277500,ft3/s,"['A', '[92]']",0
2000-07-30,45.614582,streamflow,9277500,ft3/s,"['A', '[92]']",0
2000-07-31,45.552082,streamflow,9277500,ft3/s,"['A', '[92]']",0
2000-08-01,47.125,streamflow,9277500,ft3/s,"['A', '[92]']",0
2000-08-02,54.40625,streamflow,9277500,ft3/s,"['A', '[92]']",0
2000-08-03,66.333336,streamflow,9277500,ft3/s,"['A', '[92]']",0
2000-08-04,63.375,streamflow,9277500,ft3/s,"['A', '[92]']",0
2000-08-05,58.729168,streamflow,9277500,ft3/s,"['A', '[92]']",0
2000-08-06,56.135418,streamflow,9277500,ft3/s,"['A', '[92]']",0
2000-08-07,54.885418,streamflow,9277500,ft3/s,"['A', '[92]']",0
2000-08-08,50.6875,streamflow,9277500,ft3/s,"['A', '[92]']",0
2000-08-09,51.979168,streamflow,9277500,ft3/s,"['A', '[92]']",0
2000-08-10,52.447918,streamflow,9277500,ft3/s,"['A', '[92]']",0
2000-08-11,55.447918,streamflow,9277500,ft3/s,"['A', '[92]']",0
2000-08-12,50.3125,streamflow,9277500,ft3/s,"['A', '[92]']",0
2000-08-13,48.75,streamflow,9277500,ft3/s,"['A', '[92]']",0
2000-08-14,48.020832,streamflow,9277500,ft3/s,"['A', '[92]']",0
2000-08-15,49.177082,streamflow,9277500,ft3/s,"['A', '[91]']",0
2000-08-16,60.083332,streamflow,9277500,ft3/s,"['A', '[91]']",0
2000-08-17,77.125,streamflow,9277500,ft3/s,"['A', '[91]']",0
2000-08-18,66.520836,streamflow,9277500,ft3/s,"['A', '[91]']",0
2000-08-19,75.416664,streamflow,9277500,ft3/s,"['A', '[91]']",0
2000-08-20,75.416664,streamflow,9277500,ft3/s,"['A', '[91]']",0
2000-08-21,67.791664,streamflow,9277500,ft3/s,"['A', '[91]']",0
2000-08-22,73.71875,streamflow,9277500,ft3/s,"['A', '[91]']",0
2000-08-23,73.541664,streamflow,9277500,ft3/s,"['A', '[91]']",0
2000-08-24,77.072914,streamflow,9277500,ft3/s,"['A', '[91]']",0
2000-08-25,80.65625,streamflow,9277500,ft3/s,"['A', '[91]']",0
2000-08-26,82.510414,streamflow,9277500,ft3/s,"['A', '[91]']",0
2000-08-27,84.4375,streamflow,9277500,ft3/s,"['A', '[91]']",0
2000-08-28,85.697914,streamflow,9277500,ft3/s,"['A', '[91]']",0
2000-08-29,77.010414,streamflow,9277500,ft3/s,"['A', '[91]']",0
2000-08-30,88.75,streamflow,9277500,ft3/s,"['A', '[91]']",0
2000-08-31,104.302086,streamflow,9277500,ft3/s,"['A', '[91]']",0
2000-09-01,104.947914,streamflow,9277500,ft3/s,"['A', '[91]']",0
2000-09-02,108.239586,streamflow,9277500,ft3/s,"['A', '[91]']",0
2000-09-03,105.166664,streamflow,9277500,ft3/s,"['A', '[91]']",0
2000-09-04,87.666664,streamflow,9277500,ft3/s,"['A', '[91]']",0
2000-09-05,83.916664,streamflow,9277500,ft3/s,"['A', '[91]']",0
2000-09-06,81.416664,streamflow,9277500,ft3/s,"['A', '[91]']",0
2000-09-07,75.385414,streamflow,9277500,ft3/s,"['A', '[91]']",0
2000-09-08,78.34375,streamflow,9277500,ft3/s,"['A', '[92]']",0
2000-09-09,84.385414,streamflow,9277500,ft3/s,"['A', '[92]']",0
2000-09-10,82.729164,streamflow,9277500,ft3/s,"['A', '[92]']",0
2000-09-11,77.90625,streamflow,9277500,ft3/s,"['A', '[92]']",0
2000-09-12,73.15625,streamflow,9277500,ft3/s,"['A', '[92]']",0
2000-09-13,67.989586,streamflow,9277500,ft3/s,"['A', '[92]']",0
2000-09-14,65.072914,streamflow,9277500,ft3/s,"['A', '[92]']",0
2000-09-15,63.739582,streamflow,9277500,ft3/s,"['A', '[92]']",0
2000-09-16,64.75,streamflow,9277500,ft3/s,"['A', '[92]']",0
2000-09-17,66.104164,streamflow,9277500,ft3/s,"['A', '[92]']",0
2000-09-18,66.84375,streamflow,9277500,ft3/s,"['A', '[92]']",0
2000-09-19,64.520836,streamflow,9277500,ft3/s,"['A', '[92]']",0
2000-09-20,61.6875,streamflow,9277500,ft3/s,"['A', '[92]']",0
2000-09-21,66.635414,streamflow,9277500,ft3/s,"['A', '[92]']",0
2000-09-22,82.0625,streamflow,9277500,ft3/s,"['A', '[92]']",0
2000-09-23,106.802086,streamflow,9277500,ft3/s,"['A', '[92]']",0
2000-09-24,109.28125,streamflow,9277500,ft3/s,"['A', '[92]']",0
2000-09-25,100.229164,streamflow,9277500,ft3/s,"['A', '[92]']",0
2000-09-26,94.135414,streamflow,9277500,ft3/s,"['A', '[92]']",0
2000-09-27,88.208336,streamflow,9277500,ft3/s,"['A', '[92]']",0
2000-09-28,75.322914,streamflow,9277500,ft3/s,"['A', '[92]']",0
2000-09-29,71.946236,streamflow,9277500,ft3/s,"['A', '[92]']",0
2000-09-30,65.75,streamflow,9277500,ft3/s,"['A', '[91]']",0
2000-10-01,63.53125,streamflow,9277500,ft3/s,"['A', '[91]']",0
2000-10-02,64.177086,streamflow,9277500,ft3/s,"['A', '[91]']",0
2000-10-03,61.333332,streamflow,9277500,ft3/s,"['A', '[91]']",0
2000-10-04,63.822918,streamflow,9277500,ft3/s,"['A', '[91]']",0
2000-10-05,64.1875,streamflow,9277500,ft3/s,"['A', '[91]']",0
2000-10-06,63.6875,streamflow,9277500,ft3/s,"['A', '[91]']",0
2000-10-07,64.958336,streamflow,9277500,ft3/s,"['A', '[91]']",0
2000-10-08,65.979164,streamflow,9277500,ft3/s,"['A', '[91]']",0
2000-10-09,67.916664,streamflow,9277500,ft3/s,"['A', '[91]']",0
2000-10-10,90.104164,streamflow,9277500,ft3/s,"['A', '[91]']",0
2000-10-11,133.0,streamflow,9277500,ft3/s,"['A', '[91]']",0
2000-10-12,127.697914,streamflow,9277500,ft3/s,"['A', '[91]']",0
2000-10-13,115.427086,streamflow,9277500,ft3/s,"['A', '[91]']",0
2000-10-14,112.885414,streamflow,9277500,ft3/s,"['A', '[91]']",0
2000-10-15,110.854164,streamflow,9277500,ft3/s,"['A', '[91]']",0
2000-10-16,110.104164,streamflow,9277500,ft3/s,"['A', '[91]']",0
2000-10-17,109.3125,streamflow,9277500,ft3/s,"['A', '[91]']",0
2000-10-18,107.479164,streamflow,9277500,ft3/s,"['A', '[91]']",0
2000-10-19,106.083336,streamflow,9277500,ft3/s,"['A', '[91]']",0
2000-10-20,106.208336,streamflow,9277500,ft3/s,"['A', '[91]']",0
2000-10-21,106.854164,streamflow,9277500,ft3/s,"['A', '[91]']",0
2000-10-22,109.96875,streamflow,9277500,ft3/s,"['A', '[91]']",0
2000-10-23,109.75,streamflow,9277500,ft3/s,"['A', '[91]']",0
2000-10-24,108.135414,streamflow,9277500,ft3/s,"['A', '[91]']",0
2000-10-25,108.010414,streamflow,9277500,ft3/s,"['A', '[91]']",0
2000-10-26,107.0,streamflow,9277500,ft3/s,"['A', '[91]']",0
2000-10-27,109.40625,streamflow,9277500,ft3/s,"['A', '[91]']",0
2000-10-28,115.072914,streamflow,9277500,ft3/s,"['A', '[91]']",0
2000-10-29,114.51087,streamflow,9277500,ft3/s,"['A', '[91]']",0
2000-10-30,115.385414,streamflow,9277500,ft3/s,"['A', '[91]']",0
2000-10-31,136.53125,streamflow,9277500,ft3/s,"['A', '[91]']",0
2000-11-01,132.84375,streamflow,9277500,ft3/s,"['A', '[91]']",0
2000-11-02,122.333336,streamflow,9277500,ft3/s,"['A', '[91]']",0
2000-11-03,121.677086,streamflow,9277500,ft3/s,"['A', '[91]']",0
2000-11-04,115.78125,streamflow,9277500,ft3/s,"['A', '[91]']",0
2000-11-05,115.46875,streamflow,9277500,ft3/s,"['A', '[91]']",0
2000-11-06,112.645836,streamflow,9277500,ft3/s,"['A', '[91]']",0
2000-11-07,112.135414,streamflow,9277500,ft3/s,"['A', '[91]']",0
2000-11-08,107.4375,streamflow,9277500,ft3/s,"['A', '[91]']",0
2000-11-09,117.0,streamflow,9277500,ft3/s,"['A', '[91]']",0
2000-11-10,119.385414,streamflow,9277500,ft3/s,"['A', '[91]']",0
2000-11-11,108.427086,streamflow,9277500,ft3/s,"['A', '[91]']",0
2000-11-12,104.15625,streamflow,9277500,ft3/s,"['A', '[91]']",0
2000-11-13,106.395836,streamflow,9277500,ft3/s,"['A', '[91]']",0
2000-11-14,110.552086,streamflow,9277500,ft3/s,"['A', '[91]']",0
2000-11-15,110.166664,streamflow,9277500,ft3/s,"['A', '[91]']",0
2000-11-16,106.114586,streamflow,9277500,ft3/s,"['A', '[91]']",0
2000-11-17,104.75,streamflow,9277500,ft3/s,"['A', '[91]']",0
2000-11-18,102.1875,streamflow,9277500,ft3/s,"['A', '[91]']",0
2000-11-19,110.1875,streamflow,9277500,ft3/s,"['A', '[91]']",0
2000-11-20,106.09375,streamflow,9277500,ft3/s,"['A', '[91]']",0
2000-11-21,103.28125,streamflow,9277500,ft3/s,"['A', '[91]']",0
2000-11-22,103.104164,streamflow,9277500,ft3/s,"['A', '[91]']",0
2000-11-23,103.354164,streamflow,9277500,ft3/s,"['A', '[91]']",0
2000-11-24,100.614586,streamflow,9277500,ft3/s,"['A', '[91]']",0
2000-11-25,100.34375,streamflow,9277500,ft3/s,"['A', '[91]']",0
2000-11-26,100.21875,streamflow,9277500,ft3/s,"['A', '[91]']",0
2000-11-27,102.104164,streamflow,9277500,ft3/s,"['A', '[91]']",0
2000-11-28,102.96875,streamflow,9277500,ft3/s,"['A', '[91]']",0
2000-11-29,103.260414,streamflow,9277500,ft3/s,"['A', '[91]']",0
2000-11-30,104.385414,streamflow,9277500,ft3/s,"['A', '[91]']",0
2000-12-01,99.885414,streamflow,9277500,ft3/s,"['A', '[91]']",0
2000-12-02,100.520836,streamflow,9277500,ft3/s,"['A', '[91]']",0
2000-12-03,102.34375,streamflow,9277500,ft3/s,"['A', '[91]']",0
2000-12-04,103.260414,streamflow,9277500,ft3/s,"['A', '[91]']",0
2000-12-05,102.010414,streamflow,9277500,ft3/s,"['A', '[91]']",0
2000-12-06,99.25,streamflow,9277500,ft3/s,"['A', '[91]']",0
2000-12-07,97.8125,streamflow,9277500,ft3/s,"['A', '[91]']",0
2000-12-08,97.34375,streamflow,9277500,ft3/s,"['A', '[91]']",0
2000-12-09,98.958336,streamflow,9277500,ft3/s,"['A', '[91]']",0
2000-12-10,98.229164,streamflow,9277500,ft3/s,"['A', '[91]']",0
2000-12-11,97.072914,streamflow,9277500,ft3/s,"['A', '[91]']",0
2000-12-12,98.9375,streamflow,9277500,ft3/s,"['A', '[91]']",0
2000-12-13,98.197914,streamflow,9277500,ft3/s,"['A', '[91]']",0
2000-12-14,98.25,streamflow,9277500,ft3/s,"['A', '[91]']",0
2000-12-15,98.40625,streamflow,9277500,ft3/s,"['A', '[91]']",0
2000-12-16,92.875,streamflow,9277500,ft3/s,"['A', '[91]']",0
2000-12-17,90.71429,streamflow,9277500,ft3/s,"['A', '[91]']",0
2000-12-18,,streamflow,9277500,ft3/s,"['A', '[91]']",0
2000-12-19,,streamflow,9277500,ft3/s,"['A', '[91]']",0
2000-12-20,,streamflow,9277500,ft3/s,"['A', '[91]']",0
2000-12-21,,streamflow,9277500,ft3/s,"['A', '[91]']",0
2000-12-22,,streamflow,9277500,ft3/s,"['A', '[91]']",0
2000-12-23,96.838234,streamflow,9277500,ft3/s,"['A', '[91]']",0
2000-12-24,97.052086,streamflow,9277500,ft3/s,"['A', '[91]']",0
2000-12-25,96.71875,streamflow,9277500,ft3/s,"['A', '[91]']",0
2000-12-26,95.625,streamflow,9277500,ft3/s,"['A', '[91]']",0
2000-12-27,103.625,streamflow,9277500,ft3/s,"['A', '[91]']",0
2000-12-28,98.291664,streamflow,9277500,ft3/s,"['A', '[91]']",0
2000-12-29,97.197914,streamflow,9277500,ft3/s,"['A', '[91]']",0
2000-12-30,93.90625,streamflow,9277500,ft3/s,"['A', '[91]']",0
2000-12-31,92.854164,streamflow,9277500,ft3/s,"['A', '[91]']",0
2001-01-01,91.71875,streamflow,9277500,ft3/s,"['A', '[91]']",0
2001-01-02,92.03125,streamflow,9277500,ft3/s,"['A', '[91]']",0
2001-01-03,95.458336,streamflow,9277500,ft3/s,"['A', '[91]']",0
2001-01-04,94.677086,streamflow,9277500,ft3/s,"['A', '[91]']",0
2001-01-05,92.520836,streamflow,9277500,ft3/s,"['A', '[91]']",0
2001-01-06,90.270836,streamflow,9277500,ft3/s,"['A', '[91]']",0
2001-01-07,91.052086,streamflow,9277500,ft3/s,"['A', '[91]']",0
2001-01-08,90.958336,streamflow,9277500,ft3/s,"['A', '[91]']",0
2001-01-09,89.78571,streamflow,9277500,ft3/s,"['A', '[91]']",0
2001-01-10,,streamflow,9277500,ft3/s,"['A', '[91]']",0
2001-01-11,,streamflow,9277500,ft3/s,"['A', '[91]']",0
2001-01-12,,streamflow,9277500,ft3/s,"['A', '[91]']",0
2001-01-13,,streamflow,9277500,ft3/s,"['A', '[91]']",0
2001-01-14,,streamflow,9277500,ft3/s,"['A', '[91]']",0
2001-01-15,,streamflow,9277500,ft3/s,"['A', '[91]']",0
2001-01-16,,streamflow,9277500,ft3/s,"['A', '[91]']",0
2001-01-17,,streamflow,9277500,ft3/s,"['A', '[91]']",0
2001-01-18,,streamflow,9277500,ft3/s,"['A', '[91]']",0
2001-01-19,,streamflow,9277500,ft3/s,"['A', '[91]']",0
2001-01-20,,streamflow,9277500,ft3/s,"['A', '[91]']",0
2001-01-21,,streamflow,9277500,ft3/s,"['A', '[91]']",0
2001-01-22,,streamflow,9277500,ft3/s,"['A', '[91]']",0
2001-01-23,,streamflow,9277500,ft3/s,"['A', '[91]']",0
2001-01-24,,streamflow,9277500,ft3/s,"['A', '[91]']",0
2001-01-25,,streamflow,9277500,ft3/s,"['A', '[91]']",0
2001-01-26,,streamflow,9277500,ft3/s,"['A', '[91]']",0
2001-01-27,,streamflow,9277500,ft3/s,"['A', '[91]']",0
2001-01-28,,streamflow,9277500,ft3/s,"['A', '[91]']",0
2001-01-29,,streamflow,9277500,ft3/s,"['A', '[91]']",0
2001-01-30,,streamflow,9277500,ft3/s,"['A', '[91]']",0
2001-01-31,,streamflow,9277500,ft3/s,"['A', '[91]']",0
2001-02-01,,streamflow,9277500,ft3/s,"['A', '[91]']",0
2001-02-02,,streamflow,9277500,ft3/s,"['A', '[91]']",0
2001-02-03,,streamflow,9277500,ft3/s,"['A', '[91]']",0
2001-02-04,,streamflow,9277500,ft3/s,"['A', '[91]']",0
2001-02-05,,streamflow,9277500,ft3/s,"['A', '[91]']",0
2001-02-06,,streamflow,9277500,ft3/s,"['A', '[91]']",0
2001-02-07,,streamflow,9277500,ft3/s,"['A', '[91]']",0
2001-02-08,,streamflow,9277500,ft3/s,"['A', '[91]']",0
2001-02-09,,streamflow,9277500,ft3/s,"['A', '[91]']",0
2001-02-10,,streamflow,9277500,ft3/s,"['A', '[91]']",0
2001-02-11,90.35294,streamflow,9277500,ft3/s,"['A', '[91]']",0
2001-02-12,86.822914,streamflow,9277500,ft3/s,"['A', '[91]']",0
2001-02-13,87.09375,streamflow,9277500,ft3/s,"['A', '[91]']",0
2001-02-14,86.0625,streamflow,9277500,ft3/s,"['A', '[91]']",0
2001-02-15,84.635414,streamflow,9277500,ft3/s,"['A', '[91]']",0
2001-02-16,85.729164,streamflow,9277500,ft3/s,"['A', '[91]']",0
2001-02-17,83.71875,streamflow,9277500,ft3/s,"['A', '[91]']",0
2001-02-18,84.947914,streamflow,9277500,ft3/s,"['A', '[91]']",0
2001-02-19,85.375,streamflow,9277500,ft3/s,"['A', '[91]']",0
2001-02-20,84.90625,streamflow,9277500,ft3/s,"['A', '[91]']",0
2001-02-21,95.083336,streamflow,9277500,ft3/s,"['A', '[91]']",0
2001-02-22,90.947914,streamflow,9277500,ft3/s,"['A', '[91]']",0
2001-02-23,88.53125,streamflow,9277500,ft3/s,"['A', '[91]']",0
2001-02-24,85.041664,streamflow,9277500,ft3/s,"['A', '[91]']",0
2001-02-25,81.0,streamflow,9277500,ft3/s,"['A', '[91]']",0
2001-02-26,82.75,streamflow,9277500,ft3/s,"['A', '[91]']",0
2001-02-27,75.10714,streamflow,9277500,ft3/s,"['A', '[91]']",0
2001-02-28,,streamflow,9277500,ft3/s,"['A', '[91]']",0
2001-03-01,,streamflow,9277500,ft3/s,"['A', '[91]']",0
2001-03-02,,streamflow,9277500,ft3/s,"['A', '[91]']",0
2001-03-03,,streamflow,9277500,ft3/s,"['A', '[91]']",0
2001-03-04,,streamflow,9277500,ft3/s,"['A', '[91]']",0
2001-03-05,,streamflow,9277500,ft3/s,"['A', '[91]']",0
2001-03-06,78.70588,streamflow,9277500,ft3/s,"['A', '[91]']",0
2001-03-07,81.135414,streamflow,9277500,ft3/s,"['A', '[91]']",0
2001-03-08,82.770836,streamflow,9277500,ft3/s,"['A', '[91]']",0
2001-03-09,84.25,streamflow,9277500,ft3/s,"['A', '[91]']",0
2001-03-10,85.989586,streamflow,9277500,ft3/s,"['A', '[91]']",0
2001-03-11,92.104164,streamflow,9277500,ft3/s,"['A', '[91]']",0
2001-03-12,86.6875,streamflow,9277500,ft3/s,"['A', '[91]']",0
2001-03-13,80.197914,streamflow,9277500,ft3/s,"['A', '[91]']",0
2001-03-14,84.875,streamflow,9277500,ft3/s,"['A', '[91]']",0
2001-03-15,83.09375,streamflow,9277500,ft3/s,"['A', '[91]']",0
2001-03-16,79.927086,streamflow,9277500,ft3/s,"['A', '[91]']",0
2001-03-17,82.833336,streamflow,9277500,ft3/s,"['A', '[91]']",0
2001-03-18,80.34375,streamflow,9277500,ft3/s,"['A', '[91]']",0
2001-03-19,81.739586,streamflow,9277500,ft3/s,"['A', '[91]']",0
2001-03-20,85.541664,streamflow,9277500,ft3/s,"['A', '[91]']",0
2001-03-21,90.15625,streamflow,9277500,ft3/s,"['A', '[91]']",0
2001-03-22,95.3125,streamflow,9277500,ft3/s,"['A', '[91]']",0
2001-03-23,98.0625,streamflow,9277500,ft3/s,"['A', '[91]']",0
2001-03-24,102.208336,streamflow,9277500,ft3/s,"['A', '[91]']",0
2001-03-25,101.604164,streamflow,9277500,ft3/s,"['A', '[91]']",0
2001-03-26,100.4375,streamflow,9277500,ft3/s,"['A', '[91]']",0
2001-03-27,101.114586,streamflow,9277500,ft3/s,"['A', '[91]']",0
2001-03-28,97.916664,streamflow,9277500,ft3/s,"['A', '[91]']",0
2001-03-29,96.8125,streamflow,9277500,ft3/s,"['A', '[91]']",0
2001-03-30,94.958336,streamflow,9277500,ft3/s,"['A', '[91]']",0
2001-03-31,91.427086,streamflow,9277500,ft3/s,"['A', '[91]']",0
2001-04-01,90.625,streamflow,9277500,ft3/s,"['A', '[91]']",0
2001-04-02,95.854164,streamflow,9277500,ft3/s,"['A', '[91]']",0
2001-04-03,104.28125,streamflow,9277500,ft3/s,"['A', '[91]']",0
2001-04-04,102.572914,streamflow,9277500,ft3/s,"['A', '[91]']",0
2001-04-05,97.40625,streamflow,9277500,ft3/s,"['A', '[91]']",0
2001-04-06,98.53125,streamflow,9277500,ft3/s,"['A', '[91]']",0
2001-04-07,99.677086,streamflow,9277500,ft3/s,"['A', '[91]']",0
2001-04-08,104.0,streamflow,9277500,ft3/s,"['A', '[91]']",0
2001-04-09,99.770836,streamflow,9277500,ft3/s,"['A', '[91]']",0
2001-04-10,94.760414,streamflow,9277500,ft3/s,"['A', '[91]']",0
2001-04-11,99.5,streamflow,9277500,ft3/s,"['A', '[91]']",0
2001-04-12,95.1875,streamflow,9277500,ft3/s,"['A', '[91]']",0
2001-04-13,96.583336,streamflow,9277500,ft3/s,"['A', '[91]']",0
2001-04-14,91.5625,streamflow,9277500,ft3/s,"['A', '[91]']",0
2001-04-15,91.854164,streamflow,9277500,ft3/s,"['A', '[91]']",0
2001-04-16,91.15625,streamflow,9277500,ft3/s,"['A', '[91]']",0
2001-04-17,94.125,streamflow,9277500,ft3/s,"['A', '[91]']",0
2001-04-18,105.833336,streamflow,9277500,ft3/s,"['A', '[91]']",0
2001-04-19,118.291664,streamflow,9277500,ft3/s,"['A', '[91]']",0
2001-04-20,128.40625,streamflow,9277500,ft3/s,"['A', '[91]']",0
2001-04-21,143.46875,streamflow,9277500,ft3/s,"['A', '[91]']",0
2001-04-22,160.0,streamflow,9277500,ft3/s,"['A', '[91]']",0
2001-04-23,120.958336,streamflow,9277500,ft3/s,"['A', '[91]']",0
2001-04-24,117.65625,streamflow,9277500,ft3/s,"['A', '[91]']",0
2001-04-25,116.84375,streamflow,9277500,ft3/s,"['A', '[91]']",0
2001-04-26,129.4375,streamflow,9277500,ft3/s,"['A', '[91]']",0
2001-04-27,151.16667,streamflow,9277500,ft3/s,"['A', '[91]']",0
2001-04-28,221.9375,streamflow,9277500,ft3/s,"['A', '[91]']",0
2001-04-29,239.32292,streamflow,9277500,ft3/s,"['A', '[91]']",0
2001-04-30,238.21875,streamflow,9277500,ft3/s,"['A', '[91]']",0
2001-05-01,269.0,streamflow,9277500,ft3/s,"['A', '[91]']",0
2001-05-02,281.29166,streamflow,9277500,ft3/s,"['A', '[91]']",0
2001-05-03,280.6354,streamflow,9277500,ft3/s,"['A', '[91]']",0
2001-05-04,225.14583,streamflow,9277500,ft3/s,"['A', '[91]']",0
2001-05-05,200.79167,streamflow,9277500,ft3/s,"['A', '[91]']",0
2001-05-06,185.27083,streamflow,9277500,ft3/s,"['A', '[91]']",0
2001-05-07,185.15625,streamflow,9277500,ft3/s,"['A', '[91]']",0
2001-05-08,196.66667,streamflow,9277500,ft3/s,"['A', '[91]']",0
2001-05-09,250.30208,streamflow,9277500,ft3/s,"['A', '[91]']",0
2001-05-10,255.54167,streamflow,9277500,ft3/s,"['A', '[91]']",0
2001-05-11,308.21875,streamflow,9277500,ft3/s,"['A', '[91]']",0
2001-05-12,334.4896,streamflow,9277500,ft3/s,"['A', '[91]']",0
2001-05-13,335.15625,streamflow,9277500,ft3/s,"['A', '[91]']",0
2001-05-14,352.39584,streamflow,9277500,ft3/s,"['A', '[91]']",0
2001-05-15,371.14584,streamflow,9277500,ft3/s,"['A', '[91]']",0
2001-05-16,488.14584,streamflow,9277500,ft3/s,"['A', '[91]']",0
2001-05-17,674.7083,streamflow,9277500,ft3/s,"['A', '[91]']",0
2001-05-18,440.47916,streamflow,9277500,ft3/s,"['A', '[91]']",0
2001-05-19,403.28125,streamflow,9277500,ft3/s,"['A', '[91]']",0
2001-05-20,357.35416,streamflow,9277500,ft3/s,"['A', '[91]']",0
2001-05-21,337.65625,streamflow,9277500,ft3/s,"['A', '[91]']",0
2001-05-22,305.9479,streamflow,9277500,ft3/s,"['A', '[91]']",0
2001-05-23,292.47916,streamflow,9277500,ft3/s,"['A', '[91]']",0
2001-05-24,253.58333,streamflow,9277500,ft3/s,"['A', '[91]']",0
2001-05-25,238.76042,streamflow,9277500,ft3/s,"['A', '[91]']",0
2001-05-26,231.28125,streamflow,9277500,ft3/s,"['A', '[91]']",0
2001-05-27,219.30208,streamflow,9277500,ft3/s,"['A', '[91]']",0
2001-05-28,213.41667,streamflow,9277500,ft3/s,"['A', '[91]']",0
2001-05-29,199.9375,streamflow,9277500,ft3/s,"['A', '[91]']",0
2001-05-30,186.13542,streamflow,9277500,ft3/s,"['A', '[91]']",0
2001-05-31,164.28125,streamflow,9277500,ft3/s,"['A', '[91]']",0
2001-06-01,150.15625,streamflow,9277500,ft3/s,"['A', '[91]']",0
2001-06-02,148.84375,streamflow,9277500,ft3/s,"['A', '[91]']",0
2001-06-03,139.59375,streamflow,9277500,ft3/s,"['A', '[91]']",0
2001-06-04,132.72917,streamflow,9277500,ft3/s,"['A', '[91]']",0
2001-06-05,122.541664,streamflow,9277500,ft3/s,"['A', '[91]']",0
2001-06-06,110.854164,streamflow,9277500,ft3/s,"['A', '[91]']",0
2001-06-07,97.208336,streamflow,9277500,ft3/s,"['A', '[91]']",0
2001-06-08,87.916664,streamflow,9277500,ft3/s,"['A', '[91]']",0
2001-06-09,80.625,streamflow,9277500,ft3/s,"['A', '[91]']",0
2001-06-10,73.46875,streamflow,9277500,ft3/s,"['A', '[91]']",0
2001-06-11,92.239586,streamflow,9277500,ft3/s,"['A', '[91]']",0
2001-06-12,96.354164,streamflow,9277500,ft3/s,"['A', '[91]']",0
2001-06-13,104.3125,streamflow,9277500,ft3/s,"['A', '[91]']",0
2001-06-14,104.458336,streamflow,9277500,ft3/s,"['A', '[91]']",0
2001-06-15,93.020836,streamflow,9277500,ft3/s,"['A', '[91]']",0
2001-06-16,87.635414,streamflow,9277500,ft3/s,"['A', '[91]']",0
2001-06-17,74.822914,streamflow,9277500,ft3/s,"['A', '[91]']",0
2001-06-18,78.71875,streamflow,9277500,ft3/s,"['A', '[91]']",0
2001-06-19,96.770836,streamflow,9277500,ft3/s,"['A', '[91]']",0
2001-06-20,104.895836,streamflow,9277500,ft3/s,"['A', '[91]']",0
2001-06-21,104.53125,streamflow,9277500,ft3/s,"['A', '[91]']",0
2001-06-22,99.697914,streamflow,9277500,ft3/s,"['A', '[91]']",0
2001-06-23,96.46875,streamflow,9277500,ft3/s,"['A', '[91]']",0
2001-06-24,95.40625,streamflow,9277500,ft3/s,"['A', '[91]']",0
2001-06-25,96.791664,streamflow,9277500,ft3/s,"['A', '[91]']",0
2001-06-26,85.447914,streamflow,9277500,ft3/s,"['A', '[91]']",0
2001-06-27,94.479164,streamflow,9277500,ft3/s,"['A', '[91]']",0
2001-06-28,94.40625,streamflow,9277500,ft3/s,"['A', '[91]']",0
2001-06-29,91.333336,streamflow,9277500,ft3/s,"['A', '[91]']",0
2001-06-30,83.40625,streamflow,9277500,ft3/s,"['A', '[91]']",0
2001-07-01,75.947914,streamflow,9277500,ft3/s,"['A', '[91]']",0
2001-07-02,77.052086,streamflow,9277500,ft3/s,"['A', '[91]']",0
2001-07-03,79.854164,streamflow,9277500,ft3/s,"['A', '[91]']",0
2001-07-04,74.770836,streamflow,9277500,ft3/s,"['A', '[91]']",0
2001-07-05,74.8125,streamflow,9277500,ft3/s,"['A', '[91]']",0
2001-07-06,69.145836,streamflow,9277500,ft3/s,"['A', '[91]']",0
2001-07-07,68.375,streamflow,9277500,ft3/s,"['A', '[91]']",0
2001-07-08,72.354164,streamflow,9277500,ft3/s,"['A', '[91]']",0
2001-07-09,70.9375,streamflow,9277500,ft3/s,"['A', '[91]']",0
2001-07-10,108.625,streamflow,9277500,ft3/s,"['A', '[91]']",0
2001-07-11,103.53125,streamflow,9277500,ft3/s,"['A', '[91]']",0
2001-07-12,87.28125,streamflow,9277500,ft3/s,"['A', '[91]']",0
2001-07-13,76.958336,streamflow,9277500,ft3/s,"['A', '[91]']",0
2001-07-14,78.072914,streamflow,9277500,ft3/s,"['A', '[91]']",0
2001-07-15,78.083336,streamflow,9277500,ft3/s,"['A', '[91]']",0
2001-07-16,87.729164,streamflow,9277500,ft3/s,"['A', '[91]']",0
2001-07-17,84.604164,streamflow,9277500,ft3/s,"['A', '[91]']",0
2001-07-18,79.677086,streamflow,9277500,ft3/s,"['A', '[91]']",0
2001-07-19,76.510414,streamflow,9277500,ft3/s,"['A', '[91]']",0
2001-07-20,70.96875,streamflow,9277500,ft3/s,"['A', '[91]']",0
2001-07-21,65.635414,streamflow,9277500,ft3/s,"['A', '[91]']",0
2001-07-22,62.010418,streamflow,9277500,ft3/s,"['A', '[91]']",0
2001-07-23,59.114582,streamflow,9277500,ft3/s,"['A', '[91]']",0
2001-07-24,66.229164,streamflow,9277500,ft3/s,"['A', '[91]']",0
2001-07-25,65.427086,streamflow,9277500,ft3/s,"['A', '[91]']",0
2001-07-26,69.8125,streamflow,9277500,ft3/s,"['A', '[91]']",0
2001-07-27,66.791664,streamflow,9277500,ft3/s,"['A', '[91]']",0
2001-07-28,63.322918,streamflow,9277500,ft3/s,"['A', '[91]']",0
2001-07-29,59.739582,streamflow,9277500,ft3/s,"['A', '[91]']",0
2001-07-30,57.59375,streamflow,9277500,ft3/s,"['A', '[91]']",0
2001-07-31,64.604164,streamflow,9277500,ft3/s,"['A', '[91]']",0
2001-08-01,62.052082,streamflow,9277500,ft3/s,"['A', '[91]']",0
2001-08-02,64.145836,streamflow,9277500,ft3/s,"['A', '[91]']",0
2001-08-03,65.979164,streamflow,9277500,ft3/s,"['A', '[91]']",0
2001-08-04,77.322914,streamflow,9277500,ft3/s,"['A', '[91]']",0
2001-08-05,76.729164,streamflow,9277500,ft3/s,"['A', '[91]']",0
2001-08-06,75.208336,streamflow,9277500,ft3/s,"['A', '[91]']",0
2001-08-07,71.195656,streamflow,9277500,ft3/s,"['A', '[91]']",0
2001-08-08,77.82353,streamflow,9277500,ft3/s,"['A', '[91]']",0
2001-08-09,74.989586,streamflow,9277500,ft3/s,"['A', '[91]']",0
2001-08-10,85.385414,streamflow,9277500,ft3/s,"['A', '[91]']",0
2001-08-11,76.895836,streamflow,9277500,ft3/s,"['A', '[91]']",0
2001-08-12,73.489586,streamflow,9277500,ft3/s,"['A', '[91]']",0
2001-08-13,72.78125,streamflow,9277500,ft3/s,"['A', '[91]']",0
2001-08-14,83.333336,streamflow,9277500,ft3/s,"['A', '[91]']",0
2001-08-15,77.666664,streamflow,9277500,ft3/s,"['A', '[91]']",0
2001-08-16,71.020836,streamflow,9277500,ft3/s,"['A', '[91]']",0
2001-08-17,69.21875,streamflow,9277500,ft3/s,"['A', '[91]']",0
2001-08-18,68.96875,streamflow,9277500,ft3/s,"['A', '[91]']",0
2001-08-19,65.15625,streamflow,9277500,ft3/s,"['A', '[91]']",0
2001-08-20,63.270832,streamflow,9277500,ft3/s,"['A', '[91]']",0
2001-08-21,68.135414,streamflow,9277500,ft3/s,"['A', '[91]']",0
2001-08-22,78.65625,streamflow,9277500,ft3/s,"['A', '[91]']",0
2001-08-23,79.708336,streamflow,9277500,ft3/s,"['A', '[91]']",0
2001-08-24,75.541664,streamflow,9277500,ft3/s,"['A', '[91]']",0
2001-08-25,68.385414,streamflow,9277500,ft3/s,"['A', '[91]']",0
2001-08-26,63.572918,streamflow,9277500,ft3/s,"['A', '[91]']",0
2001-08-27,57.395832,streamflow,9277500,ft3/s,"['A', '[91]']",0
2001-08-28,56.260418,streamflow,9277500,ft3/s,"['A', '[91]']",0
2001-08-29,55.625,streamflow,9277500,ft3/s,"['A', '[91]']",0
2001-08-30,57.375,streamflow,9277500,ft3/s,"['A', '[91]']",0
2001-08-31,62.125,streamflow,9277500,ft3/s,"['A', '[91]']",0
2001-09-01,56.510418,streamflow,9277500,ft3/s,"['A', '[91]']",0
2001-09-02,56.135418,streamflow,9277500,ft3/s,"['A', '[91]']",0
2001-09-03,57.770832,streamflow,9277500,ft3/s,"['A', '[91]']",0
2001-09-04,53.260418,streamflow,9277500,ft3/s,"['A', '[91]']",0
2001-09-05,58.875,streamflow,9277500,ft3/s,"['A', '[91]']",0
2001-09-06,59.614582,streamflow,9277500,ft3/s,"['A', '[91]']",0
2001-09-07,58.635418,streamflow,9277500,ft3/s,"['A', '[91]']",0
2001-09-08,58.927082,streamflow,9277500,ft3/s,"['A', '[91]']",0
2001-09-09,60.25,streamflow,9277500,ft3/s,"['A', '[91]']",0
2001-09-10,59.864582,streamflow,9277500,ft3/s,"['A', '[91]']",0
2001-09-11,64.041664,streamflow,9277500,ft3/s,"['A', '[91]']",0
2001-09-12,62.125,streamflow,9277500,ft3/s,"['A', '[91]']",0
2001-09-13,67.177086,streamflow,9277500,ft3/s,"['A', '[91]']",0
2001-09-14,76.583336,streamflow,9277500,ft3/s,"['A', '[91]']",0
2001-09-15,74.354164,streamflow,9277500,ft3/s,"['A', '[91]']",0
2001-09-16,70.958336,streamflow,9277500,ft3/s,"['A', '[91]']",0
2001-09-17,72.208336,streamflow,9277500,ft3/s,"['A', '[91]']",0
2001-09-18,65.489586,streamflow,9277500,ft3/s,"['A', '[91]']",0
2001-09-19,67.864586,streamflow,9277500,ft3/s,"['A', '[91]']",0
2001-09-20,68.114586,streamflow,9277500,ft3/s,"['A', '[91]']",0
2001-09-21,65.166664,streamflow,9277500,ft3/s,"['A', '[91]']",0
2001-09-22,65.802086,streamflow,9277500,ft3/s,"['A', '[91]']",0
2001-09-23,65.614586,streamflow,9277500,ft3/s,"['A', '[91]']",0
2001-09-24,65.489586,streamflow,9277500,ft3/s,"['A', '[91]']",0
2001-09-25,66.114586,streamflow,9277500,ft3/s,"['A', '[91]']",0
2001-09-26,67.875,streamflow,9277500,ft3/s,"['A', '[91]']",0
2001-09-27,65.885414,streamflow,9277500,ft3/s,"['A', '[91]']",0
2001-09-28,64.90625,streamflow,9277500,ft3/s,"['A', '[91]']",0
2001-09-29,66.552086,streamflow,9277500,ft3/s,"['A', '[91]']",0
2001-09-30,69.645836,streamflow,9277500,ft3/s,"['A', '[91]']",0
2001-10-01,68.052086,streamflow,9277500,ft3/s,"['A', '[91]']",0
2001-10-02,65.541664,streamflow,9277500,ft3/s,"['A', '[91]']",0
2001-10-03,63.916668,streamflow,9277500,ft3/s,"['A', '[91]']",0
2001-10-04,60.680557,streamflow,9277500,ft3/s,"['A', '[91]']",0
2001-10-05,64.875,streamflow,9277500,ft3/s,"['A', '[91]']",0
2001-10-06,64.47222,streamflow,9277500,ft3/s,"['A', '[91]']",0
2001-10-07,69.541664,streamflow,9277500,ft3/s,"['A', '[91]']",0
2001-10-08,71.625,streamflow,9277500,ft3/s,"['A', '[91]']",0
2001-10-09,73.395836,streamflow,9277500,ft3/s,"['A', '[91]']",0
2001-10-10,78.4,streamflow,9277500,ft3/s,"['A', '[91]']",0
2001-10-11,67.958336,streamflow,9277500,ft3/s,"['A', '[91]']",0
2001-10-12,69.364586,streamflow,9277500,ft3/s,"['A', '[91]']",0
2001-10-13,77.822914,streamflow,9277500,ft3/s,"['A', '[91]']",0
2001-10-14,78.614586,streamflow,9277500,ft3/s,"['A', '[91]']",0
2001-10-15,82.020836,streamflow,9277500,ft3/s,"['A', '[91]']",0
2001-10-16,83.864586,streamflow,9277500,ft3/s,"['A', '[91]']",0
2001-10-17,85.65625,streamflow,9277500,ft3/s,"['A', '[91]']",0
2001-10-18,84.104164,streamflow,9277500,ft3/s,"['A', '[91]']",0
2001-10-19,81.072914,streamflow,9277500,ft3/s,"['A', '[91]']",0
2001-10-20,79.84375,streamflow,9277500,ft3/s,"['A', '[91]']",0
2001-10-21,82.8125,streamflow,9277500,ft3/s,"['A', '[91]']",0
2001-10-22,85.760414,streamflow,9277500,ft3/s,"['A', '[91]']",0
2001-10-23,86.708336,streamflow,9277500,ft3/s,"['A', '[91]']",0
2001-10-24,87.239586,streamflow,9277500,ft3/s,"['A', '[91]']",0
2001-10-25,98.625,streamflow,9277500,ft3/s,"['A', '[91]']",0
2001-10-26,96.645836,streamflow,9277500,ft3/s,"['A', '[91]']",0
2001-10-27,96.34375,streamflow,9277500,ft3/s,"['A', '[91]']",0
2001-10-28,98.23913,streamflow,9277500,ft3/s,"['A', '[91]']",0
2001-10-29,100.479164,streamflow,9277500,ft3/s,"['A', '[91]']",0
2001-10-30,102.4375,streamflow,9277500,ft3/s,"['A', '[91]']",0
2001-10-31,119.645836,streamflow,9277500,ft3/s,"['A', '[91]']",0
2001-11-01,118.395836,streamflow,9277500,ft3/s,"['A', '[91]']",0
2001-11-02,106.25,streamflow,9277500,ft3/s,"['A', '[91]']",0
2001-11-03,105.5625,streamflow,9277500,ft3/s,"['A', '[91]']",0
2001-11-04,105.416664,streamflow,9277500,ft3/s,"['A', '[91]']",0
2001-11-05,105.65625,streamflow,9277500,ft3/s,"['A', '[91]']",0
2001-11-06,106.520836,streamflow,9277500,ft3/s,"['A', '[91]']",0
2001-11-07,104.75,streamflow,9277500,ft3/s,"['A', '[91]']",0
2001-11-08,105.697914,streamflow,9277500,ft3/s,"['A', '[91]']",0
2001-11-09,108.375,streamflow,9277500,ft3/s,"['A', '[91]']",0
2001-11-10,107.552086,streamflow,9277500,ft3/s,"['A', '[91]']",0
2001-11-11,110.3125,streamflow,9277500,ft3/s,"['A', '[91]']",0
2001-11-12,107.729164,streamflow,9277500,ft3/s,"['A', '[91]']",0
2001-11-13,107.645836,streamflow,9277500,ft3/s,"['A', '[91]']",0
2001-11-14,107.59375,streamflow,9277500,ft3/s,"['A', '[91]']",0
2001-11-15,106.21875,streamflow,9277500,ft3/s,"['A', '[91]']",0
2001-11-16,104.385414,streamflow,9277500,ft3/s,"['A', '[91]']",0
2001-11-17,98.541664,streamflow,9277500,ft3/s,"['A', '[91]']",0
2001-11-18,98.927086,streamflow,9277500,ft3/s,"['A', '[91]']",0
2001-11-19,102.072914,streamflow,9277500,ft3/s,"['A', '[91]']",0
2001-11-20,101.1875,streamflow,9277500,ft3/s,"['A', '[91]']",0
2001-11-21,102.6875,streamflow,9277500,ft3/s,"['A', '[91]']",0
2001-11-22,107.020836,streamflow,9277500,ft3/s,"['A', '[91]']",0
2001-11-23,103.020836,streamflow,9277500,ft3/s,"['A', '[91]']",0
2001-11-24,99.6875,streamflow,9277500,ft3/s,"['A', '[91]']",0
2001-11-25,105.65625,streamflow,9277500,ft3/s,"['A', '[91]']",0
2001-11-26,102.92857,streamflow,9277500,ft3/s,"['A', '[91]']",0
2001-11-27,,streamflow,9277500,ft3/s,"['A', '[91]']",0
2001-11-28,,streamflow,9277500,ft3/s,"['A', '[91]']",0
2001-11-29,105.17647,streamflow,9277500,ft3/s,"['A', '[91]']",0
2001-11-30,106.21429,streamflow,9277500,ft3/s,"['A', '[91]']",0
2001-12-01,111.382355,streamflow,9277500,ft3/s,"['A', '[91]']",0
2001-12-02,117.520836,streamflow,9277500,ft3/s,"['A', '[91]']",0
2001-12-03,105.65625,streamflow,9277500,ft3/s,"['A', '[91]']",0
2001-12-04,108.020836,streamflow,9277500,ft3/s,"['A', '[91]']",0
2001-12-05,106.14286,streamflow,9277500,ft3/s,"['A', '[91]']",0
2001-12-06,,streamflow,9277500,ft3/s,"['A', '[91]']",0
2001-12-07,,streamflow,9277500,ft3/s,"['A', '[91]']",0
2001-12-08,,streamflow,9277500,ft3/s,"['A', '[91]']",0
2001-12-09,,streamflow,9277500,ft3/s,"['A', '[91]']",0
2001-12-10,,streamflow,9277500,ft3/s,"['A', '[91]']",0
2001-12-11,,streamflow,9277500,ft3/s,"['A', '[91]']",0
2001-12-12,,streamflow,9277500,ft3/s,"['A', '[91]']",0
2001-12-13,,streamflow,9277500,ft3/s,"['A', '[91]']",0
2001-12-14,,streamflow,9277500,ft3/s,"['A', '[91]']",0
2001-12-15,,streamflow,9277500,ft3/s,"['A', '[91]']",0
2001-12-16,,streamflow,9277500,ft3/s,"['A', '[91]']",0
2001-12-17,,streamflow,9277500,ft3/s,"['A', '[91]']",0
2001-12-18,,streamflow,9277500,ft3/s,"['A', '[91]']",0
2001-12-19,,streamflow,9277500,ft3/s,"['A', '[91]']",0
2001-12-20,,streamflow,9277500,ft3/s,"['A', '[91]']",0
2001-12-21,,streamflow,9277500,ft3/s,"['A', '[91]']",0
2001-12-22,,streamflow,9277500,ft3/s,"['A', '[91]']",0
2001-12-23,,streamflow,9277500,ft3/s,"['A', '[91]']",0
2001-12-24,,streamflow,9277500,ft3/s,"['A', '[91]']",0
2001-12-25,,streamflow,9277500,ft3/s,"['A', '[91]']",0
2001-12-26,,streamflow,9277500,ft3/s,"['A', '[91]']",0
2001-12-27,,streamflow,9277500,ft3/s,"['A', '[91]']",0
2001-12-28,,streamflow,9277500,ft3/s,"['A', '[91]']",0
2001-12-29,,streamflow,9277500,ft3/s,"['A', '[91]']",0
2001-12-30,,streamflow,9277500,ft3/s,"['A', '[91]']",0
2001-12-31,,streamflow,9277500,ft3/s,"['A', '[91]']",0
2002-01-01,,streamflow,9277500,ft3/s,"['A', '[91]']",0
2002-01-02,,streamflow,9277500,ft3/s,"['A', '[91]']",0
2002-01-03,,streamflow,9277500,ft3/s,"['A', '[91]']",0
2002-01-04,,streamflow,9277500,ft3/s,"['A', '[91]']",0
2002-01-05,,streamflow,9277500,ft3/s,"['A', '[91]']",0
2002-01-06,,streamflow,9277500,ft3/s,"['A', '[91]']",0
2002-01-07,,streamflow,9277500,ft3/s,"['A', '[91]']",0
2002-01-08,,streamflow,9277500,ft3/s,"['A', '[91]']",0
2002-01-09,,streamflow,9277500,ft3/s,"['A', '[91]']",0
2002-01-10,,streamflow,9277500,ft3/s,"['A', '[91]']",0
2002-01-11,,streamflow,9277500,ft3/s,"['A', '[91]']",0
2002-01-12,,streamflow,9277500,ft3/s,"['A', '[91]']",0
2002-01-13,,streamflow,9277500,ft3/s,"['A', '[91]']",0
2002-01-14,,streamflow,9277500,ft3/s,"['A', '[91]']",0
2002-01-15,,streamflow,9277500,ft3/s,"['A', '[91]']",0
2002-01-16,,streamflow,9277500,ft3/s,"['A', '[91]']",0
2002-01-17,,streamflow,9277500,ft3/s,"['A', '[91]']",0
2002-01-18,,streamflow,9277500,ft3/s,"['A', '[91]']",0
2002-01-19,,streamflow,9277500,ft3/s,"['A', '[91]']",0
2002-01-20,,streamflow,9277500,ft3/s,"['A', '[91]']",0
2002-01-21,,streamflow,9277500,ft3/s,"['A', '[91]']",0
2002-01-22,,streamflow,9277500,ft3/s,"['A', '[91]']",0
2002-01-23,,streamflow,9277500,ft3/s,"['A', '[91]']",0
2002-01-24,,streamflow,9277500,ft3/s,"['A', '[91]']",0
2002-01-25,,streamflow,9277500,ft3/s,"['A', '[91]']",0
2002-01-26,,streamflow,9277500,ft3/s,"['A', '[91]']",0
2002-01-27,,streamflow,9277500,ft3/s,"['A', '[91]']",0
2002-01-28,,streamflow,9277500,ft3/s,"['A', '[91]']",0
2002-01-29,,streamflow,9277500,ft3/s,"['A', '[91]']",0
2002-01-30,,streamflow,9277500,ft3/s,"['A', '[91]']",0
2002-01-31,,streamflow,9277500,ft3/s,"['A', '[91]']",0
2002-02-01,,streamflow,9277500,ft3/s,"['A', '[91]']",0
2002-02-02,,streamflow,9277500,ft3/s,"['A', '[91]']",0
2002-02-03,,streamflow,9277500,ft3/s,"['A', '[91]']",0
2002-02-04,,streamflow,9277500,ft3/s,"['A', '[91]']",0
2002-02-05,,streamflow,9277500,ft3/s,"['A', '[91]']",0
2002-02-06,,streamflow,9277500,ft3/s,"['A', '[91]']",0
2002-02-07,,streamflow,9277500,ft3/s,"['A', '[91]']",0
2002-02-08,,streamflow,9277500,ft3/s,"['A', '[91]']",0
2002-02-09,,streamflow,9277500,ft3/s,"['A', '[91]']",0
2002-02-10,,streamflow,9277500,ft3/s,"['A', '[91]']",0
2002-02-11,,streamflow,9277500,ft3/s,"['A', '[91]']",0
2002-02-12,,streamflow,9277500,ft3/s,"['A', '[91]']",0
2002-02-13,,streamflow,9277500,ft3/s,"['A', '[91]']",0
2002-02-14,,streamflow,9277500,ft3/s,"['A', '[91]']",0
2002-02-15,,streamflow,9277500,ft3/s,"['A', '[91]']",0
2002-02-16,,streamflow,9277500,ft3/s,"['A', '[91]']",0
2002-02-17,,streamflow,9277500,ft3/s,"['A', '[91]']",0
2002-02-18,,streamflow,9277500,ft3/s,"['A', '[91]']",0
2002-02-19,,streamflow,9277500,ft3/s,"['A', '[91]']",0
2002-02-20,82.42647,streamflow,9277500,ft3/s,"['A', '[91]']",0
2002-02-21,83.510414,streamflow,9277500,ft3/s,"['A', '[91]']",0
2002-02-22,77.833336,streamflow,9277500,ft3/s,"['A', '[91]']",0
2002-02-23,80.989586,streamflow,9277500,ft3/s,"['A', '[91]']",0
2002-02-24,78.791664,streamflow,9277500,ft3/s,"['A', '[91]']",0
2002-02-25,79.0,streamflow,9277500,ft3/s,"['A', '[91]']",0
2002-02-26,,streamflow,9277500,ft3/s,"['A', '[91]']",0
2002-02-27,,streamflow,9277500,ft3/s,"['A', '[91]']",0
2002-02-28,,streamflow,9277500,ft3/s,"['A', '[91]']",0
2002-03-01,,streamflow,9277500,ft3/s,"['A', '[91]']",0
2002-03-02,,streamflow,9277500,ft3/s,"['A', '[91]']",0
2002-03-03,,streamflow,9277500,ft3/s,"['A', '[91]']",0
2002-03-04,,streamflow,9277500,ft3/s,"['A', '[91]']",0
2002-03-05,77.51471,streamflow,9277500,ft3/s,"['A', '[91]']",0
2002-03-06,79.09375,streamflow,9277500,ft3/s,"['A', '[91]']",0
2002-03-07,80.927086,streamflow,9277500,ft3/s,"['A', '[91]']",0
2002-03-08,80.14286,streamflow,9277500,ft3/s,"['A', '[91]']",0
2002-03-09,,streamflow,9277500,ft3/s,"['A', '[91]']",0
2002-03-10,79.94118,streamflow,9277500,ft3/s,"['A', '[91]']",0
2002-03-11,78.979164,streamflow,9277500,ft3/s,"['A', '[91]']",0
2002-03-12,78.34375,streamflow,9277500,ft3/s,"['A', '[91]']",0
2002-03-13,77.3125,streamflow,9277500,ft3/s,"['A', '[91]']",0
2002-03-14,76.28571,streamflow,9277500,ft3/s,"['A', '[91]']",0
2002-03-15,,streamflow,9277500,ft3/s,"['A', '[91]']",0
2002-03-16,76.76471,streamflow,9277500,ft3/s,"['A', '[91]']",0
2002-03-17,75.760414,streamflow,9277500,ft3/s,"['A', '[91]']",0
2002-03-18,73.57143,streamflow,9277500,ft3/s,"['A', '[91]']",0
2002-03-19,,streamflow,9277500,ft3/s,"['A', '[91]']",0
2002-03-20,87.17647,streamflow,9277500,ft3/s,"['A', '[91]']",0
2002-03-21,87.541664,streamflow,9277500,ft3/s,"['A', '[91]']",0
2002-03-22,89.6875,streamflow,9277500,ft3/s,"['A', '[91]']",0
2002-03-23,92.239586,streamflow,9277500,ft3/s,"['A', '[91]']",0
2002-03-24,91.177086,streamflow,9277500,ft3/s,"['A', '[91]']",0
2002-03-25,88.635414,streamflow,9277500,ft3/s,"['A', '[91]']",0
2002-03-26,87.166664,streamflow,9277500,ft3/s,"['A', '[91]']",0
2002-03-27,86.541664,streamflow,9277500,ft3/s,"['A', '[91]']",0
2002-03-28,87.052086,streamflow,9277500,ft3/s,"['A', '[91]']",0
2002-03-29,88.177086,streamflow,9277500,ft3/s,"['A', '[91]']",0
2002-03-30,89.927086,streamflow,9277500,ft3/s,"['A', '[91]']",0
2002-03-31,91.552086,streamflow,9277500,ft3/s,"['A', '[91]']",0
2002-04-01,90.989586,streamflow,9277500,ft3/s,"['A', '[91]']",0
2002-04-02,92.15625,streamflow,9277500,ft3/s,"['A', '[91]']",0
2002-04-03,93.479164,streamflow,9277500,ft3/s,"['A', '[91]']",0
2002-04-04,94.427086,streamflow,9277500,ft3/s,"['A', '[91]']",0
2002-04-05,94.03125,streamflow,9277500,ft3/s,"['A', '[91]']",0
2002-04-06,96.333336,streamflow,9277500,ft3/s,"['A', '[91]']",0
2002-04-07,98.395836,streamflow,9277500,ft3/s,"['A', '[91]']",0
2002-04-08,95.322914,streamflow,9277500,ft3/s,"['A', '[91]']",0
2002-04-09,94.802086,streamflow,9277500,ft3/s,"['A', '[91]']",0
2002-04-10,93.614586,streamflow,9277500,ft3/s,"['A', '[91]']",0
2002-04-11,96.885414,streamflow,9277500,ft3/s,"['A', '[91]']",0
2002-04-12,96.895836,streamflow,9277500,ft3/s,"['A', '[91]']",0
2002-04-13,98.416664,streamflow,9277500,ft3/s,"['A', '[91]']",0
2002-04-14,97.96875,streamflow,9277500,ft3/s,"['A', '[91]']",0
2002-04-15,104.239586,streamflow,9277500,ft3/s,"['A', '[91]']",0
2002-04-16,108.072914,streamflow,9277500,ft3/s,"['A', '[91]']",0
2002-04-17,97.822914,streamflow,9277500,ft3/s,"['A', '[91]']",0
2002-04-18,96.208336,streamflow,9277500,ft3/s,"['A', '[91]']",0
2002-04-19,89.416664,streamflow,9277500,ft3/s,"['A', '[91]']",0
2002-04-20,82.572914,streamflow,9277500,ft3/s,"['A', '[91]']",0
2002-04-21,86.364586,streamflow,9277500,ft3/s,"['A', '[91]']",0
2002-04-22,80.770836,streamflow,9277500,ft3/s,"['A', '[91]']",0
2002-04-23,74.947914,streamflow,9277500,ft3/s,"['A', '[91]']",0
2002-04-24,71.114586,streamflow,9277500,ft3/s,"['A', '[91]']",0
2002-04-25,69.5,streamflow,9277500,ft3/s,"['A', '[91]']",0
2002-04-26,65.09375,streamflow,9277500,ft3/s,"['A', '[91]']",0
2002-04-27,72.916664,streamflow,9277500,ft3/s,"['A', '[91]']",0
2002-04-28,79.458336,streamflow,9277500,ft3/s,"['A', '[91]']",0
2002-04-29,57.760418,streamflow,9277500,ft3/s,"['A', '[91]']",0
2002-04-30,48.375,streamflow,9277500,ft3/s,"['A', '[91]']",0
2002-05-01,51.114582,streamflow,9277500,ft3/s,"['A', '[91]']",0
2002-05-02,57.59375,streamflow,9277500,ft3/s,"['A', '[91]']",0
2002-05-03,54.989582,streamflow,9277500,ft3/s,"['A', '[91]']",0
2002-05-04,53.71875,streamflow,9277500,ft3/s,"['A', '[91]']",0
2002-05-05,57.114582,streamflow,9277500,ft3/s,"['A', '[91]']",0
2002-05-06,78.78125,streamflow,9277500,ft3/s,"['A', '[91]']",0
2002-05-07,93.854164,streamflow,9277500,ft3/s,"['A', '[91]']",0
2002-05-08,94.0,streamflow,9277500,ft3/s,"['A', '[91]']",0
2002-05-09,86.989586,streamflow,9277500,ft3/s,"['A', '[91]']",0
2002-05-10,70.385414,streamflow,9277500,ft3/s,"['A', '[91]']",0
2002-05-11,62.552082,streamflow,9277500,ft3/s,"['A', '[91]']",0
2002-05-12,55.875,streamflow,9277500,ft3/s,"['A', '[91]']",0
2002-05-13,56.625,streamflow,9277500,ft3/s,"['A', '[91]']",0
2002-05-14,88.541664,streamflow,9277500,ft3/s,"['A', '[91]']",0
2002-05-15,114.8125,streamflow,9277500,ft3/s,"['A', '[91]']",0
2002-05-16,106.625,streamflow,9277500,ft3/s,"['A', '[91]']",0
2002-05-17,103.458336,streamflow,9277500,ft3/s,"['A', '[91]']",0
2002-05-18,95.885414,streamflow,9277500,ft3/s,"['A', '[91]']",0
2002-05-19,111.260414,streamflow,9277500,ft3/s,"['A', '[91]']",0
2002-05-20,123.916664,streamflow,9277500,ft3/s,"['A', '[91]']",0
2002-05-21,132.875,streamflow,9277500,ft3/s,"['A', '[91]']",0
2002-05-22,128.02083,streamflow,9277500,ft3/s,"['A', '[91]']",0
2002-05-23,104.645836,streamflow,9277500,ft3/s,"['A', '[91]']",0
2002-05-24,89.166664,streamflow,9277500,ft3/s,"['A', '[91]']",0
2002-05-25,75.885414,streamflow,9277500,ft3/s,"['A', '[91]']",0
2002-05-26,63.03125,streamflow,9277500,ft3/s,"['A', '[91]']",0
2002-05-27,64.125,streamflow,9277500,ft3/s,"['A', '[91]']",0
2002-05-28,68.072914,streamflow,9277500,ft3/s,"['A', '[91]']",0
2002-05-29,65.510414,streamflow,9277500,ft3/s,"['A', '[91]']",0
2002-05-30,61.9375,streamflow,9277500,ft3/s,"['A', '[91]']",0
2002-05-31,68.15625,streamflow,9277500,ft3/s,"['A', '[91]']",0
2002-06-01,67.0625,streamflow,9277500,ft3/s,"['A', '[91]']",0
2002-06-02,71.208336,streamflow,9277500,ft3/s,"['A', '[91]']",0
2002-06-03,,streamflow,9277500,ft3/s,"['A', '[91]']",0
2002-06-04,59.75,streamflow,9277500,ft3/s,"['A', '[91]']",0
2002-06-05,53.53125,streamflow,9277500,ft3/s,"['A', '[91]']",0
2002-06-06,51.114582,streamflow,9277500,ft3/s,"['A', '[91]']",0
2002-06-07,53.239582,streamflow,9277500,ft3/s,"['A', '[91]']",0
2002-06-08,58.53125,streamflow,9277500,ft3/s,"['A', '[91]']",0
2002-06-09,62.770832,streamflow,9277500,ft3/s,"['A', '[91]']",0
2002-06-10,70.260414,streamflow,9277500,ft3/s,"['A', '[91]']",0
2002-06-11,74.072914,streamflow,9277500,ft3/s,"['A', '[91]']",0
2002-06-12,72.916664,streamflow,9277500,ft3/s,"['A', '[91]']",0
2002-06-13,66.885414,streamflow,9277500,ft3/s,"['A', '[91]']",0
2002-06-14,54.083332,streamflow,9277500,ft3/s,"['A', '[91]']",0
2002-06-15,54.947918,streamflow,9277500,ft3/s,"['A', '[91]']",0
2002-06-16,53.520832,streamflow,9277500,ft3/s,"['A', '[91]']",0
2002-06-17,53.645832,streamflow,9277500,ft3/s,"['A', '[91]']",0
2002-06-18,57.958332,streamflow,9277500,ft3/s,"['A', '[91]']",0
2002-06-19,76.78125,streamflow,9277500,ft3/s,"['A', '[91]']",0
2002-06-20,78.020836,streamflow,9277500,ft3/s,"['A', '[91]']",0
2002-06-21,78.21875,streamflow,9277500,ft3/s,"['A', '[91]']",0
2002-06-22,73.947914,streamflow,9277500,ft3/s,"['A', '[91]']",0
2002-06-23,74.90625,streamflow,9277500,ft3/s,"['A', '[91]']",0
2002-06-24,67.291664,streamflow,9277500,ft3/s,"['A', '[91]']",0
2002-06-25,64.604164,streamflow,9277500,ft3/s,"['A', '[91]']",0
2002-06-26,64.270836,streamflow,9277500,ft3/s,"['A', '[91]']",0
2002-06-27,59.59375,streamflow,9277500,ft3/s,"['A', '[91]']",0
2002-06-28,53.208332,streamflow,9277500,ft3/s,"['A', '[91]']",0
2002-06-29,51.864582,streamflow,9277500,ft3/s,"['A', '[91]']",0
2002-06-30,48.729168,streamflow,9277500,ft3/s,"['A', '[91]']",0
2002-07-01,46.979168,streamflow,9277500,ft3/s,"['A', '[91]']",0
2002-07-02,41.84375,streamflow,9277500,ft3/s,"['A', '[91]']",0
2002-07-03,45.40625,streamflow,9277500,ft3/s,"['A', '[91]']",0
2002-07-04,45.625,streamflow,9277500,ft3/s,"['A', '[91]']",0
2002-07-05,44.833332,streamflow,9277500,ft3/s,"['A', '[91]']",0
2002-07-06,47.03125,streamflow,9277500,ft3/s,"['A', '[91]']",0
2002-07-07,49.614582,streamflow,9277500,ft3/s,"['A', '[91]']",0
2002-07-08,46.96875,streamflow,9277500,ft3/s,"['A', '[91]']",0
2002-07-09,42.770832,streamflow,9277500,ft3/s,"['A', '[91]']",0
2002-07-10,41.322918,streamflow,9277500,ft3/s,"['A', '[91]']",0
2002-07-11,40.53125,streamflow,9277500,ft3/s,"['A', '[91]']",0
2002-07-12,37.270832,streamflow,9277500,ft3/s,"['A', '[91]']",0
2002-07-13,33.864582,streamflow,9277500,ft3/s,"['A', '[91]']",0
2002-07-14,35.8125,streamflow,9277500,ft3/s,"['A', '[91]']",0
2002-07-15,44.041668,streamflow,9277500,ft3/s,"['A', '[91]']",0
2002-07-16,46.072918,streamflow,9277500,ft3/s,"['A', '[91]']",0
2002-07-17,48.447918,streamflow,9277500,ft3/s,"['A', '[91]']",0
2002-07-18,48.770832,streamflow,9277500,ft3/s,"['A', '[91]']",0
2002-07-19,48.09375,streamflow,9277500,ft3/s,"['A', '[91]']",0
2002-07-20,51.21875,streamflow,9277500,ft3/s,"['A', '[91]']",0
2002-07-21,50.354168,streamflow,9277500,ft3/s,"['A', '[91]']",0
2002-07-22,47.041668,streamflow,9277500,ft3/s,"['A', '[91]']",0
2002-07-23,42.447918,streamflow,9277500,ft3/s,"['A', '[91]']",0
2002-07-24,42.916668,streamflow,9277500,ft3/s,"['A', '[91]']",0
2002-07-25,52.614582,streamflow,9277500,ft3/s,"['A', '[91]']",0
2002-07-26,48.541668,streamflow,9277500,ft3/s,"['A', '[91]']",0
2002-07-27,46.510418,streamflow,9277500,ft3/s,"['A', '[91]']",0
2002-07-28,44.333332,streamflow,9277500,ft3/s,"['A', '[91]']",0
2002-07-29,46.458332,streamflow,9277500,ft3/s,"['A', '[91]']",0
2002-07-30,40.916668,streamflow,9277500,ft3/s,"['A', '[91]']",0
2002-07-31,39.291668,streamflow,9277500,ft3/s,"['A', '[91]']",0
2002-08-01,35.770832,streamflow,9277500,ft3/s,"['A', '[91]']",0
2002-08-02,38.09375,streamflow,9277500,ft3/s,"['A', '[91]']",0
2002-08-03,40.041668,streamflow,9277500,ft3/s,"['A', '[91]']",0
2002-08-04,37.385418,streamflow,9277500,ft3/s,"['A', '[91]']",0
2002-08-05,37.21875,streamflow,9277500,ft3/s,"['A', '[91]']",0
2002-08-06,37.645832,streamflow,9277500,ft3/s,"['A', '[91]']",0
2002-08-07,41.0,streamflow,9277500,ft3/s,"['A', '[91]']",0
2002-08-08,40.791668,streamflow,9277500,ft3/s,"['A', '[91]']",0
2002-08-09,38.489582,streamflow,9277500,ft3/s,"['A', '[91]']",0
2002-08-10,37.604168,streamflow,9277500,ft3/s,"['A', '[91]']",0
2002-08-11,35.833332,streamflow,9277500,ft3/s,"['A', '[91]']",0
2002-08-12,35.96875,streamflow,9277500,ft3/s,"['A', '[91]']",0
2002-08-13,34.09375,streamflow,9277500,ft3/s,"['A', '[91]']",0
2002-08-14,33.260418,streamflow,9277500,ft3/s,"['A', '[91]']",0
2002-08-15,31.479166,streamflow,9277500,ft3/s,"['A', '[91]']",0
2002-08-16,30.65625,streamflow,9277500,ft3/s,"['A', '[91]']",0
2002-08-17,31.020834,streamflow,9277500,ft3/s,"['A', '[91]']",0
2002-08-18,31.552084,streamflow,9277500,ft3/s,"['A', '[91]']",0
2002-08-19,31.197916,streamflow,9277500,ft3/s,"['A', '[91]']",0
2002-08-20,34.5625,streamflow,9277500,ft3/s,"['A', '[91]']",0
2002-08-21,40.572918,streamflow,9277500,ft3/s,"['A', '[91]']",0
2002-08-22,44.739582,streamflow,9277500,ft3/s,"['A', '[91]']",0
2002-08-23,41.6875,streamflow,9277500,ft3/s,"['A', '[91]']",0
2002-08-24,38.364582,streamflow,9277500,ft3/s,"['A', '[91]']",0
2002-08-25,37.260418,streamflow,9277500,ft3/s,"['A', '[91]']",0
2002-08-26,38.177082,streamflow,9277500,ft3/s,"['A', '[91]']",0
2002-08-27,38.34375,streamflow,9277500,ft3/s,"['A', '[91]']",0
2002-08-28,41.9375,streamflow,9277500,ft3/s,"['A', '[91]']",0
2002-08-29,41.677082,streamflow,9277500,ft3/s,"['A', '[91]']",0
2002-08-30,43.84375,streamflow,9277500,ft3/s,"['A', '[91]']",0
2002-08-31,41.53125,streamflow,9277500,ft3/s,"['A', '[91]']",0
2002-09-01,40.0,streamflow,9277500,ft3/s,"['A', '[91]']",0
2002-09-02,39.677082,streamflow,9277500,ft3/s,"['A', '[91]']",0
2002-09-03,39.21875,streamflow,9277500,ft3/s,"['A', '[91]']",0
2002-09-04,39.625,streamflow,9277500,ft3/s,"['A', '[91]']",0
2002-09-05,39.770832,streamflow,9277500,ft3/s,"['A', '[91]']",0
2002-09-06,43.010418,streamflow,9277500,ft3/s,"['A', '[91]']",0
2002-09-07,55.520832,streamflow,9277500,ft3/s,"['A', '[91]']",0
2002-09-08,95.677086,streamflow,9277500,ft3/s,"['A', '[91]']",0
2002-09-09,70.75,streamflow,9277500,ft3/s,"['A', '[91]']",0
2002-09-10,58.90625,streamflow,9277500,ft3/s,"['A', '[91]']",0
2002-09-11,54.8125,streamflow,9277500,ft3/s,"['A', '[91]']",0
2002-09-12,73.40625,streamflow,9277500,ft3/s,"['A', '[91]']",0
2002-09-13,92.927086,streamflow,9277500,ft3/s,"['A', '[91]']",0
2002-09-14,77.322914,streamflow,9277500,ft3/s,"['A', '[91]']",0
2002-09-15,67.8125,streamflow,9277500,ft3/s,"['A', '[91]']",0
2002-09-16,68.927086,streamflow,9277500,ft3/s,"['A', '[91]']",0
2002-09-17,114.010414,streamflow,9277500,ft3/s,"['A', '[91]']",0
2002-09-18,106.947914,streamflow,9277500,ft3/s,"['A', '[91]']",0
2002-09-19,87.625,streamflow,9277500,ft3/s,"['A', '[91]']",0
2002-09-20,72.40625,streamflow,9277500,ft3/s,"['A', '[91]']",0
2002-09-21,62.572918,streamflow,9277500,ft3/s,"['A', '[91]']",0
2002-09-22,62.114582,streamflow,9277500,ft3/s,"['A', '[91]']",0
2002-09-23,63.53125,streamflow,9277500,ft3/s,"['A', '[91]']",0
2002-09-24,57.90625,streamflow,9277500,ft3/s,"['A', '[91]']",0
2002-09-25,54.520832,streamflow,9277500,ft3/s,"['A', '[91]']",0
2002-09-26,53.96875,streamflow,9277500,ft3/s,"['A', '[91]']",0
2002-09-27,56.135418,streamflow,9277500,ft3/s,"['A', '[91]']",0
2002-09-28,59.15625,streamflow,9277500,ft3/s,"['A', '[91]']",0
2002-09-29,58.895832,streamflow,9277500,ft3/s,"['A', '[91]']",0
2002-09-30,67.177086,streamflow,9277500,ft3/s,"['A', '[91]']",0
2002-10-01,72.197914,streamflow,9277500,ft3/s,"['A', '[91]']",0
2002-10-02,85.520836,streamflow,9277500,ft3/s,"['A', '[91]']",0
2002-10-03,99.0625,streamflow,9277500,ft3/s,"['A', '[91]']",0
2002-10-04,111.53125,streamflow,9277500,ft3/s,"['A', '[91]']",0
2002-10-05,94.010414,streamflow,9277500,ft3/s,"['A', '[91]']",0
2002-10-06,88.729164,streamflow,9277500,ft3/s,"['A', '[91]']",0
2002-10-07,96.375,streamflow,9277500,ft3/s,"['A', '[91]']",0
2002-10-08,89.541664,streamflow,9277500,ft3/s,"['A', '[91]']",0
2002-10-09,89.447914,streamflow,9277500,ft3/s,"['A', '[91]']",0
2002-10-10,92.895836,streamflow,9277500,ft3/s,"['A', '[91]']",0
2002-10-11,86.9375,streamflow,9277500,ft3/s,"['A', '[91]']",0
2002-10-12,84.71875,streamflow,9277500,ft3/s,"['A', '[91]']",0
2002-10-13,85.229164,streamflow,9277500,ft3/s,"['A', '[91]']",0
2002-10-14,86.09375,streamflow,9277500,ft3/s,"['A', '[91]']",0
2002-10-15,86.229164,streamflow,9277500,ft3/s,"['A', '[91]']",0
2002-10-16,87.5625,streamflow,9277500,ft3/s,"['A', '[91]']",0
2002-10-17,86.916664,streamflow,9277500,ft3/s,"['A', '[91]']",0
2002-10-18,87.46875,streamflow,9277500,ft3/s,"['A', '[91]']",0
2002-10-19,87.09375,streamflow,9277500,ft3/s,"['A', '[91]']",0
2002-10-20,87.427086,streamflow,9277500,ft3/s,"['A', '[91]']",0
2002-10-21,86.104164,streamflow,9277500,ft3/s,"['A', '[91]']",0
2002-10-22,85.21875,streamflow,9277500,ft3/s,"['A', '[91]']",0
2002-10-23,89.0625,streamflow,9277500,ft3/s,"['A', '[91]']",0
2002-10-24,89.989586,streamflow,9277500,ft3/s,"['A', '[91]']",0
2002-10-25,91.416664,streamflow,9277500,ft3/s,"['A', '[91]']",0
2002-10-26,90.09375,streamflow,9277500,ft3/s,"['A', '[91]']",0
2002-10-27,89.45652,streamflow,9277500,ft3/s,"['A', '[91]']",0
2002-10-28,88.229164,streamflow,9277500,ft3/s,"['A', '[91]']",0
2002-10-29,89.541664,streamflow,9277500,ft3/s,"['A', '[91]']",0
2002-10-30,92.291664,streamflow,9277500,ft3/s,"['A', '[91]']",0
2002-10-31,93.6875,streamflow,9277500,ft3/s,"['A', '[91]']",0
2002-11-01,89.4375,streamflow,9277500,ft3/s,"['A', '[91]']",0
2002-11-02,82.6875,streamflow,9277500,ft3/s,"['A', '[91]']",0
2002-11-03,82.302086,streamflow,9277500,ft3/s,"['A', '[91]']",0
2002-11-04,84.895836,streamflow,9277500,ft3/s,"['A', '[91]']",0
2002-11-05,85.770836,streamflow,9277500,ft3/s,"['A', '[91]']",0
2002-11-06,86.375,streamflow,9277500,ft3/s,"['A', '[91]']",0
2002-11-07,86.03125,streamflow,9277500,ft3/s,"['A', '[91]']",0
2002-11-08,90.46875,streamflow,9277500,ft3/s,"['A', '[91]']",0
2002-11-09,103.645836,streamflow,9277500,ft3/s,"['A', '[91]']",0
2002-11-10,100.32143,streamflow,9277500,ft3/s,"['A', '[91]']",0
2002-11-11,,streamflow,9277500,ft3/s,"['A', '[91]']",0
2002-11-12,85.05882,streamflow,9277500,ft3/s,"['A', '[91]']",0
2002-11-13,80.4375,streamflow,9277500,ft3/s,"['A', '[91]']",0
2002-11-14,83.635414,streamflow,9277500,ft3/s,"['A', '[91]']",0
2002-11-15,79.5625,streamflow,9277500,ft3/s,"['A', '[91]']",0
2002-11-16,74.71875,streamflow,9277500,ft3/s,"['A', '[91]']",0
2002-11-17,76.916664,streamflow,9277500,ft3/s,"['A', '[91]']",0
2002-11-18,78.145836,streamflow,9277500,ft3/s,"['A', '[91]']",0
2002-11-19,75.625,streamflow,9277500,ft3/s,"['A', '[91]']",0
2002-11-20,77.916664,streamflow,9277500,ft3/s,"['A', '[91]']",0
2002-11-21,76.21875,streamflow,9277500,ft3/s,"['A', '[91]']",0
2002-11-22,75.427086,streamflow,9277500,ft3/s,"['A', '[91]']",0
2002-11-23,74.8125,streamflow,9277500,ft3/s,"['A', '[91]']",0
2002-11-24,76.375,streamflow,9277500,ft3/s,"['A', '[91]']",0
2002-11-25,75.875,streamflow,9277500,ft3/s,"['A', '[91]']",0
2002-11-26,67.71875,streamflow,9277500,ft3/s,"['A', '[91]']",0
2002-11-27,67.802086,streamflow,9277500,ft3/s,"['A', '[91]']",0
2002-11-28,69.572914,streamflow,9277500,ft3/s,"['A', '[91]']",0
2002-11-29,69.75,streamflow,9277500,ft3/s,"['A', '[91]']",0
2002-11-30,68.041664,streamflow,9277500,ft3/s,"['A', '[91]']",0
2002-12-01,70.229164,streamflow,9277500,ft3/s,"['A', '[91]']",0
2002-12-02,70.322914,streamflow,9277500,ft3/s,"['A', '[91]']",0
2002-12-03,67.322914,streamflow,9277500,ft3/s,"['A', '[91]']",0
2002-12-04,68.635414,streamflow,9277500,ft3/s,"['A', '[91]']",0
2002-12-05,70.833336,streamflow,9277500,ft3/s,"['A', '[91]']",0
2002-12-06,67.40625,streamflow,9277500,ft3/s,"['A', '[91]']",0
2002-12-07,65.583336,streamflow,9277500,ft3/s,"['A', '[91]']",0
2002-12-08,67.46875,streamflow,9277500,ft3/s,"['A', '[91]']",0
2002-12-09,72.822914,streamflow,9277500,ft3/s,"['A', '[91]']",0
2002-12-10,74.708336,streamflow,9277500,ft3/s,"['A', '[91]']",0
2002-12-11,81.15625,streamflow,9277500,ft3/s,"['A', '[91]']",0
2002-12-12,65.072914,streamflow,9277500,ft3/s,"['A', '[91]']",0
2002-12-13,64.0,streamflow,9277500,ft3/s,"['A', '[91]']",0
2002-12-14,63.1875,streamflow,9277500,ft3/s,"['A', '[91]']",0
2002-12-15,64.71875,streamflow,9277500,ft3/s,"['A', '[91]']",0
2002-12-16,62.84375,streamflow,9277500,ft3/s,"['A', '[91]']",0
2002-12-17,66.520836,streamflow,9277500,ft3/s,"['A', '[91]']",0
2002-12-18,66.479164,streamflow,9277500,ft3/s,"['A', '[91]']",0
2002-12-19,64.020836,streamflow,9277500,ft3/s,"['A', '[91]']",0
2002-12-20,70.96875,streamflow,9277500,ft3/s,"['A', '[91]']",0
2002-12-21,64.666664,streamflow,9277500,ft3/s,"['A', '[91]']",0
2002-12-22,77.28571,streamflow,9277500,ft3/s,"['A', '[91]']",0
2002-12-23,69.57353,streamflow,9277500,ft3/s,"['A', '[91]']",0
2002-12-24,75.10714,streamflow,9277500,ft3/s,"['A', '[91]']",0
2002-12-25,,streamflow,9277500,ft3/s,"['A', '[91]']",0
2002-12-26,,streamflow,9277500,ft3/s,"['A', '[91]']",0
2002-12-27,,streamflow,9277500,ft3/s,"['A', '[91]']",0
2002-12-28,,streamflow,9277500,ft3/s,"['A', '[91]']",0
2002-12-29,,streamflow,9277500,ft3/s,"['A', '[91]']",0
2002-12-30,,streamflow,9277500,ft3/s,"['A', '[91]']",0
2002-12-31,71.94118,streamflow,9277500,ft3/s,"['A', '[91]']",0
2003-01-01,70.8125,streamflow,9277500,ft3/s,"['A', '[91]']",0
2003-01-02,60.607143,streamflow,9277500,ft3/s,"['A', '[91]']",0
2003-01-03,66.73529,streamflow,9277500,ft3/s,"['A', '[91]']",0
2003-01-04,72.822914,streamflow,9277500,ft3/s,"['A', '[91]']",0
2003-01-05,58.083332,streamflow,9277500,ft3/s,"['A', '[91]']",0
2003-01-06,60.895832,streamflow,9277500,ft3/s,"['A', '[91]']",0
2003-01-07,54.57143,streamflow,9277500,ft3/s,"['A', '[91]']",0
2003-01-08,,streamflow,9277500,ft3/s,"['A', '[91]']",0
2003-01-09,,streamflow,9277500,ft3/s,"['A', '[91]']",0
2003-01-10,,streamflow,9277500,ft3/s,"['A', '[91]']",0
2003-01-11,,streamflow,9277500,ft3/s,"['A', '[91]']",0
2003-01-12,59.735294,streamflow,9277500,ft3/s,"['A', '[91]']",0
2003-01-13,59.364582,streamflow,9277500,ft3/s,"['A', '[91]']",0
2003-01-14,62.25,streamflow,9277500,ft3/s,"['A', '[91]']",0
2003-01-15,61.0,streamflow,9277500,ft3/s,"['A', '[91]']",0
2003-01-16,68.67647,streamflow,9277500,ft3/s,"['A', '[91]']",0
2003-01-17,61.17857,streamflow,9277500,ft3/s,"['A', '[91]']",0
2003-01-18,,streamflow,9277500,ft3/s,"['A', '[91]']",0
2003-01-19,,streamflow,9277500,ft3/s,"['A', '[91]']",0
2003-01-20,,streamflow,9277500,ft3/s,"['A', '[91]']",0
2003-01-21,,streamflow,9277500,ft3/s,"['A', '[91]']",0
2003-01-22,63.941177,streamflow,9277500,ft3/s,"['A', '[91]']",0
2003-01-23,63.75,streamflow,9277500,ft3/s,"['A', '[91]']",0
2003-01-24,65.09375,streamflow,9277500,ft3/s,"['A', '[91]']",0
2003-01-25,66.822914,streamflow,9277500,ft3/s,"['A', '[91]']",0
2003-01-26,66.583336,streamflow,9277500,ft3/s,"['A', '[91]']",0
2003-01-27,67.645836,streamflow,9277500,ft3/s,"['A', '[91]']",0
2003-01-28,68.9375,streamflow,9277500,ft3/s,"['A', '[91]']",0
2003-01-29,69.96875,streamflow,9277500,ft3/s,"['A', '[91]']",0
2003-01-30,68.145836,streamflow,9277500,ft3/s,"['A', '[91]']",0
2003-01-31,72.854164,streamflow,9277500,ft3/s,"['A', '[91]']",0
2003-02-01,74.03125,streamflow,9277500,ft3/s,"['A', '[91]']",0
2003-02-02,71.833336,streamflow,9277500,ft3/s,"['A', '[91]']",0
2003-02-03,70.020836,streamflow,9277500,ft3/s,"['A', '[91]']",0
2003-02-04,67.927086,streamflow,9277500,ft3/s,"['A', '[91]']",0
2003-02-05,69.78261,streamflow,9277500,ft3/s,"['A', '[91]']",0
2003-02-06,64.60714,streamflow,9277500,ft3/s,"['A', '[91]']",0
2003-02-07,,streamflow,9277500,ft3/s,"['A', '[91]']",0
2003-02-08,,streamflow,9277500,ft3/s,"['A', '[91]']",0
2003-02-09,,streamflow,9277500,ft3/s,"['A', '[91]']",0
2003-02-10,83.77941,streamflow,9277500,ft3/s,"['A', '[91]']",0
2003-02-11,69.57143,streamflow,9277500,ft3/s,"['A', '[91]']",0
2003-02-12,83.32353,streamflow,9277500,ft3/s,"['A', '[91]']",0
2003-02-13,67.90625,streamflow,9277500,ft3/s,"['A', '[91]']",0
2003-02-14,69.895836,streamflow,9277500,ft3/s,"['A', '[91]']",0
2003-02-15,71.166664,streamflow,9277500,ft3/s,"['A', '[91]']",0
2003-02-16,71.75,streamflow,9277500,ft3/s,"['A', '[91]']",0
2003-02-17,70.083336,streamflow,9277500,ft3/s,"['A', '[91]']",0
2003-02-18,70.354164,streamflow,9277500,ft3/s,"['A', '[91]']",0
2003-02-19,68.8125,streamflow,9277500,ft3/s,"['A', '[91]']",0
2003-02-20,70.364586,streamflow,9277500,ft3/s,"['A', '[91]']",0
2003-02-21,71.59375,streamflow,9277500,ft3/s,"['A', '[91]']",0
2003-02-22,69.552086,streamflow,9277500,ft3/s,"['A', '[91]']",0
2003-02-23,68.5,streamflow,9277500,ft3/s,"['A', '[91]']",0
2003-02-24,65.9375,streamflow,9277500,ft3/s,"['A', '[91]']",0
2003-02-25,70.270836,streamflow,9277500,ft3/s,"['A', '[91]']",0
2003-02-26,68.947914,streamflow,9277500,ft3/s,"['A', '[91]']",0
2003-02-27,65.59375,streamflow,9277500,ft3/s,"['A', '[91]']",0
2003-02-28,66.364586,streamflow,9277500,ft3/s,"['A', '[91]']",0
2003-03-01,65.8125,streamflow,9277500,ft3/s,"['A', '[91]']",0
2003-03-02,68.635414,streamflow,9277500,ft3/s,"['A', '[91]']",0
2003-03-03,66.052086,streamflow,9277500,ft3/s,"['A', '[91]']",0
2003-03-04,69.541664,streamflow,9277500,ft3/s,"['A', '[91]']",0
2003-03-05,65.447914,streamflow,9277500,ft3/s,"['A', '[91]']",0
2003-03-06,67.0,streamflow,9277500,ft3/s,"['A', '[91]']",0
2003-03-07,67.75,streamflow,9277500,ft3/s,"['A', '[91]']",0
2003-03-08,69.270836,streamflow,9277500,ft3/s,"['A', '[91]']",0
2003-03-09,69.791664,streamflow,9277500,ft3/s,"['A', '[91]']",0
2003-03-10,69.03125,streamflow,9277500,ft3/s,"['A', '[91]']",0
2003-03-11,73.46875,streamflow,9277500,ft3/s,"['A', '[91]']",0
2003-03-12,77.8125,streamflow,9277500,ft3/s,"['A', '[91]']",0
2003-03-13,78.3125,streamflow,9277500,ft3/s,"['A', '[91]']",0
2003-03-14,77.916664,streamflow,9277500,ft3/s,"['A', '[91]']",0
2003-03-15,73.96875,streamflow,9277500,ft3/s,"['A', '[91]']",0
2003-03-16,74.770836,streamflow,9277500,ft3/s,"['A', '[91]']",0
2003-03-17,77.177086,streamflow,9277500,ft3/s,"['A', '[91]']",0
2003-03-18,72.6875,streamflow,9277500,ft3/s,"['A', '[91]']",0
2003-03-19,70.385414,streamflow,9277500,ft3/s,"['A', '[91]']",0
2003-03-20,71.78125,streamflow,9277500,ft3/s,"['A', '[91]']",0
2003-03-21,73.0625,streamflow,9277500,ft3/s,"['A', '[91]']",0
2003-03-22,69.322914,streamflow,9277500,ft3/s,"['A', '[91]']",0
2003-03-23,71.135414,streamflow,9277500,ft3/s,"['A', '[91]']",0
2003-03-24,71.541664,streamflow,9277500,ft3/s,"['A', '[91]']",0
2003-03-25,70.1875,streamflow,9277500,ft3/s,"['A', '[91]']",0
2003-03-26,70.96875,streamflow,9277500,ft3/s,"['A', '[91]']",0
2003-03-27,73.0625,streamflow,9277500,ft3/s,"['A', '[91]']",0
2003-03-28,69.75,streamflow,9277500,ft3/s,"['A', '[91]']",0
2003-03-29,65.0,streamflow,9277500,ft3/s,"['A', '[91]']",0
2003-03-30,,streamflow,9277500,ft3/s,"['A', '[91]']",0
2003-03-31,,streamflow,9277500,ft3/s,"['A', '[91]']",0
2003-04-01,70.27941,streamflow,9277500,ft3/s,"['A', '[91]']",0
2003-04-02,71.020836,streamflow,9277500,ft3/s,"['A', '[91]']",0
2003-04-03,71.28125,streamflow,9277500,ft3/s,"['A', '[91]']",0
2003-04-04,68.65625,streamflow,9277500,ft3/s,"['A', '[91]']",0
2003-04-05,69.59375,streamflow,9277500,ft3/s,"['A', '[91]']",0
2003-04-06,69.260414,streamflow,9277500,ft3/s,"['A', '[91]']",0
2003-04-07,66.53125,streamflow,9277500,ft3/s,"['A', '[91]']",0
2003-04-08,65.875,streamflow,9277500,ft3/s,"['A', '[91]']",0
2003-04-09,66.145836,streamflow,9277500,ft3/s,"['A', '[91]']",0
2003-04-10,68.166664,streamflow,9277500,ft3/s,"['A', '[91]']",0
2003-04-11,71.072914,streamflow,9277500,ft3/s,"['A', '[91]']",0
2003-04-12,74.3125,streamflow,9277500,ft3/s,"['A', '[91]']",0
2003-04-13,79.197914,streamflow,9277500,ft3/s,"['A', '[91]']",0
2003-04-14,84.0625,streamflow,9277500,ft3/s,"['A', '[91]']",0
2003-04-15,88.583336,streamflow,9277500,ft3/s,"['A', '[91]']",0
2003-04-16,87.333336,streamflow,9277500,ft3/s,"['A', '[91]']",0
2003-04-17,82.135414,streamflow,9277500,ft3/s,"['A', '[91]']",0
2003-04-18,81.520836,streamflow,9277500,ft3/s,"['A', '[91]']",0
2003-04-19,83.416664,streamflow,9277500,ft3/s,"['A', '[91]']",0
2003-04-20,83.072914,streamflow,9277500,ft3/s,"['A', '[91]']",0
2003-04-21,78.40625,streamflow,9277500,ft3/s,"['A', '[91]']",0
2003-04-22,80.708336,streamflow,9277500,ft3/s,"['A', '[91]']",0
2003-04-23,85.635414,streamflow,9277500,ft3/s,"['A', '[91]']",0
2003-04-24,80.15625,streamflow,9277500,ft3/s,"['A', '[91]']",0
2003-04-25,79.072914,streamflow,9277500,ft3/s,"['A', '[91]']",0
2003-04-26,84.3125,streamflow,9277500,ft3/s,"['A', '[91]']",0
2003-04-27,93.052086,streamflow,9277500,ft3/s,"['A', '[91]']",0
2003-04-28,97.03125,streamflow,9277500,ft3/s,"['A', '[91]']",0
2003-04-29,98.041664,streamflow,9277500,ft3/s,"['A', '[91]']",0
2003-04-30,97.3125,streamflow,9277500,ft3/s,"['A', '[91]']",0
2003-05-01,93.614586,streamflow,9277500,ft3/s,"['A', '[91]']",0
2003-05-02,88.104164,streamflow,9277500,ft3/s,"['A', '[91]']",0
2003-05-03,91.322914,streamflow,9277500,ft3/s,"['A', '[91]']",0
2003-05-04,97.739586,streamflow,9277500,ft3/s,"['A', '[91]']",0
2003-05-05,96.104164,streamflow,9277500,ft3/s,"['A', '[91]']",0
2003-05-06,91.864586,streamflow,9277500,ft3/s,"['A', '[91]']",0
2003-05-07,84.9375,streamflow,9277500,ft3/s,"['A', '[91]']",0
2003-05-08,96.114586,streamflow,9277500,ft3/s,"['A', '[91]']",0
2003-05-09,97.520836,streamflow,9277500,ft3/s,"['A', '[91]']",0
2003-05-10,97.78125,streamflow,9277500,ft3/s,"['A', '[91]']",0
2003-05-11,91.260414,streamflow,9277500,ft3/s,"['A', '[91]']",0
2003-05-12,91.854164,streamflow,9277500,ft3/s,"['A', '[91]']",0
2003-05-13,87.260414,streamflow,9277500,ft3/s,"['A', '[91]']",0
2003-05-14,91.739586,streamflow,9277500,ft3/s,"['A', '[91]']",0
2003-05-15,101.625,streamflow,9277500,ft3/s,"['A', '[91]']",0
2003-05-16,132.98958,streamflow,9277500,ft3/s,"['A', '[91]']",0
2003-05-17,158.58333,streamflow,9277500,ft3/s,"['A', '[91]']",0
2003-05-18,165.52083,streamflow,9277500,ft3/s,"['A', '[91]']",0
2003-05-19,194.16667,streamflow,9277500,ft3/s,"['A', '[91]']",0
2003-05-20,169.80208,streamflow,9277500,ft3/s,"['A', '[91]']",0
2003-05-21,166.72917,streamflow,9277500,ft3/s,"['A', '[91]']",0
2003-05-22,187.10417,streamflow,9277500,ft3/s,"['A', '[91]']",0
2003-05-23,221.23958,streamflow,9277500,ft3/s,"['A', '[91]']",0
2003-05-24,235.55208,streamflow,9277500,ft3/s,"['A', '[91]']",0
2003-05-25,242.58333,streamflow,9277500,ft3/s,"['A', '[91]']",0
2003-05-26,239.33333,streamflow,9277500,ft3/s,"['A', '[91]']",0
2003-05-27,254.57292,streamflow,9277500,ft3/s,"['A', '[91]']",0
2003-05-28,262.8646,streamflow,9277500,ft3/s,"['A', '[91]']",0
2003-05-29,267.1146,streamflow,9277500,ft3/s,"['A', '[91]']",0
2003-05-30,267.6146,streamflow,9277500,ft3/s,"['A', '[91]']",0
2003-05-31,214.14583,streamflow,9277500,ft3/s,"['A', '[91]']",0
2003-06-01,194.3125,streamflow,9277500,ft3/s,"['A', '[91]']",0
2003-06-02,165.25,streamflow,9277500,ft3/s,"['A', '[91]']",0
2003-06-03,143.30208,streamflow,9277500,ft3/s,"['A', '[91]']",0
2003-06-04,122.552086,streamflow,9277500,ft3/s,"['A', '[91]']",0
2003-06-05,102.09375,streamflow,9277500,ft3/s,"['A', '[91]']",0
2003-06-06,86.53125,streamflow,9277500,ft3/s,"['A', '[91]']",0
2003-06-07,78.760414,streamflow,9277500,ft3/s,"['A', '[91]']",0
2003-06-08,80.427086,streamflow,9277500,ft3/s,"['A', '[91]']",0
2003-06-09,73.708336,streamflow,9277500,ft3/s,"['A', '[91]']",0
2003-06-10,73.03125,streamflow,9277500,ft3/s,"['A', '[91]']",0
2003-06-11,63.395832,streamflow,9277500,ft3/s,"['A', '[91]']",0
2003-06-12,58.697918,streamflow,9277500,ft3/s,"['A', '[91]']",0
2003-06-13,49.65625,streamflow,9277500,ft3/s,"['A', '[91]']",0
2003-06-14,38.114582,streamflow,9277500,ft3/s,"['A', '[91]']",0
2003-06-15,34.833332,streamflow,9277500,ft3/s,"['A', '[91]']",0
2003-06-16,33.729168,streamflow,9277500,ft3/s,"['A', '[91]']",0
2003-06-17,34.5,streamflow,9277500,ft3/s,"['A', '[91]']",0
2003-06-18,43.885418,streamflow,9277500,ft3/s,"['A', '[91]']",0
2003-06-19,49.802082,streamflow,9277500,ft3/s,"['A', '[91]']",0
2003-06-20,56.270832,streamflow,9277500,ft3/s,"['A', '[91]']",0
2003-06-21,52.291668,streamflow,9277500,ft3/s,"['A', '[91]']",0
2003-06-22,50.864582,streamflow,9277500,ft3/s,"['A', '[91]']",0
2003-06-23,54.03125,streamflow,9277500,ft3/s,"['A', '[91]']",0
2003-06-24,61.40625,streamflow,9277500,ft3/s,"['A', '[91]']",0
2003-06-25,79.395836,streamflow,9277500,ft3/s,"['A', '[91]']",0
2003-06-26,69.59375,streamflow,9277500,ft3/s,"['A', '[91]']",0
2003-06-27,63.427082,streamflow,9277500,ft3/s,"['A', '[91]']",0
2003-06-28,53.739582,streamflow,9277500,ft3/s,"['A', '[91]']",0
2003-06-29,49.40625,streamflow,9277500,ft3/s,"['A', '[91]']",0
2003-06-30,51.552082,streamflow,9277500,ft3/s,"['A', '[91]']",0
2003-07-01,48.5,streamflow,9277500,ft3/s,"['A', '[91]']",0
2003-07-02,46.221054,streamflow,9277500,ft3/s,"['A', '[91]']",0
2003-07-03,44.84375,streamflow,9277500,ft3/s,"['A', '[91]']",0
2003-07-04,47.697918,streamflow,9277500,ft3/s,"['A', '[91]']",0
2003-07-05,61.020832,streamflow,9277500,ft3/s,"['A', '[91]']",0
2003-07-06,57.28125,streamflow,9277500,ft3/s,"['A', '[91]']",0
2003-07-07,56.1875,streamflow,9277500,ft3/s,"['A', '[91]']",0
2003-07-08,48.541668,streamflow,9277500,ft3/s,"['A', '[91]']",0
2003-07-09,45.885418,streamflow,9277500,ft3/s,"['A', '[91]']",0
2003-07-10,43.885418,streamflow,9277500,ft3/s,"['A', '[91]']",0
2003-07-11,40.770832,streamflow,9277500,ft3/s,"['A', '[91]']",0
2003-07-12,37.25,streamflow,9277500,ft3/s,"['A', '[91]']",0
2003-07-13,33.9375,streamflow,9277500,ft3/s,"['A', '[91]']",0
2003-07-14,32.229168,streamflow,9277500,ft3/s,"['A', '[91]']",0
2003-07-15,32.135418,streamflow,9277500,ft3/s,"['A', '[91]']",0
2003-07-16,27.958334,streamflow,9277500,ft3/s,"['A', '[91]']",0
2003-07-17,27.96875,streamflow,9277500,ft3/s,"['A', '[91]']",0
2003-07-18,29.65625,streamflow,9277500,ft3/s,"['A', '[91]']",0
2003-07-19,38.770832,streamflow,9277500,ft3/s,"['A', '[91]']",0
2003-07-20,38.75,streamflow,9277500,ft3/s,"['A', '[91]']",0
2003-07-21,47.489582,streamflow,9277500,ft3/s,"['A', '[91]']",0
2003-07-22,43.625,streamflow,9277500,ft3/s,"['A', '[91]']",0
2003-07-23,41.28125,streamflow,9277500,ft3/s,"['A', '[91]']",0
2003-07-24,41.479168,streamflow,9277500,ft3/s,"['A', '[91]']",0
2003-07-25,42.927082,streamflow,9277500,ft3/s,"['A', '[91]']",0
2003-07-26,41.489582,streamflow,9277500,ft3/s,"['A', '[91]']",0
2003-07-27,40.0,streamflow,9277500,ft3/s,"['A', '[91]']",0
2003-07-28,37.270832,streamflow,9277500,ft3/s,"['A', '[91]']",0
2003-07-29,37.479168,streamflow,9277500,ft3/s,"['A', '[91]']",0
2003-07-30,38.34375,streamflow,9277500,ft3/s,"['A', '[91]']",0
2003-07-31,37.510418,streamflow,9277500,ft3/s,"['A', '[91]']",0
2003-08-01,36.104168,streamflow,9277500,ft3/s,"['A', '[91]']",0
2003-08-02,36.927082,streamflow,9277500,ft3/s,"['A', '[91]']",0
2003-08-03,47.958332,streamflow,9277500,ft3/s,"['A', '[91]']",0
2003-08-04,55.033707,streamflow,9277500,ft3/s,"['A', '[91]']",0
2003-08-05,47.95238,streamflow,9277500,ft3/s,"['A', '[91]']",0
2003-08-06,39.464287,streamflow,9277500,ft3/s,"['A', '[91]']",0
2003-08-07,39.3125,streamflow,9277500,ft3/s,"['A', '[91]']",0
2003-08-08,40.43617,streamflow,9277500,ft3/s,"['A', '[91]']",0
2003-08-09,40.932583,streamflow,9277500,ft3/s,"['A', '[91]']",0
2003-08-10,37.9,streamflow,9277500,ft3/s,"['A', '[91]']",0
2003-08-11,39.25,streamflow,9277500,ft3/s,"['A', '[91]']",0
2003-08-12,39.875,streamflow,9277500,ft3/s,"['A', '[91]']",0
2003-08-13,44.916668,streamflow,9277500,ft3/s,"['A', '[91]']",0
2003-08-14,43.447918,streamflow,9277500,ft3/s,"['A', '[91]']",0
2003-08-15,44.03125,streamflow,9277500,ft3/s,"['A', '[91]']",0
2003-08-16,44.010418,streamflow,9277500,ft3/s,"['A', '[91]']",0
2003-08-17,48.90625,streamflow,9277500,ft3/s,"['A', '[91]']",0
2003-08-18,53.395832,streamflow,9277500,ft3/s,"['A', '[91]']",0
2003-08-19,45.708332,streamflow,9277500,ft3/s,"['A', '[91]']",0
2003-08-20,41.291668,streamflow,9277500,ft3/s,"['A', '[91]']",0
2003-08-21,42.375,streamflow,9277500,ft3/s,"['A', '[91]']",0
2003-08-22,43.71875,streamflow,9277500,ft3/s,"['A', '[91]']",0
2003-08-23,52.15625,streamflow,9277500,ft3/s,"['A', '[91]']",0
2003-08-24,53.145832,streamflow,9277500,ft3/s,"['A', '[91]']",0
2003-08-25,52.572918,streamflow,9277500,ft3/s,"['A', '[91]']",0
2003-08-26,56.84375,streamflow,9277500,ft3/s,"['A', '[91]']",0
2003-08-27,55.270832,streamflow,9277500,ft3/s,"['A', '[91]']",0
2003-08-28,53.854168,streamflow,9277500,ft3/s,"['A', '[91]']",0
2003-08-29,52.8125,streamflow,9277500,ft3/s,"['A', '[91]']",0
2003-08-30,59.302082,streamflow,9277500,ft3/s,"['A', '[91]']",0
2003-08-31,61.822918,streamflow,9277500,ft3/s,"['A', '[91]']",0
2003-09-01,59.385418,streamflow,9277500,ft3/s,"['A', '[91]']",0
2003-09-02,51.791668,streamflow,9277500,ft3/s,"['A', '[91]']",0
2003-09-03,49.104168,streamflow,9277500,ft3/s,"['A', '[91]']",0
2003-09-04,50.53125,streamflow,9277500,ft3/s,"['A', '[91]']",0
2003-09-05,51.489582,streamflow,9277500,ft3/s,"['A', '[91]']",0
2003-09-06,54.864582,streamflow,9277500,ft3/s,"['A', '[91]']",0
2003-09-07,60.354168,streamflow,9277500,ft3/s,"['A', '[91]']",0
2003-09-08,60.4375,streamflow,9277500,ft3/s,"['A', '[91]']",0
2003-09-09,63.604168,streamflow,9277500,ft3/s,"['A', '[91]']",0
2003-09-10,75.552086,streamflow,9277500,ft3/s,"['A', '[91]']",0
2003-09-11,78.583336,streamflow,9277500,ft3/s,"['A', '[91]']",0
2003-09-12,74.083336,streamflow,9277500,ft3/s,"['A', '[91]']",0
2003-09-13,68.34375,streamflow,9277500,ft3/s,"['A', '[91]']",0
2003-09-14,65.510414,streamflow,9277500,ft3/s,"['A', '[91]']",0
2003-09-15,64.145836,streamflow,9277500,ft3/s,"['A', '[91]']",0
2003-09-16,59.5625,streamflow,9277500,ft3/s,"['A', '[91]']",0
2003-09-17,59.791668,streamflow,9277500,ft3/s,"['A', '[91]']",0
2003-09-18,56.239582,streamflow,9277500,ft3/s,"['A', '[91]']",0
2003-09-19,57.208332,streamflow,9277500,ft3/s,"['A', '[91]']",0
2003-09-20,53.97222,streamflow,9277500,ft3/s,"['A', '[91]']",0
2003-09-21,51.1875,streamflow,9277500,ft3/s,"['A', '[91]']",0
2003-09-22,49.71875,streamflow,9277500,ft3/s,"['A', '[91]']",0
2003-09-23,49.90625,streamflow,9277500,ft3/s,"['A', '[91]']",0
2003-09-24,59.291668,streamflow,9277500,ft3/s,"['A', '[91]']",0
2003-09-25,55.53125,streamflow,9277500,ft3/s,"['A', '[91]']",0
2003-09-26,54.802082,streamflow,9277500,ft3/s,"['A', '[91]']",0
2003-09-27,59.958332,streamflow,9277500,ft3/s,"['A', '[91]']",0
2003-09-28,56.958332,streamflow,9277500,ft3/s,"['A', '[91]']",0
2003-09-29,54.614582,streamflow,9277500,ft3/s,"['A', '[91]']",0
2003-09-30,51.770832,streamflow,9277500,ft3/s,"['A', '[91]']",0
2003-10-01,56.9375,streamflow,9277500,ft3/s,"['A', '[91]']",0
2003-10-02,58.635418,streamflow,9277500,ft3/s,"['A', '[91]']",0
2003-10-03,60.947918,streamflow,9277500,ft3/s,"['A', '[91]']",0
2003-10-04,62.041668,streamflow,9277500,ft3/s,"['A', '[91]']",0
2003-10-05,66.25,streamflow,9277500,ft3/s,"['A', '[91]']",0
2003-10-06,63.958332,streamflow,9277500,ft3/s,"['A', '[91]']",0
2003-10-07,65.15278,streamflow,9277500,ft3/s,"['A', '[91]']",0
2003-10-08,71.802086,streamflow,9277500,ft3/s,"['A', '[91]']",0
2003-10-09,69.989586,streamflow,9277500,ft3/s,"['A', '[91]']",0
2003-10-10,72.135414,streamflow,9277500,ft3/s,"['A', '[91]']",0
2003-10-11,75.020836,streamflow,9277500,ft3/s,"['A', '[91]']",0
2003-10-12,75.135414,streamflow,9277500,ft3/s,"['A', '[91]']",0
2003-10-13,74.208336,streamflow,9277500,ft3/s,"['A', '[91]']",0
2003-10-14,77.989586,streamflow,9277500,ft3/s,"['A', '[91]']",0
2003-10-15,78.479164,streamflow,9277500,ft3/s,"['A', '[91]']",0
2003-10-16,77.65625,streamflow,9277500,ft3/s,"['A', '[91]']",0
2003-10-17,77.229164,streamflow,9277500,ft3/s,"['A', '[91]']",0
2003-10-18,74.666664,streamflow,9277500,ft3/s,"['A', '[91]']",0
2003-10-19,73.541664,streamflow,9277500,ft3/s,"['A', '[91]']",0
2003-10-20,75.0,streamflow,9277500,ft3/s,"['A', '[91]']",0
2003-10-21,75.6875,streamflow,9277500,ft3/s,"['A', '[91]']",0
2003-10-22,75.708336,streamflow,9277500,ft3/s,"['A', '[91]']",0
2003-10-23,76.427086,streamflow,9277500,ft3/s,"['A', '[91]']",0
2003-10-24,73.104164,streamflow,9277500,ft3/s,"['A', '[91]']",0
2003-10-25,71.385414,streamflow,9277500,ft3/s,"['A', '[91]']",0
2003-10-26,72.385414,streamflow,9277500,ft3/s,"['A', '[91]']",0
2003-10-27,73.385414,streamflow,9277500,ft3/s,"['A', '[91]']",0
2003-10-28,74.96875,streamflow,9277500,ft3/s,"['A', '[91]']",0
2003-10-29,75.25,streamflow,9277500,ft3/s,"['A', '[91]']",0
2003-10-30,74.197914,streamflow,9277500,ft3/s,"['A', '[91]']",0
2003-10-31,78.104164,streamflow,9277500,ft3/s,"['A', '[91]']",0
2003-11-01,85.291664,streamflow,9277500,ft3/s,"['A', '[91]']",0
2003-11-02,87.0625,streamflow,9277500,ft3/s,"['A', '[91]']",0
2003-11-03,89.0625,streamflow,9277500,ft3/s,"['A', '[91]']",0
2003-11-04,88.416664,streamflow,9277500,ft3/s,"['A', '[91]']",0
2003-11-05,84.979164,streamflow,9277500,ft3/s,"['A', '[91]']",0
2003-11-06,83.458336,streamflow,9277500,ft3/s,"['A', '[91]']",0
2003-11-07,81.833336,streamflow,9277500,ft3/s,"['A', '[91]']",0
2003-11-08,84.302086,streamflow,9277500,ft3/s,"['A', '[91]']",0
2003-11-09,84.791664,streamflow,9277500,ft3/s,"['A', '[91]']",0
2003-11-10,86.270836,streamflow,9277500,ft3/s,"['A', '[91]']",0
2003-11-11,84.458336,streamflow,9277500,ft3/s,"['A', '[91]']",0
2003-11-12,81.697914,streamflow,9277500,ft3/s,"['A', '[91]']",0
2003-11-13,84.197914,streamflow,9277500,ft3/s,"['A', '[91]']",0
2003-11-14,87.885414,streamflow,9277500,ft3/s,"['A', '[91]']",0
2003-11-15,83.583336,streamflow,9277500,ft3/s,"['A', '[91]']",0
2003-11-16,82.71875,streamflow,9277500,ft3/s,"['A', '[91]']",0
2003-11-17,85.0625,streamflow,9277500,ft3/s,"['A', '[91]']",0
2003-11-18,82.15625,streamflow,9277500,ft3/s,"['A', '[91]']",0
2003-11-19,80.864586,streamflow,9277500,ft3/s,"['A', '[91]']",0
2003-11-20,81.6875,streamflow,9277500,ft3/s,"['A', '[91]']",0
2003-11-21,82.052086,streamflow,9277500,ft3/s,"['A', '[91]']",0
2003-11-22,79.270836,streamflow,9277500,ft3/s,"['A', '[91]']",0
2003-11-23,69.635414,streamflow,9277500,ft3/s,"['A', '[91]']",0
2003-11-24,80.125,streamflow,9277500,ft3/s,"['A', '[91]']",0
2003-11-25,83.71875,streamflow,9277500,ft3/s,"['A', '[91]']",0
2003-11-26,79.083336,streamflow,9277500,ft3/s,"['A', '[91]']",0
2003-11-27,83.75,streamflow,9277500,ft3/s,"['A', '[91]']",0
2003-11-28,80.416664,streamflow,9277500,ft3/s,"['A', '[91]']",0
2003-11-29,78.135414,streamflow,9277500,ft3/s,"['A', '[91]']",0
2003-11-30,74.416664,streamflow,9277500,ft3/s,"['A', '[91]']",0
2003-12-01,74.197914,streamflow,9277500,ft3/s,"['A', '[91]']",0
2003-12-02,72.458336,streamflow,9277500,ft3/s,"['A', '[91]']",0
2003-12-03,70.020836,streamflow,9277500,ft3/s,"['A', '[91]']",0
2003-12-04,66.84375,streamflow,9277500,ft3/s,"['A', '[91]']",0
2003-12-05,68.645836,streamflow,9277500,ft3/s,"['A', '[91]']",0
2003-12-06,72.9375,streamflow,9277500,ft3/s,"['A', '[91]']",0
2003-12-07,71.447914,streamflow,9277500,ft3/s,"['A', '[91]']",0
2003-12-08,71.625,streamflow,9277500,ft3/s,"['A', '[91]']",0
2003-12-09,66.010414,streamflow,9277500,ft3/s,"['A', '[91]']",0
2003-12-10,69.010414,streamflow,9277500,ft3/s,"['A', '[91]']",0
2003-12-11,67.729164,streamflow,9277500,ft3/s,"['A', '[91]']",0
2003-12-12,70.927086,streamflow,9277500,ft3/s,"['A', '[91]']",0
2003-12-13,67.65625,streamflow,9277500,ft3/s,"['A', '[91]']",0
2003-12-14,67.510414,streamflow,9277500,ft3/s,"['A', '[91]']",0
2003-12-15,66.59375,streamflow,9277500,ft3/s,"['A', '[91]']",0
2003-12-16,63.892857,streamflow,9277500,ft3/s,"['A', '[91]']",0
2003-12-17,,streamflow,9277500,ft3/s,"['A', '[91]']",0
2003-12-18,,streamflow,9277500,ft3/s,"['A', '[91]']",0
2003-12-19,,streamflow,9277500,ft3/s,"['A', '[91]']",0
2003-12-20,,streamflow,9277500,ft3/s,"['A', '[91]']",0
2003-12-21,,streamflow,9277500,ft3/s,"['A', '[91]']",0
2003-12-22,,streamflow,9277500,ft3/s,"['A', '[91]']",0
2003-12-23,,streamflow,9277500,ft3/s,"['A', '[91]']",0
2003-12-24,,streamflow,9277500,ft3/s,"['A', '[91]']",0
2003-12-25,,streamflow,9277500,ft3/s,"['A', '[91]']",0
2003-12-26,,streamflow,9277500,ft3/s,"['A', '[91]']",0
2003-12-27,,streamflow,9277500,ft3/s,"['A', '[91]']",0
2003-12-28,,streamflow,9277500,ft3/s,"['A', '[91]']",0
2003-12-29,,streamflow,9277500,ft3/s,"['A', '[91]']",0
2003-12-30,,streamflow,9277500,ft3/s,"['A', '[91]']",0
2003-12-31,,streamflow,9277500,ft3/s,"['A', '[91]']",0
2004-01-01,,streamflow,9277500,ft3/s,"['A', '[91]']",0
2004-01-02,,streamflow,9277500,ft3/s,"['A', '[91]']",0
2004-01-03,,streamflow,9277500,ft3/s,"['A', '[91]']",0
2004-01-04,,streamflow,9277500,ft3/s,"['A', '[91]']",0
2004-01-05,,streamflow,9277500,ft3/s,"['A', '[91]']",0
2004-01-06,,streamflow,9277500,ft3/s,"['A', '[91]']",0
2004-01-07,,streamflow,9277500,ft3/s,"['A', '[91]']",0
2004-01-08,,streamflow,9277500,ft3/s,"['A', '[91]']",0
2004-01-09,,streamflow,9277500,ft3/s,"['A', '[91]']",0
2004-01-10,,streamflow,9277500,ft3/s,"['A', '[91]']",0
2004-01-11,,streamflow,9277500,ft3/s,"['A', '[91]']",0
2004-01-12,,streamflow,9277500,ft3/s,"['A', '[91]']",0
2004-01-13,,streamflow,9277500,ft3/s,"['A', '[91]']",0
2004-01-14,,streamflow,9277500,ft3/s,"['A', '[91]']",0
2004-01-15,,streamflow,9277500,ft3/s,"['A', '[91]']",0
2004-01-16,,streamflow,9277500,ft3/s,"['A', '[91]']",0
2004-01-17,,streamflow,9277500,ft3/s,"['A', '[91]']",0
2004-01-18,,streamflow,9277500,ft3/s,"['A', '[91]']",0
2004-01-19,,streamflow,9277500,ft3/s,"['A', '[91]']",0
2004-01-20,,streamflow,9277500,ft3/s,"['A', '[91]']",0
2004-01-21,,streamflow,9277500,ft3/s,"['A', '[91]']",0
2004-01-22,,streamflow,9277500,ft3/s,"['A', '[91]']",0
2004-01-23,,streamflow,9277500,ft3/s,"['A', '[91]']",0
2004-01-24,,streamflow,9277500,ft3/s,"['A', '[91]']",0
2004-01-25,,streamflow,9277500,ft3/s,"['A', '[91]']",0
2004-01-26,,streamflow,9277500,ft3/s,"['A', '[91]']",0
2004-01-27,,streamflow,9277500,ft3/s,"['A', '[91]']",0
2004-01-28,,streamflow,9277500,ft3/s,"['A', '[91]']",0
2004-01-29,,streamflow,9277500,ft3/s,"['A', '[91]']",0
2004-01-30,,streamflow,9277500,ft3/s,"['A', '[91]']",0
2004-01-31,,streamflow,9277500,ft3/s,"['A', '[91]']",0
2004-02-01,,streamflow,9277500,ft3/s,"['A', '[91]']",0
2004-02-02,,streamflow,9277500,ft3/s,"['A', '[91]']",0
2004-02-03,,streamflow,9277500,ft3/s,"['A', '[91]']",0
2004-02-04,,streamflow,9277500,ft3/s,"['A', '[91]']",0
2004-02-05,,streamflow,9277500,ft3/s,"['A', '[91]']",0
2004-02-06,,streamflow,9277500,ft3/s,"['A', '[91]']",0
2004-02-07,,streamflow,9277500,ft3/s,"['A', '[91]']",0
2004-02-08,,streamflow,9277500,ft3/s,"['A', '[91]']",0
2004-02-09,,streamflow,9277500,ft3/s,"['A', '[91]']",0
2004-02-10,,streamflow,9277500,ft3/s,"['A', '[91]']",0
2004-02-11,,streamflow,9277500,ft3/s,"['A', '[91]']",0
2004-02-12,,streamflow,9277500,ft3/s,"['A', '[91]']",0
2004-02-13,,streamflow,9277500,ft3/s,"['A', '[91]']",0
2004-02-14,,streamflow,9277500,ft3/s,"['A', '[91]']",0
2004-02-15,,streamflow,9277500,ft3/s,"['A', '[91]']",0
2004-02-16,,streamflow,9277500,ft3/s,"['A', '[91]']",0
2004-02-17,,streamflow,9277500,ft3/s,"['A', '[91]']",0
2004-02-18,,streamflow,9277500,ft3/s,"['A', '[91]']",0
2004-02-19,,streamflow,9277500,ft3/s,"['A', '[91]']",0
2004-02-20,66.617645,streamflow,9277500,ft3/s,"['A', '[91]']",0
2004-02-21,66.958336,streamflow,9277500,ft3/s,"['A', '[91]']",0
2004-02-22,68.697914,streamflow,9277500,ft3/s,"['A', '[91]']",0
2004-02-23,67.729164,streamflow,9277500,ft3/s,"['A', '[91]']",0
2004-02-24,67.333336,streamflow,9277500,ft3/s,"['A', '[91]']",0
2004-02-25,67.166664,streamflow,9277500,ft3/s,"['A', '[91]']",0
2004-02-26,68.770836,streamflow,9277500,ft3/s,"['A', '[91]']",0
2004-02-27,68.375,streamflow,9277500,ft3/s,"['A', '[91]']",0
2004-02-28,68.458336,streamflow,9277500,ft3/s,"['A', '[91]']",0
2004-02-29,65.322914,streamflow,9277500,ft3/s,"['A', '[91]']",0
2004-03-01,68.34375,streamflow,9277500,ft3/s,"['A', '[91]']",0
2004-03-02,65.583336,streamflow,9277500,ft3/s,"['A', '[91]']",0
2004-03-03,64.6875,streamflow,9277500,ft3/s,"['A', '[91]']",0
2004-03-04,64.625,streamflow,9277500,ft3/s,"['A', '[91]']",0
2004-03-05,64.479164,streamflow,9277500,ft3/s,"['A', '[91]']",0
2004-03-06,65.479164,streamflow,9277500,ft3/s,"['A', '[91]']",0
2004-03-07,63.4375,streamflow,9277500,ft3/s,"['A', '[91]']",0
2004-03-08,65.791664,streamflow,9277500,ft3/s,"['A', '[91]']",0
2004-03-09,69.947914,streamflow,9277500,ft3/s,"['A', '[91]']",0
2004-03-10,73.083336,streamflow,9277500,ft3/s,"['A', '[91]']",0
2004-03-11,77.59375,streamflow,9277500,ft3/s,"['A', '[91]']",0
2004-03-12,77.822914,streamflow,9277500,ft3/s,"['A', '[91]']",0
2004-03-13,81.625,streamflow,9277500,ft3/s,"['A', '[91]']",0
2004-03-14,85.229164,streamflow,9277500,ft3/s,"['A', '[91]']",0
2004-03-15,85.59375,streamflow,9277500,ft3/s,"['A', '[91]']",0
2004-03-16,81.447914,streamflow,9277500,ft3/s,"['A', '[91]']",0
2004-03-17,81.65625,streamflow,9277500,ft3/s,"['A', '[91]']",0
2004-03-18,81.604164,streamflow,9277500,ft3/s,"['A', '[91]']",0
2004-03-19,84.052086,streamflow,9277500,ft3/s,"['A', '[91]']",0
2004-03-20,87.229164,streamflow,9277500,ft3/s,"['A', '[91]']",0
2004-03-21,93.78125,streamflow,9277500,ft3/s,"['A', '[91]']",0
2004-03-22,98.375,streamflow,9277500,ft3/s,"['A', '[91]']",0
2004-03-23,102.572914,streamflow,9277500,ft3/s,"['A', '[91]']",0
2004-03-24,106.1875,streamflow,9277500,ft3/s,"['A', '[91]']",0
2004-03-25,107.239586,streamflow,9277500,ft3/s,"['A', '[91]']",0
2004-03-26,104.583336,streamflow,9277500,ft3/s,"['A', '[91]']",0
2004-03-27,100.833336,streamflow,9277500,ft3/s,"['A', '[91]']",0
2004-03-28,93.34375,streamflow,9277500,ft3/s,"['A', '[91]']",0
2004-03-29,89.052086,streamflow,9277500,ft3/s,"['A', '[91]']",0
2004-03-30,86.145836,streamflow,9277500,ft3/s,"['A', '[91]']",0
2004-03-31,84.8125,streamflow,9277500,ft3/s,"['A', '[91]']",0
2004-04-01,85.635414,streamflow,9277500,ft3/s,"['A', '[91]']",0
2004-04-02,98.510414,streamflow,9277500,ft3/s,"['A', '[91]']",0
2004-04-03,111.604164,streamflow,9277500,ft3/s,"['A', '[91]']",0
2004-04-04,107.020836,streamflow,9277500,ft3/s,"['A', '[91]']",0
2004-04-05,112.791664,streamflow,9277500,ft3/s,"['A', '[91]']",0
2004-04-06,115.145836,streamflow,9277500,ft3/s,"['A', '[91]']",0
2004-04-07,119.541664,streamflow,9277500,ft3/s,"['A', '[91]']",0
2004-04-08,124.6875,streamflow,9277500,ft3/s,"['A', '[91]']",0
2004-04-09,124.520836,streamflow,9277500,ft3/s,"['A', '[91]']",0
2004-04-10,120.541664,streamflow,9277500,ft3/s,"['A', '[91]']",0
2004-04-11,116.4375,streamflow,9277500,ft3/s,"['A', '[91]']",0
2004-04-12,111.9375,streamflow,9277500,ft3/s,"['A', '[91]']",0
2004-04-13,111.666664,streamflow,9277500,ft3/s,"['A', '[91]']",0
2004-04-14,113.5,streamflow,9277500,ft3/s,"['A', '[91]']",0
2004-04-15,117.4375,streamflow,9277500,ft3/s,"['A', '[91]']",0
2004-04-16,117.270836,streamflow,9277500,ft3/s,"['A', '[91]']",0
2004-04-17,112.5,streamflow,9277500,ft3/s,"['A', '[91]']",0
2004-04-18,111.916664,streamflow,9277500,ft3/s,"['A', '[91]']",0
2004-04-19,113.833336,streamflow,9277500,ft3/s,"['A', '[91]']",0
2004-04-20,106.09375,streamflow,9277500,ft3/s,"['A', '[91]']",0
2004-04-21,102.770836,streamflow,9277500,ft3/s,"['A', '[91]']",0
2004-04-22,103.791664,streamflow,9277500,ft3/s,"['A', '[91]']",0
2004-04-23,101.697914,streamflow,9277500,ft3/s,"['A', '[91]']",0
2004-04-24,97.104164,streamflow,9277500,ft3/s,"['A', '[91]']",0
2004-04-25,96.083336,streamflow,9277500,ft3/s,"['A', '[91]']",0
2004-04-26,96.895836,streamflow,9277500,ft3/s,"['A', '[91]']",0
2004-04-27,103.885414,streamflow,9277500,ft3/s,"['A', '[91]']",0
2004-04-28,116.104164,streamflow,9277500,ft3/s,"['A', '[91]']",0
2004-04-29,132.23958,streamflow,9277500,ft3/s,"['A', '[91]']",0
2004-04-30,146.30208,streamflow,9277500,ft3/s,"['A', '[91]']",0
2004-05-01,138.65625,streamflow,9277500,ft3/s,"['A', '[91]']",0
2004-05-02,134.4375,streamflow,9277500,ft3/s,"['A', '[91]']",0
2004-05-03,146.05208,streamflow,9277500,ft3/s,"['A', '[91]']",0
2004-05-04,190.65625,streamflow,9277500,ft3/s,"['A', '[91]']",0
2004-05-05,210.03125,streamflow,9277500,ft3/s,"['A', '[91]']",0
2004-05-06,217.125,streamflow,9277500,ft3/s,"['A', '[91]']",0
2004-05-07,215.3125,streamflow,9277500,ft3/s,"['A', '[91]']",0
2004-05-08,212.15625,streamflow,9277500,ft3/s,"['A', '[91]']",0
2004-05-09,206.96875,streamflow,9277500,ft3/s,"['A', '[91]']",0
2004-05-10,206.63542,streamflow,9277500,ft3/s,"['A', '[91]']",0
2004-05-11,201.08333,streamflow,9277500,ft3/s,"['A', '[91]']",0
2004-05-12,177.07292,streamflow,9277500,ft3/s,"['A', '[91]']",0
2004-05-13,151.76042,streamflow,9277500,ft3/s,"['A', '[91]']",0
2004-05-14,126.4375,streamflow,9277500,ft3/s,"['A', '[91]']",0
2004-05-15,109.958336,streamflow,9277500,ft3/s,"['A', '[91]']",0
2004-05-16,92.458336,streamflow,9277500,ft3/s,"['A', '[91]']",0
2004-05-17,82.041664,streamflow,9277500,ft3/s,"['A', '[91]']",0
2004-05-18,82.34375,streamflow,9277500,ft3/s,"['A', '[91]']",0
2004-05-19,86.166664,streamflow,9277500,ft3/s,"['A', '[91]']",0
2004-05-20,86.052086,streamflow,9277500,ft3/s,"['A', '[91]']",0
2004-05-21,85.520836,streamflow,9277500,ft3/s,"['A', '[91]']",0
2004-05-22,80.072914,streamflow,9277500,ft3/s,"['A', '[91]']",0
2004-05-23,82.677086,streamflow,9277500,ft3/s,"['A', '[91]']",0
2004-05-24,73.46875,streamflow,9277500,ft3/s,"['A', '[91]']",0
2004-05-25,65.239586,streamflow,9277500,ft3/s,"['A', '[91]']",0
2004-05-26,62.729168,streamflow,9277500,ft3/s,"['A', '[91]']",0
2004-05-27,57.270832,streamflow,9277500,ft3/s,"['A', '[91]']",0
2004-05-28,57.114582,streamflow,9277500,ft3/s,"['A', '[91]']",0
2004-05-29,59.489582,streamflow,9277500,ft3/s,"['A', '[91]']",0
2004-05-30,60.666668,streamflow,9277500,ft3/s,"['A', '[91]']",0
2004-05-31,56.208332,streamflow,9277500,ft3/s,"['A', '[91]']",0
2004-06-01,45.9375,streamflow,9277500,ft3/s,"['A', '[91]']",0
2004-06-02,37.4375,streamflow,9277500,ft3/s,"['A', '[91]']",0
2004-06-03,35.5,streamflow,9277500,ft3/s,"['A', '[91]']",0
2004-06-04,43.768116,streamflow,9277500,ft3/s,"['A', '[91]']",0
2004-06-05,47.927082,streamflow,9277500,ft3/s,"['A', '[91]']",0
2004-06-06,48.9375,streamflow,9277500,ft3/s,"['A', '[91]']",0
2004-06-07,51.65625,streamflow,9277500,ft3/s,"['A', '[91]']",0
2004-06-08,59.385418,streamflow,9277500,ft3/s,"['A', '[91]']",0
2004-06-09,66.947914,streamflow,9277500,ft3/s,"['A', '[91]']",0
2004-06-10,69.072914,streamflow,9277500,ft3/s,"['A', '[91]']",0
2004-06-11,86.21875,streamflow,9277500,ft3/s,"['A', '[91]']",0
2004-06-12,75.25,streamflow,9277500,ft3/s,"['A', '[91]']",0
2004-06-13,71.510414,streamflow,9277500,ft3/s,"['A', '[91]']",0
2004-06-14,66.3125,streamflow,9277500,ft3/s,"['A', '[91]']",0
2004-06-15,63.78125,streamflow,9277500,ft3/s,"['A', '[91]']",0
2004-06-16,62.15625,streamflow,9277500,ft3/s,"['A', '[91]']",0
2004-06-17,64.5625,streamflow,9277500,ft3/s,"['A', '[91]']",0
2004-06-18,89.833336,streamflow,9277500,ft3/s,"['A', '[91]']",0
2004-06-19,79.03125,streamflow,9277500,ft3/s,"['A', '[91]']",0
2004-06-20,71.822914,streamflow,9277500,ft3/s,"['A', '[91]']",0
2004-06-21,67.177086,streamflow,9277500,ft3/s,"['A', '[91]']",0
2004-06-22,67.989586,streamflow,9277500,ft3/s,"['A', '[91]']",0
2004-06-23,65.145836,streamflow,9277500,ft3/s,"['A', '[91]']",0
2004-06-24,62.125,streamflow,9277500,ft3/s,"['A', '[91]']",0
2004-06-25,66.239586,streamflow,9277500,ft3/s,"['A', '[91]']",0
2004-06-26,67.3125,streamflow,9277500,ft3/s,"['A', '[91]']",0
2004-06-27,79.489586,streamflow,9277500,ft3/s,"['A', '[91]']",0
2004-06-28,76.427086,streamflow,9277500,ft3/s,"['A', '[91]']",0
2004-06-29,74.84375,streamflow,9277500,ft3/s,"['A', '[91]']",0
2004-06-30,80.239586,streamflow,9277500,ft3/s,"['A', '[91]']",0
2004-07-01,75.916664,streamflow,9277500,ft3/s,"['A', '[91]']",0
2004-07-02,66.15625,streamflow,9277500,ft3/s,"['A', '[91]']",0
2004-07-03,61.270832,streamflow,9277500,ft3/s,"['A', '[91]']",0
2004-07-04,59.229168,streamflow,9277500,ft3/s,"['A', '[91]']",0
2004-07-05,63.052082,streamflow,9277500,ft3/s,"['A', '[91]']",0
2004-07-06,58.864582,streamflow,9277500,ft3/s,"['A', '[91]']",0
2004-07-07,60.208332,streamflow,9277500,ft3/s,"['A', '[91]']",0
2004-07-08,60.020832,streamflow,9277500,ft3/s,"['A', '[91]']",0
2004-07-09,52.645832,streamflow,9277500,ft3/s,"['A', '[91]']",0
2004-07-10,50.8125,streamflow,9277500,ft3/s,"['A', '[91]']",0
2004-07-11,57.916668,streamflow,9277500,ft3/s,"['A', '[91]']",0
2004-07-12,60.010418,streamflow,9277500,ft3/s,"['A', '[91]']",0
2004-07-13,60.5,streamflow,9277500,ft3/s,"['A', '[91]']",0
2004-07-14,64.78125,streamflow,9277500,ft3/s,"['A', '[91]']",0
2004-07-15,69.166664,streamflow,9277500,ft3/s,"['A', '[91]']",0
2004-07-16,74.489586,streamflow,9277500,ft3/s,"['A', '[91]']",0
2004-07-17,96.427086,streamflow,9277500,ft3/s,"['A', '[91]']",0
2004-07-18,102.833336,streamflow,9277500,ft3/s,"['A', '[91]']",0
2004-07-19,105.395836,streamflow,9277500,ft3/s,"['A', '[91]']",0
2004-07-20,91.09375,streamflow,9277500,ft3/s,"['A', '[91]']",0
2004-07-21,77.947914,streamflow,9277500,ft3/s,"['A', '[91]']",0
2004-07-22,78.84375,streamflow,9277500,ft3/s,"['A', '[91]']",0
2004-07-23,79.864586,streamflow,9277500,ft3/s,"['A', '[91]']",0
2004-07-24,78.395836,streamflow,9277500,ft3/s,"['A', '[91]']",0
2004-07-25,69.4375,streamflow,9277500,ft3/s,"['A', '[91]']",0
2004-07-26,69.208336,streamflow,9277500,ft3/s,"['A', '[91]']",0
2004-07-27,71.052086,streamflow,9277500,ft3/s,"['A', '[91]']",0
2004-07-28,79.927086,streamflow,9277500,ft3/s,"['A', '[91]']",0
2004-07-29,69.0,streamflow,9277500,ft3/s,"['A', '[91]']",0
2004-07-30,62.333332,streamflow,9277500,ft3/s,"['A', '[91]']",0
2004-07-31,56.65625,streamflow,9277500,ft3/s,"['A', '[91]']",0
2004-08-01,50.260418,streamflow,9277500,ft3/s,"['A', '[91]']",0
2004-08-02,52.104168,streamflow,9277500,ft3/s,"['A', '[91]']",0
2004-08-03,54.09375,streamflow,9277500,ft3/s,"['A', '[91]']",0
2004-08-04,55.8125,streamflow,9277500,ft3/s,"['A', '[91]']",0
2004-08-05,55.364582,streamflow,9277500,ft3/s,"['A', '[91]']",0
2004-08-06,57.291668,streamflow,9277500,ft3/s,"['A', '[91]']",0
2004-08-07,53.1875,streamflow,9277500,ft3/s,"['A', '[91]']",0
2004-08-08,49.020832,streamflow,9277500,ft3/s,"['A', '[91]']",0
2004-08-09,49.802082,streamflow,9277500,ft3/s,"['A', '[91]']",0
2004-08-10,49.75,streamflow,9277500,ft3/s,"['A', '[91]']",0
2004-08-11,49.114582,streamflow,9277500,ft3/s,"['A', '[91]']",0
2004-08-12,44.5625,streamflow,9277500,ft3/s,"['A', '[91]']",0
2004-08-13,46.354168,streamflow,9277500,ft3/s,"['A', '[91]']",0
2004-08-14,49.666668,streamflow,9277500,ft3/s,"['A', '[91]']",0
2004-08-15,43.46875,streamflow,9277500,ft3/s,"['A', '[91]']",0
2004-08-16,46.395832,streamflow,9277500,ft3/s,"['A', '[91]']",0
2004-08-17,50.572918,streamflow,9277500,ft3/s,"['A', '[91]']",0
2004-08-18,61.604168,streamflow,9277500,ft3/s,"['A', '[91]']",0
2004-08-19,65.604164,streamflow,9277500,ft3/s,"['A', '[91]']",0
2004-08-20,65.416664,streamflow,9277500,ft3/s,"['A', '[91]']",0
2004-08-21,65.854164,streamflow,9277500,ft3/s,"['A', '[91]']",0
2004-08-22,68.791664,streamflow,9277500,ft3/s,"['A', '[91]']",0
2004-08-23,72.395836,streamflow,9277500,ft3/s,"['A', '[91]']",0
2004-08-24,68.572914,streamflow,9277500,ft3/s,"['A', '[91]']",0
2004-08-25,70.6875,streamflow,9277500,ft3/s,"['A', '[91]']",0
2004-08-26,66.822914,streamflow,9277500,ft3/s,"['A', '[91]']",0
2004-08-27,64.854164,streamflow,9277500,ft3/s,"['A', '[91]']",0
2004-08-28,62.385418,streamflow,9277500,ft3/s,"['A', '[91]']",0
2004-08-29,60.677082,streamflow,9277500,ft3/s,"['A', '[91]']",0
2004-08-30,60.197918,streamflow,9277500,ft3/s,"['A', '[91]']",0
2004-08-31,53.770832,streamflow,9277500,ft3/s,"['A', '[91]']",0
2004-09-01,50.104168,streamflow,9277500,ft3/s,"['A', '[91]']",0
2004-09-02,46.864582,streamflow,9277500,ft3/s,"['A', '[91]']",0
2004-09-03,46.083332,streamflow,9277500,ft3/s,"['A', '[91]']",0
2004-09-04,50.395832,streamflow,9277500,ft3/s,"['A', '[91]']",0
2004-09-05,58.645832,streamflow,9277500,ft3/s,"['A', '[91]']",0
2004-09-06,56.958332,streamflow,9277500,ft3/s,"['A', '[91]']",0
2004-09-07,54.739582,streamflow,9277500,ft3/s,"['A', '[91]']",0
2004-09-08,53.427082,streamflow,9277500,ft3/s,"['A', '[91]']",0
2004-09-09,47.635418,streamflow,9277500,ft3/s,"['A', '[91]']",0
2004-09-10,44.03125,streamflow,9277500,ft3/s,"['A', '[91]']",0
2004-09-11,42.614582,streamflow,9277500,ft3/s,"['A', '[91]']",0
2004-09-12,45.729168,streamflow,9277500,ft3/s,"['A', '[91]']",0
2004-09-13,47.78125,streamflow,9277500,ft3/s,"['A', '[91]']",0
2004-09-14,47.927082,streamflow,9277500,ft3/s,"['A', '[91]']",0
2004-09-15,45.864582,streamflow,9277500,ft3/s,"['A', '[91]']",0
2004-09-16,47.625,streamflow,9277500,ft3/s,"['A', '[91]']",0
2004-09-17,46.510418,streamflow,9277500,ft3/s,"['A', '[91]']",0
2004-09-18,46.4375,streamflow,9277500,ft3/s,"['A', '[91]']",0
2004-09-19,50.052082,streamflow,9277500,ft3/s,"['A', '[91]']",0
2004-09-20,64.333336,streamflow,9277500,ft3/s,"['A', '[91]']",0
2004-09-21,65.3125,streamflow,9277500,ft3/s,"['A', '[91]']",0
2004-09-22,62.447918,streamflow,9277500,ft3/s,"['A', '[91]']",0
2004-09-23,58.34375,streamflow,9277500,ft3/s,"['A', '[91]']",0
2004-09-24,62.8125,streamflow,9277500,ft3/s,"['A', '[91]']",0
2004-09-25,62.020832,streamflow,9277500,ft3/s,"['A', '[91]']",0
2004-09-26,58.510418,streamflow,9277500,ft3/s,"['A', '[91]']",0
2004-09-27,57.625,streamflow,9277500,ft3/s,"['A', '[91]']",0
2004-09-28,56.71875,streamflow,9277500,ft3/s,"['A', '[91]']",0
2004-09-29,68.416664,streamflow,9277500,ft3/s,"['A', '[91]']",0
2004-09-30,79.479164,streamflow,9277500,ft3/s,"['A', '[91]']",0
2004-10-01,78.21875,streamflow,9277500,ft3/s,"['A', '[91]']",0
2004-10-02,79.0625,streamflow,9277500,ft3/s,"['A', '[91]']",0
2004-10-03,76.15625,streamflow,9277500,ft3/s,"['A', '[91]']",0
2004-10-04,75.302086,streamflow,9277500,ft3/s,"['A', '[91]']",0
2004-10-05,76.739586,streamflow,9277500,ft3/s,"['A', '[91]']",0
2004-10-06,79.260414,streamflow,9277500,ft3/s,"['A', '[91]']",0
2004-10-07,79.166664,streamflow,9277500,ft3/s,"['A', '[91]']",0
2004-10-08,80.416664,streamflow,9277500,ft3/s,"['A', '[91]']",0
2004-10-09,82.28125,streamflow,9277500,ft3/s,"['A', '[91]']",0
2004-10-10,82.302086,streamflow,9277500,ft3/s,"['A', '[91]']",0
2004-10-11,88.739586,streamflow,9277500,ft3/s,"['A', '[91]']",0
2004-10-12,97.333336,streamflow,9277500,ft3/s,"['A', '[91]']",0
2004-10-13,95.322914,streamflow,9277500,ft3/s,"['A', '[91]']",0
2004-10-14,94.96875,streamflow,9277500,ft3/s,"['A', '[91]']",0
2004-10-15,91.260414,streamflow,9277500,ft3/s,"['A', '[91]']",0
2004-10-16,92.520836,streamflow,9277500,ft3/s,"['A', '[91]']",0
2004-10-17,92.75,streamflow,9277500,ft3/s,"['A', '[91]']",0
2004-10-18,98.145836,streamflow,9277500,ft3/s,"['A', '[91]']",0
2004-10-19,106.364586,streamflow,9277500,ft3/s,"['A', '[91]']",0
2004-10-20,137.72917,streamflow,9277500,ft3/s,"['A', '[91]']",0
2004-10-21,203.95833,streamflow,9277500,ft3/s,"['A', '[91]']",0
2004-10-22,162.48958,streamflow,9277500,ft3/s,"['A', '[91]']",0
2004-10-23,127.8125,streamflow,9277500,ft3/s,"['A', '[91]']",0
2004-10-24,120.75,streamflow,9277500,ft3/s,"['A', '[91]']",0
2004-10-25,128.55208,streamflow,9277500,ft3/s,"['A', '[91]']",0
2004-10-26,133.19792,streamflow,9277500,ft3/s,"['A', '[91]']",0
2004-10-27,124.375,streamflow,9277500,ft3/s,"['A', '[91]']",0
2004-10-28,179.02083,streamflow,9277500,ft3/s,"['A', '[91]']",0
2004-10-29,144.09375,streamflow,9277500,ft3/s,"['A', '[91]']",0
2004-10-30,119.979164,streamflow,9277500,ft3/s,"['A', '[91]']",0
2004-10-31,115.625,streamflow,9277500,ft3/s,"['A', '[91]']",0
2004-11-01,107.541664,streamflow,9277500,ft3/s,"['A', '[91]']",0
2004-11-02,105.916664,streamflow,9277500,ft3/s,"['A', '[91]']",0
2004-11-03,107.302086,streamflow,9277500,ft3/s,"['A', '[91]']",0
2004-11-04,104.541664,streamflow,9277500,ft3/s,"['A', '[91]']",0
2004-11-05,102.5625,streamflow,9277500,ft3/s,"['A', '[91]']",0
2004-11-06,101.458336,streamflow,9277500,ft3/s,"['A', '[91]']",0
2004-11-07,100.614586,streamflow,9277500,ft3/s,"['A', '[91]']",0
2004-11-08,100.625,streamflow,9277500,ft3/s,"['A', '[91]']",0
2004-11-09,103.083336,streamflow,9277500,ft3/s,"['A', '[91]']",0
2004-11-10,104.916664,streamflow,9277500,ft3/s,"['A', '[91]']",0
2004-11-11,104.260414,streamflow,9277500,ft3/s,"['A', '[91]']",0
2004-11-12,106.197914,streamflow,9277500,ft3/s,"['A', '[91]']",0
2004-11-13,104.90625,streamflow,9277500,ft3/s,"['A', '[91]']",0
2004-11-14,103.125,streamflow,9277500,ft3/s,"['A', '[91]']",0
2004-11-15,101.53125,streamflow,9277500,ft3/s,"['A', '[91]']",0
2004-11-16,98.708336,streamflow,9277500,ft3/s,"['A', '[91]']",0
2004-11-17,97.791664,streamflow,9277500,ft3/s,"['A', '[91]']",0
2004-11-18,96.46875,streamflow,9277500,ft3/s,"['A', '[91]']",0
2004-11-19,88.541664,streamflow,9277500,ft3/s,"['A', '[91]']",0
2004-11-20,91.010414,streamflow,9277500,ft3/s,"['A', '[91]']",0
2004-11-21,91.072914,streamflow,9277500,ft3/s,"['A', '[91]']",0
2004-11-22,94.135414,streamflow,9277500,ft3/s,"['A', '[91]']",0
2004-11-23,92.041664,streamflow,9277500,ft3/s,"['A', '[91]']",0
2004-11-24,87.28125,streamflow,9277500,ft3/s,"['A', '[91]']",0
2004-11-25,94.114586,streamflow,9277500,ft3/s,"['A', '[91]']",0
2004-11-26,89.34375,streamflow,9277500,ft3/s,"['A', '[91]']",0
2004-11-27,86.09375,streamflow,9277500,ft3/s,"['A', '[91]']",0
2004-11-28,84.0,streamflow,9277500,ft3/s,"['A', '[91]']",0
2004-11-29,,streamflow,9277500,ft3/s,"['A', '[91]']",0
2004-11-30,,streamflow,9277500,ft3/s,"['A', '[91]']",0
2004-12-01,,streamflow,9277500,ft3/s,"['A', '[91]']",0
2004-12-02,,streamflow,9277500,ft3/s,"['A', '[91]']",0
2004-12-03,,streamflow,9277500,ft3/s,"['A', '[91]']",0
2004-12-04,,streamflow,9277500,ft3/s,"['A', '[91]']",0
2004-12-05,78.25,streamflow,9277500,ft3/s,"['A', '[91]']",0
2004-12-06,81.197914,streamflow,9277500,ft3/s,"['A', '[91]']",0
2004-12-07,75.75,streamflow,9277500,ft3/s,"['A', '[91]']",0
2004-12-08,82.989586,streamflow,9277500,ft3/s,"['A', '[91]']",0
2004-12-09,87.572914,streamflow,9277500,ft3/s,"['A', '[91]']",0
2004-12-10,85.291664,streamflow,9277500,ft3/s,"['A', '[91]']",0
2004-12-11,86.291664,streamflow,9277500,ft3/s,"['A', '[91]']",0
2004-12-12,86.020836,streamflow,9277500,ft3/s,"['A', '[91]']",0
2004-12-13,86.208336,streamflow,9277500,ft3/s,"['A', '[91]']",0
2004-12-14,84.041664,streamflow,9277500,ft3/s,"['A', '[91]']",0
2004-12-15,84.041664,streamflow,9277500,ft3/s,"['A', '[91]']",0
2004-12-16,82.020836,streamflow,9277500,ft3/s,"['A', '[91]']",0
2004-12-17,80.291664,streamflow,9277500,ft3/s,"['A', '[91]']",0
2004-12-18,84.020836,streamflow,9277500,ft3/s,"['A', '[91]']",0
2004-12-19,80.708336,streamflow,9277500,ft3/s,"['A', '[91]']",0
2004-12-20,78.583336,streamflow,9277500,ft3/s,"['A', '[91]']",0
2004-12-21,78.9375,streamflow,9277500,ft3/s,"['A', '[91]']",0
2004-12-22,76.64286,streamflow,9277500,ft3/s,"['A', '[91]']",0
2004-12-23,,streamflow,9277500,ft3/s,"['A', '[91]']",0
2004-12-24,,streamflow,9277500,ft3/s,"['A', '[91]']",0
2004-12-25,,streamflow,9277500,ft3/s,"['A', '[91]']",0
2004-12-26,,streamflow,9277500,ft3/s,"['A', '[91]']",0
2004-12-27,,streamflow,9277500,ft3/s,"['A', '[91]']",0
2004-12-28,78.23529,streamflow,9277500,ft3/s,"['A', '[91]']",0
2004-12-29,81.395836,streamflow,9277500,ft3/s,"['A', '[91]']",0
2004-12-30,80.927086,streamflow,9277500,ft3/s,"['A', '[91]']",0
2004-12-31,79.6875,streamflow,9277500,ft3/s,"['A', '[91]']",0
2005-01-01,81.0625,streamflow,9277500,ft3/s,"['A', '[91]']",0
2005-01-02,78.697914,streamflow,9277500,ft3/s,"['A', '[91]']",0
2005-01-03,78.864586,streamflow,9277500,ft3/s,"['A', '[91]']",0
2005-01-04,80.114586,streamflow,9277500,ft3/s,"['A', '[91]']",0
2005-01-05,80.739586,streamflow,9277500,ft3/s,"['A', '[91]']",0
2005-01-06,77.229164,streamflow,9277500,ft3/s,"['A', '[91]']",0
2005-01-07,74.89286,streamflow,9277500,ft3/s,"['A', '[91]']",0
2005-01-08,,streamflow,9277500,ft3/s,"['A', '[91]']",0
2005-01-09,,streamflow,9277500,ft3/s,"['A', '[91]']",0
2005-01-10,,streamflow,9277500,ft3/s,"['A', '[91]']",0
2005-01-11,,streamflow,9277500,ft3/s,"['A', '[91]']",0
2005-01-12,,streamflow,9277500,ft3/s,"['A', '[91]']",0
2005-01-13,,streamflow,9277500,ft3/s,"['A', '[91]']",0
2005-01-14,,streamflow,9277500,ft3/s,"['A', '[91]']",0
2005-01-15,,streamflow,9277500,ft3/s,"['A', '[91]']",0
2005-01-16,,streamflow,9277500,ft3/s,"['A', '[91]']",0
2005-01-17,,streamflow,9277500,ft3/s,"['A', '[91]']",0
2005-01-18,,streamflow,9277500,ft3/s,"['A', '[91]']",0
2005-01-19,,streamflow,9277500,ft3/s,"['A', '[91]']",0
2005-01-20,73.47059,streamflow,9277500,ft3/s,"['A', '[91]']",0
2005-01-21,73.708336,streamflow,9277500,ft3/s,"['A', '[91]']",0
2005-01-22,74.739586,streamflow,9277500,ft3/s,"['A', '[91]']",0
2005-01-23,73.822914,streamflow,9277500,ft3/s,"['A', '[91]']",0
2005-01-24,76.427086,streamflow,9277500,ft3/s,"['A', '[91]']",0
2005-01-25,78.052086,streamflow,9277500,ft3/s,"['A', '[91]']",0
2005-01-26,75.083336,streamflow,9277500,ft3/s,"['A', '[91]']",0
2005-01-27,75.270836,streamflow,9277500,ft3/s,"['A', '[91]']",0
2005-01-28,74.15625,streamflow,9277500,ft3/s,"['A', '[91]']",0
2005-01-29,74.21875,streamflow,9277500,ft3/s,"['A', '[91]']",0
2005-01-30,72.46875,streamflow,9277500,ft3/s,"['A', '[91]']",0
2005-01-31,71.322914,streamflow,9277500,ft3/s,"['A', '[91]']",0
2005-02-01,71.666664,streamflow,9277500,ft3/s,"['A', '[91]']",0
2005-02-02,73.65625,streamflow,9277500,ft3/s,"['A', '[91]']",0
2005-02-03,72.989586,streamflow,9277500,ft3/s,"['A', '[91]']",0
2005-02-04,72.020836,streamflow,9277500,ft3/s,"['A', '[91]']",0
2005-02-05,70.854164,streamflow,9277500,ft3/s,"['A', '[91]']",0
2005-02-06,72.458336,streamflow,9277500,ft3/s,"['A', '[91]']",0
2005-02-07,73.447914,streamflow,9277500,ft3/s,"['A', '[91]']",0
2005-02-08,71.5625,streamflow,9277500,ft3/s,"['A', '[91]']",0
2005-02-09,66.92857,streamflow,9277500,ft3/s,"['A', '[91]']",0
2005-02-10,,streamflow,9277500,ft3/s,"['A', '[91]']",0
2005-02-11,,streamflow,9277500,ft3/s,"['A', '[91]']",0
2005-02-12,77.5,streamflow,9277500,ft3/s,"['A', '[91]']",0
2005-02-13,73.645836,streamflow,9277500,ft3/s,"['A', '[91]']",0
2005-02-14,73.21875,streamflow,9277500,ft3/s,"['A', '[91]']",0
2005-02-15,75.895836,streamflow,9277500,ft3/s,"['A', '[91]']",0
2005-02-16,69.645836,streamflow,9277500,ft3/s,"['A', '[91]']",0
2005-02-17,70.864586,streamflow,9277500,ft3/s,"['A', '[91]']",0
2005-02-18,68.260414,streamflow,9277500,ft3/s,"['A', '[91]']",0
2005-02-19,74.489586,streamflow,9277500,ft3/s,"['A', '[91]']",0
2005-02-20,73.260414,streamflow,9277500,ft3/s,"['A', '[91]']",0
2005-02-21,71.322914,streamflow,9277500,ft3/s,"['A', '[91]']",0
2005-02-22,71.885414,streamflow,9277500,ft3/s,"['A', '[91]']",0
2005-02-23,71.541664,streamflow,9277500,ft3/s,"['A', '[91]']",0
2005-02-24,70.104164,streamflow,9277500,ft3/s,"['A', '[91]']",0
2005-02-25,69.177086,streamflow,9277500,ft3/s,"['A', '[91]']",0
2005-02-26,71.40625,streamflow,9277500,ft3/s,"['A', '[91]']",0
2005-02-27,72.635414,streamflow,9277500,ft3/s,"['A', '[91]']",0
2005-02-28,72.760414,streamflow,9277500,ft3/s,"['A', '[91]']",0
2005-03-01,75.46875,streamflow,9277500,ft3/s,"['A', '[91]']",0
2005-03-02,72.677086,streamflow,9277500,ft3/s,"['A', '[91]']",0
2005-03-03,73.395836,streamflow,9277500,ft3/s,"['A', '[91]']",0
2005-03-04,75.552086,streamflow,9277500,ft3/s,"['A', '[91]']",0
2005-03-05,76.479164,streamflow,9277500,ft3/s,"['A', '[91]']",0
2005-03-06,77.927086,streamflow,9277500,ft3/s,"['A', '[91]']",0
2005-03-07,79.541664,streamflow,9277500,ft3/s,"['A', '[91]']",0
2005-03-08,93.083336,streamflow,9277500,ft3/s,"['A', '[91]']",0
2005-03-09,104.875,streamflow,9277500,ft3/s,"['A', '[91]']",0
2005-03-10,113.197914,streamflow,9277500,ft3/s,"['A', '[91]']",0
2005-03-11,109.5,streamflow,9277500,ft3/s,"['A', '[91]']",0
2005-03-12,107.375,streamflow,9277500,ft3/s,"['A', '[91]']",0
2005-03-13,113.802086,streamflow,9277500,ft3/s,"['A', '[91]']",0
2005-03-14,100.510414,streamflow,9277500,ft3/s,"['A', '[91]']",0
2005-03-15,87.770836,streamflow,9277500,ft3/s,"['A', '[91]']",0
2005-03-16,92.9375,streamflow,9277500,ft3/s,"['A', '[91]']",0
2005-03-17,88.572914,streamflow,9277500,ft3/s,"['A', '[91]']",0
2005-03-18,85.916664,streamflow,9277500,ft3/s,"['A', '[91]']",0
2005-03-19,82.270836,streamflow,9277500,ft3/s,"['A', '[91]']",0
2005-03-20,85.96875,streamflow,9277500,ft3/s,"['A', '[91]']",0
2005-03-21,84.59375,streamflow,9277500,ft3/s,"['A', '[91]']",0
2005-03-22,83.572914,streamflow,9277500,ft3/s,"['A', '[91]']",0
2005-03-23,88.875,streamflow,9277500,ft3/s,"['A', '[91]']",0
2005-03-24,86.802086,streamflow,9277500,ft3/s,"['A', '[91]']",0
2005-03-25,86.197914,streamflow,9277500,ft3/s,"['A', '[91]']",0
2005-03-26,83.75,streamflow,9277500,ft3/s,"['A', '[91]']",0
2005-03-27,83.78125,streamflow,9277500,ft3/s,"['A', '[91]']",0
2005-03-28,84.927086,streamflow,9277500,ft3/s,"['A', '[91]']",0
2005-03-29,87.427086,streamflow,9277500,ft3/s,"['A', '[91]']",0
2005-03-30,83.15625,streamflow,9277500,ft3/s,"['A', '[91]']",0
2005-03-31,79.208336,streamflow,9277500,ft3/s,"['A', '[91]']",0
2005-04-01,81.052086,streamflow,9277500,ft3/s,"['A', '[91]']",0
2005-04-02,85.052086,streamflow,9277500,ft3/s,"['A', '[91]']",0
2005-04-03,88.041664,streamflow,9277500,ft3/s,"['A', '[91]']",0
2005-04-04,94.479164,streamflow,9277500,ft3/s,"['A', '[91]']",0
2005-04-05,96.239586,streamflow,9277500,ft3/s,"['A', '[91]']",0
2005-04-06,97.6875,streamflow,9277500,ft3/s,"['A', '[91]']",0
2005-04-07,105.729164,streamflow,9277500,ft3/s,"['A', '[91]']",0
2005-04-08,123.145836,streamflow,9277500,ft3/s,"['A', '[91]']",0
2005-04-09,125.375,streamflow,9277500,ft3/s,"['A', '[91]']",0
2005-04-10,113.791664,streamflow,9277500,ft3/s,"['A', '[91]']",0
2005-04-11,108.645836,streamflow,9277500,ft3/s,"['A', '[91]']",0
2005-04-12,110.28125,streamflow,9277500,ft3/s,"['A', '[91]']",0
2005-04-13,119.645836,streamflow,9277500,ft3/s,"['A', '[91]']",0
2005-04-14,131.70833,streamflow,9277500,ft3/s,"['A', '[91]']",0
2005-04-15,131.8125,streamflow,9277500,ft3/s,"['A', '[91]']",0
2005-04-16,132.94792,streamflow,9277500,ft3/s,"['A', '[91]']",0
2005-04-17,149.97917,streamflow,9277500,ft3/s,"['A', '[91]']",0
2005-04-18,174.95833,streamflow,9277500,ft3/s,"['A', '[91]']",0
2005-04-19,181.78125,streamflow,9277500,ft3/s,"['A', '[91]']",0
2005-04-20,177.27083,streamflow,9277500,ft3/s,"['A', '[91]']",0
2005-04-21,165.85417,streamflow,9277500,ft3/s,"['A', '[91]']",0
2005-04-22,154.42708,streamflow,9277500,ft3/s,"['A', '[91]']",0
2005-04-23,151.85417,streamflow,9277500,ft3/s,"['A', '[91]']",0
2005-04-24,183.65625,streamflow,9277500,ft3/s,"['A', '[91]']",0
2005-04-25,210.38542,streamflow,9277500,ft3/s,"['A', '[91]']",0
2005-04-26,185.07292,streamflow,9277500,ft3/s,"['A', '[91]']",0
2005-04-27,187.15625,streamflow,9277500,ft3/s,"['A', '[91]']",0
2005-04-28,198.83333,streamflow,9277500,ft3/s,"['A', '[91]']",0
2005-04-29,201.5625,streamflow,9277500,ft3/s,"['A', '[91]']",0
2005-04-30,185.8125,streamflow,9277500,ft3/s,"['A', '[91]']",0
2005-05-01,180.54167,streamflow,9277500,ft3/s,"['A', '[91]']",0
2005-05-02,176.95833,streamflow,9277500,ft3/s,"['A', '[91]']",0
2005-05-03,175.05208,streamflow,9277500,ft3/s,"['A', '[91]']",0
2005-05-04,174.875,streamflow,9277500,ft3/s,"['A', '[91]']",0
2005-05-05,174.77083,streamflow,9277500,ft3/s,"['A', '[91]']",0
2005-05-06,212.5625,streamflow,9277500,ft3/s,"['A', '[91]']",0
2005-05-07,232.28125,streamflow,9277500,ft3/s,"['A', '[91]']",0
2005-05-08,228.55208,streamflow,9277500,ft3/s,"['A', '[91]']",0
2005-05-09,226.80208,streamflow,9277500,ft3/s,"['A', '[91]']",0
2005-05-10,238.38542,streamflow,9277500,ft3/s,"['A', '[91]']",0
2005-05-11,258.3021,streamflow,9277500,ft3/s,"['A', '[91]']",0
2005-05-12,261.125,streamflow,9277500,ft3/s,"['A', '[91]']",0
2005-05-13,266.22916,streamflow,9277500,ft3/s,"['A', '[91]']",0
2005-05-14,282.58334,streamflow,9277500,ft3/s,"['A', '[91]']",0
2005-05-15,296.58334,streamflow,9277500,ft3/s,"['A', '[91]']",0
2005-05-16,340.9896,streamflow,9277500,ft3/s,"['A', '[91]']",0
2005-05-17,454.47916,streamflow,9277500,ft3/s,"['A', '[91]']",0
2005-05-18,490.5,streamflow,9277500,ft3/s,"['A', '[91]']",0
2005-05-19,432.45834,streamflow,9277500,ft3/s,"['A', '[91]']",0
2005-05-20,,streamflow,9277500,ft3/s,"['A', '[91]']",0
2005-05-21,,streamflow,9277500,ft3/s,"['A', '[91]']",0
2005-05-22,,streamflow,9277500,ft3/s,"['A', '[91]']",0
2005-05-23,,streamflow,9277500,ft3/s,"['A', '[91]']",0
2005-05-24,1653.4722,streamflow,9277500,ft3/s,"['A', '[91]']",0
2005-05-25,1511.0416,streamflow,9277500,ft3/s,"['A', '[91]']",0
2005-05-26,1121.5729,streamflow,9277500,ft3/s,"['A', '[91]']",0
2005-05-27,963.51044,streamflow,9277500,ft3/s,"['A', '[91]']",0
2005-05-28,933.9167,streamflow,9277500,ft3/s,"['A', '[91]']",0
2005-05-29,1054.7709,streamflow,9277500,ft3/s,"['A', '[91]']",0
2005-05-30,1066.9791,streamflow,9277500,ft3/s,"['A', '[91]']",0
2005-05-31,988.38544,streamflow,9277500,ft3/s,"['A', '[91]']",0
2005-06-01,803.98956,streamflow,9277500,ft3/s,"['A', '[91]']",0
2005-06-02,791.30206,streamflow,9277500,ft3/s,"['A', '[91]']",0
2005-06-03,719.88544,streamflow,9277500,ft3/s,"['A', '[91]']",0
2005-06-04,633.625,streamflow,9277500,ft3/s,"['A', '[91]']",0
2005-06-05,615.36456,streamflow,9277500,ft3/s,"['A', '[91]']",0
2005-06-06,633.75,streamflow,9277500,ft3/s,"['A', '[91]']",0
2005-06-07,623.28125,streamflow,9277500,ft3/s,"['A', '[91]']",0
2005-06-08,545.32294,streamflow,9277500,ft3/s,"['A', '[91]']",0
2005-06-09,503.29166,streamflow,9277500,ft3/s,"['A', '[91]']",0
2005-06-10,465.2604,streamflow,9277500,ft3/s,"['A', '[91]']",0
2005-06-11,623.51044,streamflow,9277500,ft3/s,"['A', '[91]']",0
2005-06-12,623.73956,streamflow,9277500,ft3/s,"['A', '[91]']",0
2005-06-13,603.03125,streamflow,9277500,ft3/s,"['A', '[91]']",0
2005-06-14,585.7708,streamflow,9277500,ft3/s,"['A', '[91]']",0
2005-06-15,716.11456,streamflow,9277500,ft3/s,"['A', '[91]']",0
2005-06-16,628.2708,streamflow,9277500,ft3/s,"['A', '[91]']",0
2005-06-17,577.19794,streamflow,9277500,ft3/s,"['A', '[91]']",0
2005-06-18,708.1875,streamflow,9277500,ft3/s,"['A', '[91]']",0
2005-06-19,799.6875,streamflow,9277500,ft3/s,"['A', '[91]']",0
2005-06-20,994.80206,streamflow,9277500,ft3/s,"['A', '[91]']",0
2005-06-21,951.78125,streamflow,9277500,ft3/s,"['A', '[91]']",0
2005-06-22,897.59375,streamflow,9277500,ft3/s,"['A', '[91]']",0
2005-06-23,1110.7812,streamflow,9277500,ft3/s,"['A', '[91]']",0
2005-06-24,1009.23956,streamflow,9277500,ft3/s,"['A', '[91]']",0
2005-06-25,923.17706,streamflow,9277500,ft3/s,"['A', '[91]']",0
2005-06-26,923.6875,streamflow,9277500,ft3/s,"['A', '[91]']",0
2005-06-27,843.6667,streamflow,9277500,ft3/s,"['A', '[91]']",0
2005-06-28,724.59375,streamflow,9277500,ft3/s,"['A', '[91]']",0
2005-06-29,668.73956,streamflow,9277500,ft3/s,"['A', '[91]']",0
2005-06-30,598.3542,streamflow,9277500,ft3/s,"['A', '[91]']",0
2005-07-01,556.94794,streamflow,9277500,ft3/s,"['A', '[91]']",0
2005-07-02,527.36456,streamflow,9277500,ft3/s,"['A', '[91]']",0
2005-07-03,511.34375,streamflow,9277500,ft3/s,"['A', '[91]']",0
2005-07-04,462.20834,streamflow,9277500,ft3/s,"['A', '[91]']",0
2005-07-05,403.66666,streamflow,9277500,ft3/s,"['A', '[91]']",0
2005-07-06,381.0104,streamflow,9277500,ft3/s,"['A', '[91]']",0
2005-07-07,247.20833,streamflow,9277500,ft3/s,"['A', '[91]']",0
2005-07-08,185.13542,streamflow,9277500,ft3/s,"['A', '[91]']",0
2005-07-09,168.44792,streamflow,9277500,ft3/s,"['A', '[91]']",0
2005-07-10,161.91667,streamflow,9277500,ft3/s,"['A', '[91]']",0
2005-07-11,161.09375,streamflow,9277500,ft3/s,"['A', '[91]']",0
2005-07-12,159.30208,streamflow,9277500,ft3/s,"['A', '[91]']",0
2005-07-13,160.8125,streamflow,9277500,ft3/s,"['A', '[91]']",0
2005-07-14,147.09375,streamflow,9277500,ft3/s,"['A', '[91]']",0
2005-07-15,109.916664,streamflow,9277500,ft3/s,"['A', '[91]']",0
2005-07-16,100.677086,streamflow,9277500,ft3/s,"['A', '[91]']",0
2005-07-17,101.520836,streamflow,9277500,ft3/s,"['A', '[91]']",0
2005-07-18,102.44211,streamflow,9277500,ft3/s,"['A', '[91]']",0
2005-07-19,99.114586,streamflow,9277500,ft3/s,"['A', '[91]']",0
2005-07-20,98.25,streamflow,9277500,ft3/s,"['A', '[91]']",0
2005-07-21,89.6875,streamflow,9277500,ft3/s,"['A', '[91]']",0
2005-07-22,79.625,streamflow,9277500,ft3/s,"['A', '[91]']",0
2005-07-23,80.166664,streamflow,9277500,ft3/s,"['A', '[91]']",0
2005-07-24,,streamflow,9277500,ft3/s,"['A', '[91]']",0
2005-07-25,,streamflow,9277500,ft3/s,"['A', '[91]']",0
2005-07-26,,streamflow,9277500,ft3/s,"['A', '[91]']",0
2005-07-27,,streamflow,9277500,ft3/s,"['A', '[91]']",0
2005-07-28,,streamflow,9277500,ft3/s,"['A', '[91]']",0
2005-07-29,,streamflow,9277500,ft3/s,"['A', '[91]']",0
2005-07-30,60.34722,streamflow,9277500,ft3/s,"['A', '[91]']",0
2005-07-31,68.84375,streamflow,9277500,ft3/s,"['A', '[91]']",0
2005-08-01,73.979164,streamflow,9277500,ft3/s,"['A', '[91]']",0
2005-08-02,77.21875,streamflow,9277500,ft3/s,"['A', '[91]']",0
2005-08-03,72.104164,streamflow,9277500,ft3/s,"['A', '[91]']",0
2005-08-04,67.875,streamflow,9277500,ft3/s,"['A', '[91]']",0
2005-08-05,65.041664,streamflow,9277500,ft3/s,"['A', '[91]']",0
2005-08-06,61.53125,streamflow,9277500,ft3/s,"['A', '[91]']",0
2005-08-07,60.1875,streamflow,9277500,ft3/s,"['A', '[91]']",0
2005-08-08,61.53125,streamflow,9277500,ft3/s,"['A', '[91]']",0
2005-08-09,65.104164,streamflow,9277500,ft3/s,"['A', '[91]']",0
2005-08-10,71.677086,streamflow,9277500,ft3/s,"['A', '[91]']",0
2005-08-11,72.354164,streamflow,9277500,ft3/s,"['A', '[91]']",0
2005-08-12,64.78125,streamflow,9277500,ft3/s,"['A', '[91]']",0
2005-08-13,63.53125,streamflow,9277500,ft3/s,"['A', '[91]']",0
2005-08-14,58.927082,streamflow,9277500,ft3/s,"['A', '[91]']",0
2005-08-15,57.53125,streamflow,9277500,ft3/s,"['A', '[91]']",0
2005-08-16,63.416668,streamflow,9277500,ft3/s,"['A', '[91]']",0
2005-08-17,68.947914,streamflow,9277500,ft3/s,"['A', '[91]']",0
2005-08-18,70.03125,streamflow,9277500,ft3/s,"['A', '[91]']",0
2005-08-19,67.697914,streamflow,9277500,ft3/s,"['A', '[91]']",0
2005-08-20,65.166664,streamflow,9277500,ft3/s,"['A', '[91]']",0
2005-08-21,63.6875,streamflow,9277500,ft3/s,"['A', '[91]']",0
2005-08-22,63.395832,streamflow,9277500,ft3/s,"['A', '[91]']",0
2005-08-23,65.395836,streamflow,9277500,ft3/s,"['A', '[91]']",0
2005-08-24,65.34375,streamflow,9277500,ft3/s,"['A', '[91]']",0
2005-08-25,60.802082,streamflow,9277500,ft3/s,"['A', '[91]']",0
2005-08-26,60.9375,streamflow,9277500,ft3/s,"['A', '[91]']",0
2005-08-27,59.40625,streamflow,9277500,ft3/s,"['A', '[91]']",0
2005-08-28,61.40625,streamflow,9277500,ft3/s,"['A', '[91]']",0
2005-08-29,56.8125,streamflow,9277500,ft3/s,"['A', '[91]']",0
2005-08-30,54.09375,streamflow,9277500,ft3/s,"['A', '[91]']",0
2005-08-31,55.010418,streamflow,9277500,ft3/s,"['A', '[91]']",0
2005-09-01,56.395832,streamflow,9277500,ft3/s,"['A', '[91]']",0
2005-09-02,52.802082,streamflow,9277500,ft3/s,"['A', '[91]']",0
2005-09-03,51.375,streamflow,9277500,ft3/s,"['A', '[91]']",0
2005-09-04,60.8125,streamflow,9277500,ft3/s,"['A', '[91]']",0
2005-09-05,55.770832,streamflow,9277500,ft3/s,"['A', '[91]']",0
2005-09-06,54.145832,streamflow,9277500,ft3/s,"['A', '[91]']",0
2005-09-07,54.791668,streamflow,9277500,ft3/s,"['A', '[91]']",0
2005-09-08,54.885418,streamflow,9277500,ft3/s,"['A', '[91]']",0
2005-09-09,60.302082,streamflow,9277500,ft3/s,"['A', '[91]']",0
2005-09-10,119.927086,streamflow,9277500,ft3/s,"['A', '[91]']",0
2005-09-11,81.427086,streamflow,9277500,ft3/s,"['A', '[91]']",0
2005-09-12,74.21875,streamflow,9277500,ft3/s,"['A', '[91]']",0
2005-09-13,79.083336,streamflow,9277500,ft3/s,"['A', '[91]']",0
2005-09-14,79.677086,streamflow,9277500,ft3/s,"['A', '[91]']",0
2005-09-15,79.9375,streamflow,9277500,ft3/s,"['A', '[91]']",0
2005-09-16,77.604164,streamflow,9277500,ft3/s,"['A', '[91]']",0
2005-09-17,78.947914,streamflow,9277500,ft3/s,"['A', '[91]']",0
2005-09-18,79.364586,streamflow,9277500,ft3/s,"['A', '[91]']",0
2005-09-19,78.375,streamflow,9277500,ft3/s,"['A', '[91]']",0
2005-09-20,78.270836,streamflow,9277500,ft3/s,"['A', '[91]']",0
2005-09-21,84.885414,streamflow,9277500,ft3/s,"['A', '[91]']",0
2005-09-22,85.791664,streamflow,9277500,ft3/s,"['A', '[91]']",0
2005-09-23,82.354164,streamflow,9277500,ft3/s,"['A', '[91]']",0
2005-09-24,83.708336,streamflow,9277500,ft3/s,"['A', '[91]']",0
2005-09-25,82.822914,streamflow,9277500,ft3/s,"['A', '[91]']",0
2005-09-26,79.78125,streamflow,9277500,ft3/s,"['A', '[91]']",0
2005-09-27,88.65625,streamflow,9277500,ft3/s,"['A', '[91]']",0
2005-09-28,101.0625,streamflow,9277500,ft3/s,"['A', '[91]']",0
2005-09-29,96.447914,streamflow,9277500,ft3/s,"['A', '[91]']",0
2005-09-30,99.020836,streamflow,9277500,ft3/s,"['A', '[91]']",0
2005-10-01,96.989586,streamflow,9277500,ft3/s,"['A', '[91]']",0
2005-10-02,97.427086,streamflow,9277500,ft3/s,"['A', '[91]']",0
2005-10-03,100.447914,streamflow,9277500,ft3/s,"['A', '[91]']",0
2005-10-04,99.947914,streamflow,9277500,ft3/s,"['A', '[91]']",0
2005-10-05,102.947914,streamflow,9277500,ft3/s,"['A', '[91]']",0
2005-10-06,110.604164,streamflow,9277500,ft3/s,"['A', '[91]']",0
2005-10-07,110.104164,streamflow,9277500,ft3/s,"['A', '[91]']",0
2005-10-08,112.041664,streamflow,9277500,ft3/s,"['A', '[91]']",0
2005-10-09,113.979164,streamflow,9277500,ft3/s,"['A', '[91]']",0
2005-10-10,112.833336,streamflow,9277500,ft3/s,"['A', '[91]']",0
2005-10-11,113.729164,streamflow,9277500,ft3/s,"['A', '[91]']",0
2005-10-12,110.114586,streamflow,9277500,ft3/s,"['A', '[91]']",0
2005-10-13,111.166664,streamflow,9277500,ft3/s,"['A', '[91]']",0
2005-10-14,110.177086,streamflow,9277500,ft3/s,"['A', '[91]']",0
2005-10-15,110.395836,streamflow,9277500,ft3/s,"['A', '[91]']",0
2005-10-16,109.9375,streamflow,9277500,ft3/s,"['A', '[91]']",0
2005-10-17,110.697914,streamflow,9277500,ft3/s,"['A', '[91]']",0
2005-10-18,111.5,streamflow,9277500,ft3/s,"['A', '[91]']",0
2005-10-19,114.572914,streamflow,9277500,ft3/s,"['A', '[91]']",0
2005-10-20,112.90625,streamflow,9277500,ft3/s,"['A', '[91]']",0
2005-10-21,111.802086,streamflow,9277500,ft3/s,"['A', '[91]']",0
2005-10-22,110.489586,streamflow,9277500,ft3/s,"['A', '[91]']",0
2005-10-23,109.854164,streamflow,9277500,ft3/s,"['A', '[91]']",0
2005-10-24,109.53125,streamflow,9277500,ft3/s,"['A', '[91]']",0
2005-10-25,108.666664,streamflow,9277500,ft3/s,"['A', '[91]']",0
2005-10-26,109.614586,streamflow,9277500,ft3/s,"['A', '[91]']",0
2005-10-27,109.0625,streamflow,9277500,ft3/s,"['A', '[91]']",0
2005-10-28,116.510414,streamflow,9277500,ft3/s,"['A', '[91]']",0
2005-10-29,120.25,streamflow,9277500,ft3/s,"['A', '[91]']",0
2005-10-30,117.270836,streamflow,9277500,ft3/s,"['A', '[91]']",0
2005-10-31,114.322914,streamflow,9277500,ft3/s,"['A', '[91]']",0
2005-11-01,110.895836,streamflow,9277500,ft3/s,"['A', '[91]']",0
2005-11-02,110.833336,streamflow,9277500,ft3/s,"['A', '[91]']",0
2005-11-03,107.25,streamflow,9277500,ft3/s,"['A', '[91]']",0
2005-11-04,106.135414,streamflow,9277500,ft3/s,"['A', '[91]']",0
2005-11-05,107.34375,streamflow,9277500,ft3/s,"['A', '[91]']",0
2005-11-06,106.75,streamflow,9277500,ft3/s,"['A', '[91]']",0
2005-11-07,105.989586,streamflow,9277500,ft3/s,"['A', '[91]']",0
2005-11-08,106.333336,streamflow,9277500,ft3/s,"['A', '[91]']",0
2005-11-09,105.802086,streamflow,9277500,ft3/s,"['A', '[91]']",0
2005-11-10,103.28125,streamflow,9277500,ft3/s,"['A', '[91]']",0
2005-11-11,102.0625,streamflow,9277500,ft3/s,"['A', '[91]']",0
2005-11-12,104.885414,streamflow,9277500,ft3/s,"['A', '[91]']",0
2005-11-13,103.802086,streamflow,9277500,ft3/s,"['A', '[91]']",0
2005-11-14,103.770836,streamflow,9277500,ft3/s,"['A', '[91]']",0
2005-11-15,104.291664,streamflow,9277500,ft3/s,"['A', '[91]']",0
2005-11-16,100.010414,streamflow,9277500,ft3/s,"['A', '[91]']",0
2005-11-17,108.427086,streamflow,9277500,ft3/s,"['A', '[91]']",0
2005-11-18,103.09375,streamflow,9277500,ft3/s,"['A', '[91]']",0
2005-11-19,105.0625,streamflow,9277500,ft3/s,"['A', '[91]']",0
2005-11-20,100.28125,streamflow,9277500,ft3/s,"['A', '[91]']",0
2005-11-21,99.489586,streamflow,9277500,ft3/s,"['A', '[91]']",0
2005-11-22,97.9375,streamflow,9277500,ft3/s,"['A', '[91]']",0
2005-11-23,95.270836,streamflow,9277500,ft3/s,"['A', '[91]']",0
2005-11-24,94.5,streamflow,9277500,ft3/s,"['A', '[91]']",0
2005-11-25,95.17895,streamflow,9277500,ft3/s,"['A', '[91]']",0
2005-11-26,99.96875,streamflow,9277500,ft3/s,"['A', '[91]']",0
2005-11-27,93.677086,streamflow,9277500,ft3/s,"['A', '[91]']",0
2005-11-28,95.395836,streamflow,9277500,ft3/s,"['A', '[91]']",0
2005-11-29,93.552086,streamflow,9277500,ft3/s,"['A', '[91]']",0
2005-11-30,95.3125,streamflow,9277500,ft3/s,"['A', '[91]']",0
2005-12-01,93.260414,streamflow,9277500,ft3/s,"['A', '[91]']",0
2005-12-02,97.229164,streamflow,9277500,ft3/s,"['A', '[91]']",0
2005-12-03,98.92857,streamflow,9277500,ft3/s,"['A', '[91]']",0
2005-12-04,,streamflow,9277500,ft3/s,"['A', '[91]']",0
2005-12-05,,streamflow,9277500,ft3/s,"['A', '[91]']",0
2005-12-06,,streamflow,9277500,ft3/s,"['A', '[91]']",0
2005-12-07,,streamflow,9277500,ft3/s,"['A', '[91]']",0
2005-12-08,,streamflow,9277500,ft3/s,"['A', '[91]']",0
2005-12-09,,streamflow,9277500,ft3/s,"['A', '[91]']",0
2005-12-10,,streamflow,9277500,ft3/s,"['A', '[91]']",0
2005-12-11,,streamflow,9277500,ft3/s,"['A', '[91]']",0
2005-12-12,,streamflow,9277500,ft3/s,"['A', '[91]']",0
2005-12-13,,streamflow,9277500,ft3/s,"['A', '[91]']",0
2005-12-14,,streamflow,9277500,ft3/s,"['A', '[91]']",0
2005-12-15,,streamflow,9277500,ft3/s,"['A', '[91]']",0
2005-12-16,,streamflow,9277500,ft3/s,"['A', '[91]']",0
2005-12-17,,streamflow,9277500,ft3/s,"['A', '[91]']",0
2005-12-18,,streamflow,9277500,ft3/s,"['A', '[91]']",0
2005-12-19,90.5,streamflow,9277500,ft3/s,"['A', '[91]']",0
2005-12-20,87.958336,streamflow,9277500,ft3/s,"['A', '[91]']",0
2005-12-21,85.46429,streamflow,9277500,ft3/s,"['A', '[91]']",0
2005-12-22,,streamflow,9277500,ft3/s,"['A', '[91]']",0
2005-12-23,85.51471,streamflow,9277500,ft3/s,"['A', '[91]']",0
2005-12-24,87.354164,streamflow,9277500,ft3/s,"['A', '[91]']",0
2005-12-25,85.197914,streamflow,9277500,ft3/s,"['A', '[91]']",0
2005-12-26,83.666664,streamflow,9277500,ft3/s,"['A', '[91]']",0
2005-12-27,85.333336,streamflow,9277500,ft3/s,"['A', '[91]']",0
2005-12-28,84.177086,streamflow,9277500,ft3/s,"['A', '[91]']",0
2005-12-29,85.385414,streamflow,9277500,ft3/s,"['A', '[91]']",0
2005-12-30,81.65625,streamflow,9277500,ft3/s,"['A', '[91]']",0
2005-12-31,88.375,streamflow,9277500,ft3/s,"['A', '[91]']",0
2006-01-01,88.447914,streamflow,9277500,ft3/s,"['A', '[91]']",0
2006-01-02,85.479164,streamflow,9277500,ft3/s,"['A', '[91]']",0
2006-01-03,87.635414,streamflow,9277500,ft3/s,"['A', '[91]']",0
2006-01-04,83.041664,streamflow,9277500,ft3/s,"['A', '[91]']",0
2006-01-05,81.302086,streamflow,9277500,ft3/s,"['A', '[91]']",0
2006-01-06,83.875,streamflow,9277500,ft3/s,"['A', '[91]']",0
2006-01-07,84.322914,streamflow,9277500,ft3/s,"['A', '[91]']",0
2006-01-08,83.75,streamflow,9277500,ft3/s,"['A', '[91]']",0
2006-01-09,82.416664,streamflow,9277500,ft3/s,"['A', '[91]']",0
2006-01-10,83.072914,streamflow,9277500,ft3/s,"['A', '[91]']",0
2006-01-11,89.572914,streamflow,9277500,ft3/s,"['A', '[91]']",0
2006-01-12,85.114586,streamflow,9277500,ft3/s,"['A', '[91]']",0
2006-01-13,83.90625,streamflow,9277500,ft3/s,"['A', '[91]']",0
2006-01-14,87.9375,streamflow,9277500,ft3/s,"['A', '[91]']",0
2006-01-15,85.895836,streamflow,9277500,ft3/s,"['A', '[91]']",0
2006-01-16,85.322914,streamflow,9277500,ft3/s,"['A', '[91]']",0
2006-01-17,91.510414,streamflow,9277500,ft3/s,"['A', '[91]']",0
2006-01-18,88.416664,streamflow,9277500,ft3/s,"['A', '[91]']",0
2006-01-19,84.697914,streamflow,9277500,ft3/s,"['A', '[91]']",0
2006-01-20,84.291664,streamflow,9277500,ft3/s,"['A', '[91]']",0
2006-01-21,83.947914,streamflow,9277500,ft3/s,"['A', '[91]']",0
2006-01-22,86.770836,streamflow,9277500,ft3/s,"['A', '[91]']",0
2006-01-23,82.666664,streamflow,9277500,ft3/s,"['A', '[91]']",0
2006-01-24,88.28125,streamflow,9277500,ft3/s,"['A', '[91]']",0
2006-01-25,89.541664,streamflow,9277500,ft3/s,"['A', '[91]']",0
2006-01-26,83.270836,streamflow,9277500,ft3/s,"['A', '[91]']",0
2006-01-27,81.791664,streamflow,9277500,ft3/s,"['A', '[91]']",0
2006-01-28,81.604164,streamflow,9277500,ft3/s,"['A', '[91]']",0
2006-01-29,82.291664,streamflow,9277500,ft3/s,"['A', '[91]']",0
2006-01-30,81.0,streamflow,9277500,ft3/s,"['A', '[91]']",0
2006-01-31,81.479164,streamflow,9277500,ft3/s,"['A', '[91]']",0
2006-02-01,81.364586,streamflow,9277500,ft3/s,"['A', '[91]']",0
2006-02-02,82.875,streamflow,9277500,ft3/s,"['A', '[91]']",0
2006-02-03,81.59375,streamflow,9277500,ft3/s,"['A', '[91]']",0
2006-02-04,80.114586,streamflow,9277500,ft3/s,"['A', '[91]']",0
2006-02-05,82.114586,streamflow,9277500,ft3/s,"['A', '[91]']",0
2006-02-06,78.9375,streamflow,9277500,ft3/s,"['A', '[91]']",0
2006-02-07,84.09375,streamflow,9277500,ft3/s,"['A', '[91]']",0
2006-02-08,82.770836,streamflow,9277500,ft3/s,"['A', '[91]']",0
2006-02-09,81.0,streamflow,9277500,ft3/s,"['A', '[91]']",0
2006-02-10,81.541664,streamflow,9277500,ft3/s,"['A', '[91]']",0
2006-02-11,76.979164,streamflow,9277500,ft3/s,"['A', '[91]']",0
2006-02-12,91.052086,streamflow,9277500,ft3/s,"['A', '[91]']",0
2006-02-13,81.520836,streamflow,9277500,ft3/s,"['A', '[91]']",0
2006-02-14,79.697914,streamflow,9277500,ft3/s,"['A', '[91]']",0
2006-02-15,81.239586,streamflow,9277500,ft3/s,"['A', '[91]']",0
2006-02-16,84.947914,streamflow,9277500,ft3/s,"['A', '[91]']",0
2006-02-17,95.8125,streamflow,9277500,ft3/s,"['A', '[91]']",0
2006-02-18,84.229164,streamflow,9277500,ft3/s,"['A', '[91]']",0
2006-02-19,81.854164,streamflow,9277500,ft3/s,"['A', '[91]']",0
2006-02-20,77.979164,streamflow,9277500,ft3/s,"['A', '[91]']",0
2006-02-21,81.8125,streamflow,9277500,ft3/s,"['A', '[91]']",0
2006-02-22,96.239586,streamflow,9277500,ft3/s,"['A', '[91]']",0
2006-02-23,80.458336,streamflow,9277500,ft3/s,"['A', '[91]']",0
2006-02-24,79.635414,streamflow,9277500,ft3/s,"['A', '[91]']",0
2006-02-25,80.84375,streamflow,9277500,ft3/s,"['A', '[91]']",0
2006-02-26,82.229164,streamflow,9277500,ft3/s,"['A', '[91]']",0
2006-02-27,82.302086,streamflow,9277500,ft3/s,"['A', '[91]']",0
2006-02-28,86.739586,streamflow,9277500,ft3/s,"['A', '[91]']",0
2006-03-01,99.875,streamflow,9277500,ft3/s,"['A', '[91]']",0
2006-03-02,88.5625,streamflow,9277500,ft3/s,"['A', '[91]']",0
2006-03-03,88.645836,streamflow,9277500,ft3/s,"['A', '[91]']",0
2006-03-04,89.28125,streamflow,9277500,ft3/s,"['A', '[91]']",0
2006-03-05,83.520836,streamflow,9277500,ft3/s,"['A', '[91]']",0
2006-03-06,84.239586,streamflow,9277500,ft3/s,"['A', '[91]']",0
2006-03-07,84.65625,streamflow,9277500,ft3/s,"['A', '[91]']",0
2006-03-08,83.375,streamflow,9277500,ft3/s,"['A', '[91]']",0
2006-03-09,82.59375,streamflow,9277500,ft3/s,"['A', '[91]']",0
2006-03-10,80.625,streamflow,9277500,ft3/s,"['A', '[91]']",0
2006-03-11,84.0,streamflow,9277500,ft3/s,"['A', '[91]']",0
2006-03-12,85.875,streamflow,9277500,ft3/s,"['A', '[91]']",0
2006-03-13,81.364586,streamflow,9277500,ft3/s,"['A', '[91]']",0
2006-03-14,81.833336,streamflow,9277500,ft3/s,"['A', '[91]']",0
2006-03-15,88.572914,streamflow,9277500,ft3/s,"['A', '[91]']",0
2006-03-16,82.260414,streamflow,9277500,ft3/s,"['A', '[91]']",0
2006-03-17,86.875,streamflow,9277500,ft3/s,"['A', '[91]']",0
2006-03-18,87.520836,streamflow,9277500,ft3/s,"['A', '[91]']",0
2006-03-19,88.0,streamflow,9277500,ft3/s,"['A', '[91]']",0
2006-03-20,86.96875,streamflow,9277500,ft3/s,"['A', '[91]']",0
2006-03-21,89.833336,streamflow,9277500,ft3/s,"['A', '[91]']",0
2006-03-22,88.552086,streamflow,9277500,ft3/s,"['A', '[91]']",0
2006-03-23,89.510414,streamflow,9277500,ft3/s,"['A', '[91]']",0
2006-03-24,90.270836,streamflow,9277500,ft3/s,"['A', '[91]']",0
2006-03-25,93.572914,streamflow,9277500,ft3/s,"['A', '[91]']",0
2006-03-26,97.854164,streamflow,9277500,ft3/s,"['A', '[91]']",0
2006-03-27,99.40625,streamflow,9277500,ft3/s,"['A', '[91]']",0
2006-03-28,105.041664,streamflow,9277500,ft3/s,"['A', '[91]']",0
2006-03-29,118.53125,streamflow,9277500,ft3/s,"['A', '[91]']",0
2006-03-30,120.552086,streamflow,9277500,ft3/s,"['A', '[91]']",0
2006-03-31,112.46875,streamflow,9277500,ft3/s,"['A', '[91]']",0
2006-04-01,114.96875,streamflow,9277500,ft3/s,"['A', '[91]']",0
2006-04-02,110.479164,streamflow,9277500,ft3/s,"['A', '[91]']",0
2006-04-03,113.25,streamflow,9277500,ft3/s,"['A', '[91]']",0
2006-04-04,120.083336,streamflow,9277500,ft3/s,"['A', '[91]']",0
2006-04-05,134.20833,streamflow,9277500,ft3/s,"['A', '[91]']",0
2006-04-06,149.3125,streamflow,9277500,ft3/s,"['A', '[91]']",0
2006-04-07,136.91667,streamflow,9277500,ft3/s,"['A', '[91]']",0
2006-04-08,141.85417,streamflow,9277500,ft3/s,"['A', '[91]']",0
2006-04-09,146.875,streamflow,9277500,ft3/s,"['A', '[91]']",0
2006-04-10,158.69792,streamflow,9277500,ft3/s,"['A', '[91]']",0
2006-04-11,162.70833,streamflow,9277500,ft3/s,"['A', '[91]']",0
2006-04-12,159.35417,streamflow,9277500,ft3/s,"['A', '[91]']",0
2006-04-13,176.17708,streamflow,9277500,ft3/s,"['A', '[91]']",0
2006-04-14,196.92708,streamflow,9277500,ft3/s,"['A', '[91]']",0
2006-04-15,211.91667,streamflow,9277500,ft3/s,"['A', '[91]']",0
2006-04-16,219.52083,streamflow,9277500,ft3/s,"['A', '[91]']",0
2006-04-17,227.45833,streamflow,9277500,ft3/s,"['A', '[91]']",0
2006-04-18,215.07292,streamflow,9277500,ft3/s,"['A', '[91]']",0
2006-04-19,202.90625,streamflow,9277500,ft3/s,"['A', '[91]']",0
2006-04-20,198.51042,streamflow,9277500,ft3/s,"['A', '[91]']",0
2006-04-21,202.26042,streamflow,9277500,ft3/s,"['A', '[91]']",0
2006-04-22,215.40625,streamflow,9277500,ft3/s,"['A', '[91]']",0
2006-04-23,252.86458,streamflow,9277500,ft3/s,"['A', '[91]']",0
2006-04-24,268.1771,streamflow,9277500,ft3/s,"['A', '[91]']",0
2006-04-25,260.65625,streamflow,9277500,ft3/s,"['A', '[91]']",0
2006-04-26,222.44792,streamflow,9277500,ft3/s,"['A', '[91]']",0
2006-04-27,238.47917,streamflow,9277500,ft3/s,"['A', '[91]']",0
2006-04-28,279.5625,streamflow,9277500,ft3/s,"['A', '[91]']",0
2006-04-29,310.1146,streamflow,9277500,ft3/s,"['A', '[91]']",0
2006-04-30,336.79166,streamflow,9277500,ft3/s,"['A', '[91]']",0
2006-05-01,361.4896,streamflow,9277500,ft3/s,"['A', '[91]']",0
2006-05-02,386.6979,streamflow,9277500,ft3/s,"['A', '[91]']",0
2006-05-03,430.54166,streamflow,9277500,ft3/s,"['A', '[91]']",0
2006-05-04,430.20834,streamflow,9277500,ft3/s,"['A', '[91]']",0
2006-05-05,435.79166,streamflow,9277500,ft3/s,"['A', '[91]']",0
2006-05-06,416.66666,streamflow,9277500,ft3/s,"['A', '[91]']",0
2006-05-07,399.20834,streamflow,9277500,ft3/s,"['A', '[91]']",0
2006-05-08,420.71875,streamflow,9277500,ft3/s,"['A', '[91]']",0
2006-05-09,453.46875,streamflow,9277500,ft3/s,"['A', '[91]']",0
2006-05-10,452.0,streamflow,9277500,ft3/s,"['A', '[91]']",0
2006-05-11,445.5729,streamflow,9277500,ft3/s,"['A', '[91]']",0
2006-05-12,429.3646,streamflow,9277500,ft3/s,"['A', '[91]']",0
2006-05-13,520.25,streamflow,9277500,ft3/s,"['A', '[91]']",0
2006-05-14,666.3333,streamflow,9277500,ft3/s,"['A', '[91]']",0
2006-05-15,761.7708,streamflow,9277500,ft3/s,"['A', '[91]']",0
2006-05-16,888.1042,streamflow,9277500,ft3/s,"['A', '[91]']",0
2006-05-17,1010.8333,streamflow,9277500,ft3/s,"['A', '[91]']",0
2006-05-18,1072.2291,streamflow,9277500,ft3/s,"['A', '[91]']",0
2006-05-19,1179.3959,streamflow,9277500,ft3/s,"['A', '[91]']",0
2006-05-20,1305.0,streamflow,9277500,ft3/s,"['A', '[91]']",0
2006-05-21,1367.6041,streamflow,9277500,ft3/s,"['A', '[91]']",0
2006-05-22,1400.1041,streamflow,9277500,ft3/s,"['A', '[91]']",0
2006-05-23,1288.75,streamflow,9277500,ft3/s,"['A', '[91]']",0
2006-05-24,1089.3854,streamflow,9277500,ft3/s,"['A', '[91]']",0
2006-05-25,1112.5938,streamflow,9277500,ft3/s,"['A', '[91]']",0
2006-05-26,1065.4896,streamflow,9277500,ft3/s,"['A', '[91]']",0
2006-05-27,751.30206,streamflow,9277500,ft3/s,"['A', '[91]']",0
2006-05-28,546.4583,streamflow,9277500,ft3/s,"['A', '[91]']",0
2006-05-29,427.21875,streamflow,9277500,ft3/s,"['A', '[91]']",0
2006-05-30,385.46875,streamflow,9277500,ft3/s,"['A', '[91]']",0
2006-05-31,359.9896,streamflow,9277500,ft3/s,"['A', '[91]']",0
2006-06-01,352.54166,streamflow,9277500,ft3/s,"['A', '[91]']",0
2006-06-02,380.59375,streamflow,9277500,ft3/s,"['A', '[91]']",0
2006-06-03,372.46875,streamflow,9277500,ft3/s,"['A', '[91]']",0
2006-06-04,345.6146,streamflow,9277500,ft3/s,"['A', '[91]']",0
2006-06-05,362.95834,streamflow,9277500,ft3/s,"['A', '[91]']",0
2006-06-06,362.3229,streamflow,9277500,ft3/s,"['A', '[91]']",0
2006-06-07,349.2396,streamflow,9277500,ft3/s,"['A', '[91]']",0
2006-06-08,334.875,streamflow,9277500,ft3/s,"['A', '[91]']",0
2006-06-09,583.78125,streamflow,9277500,ft3/s,"['A', '[91]']",0
2006-06-10,872.2917,streamflow,9277500,ft3/s,"['A', '[91]']",0
2006-06-11,752.48956,streamflow,9277500,ft3/s,"['A', '[91]']",0
2006-06-12,660.4792,streamflow,9277500,ft3/s,"['A', '[91]']",0
2006-06-13,587.9583,streamflow,9277500,ft3/s,"['A', '[91]']",0
2006-06-14,545.6458,streamflow,9277500,ft3/s,"['A', '[91]']",0
2006-06-15,283.1146,streamflow,9277500,ft3/s,"['A', '[91]']",0
2006-06-16,229.125,streamflow,9277500,ft3/s,"['A', '[91]']",0
2006-06-17,207.01042,streamflow,9277500,ft3/s,"['A', '[91]']",0
2006-06-18,183.29167,streamflow,9277500,ft3/s,"['A', '[91]']",0
2006-06-19,168.26042,streamflow,9277500,ft3/s,"['A', '[91]']",0
2006-06-20,154.97917,streamflow,9277500,ft3/s,"['A', '[91]']",0
2006-06-21,150.14583,streamflow,9277500,ft3/s,"['A', '[91]']",0
2006-06-22,144.58333,streamflow,9277500,ft3/s,"['A', '[91]']",0
2006-06-23,133.0,streamflow,9277500,ft3/s,"['A', '[91]']",0
2006-06-24,126.34375,streamflow,9277500,ft3/s,"['A', '[91]']",0
2006-06-25,120.927086,streamflow,9277500,ft3/s,"['A', '[91]']",0
2006-06-26,120.75,streamflow,9277500,ft3/s,"['A', '[91]']",0
2006-06-27,123.416664,streamflow,9277500,ft3/s,"['A', '[91]']",0
2006-06-28,113.1875,streamflow,9277500,ft3/s,"['A', '[91]']",0
2006-06-29,106.927086,streamflow,9277500,ft3/s,"['A', '[91]']",0
2006-06-30,111.229164,streamflow,9277500,ft3/s,"['A', '[91]']",0
2006-07-01,111.291664,streamflow,9277500,ft3/s,"['A', '[91]']",0
2006-07-02,109.59375,streamflow,9277500,ft3/s,"['A', '[91]']",0
2006-07-03,109.322914,streamflow,9277500,ft3/s,"['A', '[91]']",0
2006-07-04,102.166664,streamflow,9277500,ft3/s,"['A', '[91]']",0
2006-07-05,95.552086,streamflow,9277500,ft3/s,"['A', '[91]']",0
2006-07-06,98.28125,streamflow,9277500,ft3/s,"['A', '[91]']",0
2006-07-07,97.53125,streamflow,9277500,ft3/s,"['A', '[91]']",0
2006-07-08,93.114586,streamflow,9277500,ft3/s,"['A', '[91]']",0
2006-07-09,92.708336,streamflow,9277500,ft3/s,"['A', '[91]']",0
2006-07-10,101.583336,streamflow,9277500,ft3/s,"['A', '[91]']",0
2006-07-11,96.708336,streamflow,9277500,ft3/s,"['A', '[91]']",0
2006-07-12,102.28125,streamflow,9277500,ft3/s,"['A', '[91]']",0
2006-07-13,93.104164,streamflow,9277500,ft3/s,"['A', '[91]']",0
2006-07-14,83.15625,streamflow,9277500,ft3/s,"['A', '[91]']",0
2006-07-15,74.041664,streamflow,9277500,ft3/s,"['A', '[91]']",0
2006-07-16,69.270836,streamflow,9277500,ft3/s,"['A', '[91]']",0
2006-07-17,66.53125,streamflow,9277500,ft3/s,"['A', '[91]']",0
2006-07-18,64.21875,streamflow,9277500,ft3/s,"['A', '[91]']",0
2006-07-19,72.364586,streamflow,9277500,ft3/s,"['A', '[91]']",0
2006-07-20,94.489586,streamflow,9277500,ft3/s,"['A', '[91]']",0
2006-07-21,96.09375,streamflow,9277500,ft3/s,"['A', '[91]']",0
2006-07-22,82.46875,streamflow,9277500,ft3/s,"['A', '[91]']",0
2006-07-23,77.09375,streamflow,9277500,ft3/s,"['A', '[91]']",0
2006-07-24,72.010414,streamflow,9277500,ft3/s,"['A', '[91]']",0
2006-07-25,72.552086,streamflow,9277500,ft3/s,"['A', '[91]']",0
2006-07-26,74.09375,streamflow,9277500,ft3/s,"['A', '[91]']",0
2006-07-27,65.083336,streamflow,9277500,ft3/s,"['A', '[91]']",0
2006-07-28,61.635418,streamflow,9277500,ft3/s,"['A', '[91]']",0
2006-07-29,63.4375,streamflow,9277500,ft3/s,"['A', '[91]']",0
2006-07-30,70.822914,streamflow,9277500,ft3/s,"['A', '[91]']",0
2006-07-31,72.083336,streamflow,9277500,ft3/s,"['A', '[91]']",0
2006-08-01,80.375,streamflow,9277500,ft3/s,"['A', '[91]']",0
2006-08-02,90.84375,streamflow,9277500,ft3/s,"['A', '[91]']",0
2006-08-03,83.395836,streamflow,9277500,ft3/s,"['A', '[91]']",0
2006-08-04,78.4375,streamflow,9277500,ft3/s,"['A', '[91]']",0
2006-08-05,77.90625,streamflow,9277500,ft3/s,"['A', '[91]']",0
2006-08-06,77.03125,streamflow,9277500,ft3/s,"['A', '[91]']",0
2006-08-07,81.0,streamflow,9277500,ft3/s,"['A', '[91]']",0
2006-08-08,80.5625,streamflow,9277500,ft3/s,"['A', '[91]']",0
2006-08-09,74.40625,streamflow,9277500,ft3/s,"['A', '[91]']",0
2006-08-10,69.4375,streamflow,9277500,ft3/s,"['A', '[91]']",0
2006-08-11,66.208336,streamflow,9277500,ft3/s,"['A', '[91]']",0
2006-08-12,66.260414,streamflow,9277500,ft3/s,"['A', '[91]']",0
2006-08-13,66.65625,streamflow,9277500,ft3/s,"['A', '[91]']",0
2006-08-14,69.875,streamflow,9277500,ft3/s,"['A', '[91]']",0
2006-08-15,68.854164,streamflow,9277500,ft3/s,"['A', '[91]']",0
2006-08-16,72.010414,streamflow,9277500,ft3/s,"['A', '[91]']",0
2006-08-17,70.072914,streamflow,9277500,ft3/s,"['A', '[91]']",0
2006-08-18,67.520836,streamflow,9277500,ft3/s,"['A', '[91]']",0
2006-08-19,64.197914,streamflow,9277500,ft3/s,"['A', '[91]']",0
2006-08-20,64.729164,streamflow,9277500,ft3/s,"['A', '[91]']",0
2006-08-21,66.03125,streamflow,9277500,ft3/s,"['A', '[91]']",0
2006-08-22,63.166668,streamflow,9277500,ft3/s,"['A', '[91]']",0
2006-08-23,61.96875,streamflow,9277500,ft3/s,"['A', '[91]']",0
2006-08-24,62.552082,streamflow,9277500,ft3/s,"['A', '[91]']",0
2006-08-25,62.979168,streamflow,9277500,ft3/s,"['A', '[91]']",0
2006-08-26,64.697914,streamflow,9277500,ft3/s,"['A', '[91]']",0
2006-08-27,71.114586,streamflow,9277500,ft3/s,"['A', '[91]']",0
2006-08-28,67.989586,streamflow,9277500,ft3/s,"['A', '[91]']",0
2006-08-29,64.875,streamflow,9277500,ft3/s,"['A', '[91]']",0
2006-08-30,65.927086,streamflow,9277500,ft3/s,"['A', '[91]']",0
2006-08-31,63.479168,streamflow,9277500,ft3/s,"['A', '[91]']",0
2006-09-01,59.260418,streamflow,9277500,ft3/s,"['A', '[91]']",0
2006-09-02,56.03125,streamflow,9277500,ft3/s,"['A', '[91]']",0
2006-09-03,54.21875,streamflow,9277500,ft3/s,"['A', '[91]']",0
2006-09-04,54.520832,streamflow,9277500,ft3/s,"['A', '[91]']",0
2006-09-05,55.288887,streamflow,9277500,ft3/s,"['A', '[91]']",0
2006-09-06,56.489582,streamflow,9277500,ft3/s,"['A', '[91]']",0
2006-09-07,58.739582,streamflow,9277500,ft3/s,"['A', '[91]']",0
2006-09-08,64.458336,streamflow,9277500,ft3/s,"['A', '[91]']",0
2006-09-09,75.51579,streamflow,9277500,ft3/s,"['A', '[91]']",0
2006-09-10,77.041664,streamflow,9277500,ft3/s,"['A', '[91]']",0
2006-09-11,76.75,streamflow,9277500,ft3/s,"['A', '[91]']",0
2006-09-12,73.59375,streamflow,9277500,ft3/s,"['A', '[91]']",0
2006-09-13,72.697914,streamflow,9277500,ft3/s,"['A', '[91]']",0
2006-09-14,70.645836,streamflow,9277500,ft3/s,"['A', '[91]']",0
2006-09-15,80.822914,streamflow,9277500,ft3/s,"['A', '[91]']",0
2006-09-16,98.010414,streamflow,9277500,ft3/s,"['A', '[91]']",0
2006-09-17,99.71875,streamflow,9277500,ft3/s,"['A', '[91]']",0
2006-09-18,87.864586,streamflow,9277500,ft3/s,"['A', '[91]']",0
2006-09-19,91.208336,streamflow,9277500,ft3/s,"['A', '[91]']",0
2006-09-20,94.302086,streamflow,9277500,ft3/s,"['A', '[91]']",0
2006-09-21,94.1875,streamflow,9277500,ft3/s,"['A', '[91]']",0
2006-09-22,97.979164,streamflow,9277500,ft3/s,"['A', '[91]']",0
2006-09-23,101.739586,streamflow,9277500,ft3/s,"['A', '[91]']",0
2006-09-24,98.239586,streamflow,9277500,ft3/s,"['A', '[91]']",0
2006-09-25,96.84375,streamflow,9277500,ft3/s,"['A', '[91]']",0
2006-09-26,93.072914,streamflow,9277500,ft3/s,"['A', '[91]']",0
2006-09-27,90.541664,streamflow,9277500,ft3/s,"['A', '[91]']",0
2006-09-28,87.802086,streamflow,9277500,ft3/s,"['A', '[91]']",0
2006-09-29,85.979164,streamflow,9277500,ft3/s,"['A', '[91]']",0
2006-09-30,83.197914,streamflow,9277500,ft3/s,"['A', '[91]']",0
2006-10-01,83.010414,streamflow,9277500,ft3/s,"['A', '[91]']",0
2006-10-02,85.197914,streamflow,9277500,ft3/s,"['A', '[91]']",0
2006-10-03,92.96875,streamflow,9277500,ft3/s,"['A', '[91]']",0
2006-10-04,95.322914,streamflow,9277500,ft3/s,"['A', '[91]']",0
2006-10-05,108.458336,streamflow,9277500,ft3/s,"['A', '[91]']",0
2006-10-06,122.208336,streamflow,9277500,ft3/s,"['A', '[91]']",0
2006-10-07,185.03125,streamflow,9277500,ft3/s,"['A', '[91]']",0
2006-10-08,131.15625,streamflow,9277500,ft3/s,"['A', '[91]']",0
2006-10-09,120.197914,streamflow,9277500,ft3/s,"['A', '[91]']",0
2006-10-10,136.89583,streamflow,9277500,ft3/s,"['A', '[91]']",0
2006-10-11,126.635414,streamflow,9277500,ft3/s,"['A', '[91]']",0
2006-10-12,118.1875,streamflow,9277500,ft3/s,"['A', '[91]']",0
2006-10-13,115.90625,streamflow,9277500,ft3/s,"['A', '[91]']",0
2006-10-14,116.385414,streamflow,9277500,ft3/s,"['A', '[91]']",0
2006-10-15,116.875,streamflow,9277500,ft3/s,"['A', '[91]']",0
2006-10-16,115.447914,streamflow,9277500,ft3/s,"['A', '[91]']",0
2006-10-17,123.09375,streamflow,9277500,ft3/s,"['A', '[91]']",0
2006-10-18,122.677086,streamflow,9277500,ft3/s,"['A', '[91]']",0
2006-10-19,116.9375,streamflow,9277500,ft3/s,"['A', '[91]']",0
2006-10-20,115.28125,streamflow,9277500,ft3/s,"['A', '[91]']",0
2006-10-21,114.958336,streamflow,9277500,ft3/s,"['A', '[91]']",0
2006-10-22,113.09375,streamflow,9277500,ft3/s,"['A', '[91]']",0
2006-10-23,111.416664,streamflow,9277500,ft3/s,"['A', '[91]']",0
2006-10-24,111.447914,streamflow,9277500,ft3/s,"['A', '[91]']",0
2006-10-25,112.927086,streamflow,9277500,ft3/s,"['A', '[91]']",0
2006-10-26,113.677086,streamflow,9277500,ft3/s,"['A', '[91]']",0
2006-10-27,109.895836,streamflow,9277500,ft3/s,"['A', '[91]']",0
2006-10-28,107.552086,streamflow,9277500,ft3/s,"['A', '[91]']",0
2006-10-29,106.75,streamflow,9277500,ft3/s,"['A', '[91]']",0
2006-10-30,106.416664,streamflow,9277500,ft3/s,"['A', '[91]']",0
2006-10-31,104.75,streamflow,9277500,ft3/s,"['A', '[91]']",0
2006-11-01,103.552086,streamflow,9277500,ft3/s,"['A', '[91]']",0
2006-11-02,103.427086,streamflow,9277500,ft3/s,"['A', '[91]']",0
2006-11-03,104.072914,streamflow,9277500,ft3/s,"['A', '[91]']",0
2006-11-04,103.958336,streamflow,9277500,ft3/s,"['A', '[91]']",0
2006-11-05,103.96875,streamflow,9277500,ft3/s,"['A', '[91]']",0
2006-11-06,103.083336,streamflow,9277500,ft3/s,"['A', '[91]']",0
2006-11-07,103.25,streamflow,9277500,ft3/s,"['A', '[91]']",0
2006-11-08,101.84375,streamflow,9277500,ft3/s,"['A', '[91]']",0
2006-11-09,102.083336,streamflow,9277500,ft3/s,"['A', '[91]']",0
2006-11-10,104.072914,streamflow,9277500,ft3/s,"['A', '[91]']",0
2006-11-11,100.65625,streamflow,9277500,ft3/s,"['A', '[91]']",0
2006-11-12,103.375,streamflow,9277500,ft3/s,"['A', '[91]']",0
2006-11-13,99.239586,streamflow,9277500,ft3/s,"['A', '[91]']",0
2006-11-14,109.791664,streamflow,9277500,ft3/s,"['A', '[91]']",0
2006-11-15,97.708336,streamflow,9277500,ft3/s,"['A', '[91]']",0
2006-11-16,100.708336,streamflow,9277500,ft3/s,"['A', '[91]']",0
2006-11-17,103.729164,streamflow,9277500,ft3/s,"['A', '[91]']",0
2006-11-18,103.71875,streamflow,9277500,ft3/s,"['A', '[91]']",0
2006-11-19,99.375,streamflow,9277500,ft3/s,"['A', '[91]']",0
2006-11-20,98.625,streamflow,9277500,ft3/s,"['A', '[91]']",0
2006-11-21,101.760414,streamflow,9277500,ft3/s,"['A', '[91]']",0
2006-11-22,100.020836,streamflow,9277500,ft3/s,"['A', '[91]']",0
2006-11-23,98.177086,streamflow,9277500,ft3/s,"['A', '[91]']",0
2006-11-24,92.885414,streamflow,9277500,ft3/s,"['A', '[91]']",0
2006-11-25,91.416664,streamflow,9277500,ft3/s,"['A', '[91]']",0
2006-11-26,94.166664,streamflow,9277500,ft3/s,"['A', '[91]']",0
2006-11-27,95.604164,streamflow,9277500,ft3/s,"['A', '[91]']",0
2006-11-28,94.260414,streamflow,9277500,ft3/s,"['A', '[91]']",0
2006-11-29,89.645836,streamflow,9277500,ft3/s,"['A', '[91]']",0
2006-11-30,88.5,streamflow,9277500,ft3/s,"['A', '[91]']",0
2006-12-01,,streamflow,9277500,ft3/s,"['A', '[91]']",0
2006-12-02,,streamflow,9277500,ft3/s,"['A', '[91]']",0
2006-12-03,,streamflow,9277500,ft3/s,"['A', '[91]']",0
2006-12-04,,streamflow,9277500,ft3/s,"['A', '[91]']",0
2006-12-05,,streamflow,9277500,ft3/s,"['A', '[91]']",0
2006-12-06,,streamflow,9277500,ft3/s,"['A', '[91]']",0
2006-12-07,88.42647,streamflow,9277500,ft3/s,"['A', '[91]']",0
2006-12-08,85.645836,streamflow,9277500,ft3/s,"['A', '[91]']",0
2006-12-09,84.625,streamflow,9277500,ft3/s,"['A', '[91]']",0
2006-12-10,84.625,streamflow,9277500,ft3/s,"['A', '[91]']",0
2006-12-11,86.083336,streamflow,9277500,ft3/s,"['A', '[91]']",0
2006-12-12,85.833336,streamflow,9277500,ft3/s,"['A', '[91]']",0
2006-12-13,86.104164,streamflow,9277500,ft3/s,"['A', '[91]']",0
2006-12-14,86.46875,streamflow,9277500,ft3/s,"['A', '[91]']",0
2006-12-15,87.802086,streamflow,9277500,ft3/s,"['A', '[91]']",0
2006-12-16,86.729164,streamflow,9277500,ft3/s,"['A', '[91]']",0
2006-12-17,86.354164,streamflow,9277500,ft3/s,"['A', '[91]']",0
2006-12-18,85.03571,streamflow,9277500,ft3/s,"['A', '[91]']",0
2006-12-19,,streamflow,9277500,ft3/s,"['A', '[91]']",0
2006-12-20,,streamflow,9277500,ft3/s,"['A', '[91]']",0
2006-12-21,,streamflow,9277500,ft3/s,"['A', '[91]']",0
2006-12-22,,streamflow,9277500,ft3/s,"['A', '[91]']",0
2006-12-23,,streamflow,9277500,ft3/s,"['A', '[91]']",0
2006-12-24,,streamflow,9277500,ft3/s,"['A', '[91]']",0
2006-12-25,,streamflow,9277500,ft3/s,"['A', '[91]']",0
2006-12-26,,streamflow,9277500,ft3/s,"['A', '[91]']",0
2006-12-27,,streamflow,9277500,ft3/s,"['A', '[91]']",0
2006-12-28,,streamflow,9277500,ft3/s,"['A', '[91]']",0
2006-12-29,,streamflow,9277500,ft3/s,"['A', '[91]']",0
2006-12-30,,streamflow,9277500,ft3/s,"['A', '[91]']",0
2006-12-31,,streamflow,9277500,ft3/s,"['A', '[91]']",0
2007-01-01,,streamflow,9277500,ft3/s,"['A', '[91]']",0
2007-01-02,,streamflow,9277500,ft3/s,"['A', '[91]']",0
2007-01-03,,streamflow,9277500,ft3/s,"['A', '[91]']",0
2007-01-04,,streamflow,9277500,ft3/s,"['A', '[91]']",0
2007-01-05,,streamflow,9277500,ft3/s,"['A', '[91]']",0
2007-01-06,,streamflow,9277500,ft3/s,"['A', '[91]']",0
2007-01-07,,streamflow,9277500,ft3/s,"['A', '[91]']",0
2007-01-08,,streamflow,9277500,ft3/s,"['A', '[91]']",0
2007-01-09,,streamflow,9277500,ft3/s,"['A', '[91]']",0
2007-01-10,,streamflow,9277500,ft3/s,"['A', '[91]']",0
2007-01-11,,streamflow,9277500,ft3/s,"['A', '[91]']",0
2007-01-12,,streamflow,9277500,ft3/s,"['A', '[91]']",0
2007-01-13,,streamflow,9277500,ft3/s,"['A', '[91]']",0
2007-01-14,,streamflow,9277500,ft3/s,"['A', '[91]']",0
2007-01-15,,streamflow,9277500,ft3/s,"['A', '[91]']",0
2007-01-16,,streamflow,9277500,ft3/s,"['A', '[91]']",0
2007-01-17,,streamflow,9277500,ft3/s,"['A', '[91]']",0
2007-01-18,,streamflow,9277500,ft3/s,"['A', '[91]']",0
2007-01-19,,streamflow,9277500,ft3/s,"['A', '[91]']",0
2007-01-20,,streamflow,9277500,ft3/s,"['A', '[91]']",0
2007-01-21,,streamflow,9277500,ft3/s,"['A', '[91]']",0
2007-01-22,,streamflow,9277500,ft3/s,"['A', '[91]']",0
2007-01-23,,streamflow,9277500,ft3/s,"['A', '[91]']",0
2007-01-24,,streamflow,9277500,ft3/s,"['A', '[91]']",0
2007-01-25,,streamflow,9277500,ft3/s,"['A', '[91]']",0
2007-01-26,,streamflow,9277500,ft3/s,"['A', '[91]']",0
2007-01-27,,streamflow,9277500,ft3/s,"['A', '[91]']",0
2007-01-28,,streamflow,9277500,ft3/s,"['A', '[91]']",0
2007-01-29,,streamflow,9277500,ft3/s,"['A', '[91]']",0
2007-01-30,,streamflow,9277500,ft3/s,"['A', '[91]']",0
2007-01-31,,streamflow,9277500,ft3/s,"['A', '[91]']",0
2007-02-01,,streamflow,9277500,ft3/s,"['A', '[91]']",0
2007-02-02,,streamflow,9277500,ft3/s,"['A', '[91]']",0
2007-02-03,,streamflow,9277500,ft3/s,"['A', '[91]']",0
2007-02-04,,streamflow,9277500,ft3/s,"['A', '[91]']",0
2007-02-05,,streamflow,9277500,ft3/s,"['A', '[91]']",0
2007-02-06,84.117645,streamflow,9277500,ft3/s,"['A', '[91]']",0
2007-02-07,83.572914,streamflow,9277500,ft3/s,"['A', '[91]']",0
2007-02-08,84.0625,streamflow,9277500,ft3/s,"['A', '[91]']",0
2007-02-09,84.770836,streamflow,9277500,ft3/s,"['A', '[91]']",0
2007-02-10,84.677086,streamflow,9277500,ft3/s,"['A', '[91]']",0
2007-02-11,88.302086,streamflow,9277500,ft3/s,"['A', '[91]']",0
2007-02-12,91.96875,streamflow,9277500,ft3/s,"['A', '[91]']",0
2007-02-13,85.802086,streamflow,9277500,ft3/s,"['A', '[91]']",0
2007-02-14,86.572914,streamflow,9277500,ft3/s,"['A', '[91]']",0
2007-02-15,83.927086,streamflow,9277500,ft3/s,"['A', '[91]']",0
2007-02-16,84.5625,streamflow,9277500,ft3/s,"['A', '[91]']",0
2007-02-17,82.416664,streamflow,9277500,ft3/s,"['A', '[91]']",0
2007-02-18,82.947914,streamflow,9277500,ft3/s,"['A', '[91]']",0
2007-02-19,84.677086,streamflow,9277500,ft3/s,"['A', '[91]']",0
2007-02-20,81.020836,streamflow,9277500,ft3/s,"['A', '[91]']",0
2007-02-21,83.114586,streamflow,9277500,ft3/s,"['A', '[91]']",0
2007-02-22,85.3125,streamflow,9277500,ft3/s,"['A', '[91]']",0
2007-02-23,85.4375,streamflow,9277500,ft3/s,"['A', '[91]']",0
2007-02-24,80.760414,streamflow,9277500,ft3/s,"['A', '[91]']",0
2007-02-25,82.875,streamflow,9277500,ft3/s,"['A', '[91]']",0
2007-02-26,86.260414,streamflow,9277500,ft3/s,"['A', '[91]']",0
2007-02-27,87.166664,streamflow,9277500,ft3/s,"['A', '[91]']",0
2007-02-28,81.135414,streamflow,9277500,ft3/s,"['A', '[91]']",0
2007-03-01,83.489586,streamflow,9277500,ft3/s,"['A', '[91]']",0
2007-03-02,84.989586,streamflow,9277500,ft3/s,"['A', '[91]']",0
2007-03-03,78.71875,streamflow,9277500,ft3/s,"['A', '[91]']",0
2007-03-04,85.229164,streamflow,9277500,ft3/s,"['A', '[91]']",0
2007-03-05,85.083336,streamflow,9277500,ft3/s,"['A', '[91]']",0
2007-03-06,85.864586,streamflow,9277500,ft3/s,"['A', '[91]']",0
2007-03-07,86.635414,streamflow,9277500,ft3/s,"['A', '[91]']",0
2007-03-08,94.322914,streamflow,9277500,ft3/s,"['A', '[91]']",0
2007-03-09,93.65625,streamflow,9277500,ft3/s,"['A', '[91]']",0
2007-03-10,92.729164,streamflow,9277500,ft3/s,"['A', '[91]']",0
2007-03-11,90.895836,streamflow,9277500,ft3/s,"['A', '[91]']",0
2007-03-12,91.520836,streamflow,9277500,ft3/s,"['A', '[91]']",0
2007-03-13,97.145836,streamflow,9277500,ft3/s,"['A', '[91]']",0
2007-03-14,103.239586,streamflow,9277500,ft3/s,"['A', '[91]']",0
2007-03-15,107.041664,streamflow,9277500,ft3/s,"['A', '[91]']",0
2007-03-16,104.354164,streamflow,9277500,ft3/s,"['A', '[91]']",0
2007-03-17,104.03125,streamflow,9277500,ft3/s,"['A', '[91]']",0
2007-03-18,107.71875,streamflow,9277500,ft3/s,"['A', '[91]']",0
2007-03-19,113.4375,streamflow,9277500,ft3/s,"['A', '[91]']",0
2007-03-20,115.114586,streamflow,9277500,ft3/s,"['A', '[91]']",0
2007-03-21,115.166664,streamflow,9277500,ft3/s,"['A', '[91]']",0
2007-03-22,114.822914,streamflow,9277500,ft3/s,"['A', '[91]']",0
2007-03-23,111.21875,streamflow,9277500,ft3/s,"['A', '[91]']",0
2007-03-24,110.6875,streamflow,9277500,ft3/s,"['A', '[91]']",0
2007-03-25,111.979164,streamflow,9277500,ft3/s,"['A', '[91]']",0
2007-03-26,114.458336,streamflow,9277500,ft3/s,"['A', '[91]']",0
2007-03-27,119.0,streamflow,9277500,ft3/s,"['A', '[91]']",0
2007-03-28,122.947914,streamflow,9277500,ft3/s,"['A', '[91]']",0
2007-03-29,120.645836,streamflow,9277500,ft3/s,"['A', '[91]']",0
2007-03-30,114.854164,streamflow,9277500,ft3/s,"['A', '[91]']",0
2007-03-31,112.21875,streamflow,9277500,ft3/s,"['A', '[91]']",0
2007-04-01,112.53125,streamflow,9277500,ft3/s,"['A', '[91]']",0
2007-04-02,111.46875,streamflow,9277500,ft3/s,"['A', '[91]']",0
2007-04-03,112.625,streamflow,9277500,ft3/s,"['A', '[91]']",0
2007-04-04,111.458336,streamflow,9277500,ft3/s,"['A', '[91]']",0
2007-04-05,111.916664,streamflow,9277500,ft3/s,"['A', '[91]']",0
2007-04-06,116.854164,streamflow,9277500,ft3/s,"['A', '[91]']",0
2007-04-07,123.395836,streamflow,9277500,ft3/s,"['A', '[91]']",0
2007-04-08,129.51042,streamflow,9277500,ft3/s,"['A', '[91]']",0
2007-04-09,136.625,streamflow,9277500,ft3/s,"['A', '[91]']",0
2007-04-10,134.02083,streamflow,9277500,ft3/s,"['A', '[91]']",0
2007-04-11,128.97917,streamflow,9277500,ft3/s,"['A', '[91]']",0
2007-04-12,135.69792,streamflow,9277500,ft3/s,"['A', '[91]']",0
2007-04-13,125.947914,streamflow,9277500,ft3/s,"['A', '[91]']",0
2007-04-14,119.28125,streamflow,9277500,ft3/s,"['A', '[91]']",0
2007-04-15,116.114586,streamflow,9277500,ft3/s,"['A', '[91]']",0
2007-04-16,118.6875,streamflow,9277500,ft3/s,"['A', '[91]']",0
2007-04-17,124.270836,streamflow,9277500,ft3/s,"['A', '[91]']",0
2007-04-18,122.479164,streamflow,9277500,ft3/s,"['A', '[91]']",0
2007-04-19,129.35417,streamflow,9277500,ft3/s,"['A', '[91]']",0
2007-04-20,127.458336,streamflow,9277500,ft3/s,"['A', '[91]']",0
2007-04-21,124.34375,streamflow,9277500,ft3/s,"['A', '[91]']",0
2007-04-22,122.9375,streamflow,9277500,ft3/s,"['A', '[91]']",0
2007-04-23,128.54167,streamflow,9277500,ft3/s,"['A', '[91]']",0
2007-04-24,123.229164,streamflow,9277500,ft3/s,"['A', '[91]']",0
2007-04-25,114.510414,streamflow,9277500,ft3/s,"['A', '[91]']",0
2007-04-26,110.3125,streamflow,9277500,ft3/s,"['A', '[91]']",0
2007-04-27,112.020836,streamflow,9277500,ft3/s,"['A', '[91]']",0
2007-04-28,111.270836,streamflow,9277500,ft3/s,"['A', '[91]']",0
2007-04-29,117.0625,streamflow,9277500,ft3/s,"['A', '[91]']",0
2007-04-30,146.78125,streamflow,9277500,ft3/s,"['A', '[91]']",0
2007-05-01,169.98958,streamflow,9277500,ft3/s,"['A', '[91]']",0
2007-05-02,182.11458,streamflow,9277500,ft3/s,"['A', '[91]']",0
2007-05-03,192.36458,streamflow,9277500,ft3/s,"['A', '[91]']",0
2007-05-04,199.22917,streamflow,9277500,ft3/s,"['A', '[91]']",0
2007-05-05,188.46875,streamflow,9277500,ft3/s,"['A', '[91]']",0
2007-05-06,165.96875,streamflow,9277500,ft3/s,"['A', '[91]']",0
2007-05-07,154.52083,streamflow,9277500,ft3/s,"['A', '[91]']",0
2007-05-08,136.36458,streamflow,9277500,ft3/s,"['A', '[91]']",0
2007-05-09,116.729164,streamflow,9277500,ft3/s,"['A', '[91]']",0
2007-05-10,119.208336,streamflow,9277500,ft3/s,"['A', '[91]']",0
2007-05-11,135.42708,streamflow,9277500,ft3/s,"['A', '[91]']",0
2007-05-12,154.40625,streamflow,9277500,ft3/s,"['A', '[91]']",0
2007-05-13,172.77083,streamflow,9277500,ft3/s,"['A', '[91]']",0
2007-05-14,196.0625,streamflow,9277500,ft3/s,"['A', '[91]']",0
2007-05-15,193.33333,streamflow,9277500,ft3/s,"['A', '[91]']",0
2007-05-16,190.01042,streamflow,9277500,ft3/s,"['A', '[91]']",0
2007-05-17,174.84375,streamflow,9277500,ft3/s,"['A', '[91]']",0
2007-05-18,159.72917,streamflow,9277500,ft3/s,"['A', '[91]']",0
2007-05-19,146.5,streamflow,9277500,ft3/s,"['A', '[91]']",0
2007-05-20,144.625,streamflow,9277500,ft3/s,"['A', '[91]']",0
2007-05-21,144.16667,streamflow,9277500,ft3/s,"['A', '[91]']",0
2007-05-22,143.3125,streamflow,9277500,ft3/s,"['A', '[91]']",0
2007-05-23,134.10417,streamflow,9277500,ft3/s,"['A', '[91]']",0
2007-05-24,115.822914,streamflow,9277500,ft3/s,"['A', '[91]']",0
2007-05-25,106.5625,streamflow,9277500,ft3/s,"['A', '[91]']",0
2007-05-26,96.333336,streamflow,9277500,ft3/s,"['A', '[91]']",0
2007-05-27,89.25,streamflow,9277500,ft3/s,"['A', '[91]']",0
2007-05-28,90.1875,streamflow,9277500,ft3/s,"['A', '[91]']",0
2007-05-29,89.40625,streamflow,9277500,ft3/s,"['A', '[91]']",0
2007-05-30,85.46875,streamflow,9277500,ft3/s,"['A', '[91]']",0
2007-05-31,79.479164,streamflow,9277500,ft3/s,"['A', '[91]']",0
2007-06-01,74.729164,streamflow,9277500,ft3/s,"['A', '[91]']",0
2007-06-02,69.677086,streamflow,9277500,ft3/s,"['A', '[91]']",0
2007-06-03,68.135414,streamflow,9277500,ft3/s,"['A', '[91]']",0
2007-06-04,68.979164,streamflow,9277500,ft3/s,"['A', '[91]']",0
2007-06-05,65.40625,streamflow,9277500,ft3/s,"['A', '[91]']",0
2007-06-06,66.302086,streamflow,9277500,ft3/s,"['A', '[91]']",0
2007-06-07,75.385414,streamflow,9277500,ft3/s,"['A', '[91]']",0
2007-06-08,75.125,streamflow,9277500,ft3/s,"['A', '[91]']",0
2007-06-09,64.197914,streamflow,9277500,ft3/s,"['A', '[91]']",0
2007-06-10,56.229168,streamflow,9277500,ft3/s,"['A', '[91]']",0
2007-06-11,55.458332,streamflow,9277500,ft3/s,"['A', '[91]']",0
2007-06-12,53.427082,streamflow,9277500,ft3/s,"['A', '[91]']",0
2007-06-13,48.583332,streamflow,9277500,ft3/s,"['A', '[91]']",0
2007-06-14,44.427082,streamflow,9277500,ft3/s,"['A', '[91]']",0
2007-06-15,39.125,streamflow,9277500,ft3/s,"['A', '[91]']",0
2007-06-16,40.572918,streamflow,9277500,ft3/s,"['A', '[91]']",0
2007-06-17,38.916668,streamflow,9277500,ft3/s,"['A', '[91]']",0
2007-06-18,39.729168,streamflow,9277500,ft3/s,"['A', '[91]']",0
2007-06-19,51.0625,streamflow,9277500,ft3/s,"['A', '[91]']",0
2007-06-20,68.479164,streamflow,9277500,ft3/s,"['A', '[91]']",0
2007-06-21,64.697914,streamflow,9277500,ft3/s,"['A', '[91]']",0
2007-06-22,64.427086,streamflow,9277500,ft3/s,"['A', '[91]']",0
2007-06-23,62.28125,streamflow,9277500,ft3/s,"['A', '[91]']",0
2007-06-24,59.625,streamflow,9277500,ft3/s,"['A', '[91]']",0
2007-06-25,57.010418,streamflow,9277500,ft3/s,"['A', '[91]']",0
2007-06-26,57.708332,streamflow,9277500,ft3/s,"['A', '[91]']",0
2007-06-27,58.135418,streamflow,9277500,ft3/s,"['A', '[91]']",0
2007-06-28,55.572918,streamflow,9277500,ft3/s,"['A', '[91]']",0
2007-06-29,49.875,streamflow,9277500,ft3/s,"['A', '[91]']",0
2007-06-30,44.770832,streamflow,9277500,ft3/s,"['A', '[91]']",0
2007-07-01,40.84375,streamflow,9277500,ft3/s,"['A', '[91]']",0
2007-07-02,39.427082,streamflow,9277500,ft3/s,"['A', '[91]']",0
2007-07-03,35.5,streamflow,9277500,ft3/s,"['A', '[91]']",0
2007-07-04,31.489584,streamflow,9277500,ft3/s,"['A', '[91]']",0
2007-07-05,30.9375,streamflow,9277500,ft3/s,"['A', '[91]']",0
2007-07-06,35.947918,streamflow,9277500,ft3/s,"['A', '[91]']",0
2007-07-07,37.40625,streamflow,9277500,ft3/s,"['A', '[91]']",0
2007-07-08,35.041668,streamflow,9277500,ft3/s,"['A', '[91]']",0
2007-07-09,34.5,streamflow,9277500,ft3/s,"['A', '[91]']",0
2007-07-10,34.1875,streamflow,9277500,ft3/s,"['A', '[91]']",0
2007-07-11,33.989582,streamflow,9277500,ft3/s,"['A', '[91]']",0
2007-07-12,37.927082,streamflow,9277500,ft3/s,"['A', '[91]']",0
2007-07-13,36.614582,streamflow,9277500,ft3/s,"['A', '[91]']",0
2007-07-14,37.229168,streamflow,9277500,ft3/s,"['A', '[91]']",0
2007-07-15,35.125,streamflow,9277500,ft3/s,"['A', '[91]']",0
2007-07-16,36.28125,streamflow,9277500,ft3/s,"['A', '[91]']",0
2007-07-17,32.239582,streamflow,9277500,ft3/s,"['A', '[91]']",0
2007-07-18,38.114582,streamflow,9277500,ft3/s,"['A', '[91]']",0
2007-07-19,41.572918,streamflow,9277500,ft3/s,"['A', '[91]']",0
2007-07-20,37.96875,streamflow,9277500,ft3/s,"['A', '[91]']",0
2007-07-21,34.541668,streamflow,9277500,ft3/s,"['A', '[91]']",0
2007-07-22,40.864582,streamflow,9277500,ft3/s,"['A', '[91]']",0
2007-07-23,41.416668,streamflow,9277500,ft3/s,"['A', '[91]']",0
2007-07-24,45.0,streamflow,9277500,ft3/s,"['A', '[91]']",0
2007-07-25,47.90625,streamflow,9277500,ft3/s,"['A', '[91]']",0
2007-07-26,69.15625,streamflow,9277500,ft3/s,"['A', '[91]']",0
2007-07-27,64.791664,streamflow,9277500,ft3/s,"['A', '[91]']",0
2007-07-28,60.177082,streamflow,9277500,ft3/s,"['A', '[91]']",0
2007-07-29,58.395832,streamflow,9277500,ft3/s,"['A', '[91]']",0
2007-07-30,60.34375,streamflow,9277500,ft3/s,"['A', '[91]']",0
2007-07-31,54.0625,streamflow,9277500,ft3/s,"['A', '[91]']",0
2007-08-01,50.947918,streamflow,9277500,ft3/s,"['A', '[91]']",0
2007-08-02,47.53125,streamflow,9277500,ft3/s,"['A', '[91]']",0
2007-08-03,49.458332,streamflow,9277500,ft3/s,"['A', '[91]']",0
2007-08-04,51.09375,streamflow,9277500,ft3/s,"['A', '[91]']",0
2007-08-05,48.020832,streamflow,9277500,ft3/s,"['A', '[91]']",0
2007-08-06,50.520832,streamflow,9277500,ft3/s,"['A', '[91]']",0
2007-08-07,50.854168,streamflow,9277500,ft3/s,"['A', '[91]']",0
2007-08-08,49.427082,streamflow,9277500,ft3/s,"['A', '[91]']",0
2007-08-09,48.3125,streamflow,9277500,ft3/s,"['A', '[91]']",0
2007-08-10,45.979168,streamflow,9277500,ft3/s,"['A', '[91]']",0
2007-08-11,43.5625,streamflow,9277500,ft3/s,"['A', '[91]']",0
2007-08-12,42.270832,streamflow,9277500,ft3/s,"['A', '[91]']",0
2007-08-13,43.96875,streamflow,9277500,ft3/s,"['A', '[91]']",0
2007-08-14,42.489582,streamflow,9277500,ft3/s,"['A', '[91]']",0
2007-08-15,44.104168,streamflow,9277500,ft3/s,"['A', '[91]']",0
2007-08-16,42.479168,streamflow,9277500,ft3/s,"['A', '[91]']",0
2007-08-17,40.90625,streamflow,9277500,ft3/s,"['A', '[91]']",0
2007-08-18,46.104168,streamflow,9277500,ft3/s,"['A', '[91]']",0
2007-08-19,47.302082,streamflow,9277500,ft3/s,"['A', '[91]']",0
2007-08-20,46.791668,streamflow,9277500,ft3/s,"['A', '[91]']",0
2007-08-21,42.03125,streamflow,9277500,ft3/s,"['A', '[91]']",0
2007-08-22,39.614582,streamflow,9277500,ft3/s,"['A', '[91]']",0
2007-08-23,39.4375,streamflow,9277500,ft3/s,"['A', '[91]']",0
2007-08-24,37.375,streamflow,9277500,ft3/s,"['A', '[91]']",0
2007-08-25,35.0625,streamflow,9277500,ft3/s,"['A', '[91]']",0
2007-08-26,34.4375,streamflow,9277500,ft3/s,"['A', '[91]']",0
2007-08-27,40.5625,streamflow,9277500,ft3/s,"['A', '[91]']",0
2007-08-28,41.1875,streamflow,9277500,ft3/s,"['A', '[91]']",0
2007-08-29,42.989582,streamflow,9277500,ft3/s,"['A', '[91]']",0
2007-08-30,37.916668,streamflow,9277500,ft3/s,"['A', '[91]']",0
2007-08-31,41.145832,streamflow,9277500,ft3/s,"['A', '[91]']",0
2007-09-01,37.4375,streamflow,9277500,ft3/s,"['A', '[91]']",0
2007-09-02,35.28125,streamflow,9277500,ft3/s,"['A', '[91]']",0
2007-09-03,39.572918,streamflow,9277500,ft3/s,"['A', '[91]']",0
2007-09-04,40.833332,streamflow,9277500,ft3/s,"['A', '[91]']",0
2007-09-05,59.78125,streamflow,9277500,ft3/s,"['A', '[91]']",0
2007-09-06,85.0625,streamflow,9277500,ft3/s,"['A', '[91]']",0
2007-09-07,72.21875,streamflow,9277500,ft3/s,"['A', '[91]']",0
2007-09-08,61.65625,streamflow,9277500,ft3/s,"['A', '[91]']",0
2007-09-09,57.260418,streamflow,9277500,ft3/s,"['A', '[91]']",0
2007-09-10,53.479168,streamflow,9277500,ft3/s,"['A', '[91]']",0
2007-09-11,52.0,streamflow,9277500,ft3/s,"['A', '[91]']",0
2007-09-12,47.145832,streamflow,9277500,ft3/s,"['A', '[91]']",0
2007-09-13,43.395832,streamflow,9277500,ft3/s,"['A', '[91]']",0
2007-09-14,42.5,streamflow,9277500,ft3/s,"['A', '[91]']",0
2007-09-15,42.197918,streamflow,9277500,ft3/s,"['A', '[91]']",0
2007-09-16,41.427082,streamflow,9277500,ft3/s,"['A', '[91]']",0
2007-09-17,43.03125,streamflow,9277500,ft3/s,"['A', '[91]']",0
2007-09-18,44.697918,streamflow,9277500,ft3/s,"['A', '[91]']",0
2007-09-19,44.333332,streamflow,9277500,ft3/s,"['A', '[91]']",0
2007-09-20,43.041668,streamflow,9277500,ft3/s,"['A', '[91]']",0
2007-09-21,43.625,streamflow,9277500,ft3/s,"['A', '[91]']",0
2007-09-22,42.8125,streamflow,9277500,ft3/s,"['A', '[91]']",0
2007-09-23,53.125,streamflow,9277500,ft3/s,"['A', '[91]']",0
2007-09-24,55.46875,streamflow,9277500,ft3/s,"['A', '[91]']",0
2007-09-25,53.979168,streamflow,9277500,ft3/s,"['A', '[91]']",0
2007-09-26,55.84375,streamflow,9277500,ft3/s,"['A', '[91]']",0
2007-09-27,58.479168,streamflow,9277500,ft3/s,"['A', '[91]']",0
2007-09-28,58.46875,streamflow,9277500,ft3/s,"['A', '[91]']",0
2007-09-29,59.510418,streamflow,9277500,ft3/s,"['A', '[91]']",0
2007-09-30,59.916668,streamflow,9277500,ft3/s,"['A', '[91]']",0
2007-10-01,62.547916,streamflow,9277500,ft3/s,"['A', '[91]']",0
2007-10-02,71.06979,streamflow,9277500,ft3/s,"['A', '[91]']",0
2007-10-03,72.734375,streamflow,9277500,ft3/s,"['A', '[91]']",0
2007-10-04,71.635414,streamflow,9277500,ft3/s,"['A', '[91]']",0
2007-10-05,72.08437,streamflow,9277500,ft3/s,"['A', '[91]']",0
2007-10-06,97.68229,streamflow,9277500,ft3/s,"['A', '[91]']",0
2007-10-07,93.82917,streamflow,9277500,ft3/s,"['A', '[91]']",0
2007-10-08,89.4323,streamflow,9277500,ft3/s,"['A', '[91]']",0
2007-10-09,87.82188,streamflow,9277500,ft3/s,"['A', '[91]']",0
2007-10-10,86.97813,streamflow,9277500,ft3/s,"['A', '[91]']",0
2007-10-11,86.125,streamflow,9277500,ft3/s,"['A', '[91]']",0
2007-10-12,85.60417,streamflow,9277500,ft3/s,"['A', '[91]']",0
2007-10-13,86.73229,streamflow,9277500,ft3/s,"['A', '[91]']",0
2007-10-14,90.058334,streamflow,9277500,ft3/s,"['A', '[91]']",0
2007-10-15,86.302086,streamflow,9277500,ft3/s,"['A', '[91]']",0
2007-10-16,87.9,streamflow,9277500,ft3/s,"['A', '[91]']",0
2007-10-17,89.32292,streamflow,9277500,ft3/s,"['A', '[91]']",0
2007-10-18,89.91771,streamflow,9277500,ft3/s,"['A', '[91]']",0
2007-10-19,89.98021,streamflow,9277500,ft3/s,"['A', '[91]']",0
2007-10-20,87.80625,streamflow,9277500,ft3/s,"['A', '[91]']",0
2007-10-21,90.2448,streamflow,9277500,ft3/s,"['A', '[91]']",0
2007-10-22,88.54167,streamflow,9277500,ft3/s,"['A', '[91]']",0
2007-10-23,88.57292,streamflow,9277500,ft3/s,"['A', '[91]']",0
2007-10-24,88.74375,streamflow,9277500,ft3/s,"['A', '[91]']",0
2007-10-25,88.15,streamflow,9277500,ft3/s,"['A', '[91]']",0
2007-10-26,88.29063,streamflow,9277500,ft3/s,"['A', '[91]']",0
2007-10-27,86.90105,streamflow,9277500,ft3/s,"['A', '[91]']",0
2007-10-28,86.7448,streamflow,9277500,ft3/s,"['A', '[91]']",0
2007-10-29,85.83125,streamflow,9277500,ft3/s,"['A', '[91]']",0
2007-10-30,86.15833,streamflow,9277500,ft3/s,"['A', '[91]']",0
2007-10-31,85.74062,streamflow,9277500,ft3/s,"['A', '[91]']",0
2007-11-01,85.70937,streamflow,9277500,ft3/s,"['A', '[91]']",0
2007-11-02,84.77292,streamflow,9277500,ft3/s,"['A', '[91]']",0
2007-11-03,84.296875,streamflow,9277500,ft3/s,"['A', '[91]']",0
2007-11-04,82.32916,streamflow,9277500,ft3/s,"['A', '[91]']",0
2007-11-05,82.28438,streamflow,9277500,ft3/s,"['A', '[91]']",0
2007-11-06,81.80625,streamflow,9277500,ft3/s,"['A', '[91]']",0
2007-11-07,81.768745,streamflow,9277500,ft3/s,"['A', '[91]']",0
2007-11-08,81.785416,streamflow,9277500,ft3/s,"['A', '[91]']",0
2007-11-09,81.947914,streamflow,9277500,ft3/s,"['A', '[91]']",0
2007-11-10,83.04375,streamflow,9277500,ft3/s,"['A', '[91]']",0
2007-11-11,83.08542,streamflow,9277500,ft3/s,"['A', '[91]']",0
2007-11-12,84.14792,streamflow,9277500,ft3/s,"['A', '[91]']",0
2007-11-13,84.80729,streamflow,9277500,ft3/s,"['A', '[91]']",0
2007-11-14,84.12813,streamflow,9277500,ft3/s,"['A', '[91]']",0
2007-11-15,82.52604,streamflow,9277500,ft3/s,"['A', '[91]']",0
2007-11-16,82.50208,streamflow,9277500,ft3/s,"['A', '[91]']",0
2007-11-17,83.7125,streamflow,9277500,ft3/s,"['A', '[91]']",0
2007-11-18,83.296875,streamflow,9277500,ft3/s,"['A', '[91]']",0
2007-11-19,82.34375,streamflow,9277500,ft3/s,"['A', '[91]']",0
2007-11-20,82.24062,streamflow,9277500,ft3/s,"['A', '[91]']",0
2007-11-21,80.25938,streamflow,9277500,ft3/s,"['A', '[91]']",0
2007-11-22,77.061455,streamflow,9277500,ft3/s,"['A', '[91]']",0
2007-11-23,78.22813,streamflow,9277500,ft3/s,"['A', '[91]']",0
2007-11-24,79.92917,streamflow,9277500,ft3/s,"['A', '[91]']",0
2007-11-25,80.45521,streamflow,9277500,ft3/s,"['A', '[91]']",0
2007-11-26,78.25729,streamflow,9277500,ft3/s,"['A', '[91]']",0
2007-11-27,77.48334,streamflow,9277500,ft3/s,"['A', '[91]']",0
2007-11-28,78.083336,streamflow,9277500,ft3/s,"['A', '[91]']",0
2007-11-29,76.876045,streamflow,9277500,ft3/s,"['A', '[91]']",0
2007-11-30,79.59896,streamflow,9277500,ft3/s,"['A', '[91]']",0
2007-12-01,82.78646,streamflow,9277500,ft3/s,"['A', '[91]']",0
2007-12-02,80.39479,streamflow,9277500,ft3/s,"['A', '[91]']",0
2007-12-03,81.31042,streamflow,9277500,ft3/s,"['A', '[91]']",0
2007-12-04,86.11146,streamflow,9277500,ft3/s,"['A', '[91]']",0
2007-12-05,78.197914,streamflow,9277500,ft3/s,"['A', '[91]']",0
2007-12-06,77.01667,streamflow,9277500,ft3/s,"['A', '[91]']",0
2007-12-07,80.21146,streamflow,9277500,ft3/s,"['A', '[91]']",0
2007-12-08,79.39375,streamflow,9277500,ft3/s,"['A', '[91]']",0
2007-12-09,78.97083,streamflow,9277500,ft3/s,"['A', '[91]']",0
2007-12-10,77.01146,streamflow,9277500,ft3/s,"['A', '[91]']",0
2007-12-11,72.10714,streamflow,9277500,ft3/s,"['A', '[91]']",0
2007-12-12,,streamflow,9277500,ft3/s,"['A', '[91]']",0
2007-12-13,,streamflow,9277500,ft3/s,"['A', '[91]']",0
2007-12-14,,streamflow,9277500,ft3/s,"['A', '[91]']",0
2007-12-15,,streamflow,9277500,ft3/s,"['A', '[91]']",0
2007-12-16,,streamflow,9277500,ft3/s,"['A', '[91]']",0
2007-12-17,,streamflow,9277500,ft3/s,"['A', '[91]']",0
2007-12-18,,streamflow,9277500,ft3/s,"['A', '[91]']",0
2007-12-19,,streamflow,9277500,ft3/s,"['A', '[91]']",0
2007-12-20,,streamflow,9277500,ft3/s,"['A', '[91]']",0
2007-12-21,,streamflow,9277500,ft3/s,"['A', '[91]']",0
2007-12-22,,streamflow,9277500,ft3/s,"['A', '[91]']",0
2007-12-23,,streamflow,9277500,ft3/s,"['A', '[91]']",0
2007-12-24,,streamflow,9277500,ft3/s,"['A', '[91]']",0
2007-12-25,,streamflow,9277500,ft3/s,"['A', '[91]']",0
2007-12-26,,streamflow,9277500,ft3/s,"['A', '[91]']",0
2007-12-27,,streamflow,9277500,ft3/s,"['A', '[91]']",0
2007-12-28,,streamflow,9277500,ft3/s,"['A', '[91]']",0
2007-12-29,,streamflow,9277500,ft3/s,"['A', '[91]']",0
2007-12-30,,streamflow,9277500,ft3/s,"['A', '[91]']",0
2007-12-31,,streamflow,9277500,ft3/s,"['A', '[91]']",0
2008-01-01,,streamflow,9277500,ft3/s,"['A', '[91]']",0
2008-01-02,,streamflow,9277500,ft3/s,"['A', '[91]']",0
2008-01-03,,streamflow,9277500,ft3/s,"['A', '[91]']",0
2008-01-04,,streamflow,9277500,ft3/s,"['A', '[91]']",0
2008-01-05,,streamflow,9277500,ft3/s,"['A', '[91]']",0
2008-01-06,,streamflow,9277500,ft3/s,"['A', '[91]']",0
2008-01-07,,streamflow,9277500,ft3/s,"['A', '[91]']",0
2008-01-08,,streamflow,9277500,ft3/s,"['A', '[91]']",0
2008-01-09,,streamflow,9277500,ft3/s,"['A', '[91]']",0
2008-01-10,,streamflow,9277500,ft3/s,"['A', '[91]']",0
2008-01-11,,streamflow,9277500,ft3/s,"['A', '[91]']",0
2008-01-12,,streamflow,9277500,ft3/s,"['A', '[91]']",0
2008-01-13,,streamflow,9277500,ft3/s,"['A', '[91]']",0
2008-01-14,,streamflow,9277500,ft3/s,"['A', '[91]']",0
2008-01-15,,streamflow,9277500,ft3/s,"['A', '[91]']",0
2008-01-16,,streamflow,9277500,ft3/s,"['A', '[91]']",0
2008-01-17,,streamflow,9277500,ft3/s,"['A', '[91]']",0
2008-01-18,,streamflow,9277500,ft3/s,"['A', '[91]']",0
2008-01-19,,streamflow,9277500,ft3/s,"['A', '[91]']",0
2008-01-20,,streamflow,9277500,ft3/s,"['A', '[91]']",0
2008-01-21,,streamflow,9277500,ft3/s,"['A', '[91]']",0
2008-01-22,,streamflow,9277500,ft3/s,"['A', '[91]']",0
2008-01-23,,streamflow,9277500,ft3/s,"['A', '[91]']",0
2008-01-24,,streamflow,9277500,ft3/s,"['A', '[91]']",0
2008-01-25,,streamflow,9277500,ft3/s,"['A', '[91]']",0
2008-01-26,,streamflow,9277500,ft3/s,"['A', '[91]']",0
2008-01-27,,streamflow,9277500,ft3/s,"['A', '[91]']",0
2008-01-28,,streamflow,9277500,ft3/s,"['A', '[91]']",0
2008-01-29,,streamflow,9277500,ft3/s,"['A', '[91]']",0
2008-01-30,,streamflow,9277500,ft3/s,"['A', '[91]']",0
2008-01-31,,streamflow,9277500,ft3/s,"['A', '[91]']",0
2008-02-01,,streamflow,9277500,ft3/s,"['A', '[91]']",0
2008-02-02,,streamflow,9277500,ft3/s,"['A', '[91]']",0
2008-02-03,,streamflow,9277500,ft3/s,"['A', '[91]']",0
2008-02-04,,streamflow,9277500,ft3/s,"['A', '[91]']",0
2008-02-05,,streamflow,9277500,ft3/s,"['A', '[91]']",0
2008-02-06,,streamflow,9277500,ft3/s,"['A', '[91]']",0
2008-02-07,,streamflow,9277500,ft3/s,"['A', '[91]']",0
2008-02-08,,streamflow,9277500,ft3/s,"['A', '[91]']",0
2008-02-09,,streamflow,9277500,ft3/s,"['A', '[91]']",0
2008-02-10,,streamflow,9277500,ft3/s,"['A', '[91]']",0
2008-02-11,,streamflow,9277500,ft3/s,"['A', '[91]']",0
2008-02-12,,streamflow,9277500,ft3/s,"['A', '[91]']",0
2008-02-13,,streamflow,9277500,ft3/s,"['A', '[91]']",0
2008-02-14,,streamflow,9277500,ft3/s,"['A', '[91]']",0
2008-02-15,,streamflow,9277500,ft3/s,"['A', '[91]']",0
2008-02-16,,streamflow,9277500,ft3/s,"['A', '[91]']",0
2008-02-17,,streamflow,9277500,ft3/s,"['A', '[91]']",0
2008-02-18,,streamflow,9277500,ft3/s,"['A', '[91]']",0
2008-02-19,,streamflow,9277500,ft3/s,"['A', '[91]']",0
2008-02-20,,streamflow,9277500,ft3/s,"['A', '[91]']",0
2008-02-21,,streamflow,9277500,ft3/s,"['A', '[91]']",0
2008-02-22,71.67206,streamflow,9277500,ft3/s,"['A', '[91]']",0
2008-02-23,72.23229,streamflow,9277500,ft3/s,"['A', '[91]']",0
2008-02-24,73.61979,streamflow,9277500,ft3/s,"['A', '[91]']",0
2008-02-25,74.14792,streamflow,9277500,ft3/s,"['A', '[91]']",0
2008-02-26,71.41875,streamflow,9277500,ft3/s,"['A', '[91]']",0
2008-02-27,70.322914,streamflow,9277500,ft3/s,"['A', '[91]']",0
2008-02-28,72.25521,streamflow,9277500,ft3/s,"['A', '[91]']",0
2008-02-29,72.844795,streamflow,9277500,ft3/s,"['A', '[91]']",0
2008-03-01,71.71354,streamflow,9277500,ft3/s,"['A', '[91]']",0
2008-03-02,72.13854,streamflow,9277500,ft3/s,"['A', '[91]']",0
2008-03-03,70.90714,streamflow,9277500,ft3/s,"['A', '[91]']",0
2008-03-04,74.786766,streamflow,9277500,ft3/s,"['A', '[91]']",0
2008-03-05,71.59286,streamflow,9277500,ft3/s,"['A', '[91]']",0
2008-03-06,,streamflow,9277500,ft3/s,"['A', '[91]']",0
2008-03-07,70.78824,streamflow,9277500,ft3/s,"['A', '[91]']",0
2008-03-08,72.825,streamflow,9277500,ft3/s,"['A', '[91]']",0
2008-03-09,72.24286,streamflow,9277500,ft3/s,"['A', '[91]']",0
2008-03-10,,streamflow,9277500,ft3/s,"['A', '[91]']",0
2008-03-11,,streamflow,9277500,ft3/s,"['A', '[91]']",0
2008-03-12,,streamflow,9277500,ft3/s,"['A', '[91]']",0
2008-03-13,,streamflow,9277500,ft3/s,"['A', '[91]']",0
2008-03-14,,streamflow,9277500,ft3/s,"['A', '[91]']",0
2008-03-15,71.859726,streamflow,9277500,ft3/s,"['A', '[91]']",0
2008-03-16,72.410416,streamflow,9277500,ft3/s,"['A', '[91]']",0
2008-03-17,70.69688,streamflow,9277500,ft3/s,"['A', '[91]']",0
2008-03-18,70.58229,streamflow,9277500,ft3/s,"['A', '[91]']",0
2008-03-19,71.995834,streamflow,9277500,ft3/s,"['A', '[91]']",0
2008-03-20,75.469444,streamflow,9277500,ft3/s,"['A', '[91]']",0
2008-03-21,74.23646,streamflow,9277500,ft3/s,"['A', '[91]']",0
2008-03-22,74.00833,streamflow,9277500,ft3/s,"['A', '[91]']",0
2008-03-23,73.160416,streamflow,9277500,ft3/s,"['A', '[91]']",0
2008-03-24,74.95417,streamflow,9277500,ft3/s,"['A', '[91]']",0
2008-03-25,78.8375,streamflow,9277500,ft3/s,"['A', '[91]']",0
2008-03-26,85.10521,streamflow,9277500,ft3/s,"['A', '[91]']",0
2008-03-27,87.24167,streamflow,9277500,ft3/s,"['A', '[91]']",0
2008-03-28,78.95625,streamflow,9277500,ft3/s,"['A', '[91]']",0
2008-03-29,79.83854,streamflow,9277500,ft3/s,"['A', '[91]']",0
2008-03-30,83.671875,streamflow,9277500,ft3/s,"['A', '[91]']",0
2008-03-31,80.21562,streamflow,9277500,ft3/s,"['A', '[91]']",0
2008-04-01,73.55625,streamflow,9277500,ft3/s,"['A', '[91]']",0
2008-04-02,78.390625,streamflow,9277500,ft3/s,"['A', '[91]']",0
2008-04-03,76.74167,streamflow,9277500,ft3/s,"['A', '[91]']",0
2008-04-04,74.458336,streamflow,9277500,ft3/s,"['A', '[91]']",0
2008-04-05,75.69583,streamflow,9277500,ft3/s,"['A', '[91]']",0
2008-04-06,75.21354,streamflow,9277500,ft3/s,"['A', '[91]']",0
2008-04-07,75.71042,streamflow,9277500,ft3/s,"['A', '[91]']",0
2008-04-08,74.65938,streamflow,9277500,ft3/s,"['A', '[91]']",0
2008-04-09,73.94688,streamflow,9277500,ft3/s,"['A', '[91]']",0
2008-04-10,73.941666,streamflow,9277500,ft3/s,"['A', '[91]']",0
2008-04-11,73.13021,streamflow,9277500,ft3/s,"['A', '[91]']",0
2008-04-12,73.32396,streamflow,9277500,ft3/s,"['A', '[91]']",0
2008-04-13,76.0625,streamflow,9277500,ft3/s,"['A', '[91]']",0
2008-04-14,82.89271,streamflow,9277500,ft3/s,"['A', '[91]']",0
2008-04-15,94.89687,streamflow,9277500,ft3/s,"['A', '[91]']",0
2008-04-16,101.68646,streamflow,9277500,ft3/s,"['A', '[91]']",0
2008-04-17,93.245834,streamflow,9277500,ft3/s,"['A', '[91]']",0
2008-04-18,91.125,streamflow,9277500,ft3/s,"['A', '[91]']",0
2008-04-19,96.56979,streamflow,9277500,ft3/s,"['A', '[91]']",0
2008-04-20,103.302086,streamflow,9277500,ft3/s,"['A', '[91]']",0
2008-04-21,104.50625,streamflow,9277500,ft3/s,"['A', '[91]']",0
2008-04-22,102.20625,streamflow,9277500,ft3/s,"['A', '[91]']",0
2008-04-23,106.03958,streamflow,9277500,ft3/s,"['A', '[91]']",0
2008-04-24,110.072914,streamflow,9277500,ft3/s,"['A', '[91]']",0
2008-04-25,106.208336,streamflow,9277500,ft3/s,"['A', '[91]']",0
2008-04-26,101.01875,streamflow,9277500,ft3/s,"['A', '[91]']",0
2008-04-27,102.359375,streamflow,9277500,ft3/s,"['A', '[91]']",0
2008-04-28,108.42604,streamflow,9277500,ft3/s,"['A', '[91]']",0
2008-04-29,124.291664,streamflow,9277500,ft3/s,"['A', '[91]']",0
2008-04-30,149.21875,streamflow,9277500,ft3/s,"['A', '[91]']",0
2008-05-01,153.0625,streamflow,9277500,ft3/s,"['A', '[91]']",0
2008-05-02,141.4375,streamflow,9277500,ft3/s,"['A', '[91]']",0
2008-05-03,136.01042,streamflow,9277500,ft3/s,"['A', '[91]']",0
2008-05-04,136.10417,streamflow,9277500,ft3/s,"['A', '[91]']",0
2008-05-05,145.375,streamflow,9277500,ft3/s,"['A', '[91]']",0
2008-05-06,175.95833,streamflow,9277500,ft3/s,"['A', '[91]']",0
2008-05-07,222.01042,streamflow,9277500,ft3/s,"['A', '[91]']",0
2008-05-08,219.59375,streamflow,9277500,ft3/s,"['A', '[91]']",0
2008-05-09,201.11458,streamflow,9277500,ft3/s,"['A', '[91]']",0
2008-05-10,190.60417,streamflow,9277500,ft3/s,"['A', '[91]']",0
2008-05-11,183.63542,streamflow,9277500,ft3/s,"['A', '[91]']",0
2008-05-12,182.70833,streamflow,9277500,ft3/s,"['A', '[91]']",0
2008-05-13,189.34375,streamflow,9277500,ft3/s,"['A', '[91]']",0
2008-05-14,173.84375,streamflow,9277500,ft3/s,"['A', '[91]']",0
2008-05-15,160.69792,streamflow,9277500,ft3/s,"['A', '[91]']",0
2008-05-16,161.4375,streamflow,9277500,ft3/s,"['A', '[91]']",0
2008-05-17,188.27083,streamflow,9277500,ft3/s,"['A', '[91]']",0
2008-05-18,271.09375,streamflow,9277500,ft3/s,"['A', '[91]']",0
2008-05-19,358.9479,streamflow,9277500,ft3/s,"['A', '[91]']",0
2008-05-20,439.0521,streamflow,9277500,ft3/s,"['A', '[91]']",0
2008-05-21,517.23956,streamflow,9277500,ft3/s,"['A', '[91]']",0
2008-05-22,528.125,streamflow,9277500,ft3/s,"['A', '[91]']",0
2008-05-23,378.8646,streamflow,9277500,ft3/s,"['A', '[91]']",0
2008-05-24,309.77084,streamflow,9277500,ft3/s,"['A', '[91]']",0
2008-05-25,233.27083,streamflow,9277500,ft3/s,"['A', '[91]']",0
2008-05-26,203.32292,streamflow,9277500,ft3/s,"['A', '[91]']",0
2008-05-27,192.09375,streamflow,9277500,ft3/s,"['A', '[91]']",0
2008-05-28,166.1875,streamflow,9277500,ft3/s,"['A', '[91]']",0
2008-05-29,156.04167,streamflow,9277500,ft3/s,"['A', '[91]']",0
2008-05-30,159.92708,streamflow,9277500,ft3/s,"['A', '[91]']",0
2008-05-31,171.61458,streamflow,9277500,ft3/s,"['A', '[91]']",0
2008-06-01,194.13542,streamflow,9277500,ft3/s,"['A', '[91]']",0
2008-06-02,287.03125,streamflow,9277500,ft3/s,"['A', '[91]']",0
2008-06-03,349.14584,streamflow,9277500,ft3/s,"['A', '[91]']",0
2008-06-04,339.14584,streamflow,9277500,ft3/s,"['A', '[91]']",0
2008-06-05,330.25,streamflow,9277500,ft3/s,"['A', '[91]']",0
2008-06-06,290.7396,streamflow,9277500,ft3/s,"['A', '[91]']",0
2008-06-07,273.9896,streamflow,9277500,ft3/s,"['A', '[91]']",0
2008-06-08,248.73958,streamflow,9277500,ft3/s,"['A', '[91]']",0
2008-06-09,234.69792,streamflow,9277500,ft3/s,"['A', '[91]']",0
2008-06-10,252.28125,streamflow,9277500,ft3/s,"['A', '[91]']",0
2008-06-11,287.5625,streamflow,9277500,ft3/s,"['A', '[91]']",0
2008-06-12,562.78125,streamflow,9277500,ft3/s,"['A', '[91]']",0
2008-06-13,511.84375,streamflow,9277500,ft3/s,"['A', '[91]']",0
2008-06-14,508.0521,streamflow,9277500,ft3/s,"['A', '[91]']",0
2008-06-15,643.03125,streamflow,9277500,ft3/s,"['A', '[91]']",0
2008-06-16,776.42706,streamflow,9277500,ft3/s,"['A', '[91]']",0
2008-06-17,799.98956,streamflow,9277500,ft3/s,"['A', '[91]']",0
2008-06-18,805.98956,streamflow,9277500,ft3/s,"['A', '[91]']",0
2008-06-19,799.51044,streamflow,9277500,ft3/s,"['A', '[91]']",0
2008-06-20,695.76044,streamflow,9277500,ft3/s,"['A', '[91]']",0
2008-06-21,593.69794,streamflow,9277500,ft3/s,"['A', '[91]']",0
2008-06-22,541.6875,streamflow,9277500,ft3/s,"['A', '[91]']",0
2008-06-23,523.9792,streamflow,9277500,ft3/s,"['A', '[91]']",0
2008-06-24,484.21875,streamflow,9277500,ft3/s,"['A', '[91]']",0
2008-06-25,431.6146,streamflow,9277500,ft3/s,"['A', '[91]']",0
2008-06-26,385.5,streamflow,9277500,ft3/s,"['A', '[91]']",0
2008-06-27,198.42708,streamflow,9277500,ft3/s,"['A', '[91]']",0
2008-06-28,123.958336,streamflow,9277500,ft3/s,"['A', '[91]']",0
2008-06-29,113.4375,streamflow,9277500,ft3/s,"['A', '[91]']",0
2008-06-30,114.666664,streamflow,9277500,ft3/s,"['A', '[91]']",0
2008-07-01,106.30417,streamflow,9277500,ft3/s,"['A', '[91]']",0
2008-07-02,105.03125,streamflow,9277500,ft3/s,"['A', '[91]']",0
2008-07-03,99.70209,streamflow,9277500,ft3/s,"['A', '[91]']",0
2008-07-04,95.921875,streamflow,9277500,ft3/s,"['A', '[91]']",0
2008-07-05,98.291664,streamflow,9277500,ft3/s,"['A', '[91]']",0
2008-07-06,101.03854,streamflow,9277500,ft3/s,"['A', '[91]']",0
2008-07-07,99.770836,streamflow,9277500,ft3/s,"['A', '[91]']",0
2008-07-08,94.24062,streamflow,9277500,ft3/s,"['A', '[91]']",0
2008-07-09,91.234375,streamflow,9277500,ft3/s,"['A', '[91]']",0
2008-07-10,84.35417,streamflow,9277500,ft3/s,"['A', '[91]']",0
2008-07-11,79.84688,streamflow,9277500,ft3/s,"['A', '[91]']",0
2008-07-12,73.594795,streamflow,9277500,ft3/s,"['A', '[91]']",0
2008-07-13,72.379166,streamflow,9277500,ft3/s,"['A', '[91]']",0
2008-07-14,66.56458,streamflow,9277500,ft3/s,"['A', '[91]']",0
2008-07-15,59.364582,streamflow,9277500,ft3/s,"['A', '[91]']",0
2008-07-16,59.3,streamflow,9277500,ft3/s,"['A', '[91]']",0
2008-07-17,56.941666,streamflow,9277500,ft3/s,"['A', '[91]']",0
2008-07-18,60.11354,streamflow,9277500,ft3/s,"['A', '[91]']",0
2008-07-19,69.65521,streamflow,9277500,ft3/s,"['A', '[91]']",0
2008-07-20,70.625,streamflow,9277500,ft3/s,"['A', '[91]']",0
2008-07-21,76.73854,streamflow,9277500,ft3/s,"['A', '[91]']",0
2008-07-22,85.98229,streamflow,9277500,ft3/s,"['A', '[91]']",0
2008-07-23,84.87708,streamflow,9277500,ft3/s,"['A', '[91]']",0
2008-07-24,73.1125,streamflow,9277500,ft3/s,"['A', '[91]']",0
2008-07-25,69.35729,streamflow,9277500,ft3/s,"['A', '[91]']",0
2008-07-26,63.99375,streamflow,9277500,ft3/s,"['A', '[91]']",0
2008-07-27,68.33021,streamflow,9277500,ft3/s,"['A', '[91]']",0
2008-07-28,84.25938,streamflow,9277500,ft3/s,"['A', '[91]']",0
2008-07-29,75.31771,streamflow,9277500,ft3/s,"['A', '[91]']",0
2008-07-30,71.23646,streamflow,9277500,ft3/s,"['A', '[91]']",0
2008-07-31,73.54792,streamflow,9277500,ft3/s,"['A', '[91]']",0
2008-08-01,68.82396,streamflow,9277500,ft3/s,"['A', '[91]']",0
2008-08-02,54.338543,streamflow,9277500,ft3/s,"['A', '[91]']",0
2008-08-03,40.502083,streamflow,9277500,ft3/s,"['A', '[91]']",0
2008-08-04,37.82396,streamflow,9277500,ft3/s,"['A', '[91]']",0
2008-08-05,34.63333,streamflow,9277500,ft3/s,"['A', '[91]']",0
2008-08-06,35.540627,streamflow,9277500,ft3/s,"['A', '[91]']",0
2008-08-07,39.172916,streamflow,9277500,ft3/s,"['A', '[91]']",0
2008-08-08,40.066666,streamflow,9277500,ft3/s,"['A', '[91]']",0
2008-08-09,46.20729,streamflow,9277500,ft3/s,"['A', '[91]']",0
2008-08-10,69.725,streamflow,9277500,ft3/s,"['A', '[91]']",0
2008-08-11,72.85104,streamflow,9277500,ft3/s,"['A', '[91]']",0
2008-08-12,49.772915,streamflow,9277500,ft3/s,"['A', '[91]']",0
2008-08-13,47.81979,streamflow,9277500,ft3/s,"['A', '[91]']",0
2008-08-14,45.44583,streamflow,9277500,ft3/s,"['A', '[91]']",0
2008-08-15,43.0125,streamflow,9277500,ft3/s,"['A', '[91]']",0
2008-08-16,44.755207,streamflow,9277500,ft3/s,"['A', '[91]']",0
2008-08-17,45.340626,streamflow,9277500,ft3/s,"['A', '[91]']",0
2008-08-18,50.160416,streamflow,9277500,ft3/s,"['A', '[91]']",0
2008-08-19,50.095833,streamflow,9277500,ft3/s,"['A', '[91]']",0
2008-08-20,46.208332,streamflow,9277500,ft3/s,"['A', '[91]']",0
2008-08-21,44.384377,streamflow,9277500,ft3/s,"['A', '[91]']",0
2008-08-22,41.32396,streamflow,9277500,ft3/s,"['A', '[91]']",0
2008-08-23,37.833332,streamflow,9277500,ft3/s,"['A', '[91]']",0
2008-08-24,35.83125,streamflow,9277500,ft3/s,"['A', '[91]']",0
2008-08-25,37.173958,streamflow,9277500,ft3/s,"['A', '[91]']",0
2008-08-26,41.94896,streamflow,9277500,ft3/s,"['A', '[91]']",0
2008-08-27,43.548958,streamflow,9277500,ft3/s,"['A', '[91]']",0
2008-08-28,39.459373,streamflow,9277500,ft3/s,"['A', '[91]']",0
2008-08-29,38.253124,streamflow,9277500,ft3/s,"['A', '[91]']",0
2008-08-30,37.392708,streamflow,9277500,ft3/s,"['A', '[91]']",0
2008-08-31,36.477085,streamflow,9277500,ft3/s,"['A', '[91]']",0
2008-09-01,56.51875,streamflow,9277500,ft3/s,"['A', '[91]']",0
2008-09-02,69.88229,streamflow,9277500,ft3/s,"['A', '[91]']",0
2008-09-03,60.446877,streamflow,9277500,ft3/s,"['A', '[91]']",0
2008-09-04,59.059376,streamflow,9277500,ft3/s,"['A', '[91]']",0
2008-09-05,56.036457,streamflow,9277500,ft3/s,"['A', '[91]']",0
2008-09-06,58.427082,streamflow,9277500,ft3/s,"['A', '[91]']",0
2008-09-07,54.78229,streamflow,9277500,ft3/s,"['A', '[91]']",0
2008-09-08,54.545834,streamflow,9277500,ft3/s,"['A', '[91]']",0
2008-09-09,52.038544,streamflow,9277500,ft3/s,"['A', '[91]']",0
2008-09-10,59.559376,streamflow,9277500,ft3/s,"['A', '[91]']",0
2008-09-11,59.652084,streamflow,9277500,ft3/s,"['A', '[91]']",0
2008-09-12,64.566666,streamflow,9277500,ft3/s,"['A', '[91]']",0
2008-09-13,57.94375,streamflow,9277500,ft3/s,"['A', '[91]']",0
2008-09-14,54.05,streamflow,9277500,ft3/s,"['A', '[91]']",0
2008-09-15,54.455208,streamflow,9277500,ft3/s,"['A', '[91]']",0
2008-09-16,49.646873,streamflow,9277500,ft3/s,"['A', '[91]']",0
2008-09-17,44.74896,streamflow,9277500,ft3/s,"['A', '[91]']",0
2008-09-18,44.265625,streamflow,9277500,ft3/s,"['A', '[91]']",0
2008-09-19,50.077084,streamflow,9277500,ft3/s,"['A', '[91]']",0
2008-09-20,48.141666,streamflow,9277500,ft3/s,"['A', '[91]']",0
2008-09-21,51.541668,streamflow,9277500,ft3/s,"['A', '[91]']",0
2008-09-22,51.079166,streamflow,9277500,ft3/s,"['A', '[91]']",0
2008-09-23,52.740623,streamflow,9277500,ft3/s,"['A', '[91]']",0
2008-09-24,54.38333,streamflow,9277500,ft3/s,"['A', '[91]']",0
2008-09-25,53.10625,streamflow,9277500,ft3/s,"['A', '[91]']",0
2008-09-26,50.767708,streamflow,9277500,ft3/s,"['A', '[91]']",0
2008-09-27,49.68646,streamflow,9277500,ft3/s,"['A', '[91]']",0
2008-09-28,51.04375,streamflow,9277500,ft3/s,"['A', '[91]']",0
2008-09-29,50.870834,streamflow,9277500,ft3/s,"['A', '[91]']",0
2008-09-30,51.851578,streamflow,9277500,ft3/s,"['A', '[91]']",0
2008-10-01,57.02292,streamflow,9277500,ft3/s,"['A', '[91]']",0
2008-10-02,68.56563,streamflow,9277500,ft3/s,"['A', '[91]']",0
2008-10-03,71.70937,streamflow,9277500,ft3/s,"['A', '[91]']",0
2008-10-04,77.20104,streamflow,9277500,ft3/s,"['A', '[91]']",0
2008-10-05,86.32604,streamflow,9277500,ft3/s,"['A', '[91]']",0
2008-10-06,84.275,streamflow,9277500,ft3/s,"['A', '[91]']",0
2008-10-07,85.55369,streamflow,9277500,ft3/s,"['A', '[91]']",0
2008-10-08,84.94737,streamflow,9277500,ft3/s,"['A', '[91]']",0
2008-10-09,90.70947,streamflow,9277500,ft3/s,"['A', '[91]']",0
2008-10-10,89.97369,streamflow,9277500,ft3/s,"['A', '[91]']",0
2008-10-11,90.40104,streamflow,9277500,ft3/s,"['A', '[91]']",0
2008-10-12,94.25263,streamflow,9277500,ft3/s,"['A', '[91]']",0
2008-10-13,95.14105,streamflow,9277500,ft3/s,"['A', '[91]']",0
2008-10-14,97.401054,streamflow,9277500,ft3/s,"['A', '[91]']",0
2008-10-15,98.74526,streamflow,9277500,ft3/s,"['A', '[91]']",0
2008-10-16,97.53579,streamflow,9277500,ft3/s,"['A', '[91]']",0
2008-10-17,96.523155,streamflow,9277500,ft3/s,"['A', '[91]']",0
2008-10-18,96.38421,streamflow,9277500,ft3/s,"['A', '[91]']",0
2008-10-19,96.31895,streamflow,9277500,ft3/s,"['A', '[91]']",0
2008-10-20,96.03368,streamflow,9277500,ft3/s,"['A', '[91]']",0
2008-10-21,96.50632,streamflow,9277500,ft3/s,"['A', '[91]']",0
2008-10-22,96.523155,streamflow,9277500,ft3/s,"['A', '[91]']",0
2008-10-23,96.62632,streamflow,9277500,ft3/s,"['A', '[91]']",0
2008-10-24,99.47579,streamflow,9277500,ft3/s,"['A', '[91]']",0
2008-10-25,100.433334,streamflow,9277500,ft3/s,"['A', '[91]']",0
2008-10-26,98.66316,streamflow,9277500,ft3/s,"['A', '[91]']",0
2008-10-27,97.782104,streamflow,9277500,ft3/s,"['A', '[91]']",0
2008-10-28,97.56842,streamflow,9277500,ft3/s,"['A', '[91]']",0
2008-10-29,98.89263,streamflow,9277500,ft3/s,"['A', '[91]']",0
2008-10-30,98.76632,streamflow,9277500,ft3/s,"['A', '[91]']",0
2008-10-31,99.786316,streamflow,9277500,ft3/s,"['A', '[91]']",0
2008-11-01,100.25745,streamflow,9277500,ft3/s,"['A', '[91]']",0
2008-11-02,100.99263,streamflow,9277500,ft3/s,"['A', '[91]']",0
2008-11-03,110.96842,streamflow,9277500,ft3/s,"['A', '[91]']",0
2008-11-04,105.494736,streamflow,9277500,ft3/s,"['A', '[91]']",0
2008-11-05,104.74,streamflow,9277500,ft3/s,"['A', '[91]']",0
2008-11-06,99.05579,streamflow,9277500,ft3/s,"['A', '[91]']",0
2008-11-07,99.07474,streamflow,9277500,ft3/s,"['A', '[91]']",0
2008-11-08,101.520004,streamflow,9277500,ft3/s,"['A', '[91]']",0
2008-11-09,100.60316,streamflow,9277500,ft3/s,"['A', '[91]']",0
2008-11-10,101.79158,streamflow,9277500,ft3/s,"['A', '[91]']",0
2008-11-11,100.72211,streamflow,9277500,ft3/s,"['A', '[91]']",0
2008-11-12,98.99579,streamflow,9277500,ft3/s,"['A', '[91]']",0
2008-11-13,98.268425,streamflow,9277500,ft3/s,"['A', '[91]']",0
2008-11-14,97.23053,streamflow,9277500,ft3/s,"['A', '[91]']",0
2008-11-15,95.86421,streamflow,9277500,ft3/s,"['A', '[91]']",0
2008-11-16,97.37158,streamflow,9277500,ft3/s,"['A', '[91]']",0
2008-11-17,96.74526,streamflow,9277500,ft3/s,"['A', '[91]']",0
2008-11-18,97.01369,streamflow,9277500,ft3/s,"['A', '[91]']",0
2008-11-19,96.85521,streamflow,9277500,ft3/s,"['A', '[91]']",0
2008-11-20,97.13052,streamflow,9277500,ft3/s,"['A', '[91]']",0
2008-11-21,98.54105,streamflow,9277500,ft3/s,"['A', '[91]']",0
2008-11-22,97.12316,streamflow,9277500,ft3/s,"['A', '[91]']",0
2008-11-23,97.97053,streamflow,9277500,ft3/s,"['A', '[91]']",0
2008-11-24,96.38737,streamflow,9277500,ft3/s,"['A', '[91]']",0
2008-11-25,94.53474,streamflow,9277500,ft3/s,"['A', '[91]']",0
2008-11-26,94.71263,streamflow,9277500,ft3/s,"['A', '[91]']",0
2008-11-27,96.54737,streamflow,9277500,ft3/s,"['A', '[91]']",0
2008-11-28,93.627365,streamflow,9277500,ft3/s,"['A', '[91]']",0
2008-11-29,91.27789,streamflow,9277500,ft3/s,"['A', '[91]']",0
2008-11-30,93.78105,streamflow,9277500,ft3/s,"['A', '[91]']",0
2008-12-01,92.78421,streamflow,9277500,ft3/s,"['A', '[91]']",0
2008-12-02,91.38737,streamflow,9277500,ft3/s,"['A', '[91]']",0
2008-12-03,91.121056,streamflow,9277500,ft3/s,"['A', '[91]']",0
2008-12-04,92.44947,streamflow,9277500,ft3/s,"['A', '[91]']",0
2008-12-05,87.890526,streamflow,9277500,ft3/s,"['A', '[91]']",0
2008-12-06,88.516846,streamflow,9277500,ft3/s,"['A', '[91]']",0
2008-12-07,90.836845,streamflow,9277500,ft3/s,"['A', '[91]']",0
2008-12-08,89.19158,streamflow,9277500,ft3/s,"['A', '[91]']",0
2008-12-09,85.95052,streamflow,9277500,ft3/s,"['A', '[91]']",0
2008-12-10,83.4,streamflow,9277500,ft3/s,"['A', '[91]']",0
2008-12-11,,streamflow,9277500,ft3/s,"['A', '[91]']",0
2008-12-12,,streamflow,9277500,ft3/s,"['A', '[91]']",0
2008-12-13,,streamflow,9277500,ft3/s,"['A', '[91]']",0
2008-12-14,,streamflow,9277500,ft3/s,"['A', '[91]']",0
2008-12-15,,streamflow,9277500,ft3/s,"['A', '[91]']",0
2008-12-16,,streamflow,9277500,ft3/s,"['A', '[91]']",0
2008-12-17,,streamflow,9277500,ft3/s,"['A', '[91]']",0
2008-12-18,,streamflow,9277500,ft3/s,"['A', '[91]']",0
2008-12-19,,streamflow,9277500,ft3/s,"['A', '[91]']",0
2008-12-20,,streamflow,9277500,ft3/s,"['A', '[91]']",0
2008-12-21,,streamflow,9277500,ft3/s,"['A', '[91]']",0
2008-12-22,,streamflow,9277500,ft3/s,"['A', '[91]']",0
2008-12-23,,streamflow,9277500,ft3/s,"['A', '[91]']",0
2008-12-24,,streamflow,9277500,ft3/s,"['A', '[91]']",0
2008-12-25,,streamflow,9277500,ft3/s,"['A', '[91]']",0
2008-12-26,,streamflow,9277500,ft3/s,"['A', '[91]']",0
2008-12-27,,streamflow,9277500,ft3/s,"['A', '[91]']",0
2008-12-28,,streamflow,9277500,ft3/s,"['A', '[91]']",0
2008-12-29,,streamflow,9277500,ft3/s,"['A', '[91]']",0
2008-12-30,,streamflow,9277500,ft3/s,"['A', '[91]']",0
2008-12-31,,streamflow,9277500,ft3/s,"['A', '[91]']",0
2009-01-01,,streamflow,9277500,ft3/s,"['A', '[91]']",0
2009-01-02,,streamflow,9277500,ft3/s,"['A', '[91]']",0
2009-01-03,,streamflow,9277500,ft3/s,"['A', '[91]']",0
2009-01-04,,streamflow,9277500,ft3/s,"['A', '[91]']",0
2009-01-05,,streamflow,9277500,ft3/s,"['A', '[91]']",0
2009-01-06,,streamflow,9277500,ft3/s,"['A', '[91]']",0
2009-01-07,,streamflow,9277500,ft3/s,"['A', '[91]']",0
2009-01-08,,streamflow,9277500,ft3/s,"['A', '[91]']",0
2009-01-09,,streamflow,9277500,ft3/s,"['A', '[91]']",0
2009-01-10,,streamflow,9277500,ft3/s,"['A', '[91]']",0
2009-01-11,,streamflow,9277500,ft3/s,"['A', '[91]']",0
2009-01-12,,streamflow,9277500,ft3/s,"['A', '[91]']",0
2009-01-13,,streamflow,9277500,ft3/s,"['A', '[91]']",0
2009-01-14,,streamflow,9277500,ft3/s,"['A', '[91]']",0
2009-01-15,,streamflow,9277500,ft3/s,"['A', '[91]']",0
2009-01-16,,streamflow,9277500,ft3/s,"['A', '[91]']",0
2009-01-17,,streamflow,9277500,ft3/s,"['A', '[91]']",0
2009-01-18,,streamflow,9277500,ft3/s,"['A', '[91]']",0
2009-01-19,,streamflow,9277500,ft3/s,"['A', '[91]']",0
2009-01-20,,streamflow,9277500,ft3/s,"['A', '[91]']",0
2009-01-21,,streamflow,9277500,ft3/s,"['A', '[91]']",0
2009-01-22,,streamflow,9277500,ft3/s,"['A', '[91]']",0
2009-01-23,,streamflow,9277500,ft3/s,"['A', '[91]']",0
2009-01-24,,streamflow,9277500,ft3/s,"['A', '[91]']",0
2009-01-25,,streamflow,9277500,ft3/s,"['A', '[91]']",0
2009-01-26,,streamflow,9277500,ft3/s,"['A', '[91]']",0
2009-01-27,,streamflow,9277500,ft3/s,"['A', '[91]']",0
2009-01-28,,streamflow,9277500,ft3/s,"['A', '[91]']",0
2009-01-29,,streamflow,9277500,ft3/s,"['A', '[91]']",0
2009-01-30,,streamflow,9277500,ft3/s,"['A', '[91]']",0
2009-01-31,,streamflow,9277500,ft3/s,"['A', '[91]']",0
2009-02-01,,streamflow,9277500,ft3/s,"['A', '[91]']",0
2009-02-02,,streamflow,9277500,ft3/s,"['A', '[91]']",0
2009-02-03,,streamflow,9277500,ft3/s,"['A', '[91]']",0
2009-02-04,,streamflow,9277500,ft3/s,"['A', '[91]']",0
2009-02-05,,streamflow,9277500,ft3/s,"['A', '[91]']",0
2009-02-06,,streamflow,9277500,ft3/s,"['A', '[91]']",0
2009-02-07,,streamflow,9277500,ft3/s,"['A', '[91]']",0
2009-02-08,,streamflow,9277500,ft3/s,"['A', '[91]']",0
2009-02-09,,streamflow,9277500,ft3/s,"['A', '[91]']",0
2009-02-10,,streamflow,9277500,ft3/s,"['A', '[91]']",0
2009-02-11,,streamflow,9277500,ft3/s,"['A', '[91]']",0
2009-02-12,,streamflow,9277500,ft3/s,"['A', '[91]']",0
2009-02-13,,streamflow,9277500,ft3/s,"['A', '[91]']",0
2009-02-14,,streamflow,9277500,ft3/s,"['A', '[91]']",0
2009-02-15,,streamflow,9277500,ft3/s,"['A', '[91]']",0
2009-02-16,,streamflow,9277500,ft3/s,"['A', '[91]']",0
2009-02-17,,streamflow,9277500,ft3/s,"['A', '[91]']",0
2009-02-18,,streamflow,9277500,ft3/s,"['A', '[91]']",0
2009-02-19,,streamflow,9277500,ft3/s,"['A', '[91]']",0
2009-02-20,,streamflow,9277500,ft3/s,"['A', '[91]']",0
2009-02-21,,streamflow,9277500,ft3/s,"['A', '[91]']",0
2009-02-22,,streamflow,9277500,ft3/s,"['A', '[91]']",0
2009-02-23,,streamflow,9277500,ft3/s,"['A', '[91]']",0
2009-02-24,,streamflow,9277500,ft3/s,"['A', '[91]']",0
2009-02-25,,streamflow,9277500,ft3/s,"['A', '[91]']",0
2009-02-26,,streamflow,9277500,ft3/s,"['A', '[91]']",0
2009-02-27,,streamflow,9277500,ft3/s,"['A', '[91]']",0
2009-02-28,,streamflow,9277500,ft3/s,"['A', '[91]']",0
2009-03-01,,streamflow,9277500,ft3/s,"['A', '[91]']",0
2009-03-02,,streamflow,9277500,ft3/s,"['A', '[91]']",0
2009-03-03,,streamflow,9277500,ft3/s,"['A', '[91]']",0
2009-03-04,,streamflow,9277500,ft3/s,"['A', '[91]']",0
2009-03-05,,streamflow,9277500,ft3/s,"['A', '[91]']",0
2009-03-06,,streamflow,9277500,ft3/s,"['A', '[91]']",0
2009-03-07,68.36471,streamflow,9277500,ft3/s,"['A', '[91]']",0
2009-03-08,66.11354,streamflow,9277500,ft3/s,"['A', '[91]']",0
2009-03-09,67.8125,streamflow,9277500,ft3/s,"['A', '[91]']",0
2009-03-10,67.234375,streamflow,9277500,ft3/s,"['A', '[91]']",0
2009-03-11,65.37292,streamflow,9277500,ft3/s,"['A', '[91]']",0
2009-03-12,67.50625,streamflow,9277500,ft3/s,"['A', '[91]']",0
2009-03-13,65.57396,streamflow,9277500,ft3/s,"['A', '[91]']",0
2009-03-14,65.79584,streamflow,9277500,ft3/s,"['A', '[91]']",0
2009-03-15,65.708336,streamflow,9277500,ft3/s,"['A', '[91]']",0
2009-03-16,65.23021,streamflow,9277500,ft3/s,"['A', '[91]']",0
2009-03-17,65.876045,streamflow,9277500,ft3/s,"['A', '[91]']",0
2009-03-18,67.688545,streamflow,9277500,ft3/s,"['A', '[91]']",0
2009-03-19,69.1,streamflow,9277500,ft3/s,"['A', '[91]']",0
2009-03-20,71.72083,streamflow,9277500,ft3/s,"['A', '[91]']",0
2009-03-21,75.140625,streamflow,9277500,ft3/s,"['A', '[91]']",0
2009-03-22,79.52604,streamflow,9277500,ft3/s,"['A', '[91]']",0
2009-03-23,77.44688,streamflow,9277500,ft3/s,"['A', '[91]']",0
2009-03-24,74.23333,streamflow,9277500,ft3/s,"['A', '[91]']",0
2009-03-25,71.41563,streamflow,9277500,ft3/s,"['A', '[91]']",0
2009-03-26,72.666664,streamflow,9277500,ft3/s,"['A', '[91]']",0
2009-03-27,67.2125,streamflow,9277500,ft3/s,"['A', '[91]']",0
2009-03-28,68.95417,streamflow,9277500,ft3/s,"['A', '[91]']",0
2009-03-29,70.416664,streamflow,9277500,ft3/s,"['A', '[91]']",0
2009-03-30,68.2125,streamflow,9277500,ft3/s,"['A', '[91]']",0
2009-03-31,66.4875,streamflow,9277500,ft3/s,"['A', '[91]']",0
2009-04-01,70.41146,streamflow,9277500,ft3/s,"['A', '[91]']",0
2009-04-02,68.563545,streamflow,9277500,ft3/s,"['A', '[91]']",0
2009-04-03,72.885414,streamflow,9277500,ft3/s,"['A', '[91]']",0
2009-04-04,70.35,streamflow,9277500,ft3/s,"['A', '[91]']",0
2009-04-05,69.39375,streamflow,9277500,ft3/s,"['A', '[91]']",0
2009-04-06,68.890625,streamflow,9277500,ft3/s,"['A', '[91]']",0
2009-04-07,69.089584,streamflow,9277500,ft3/s,"['A', '[91]']",0
2009-04-08,71.847916,streamflow,9277500,ft3/s,"['A', '[91]']",0
2009-04-09,75.21042,streamflow,9277500,ft3/s,"['A', '[91]']",0
2009-04-10,72.90625,streamflow,9277500,ft3/s,"['A', '[91]']",0
2009-04-11,73.71562,streamflow,9277500,ft3/s,"['A', '[91]']",0
2009-04-12,81.31458,streamflow,9277500,ft3/s,"['A', '[91]']",0
2009-04-13,78.00313,streamflow,9277500,ft3/s,"['A', '[91]']",0
2009-04-14,81.18021,streamflow,9277500,ft3/s,"['A', '[91]']",0
2009-04-15,91.70209,streamflow,9277500,ft3/s,"['A', '[91]']",0
2009-04-16,95.66875,streamflow,9277500,ft3/s,"['A', '[91]']",0
2009-04-17,88.09062,streamflow,9277500,ft3/s,"['A', '[91]']",0
2009-04-18,86.66979,streamflow,9277500,ft3/s,"['A', '[91]']",0
2009-04-19,92.387505,streamflow,9277500,ft3/s,"['A', '[91]']",0
2009-04-20,102.48854,streamflow,9277500,ft3/s,"['A', '[91]']",0
2009-04-21,116.427086,streamflow,9277500,ft3/s,"['A', '[91]']",0
2009-04-22,130.14583,streamflow,9277500,ft3/s,"['A', '[91]']",0
2009-04-23,147.82292,streamflow,9277500,ft3/s,"['A', '[91]']",0
2009-04-24,162.70833,streamflow,9277500,ft3/s,"['A', '[91]']",0
2009-04-25,170.67708,streamflow,9277500,ft3/s,"['A', '[91]']",0
2009-04-26,168.35417,streamflow,9277500,ft3/s,"['A', '[91]']",0
2009-04-27,152.97917,streamflow,9277500,ft3/s,"['A', '[91]']",0
2009-04-28,144.09375,streamflow,9277500,ft3/s,"['A', '[91]']",0
2009-04-29,130.3125,streamflow,9277500,ft3/s,"['A', '[91]']",0
2009-04-30,136.9375,streamflow,9277500,ft3/s,"['A', '[91]']",0
2009-05-01,142.67708,streamflow,9277500,ft3/s,"['A', '[91]']",0
2009-05-02,159.92708,streamflow,9277500,ft3/s,"['A', '[91]']",0
2009-05-03,186.23958,streamflow,9277500,ft3/s,"['A', '[91]']",0
2009-05-04,175.92708,streamflow,9277500,ft3/s,"['A', '[91]']",0
2009-05-05,156.52083,streamflow,9277500,ft3/s,"['A', '[91]']",0
2009-05-06,154.17708,streamflow,9277500,ft3/s,"['A', '[91]']",0
2009-05-07,172.29167,streamflow,9277500,ft3/s,"['A', '[91]']",0
2009-05-08,201.55208,streamflow,9277500,ft3/s,"['A', '[91]']",0
2009-05-09,212.0625,streamflow,9277500,ft3/s,"['A', '[91]']",0
2009-05-10,207.41667,streamflow,9277500,ft3/s,"['A', '[91]']",0
2009-05-11,198.80208,streamflow,9277500,ft3/s,"['A', '[91]']",0
2009-05-12,226.29167,streamflow,9277500,ft3/s,"['A', '[91]']",0
2009-05-13,272.9375,streamflow,9277500,ft3/s,"['A', '[91]']",0
2009-05-14,247.64583,streamflow,9277500,ft3/s,"['A', '[91]']",0
2009-05-15,297.6354,streamflow,9277500,ft3/s,"['A', '[91]']",0
2009-05-16,409.7604,streamflow,9277500,ft3/s,"['A', '[91]']",0
2009-05-17,501.0729,streamflow,9277500,ft3/s,"['A', '[91]']",0
2009-05-18,701.82294,streamflow,9277500,ft3/s,"['A', '[91]']",0
2009-05-19,953.4375,streamflow,9277500,ft3/s,"['A', '[91]']",0
2009-05-20,1000.38544,streamflow,9277500,ft3/s,"['A', '[91]']",0
2009-05-21,893.9375,streamflow,9277500,ft3/s,"['A', '[91]']",0
2009-05-22,909.82294,streamflow,9277500,ft3/s,"['A', '[91]']",0
2009-05-23,695.34375,streamflow,9277500,ft3/s,"['A', '[91]']",0
2009-05-24,677.67706,streamflow,9277500,ft3/s,"['A', '[91]']",0
2009-05-25,772.65625,streamflow,9277500,ft3/s,"['A', '[91]']",0
2009-05-26,705.38544,streamflow,9277500,ft3/s,"['A', '[91]']",0
2009-05-27,689.98956,streamflow,9277500,ft3/s,"['A', '[91]']",0
2009-05-28,596.55206,streamflow,9277500,ft3/s,"['A', '[91]']",0
2009-05-29,582.2708,streamflow,9277500,ft3/s,"['A', '[91]']",0
2009-05-30,504.5104,streamflow,9277500,ft3/s,"['A', '[91]']",0
2009-05-31,492.4479,streamflow,9277500,ft3/s,"['A', '[91]']",0
2009-06-01,491.9479,streamflow,9277500,ft3/s,"['A', '[91]']",0
2009-06-02,492.4896,streamflow,9277500,ft3/s,"['A', '[91]']",0
2009-06-03,475.6875,streamflow,9277500,ft3/s,"['A', '[91]']",0
2009-06-04,444.72916,streamflow,9277500,ft3/s,"['A', '[91]']",0
2009-06-05,404.75,streamflow,9277500,ft3/s,"['A', '[91]']",0
2009-06-06,350.60416,streamflow,9277500,ft3/s,"['A', '[91]']",0
2009-06-07,277.65625,streamflow,9277500,ft3/s,"['A', '[91]']",0
2009-06-08,243.44792,streamflow,9277500,ft3/s,"['A', '[91]']",0
2009-06-09,211.36458,streamflow,9277500,ft3/s,"['A', '[91]']",0
2009-06-10,196.80208,streamflow,9277500,ft3/s,"['A', '[91]']",0
2009-06-11,205.42708,streamflow,9277500,ft3/s,"['A', '[91]']",0
2009-06-12,338.7396,streamflow,9277500,ft3/s,"['A', '[91]']",0
2009-06-13,304.83334,streamflow,9277500,ft3/s,"['A', '[91]']",0
2009-06-14,303.875,streamflow,9277500,ft3/s,"['A', '[91]']",0
2009-06-15,329.59375,streamflow,9277500,ft3/s,"['A', '[91]']",0
2009-06-16,286.96875,streamflow,9277500,ft3/s,"['A', '[91]']",0
2009-06-17,281.0625,streamflow,9277500,ft3/s,"['A', '[91]']",0
2009-06-18,459.78125,streamflow,9277500,ft3/s,"['A', '[91]']",0
2009-06-19,492.34375,streamflow,9277500,ft3/s,"['A', '[91]']",0
2009-06-20,403.10416,streamflow,9277500,ft3/s,"['A', '[91]']",0
2009-06-21,496.96875,streamflow,9277500,ft3/s,"['A', '[91]']",0
2009-06-22,474.39584,streamflow,9277500,ft3/s,"['A', '[91]']",0
2009-06-23,394.6146,streamflow,9277500,ft3/s,"['A', '[91]']",0
2009-06-24,358.16666,streamflow,9277500,ft3/s,"['A', '[91]']",0
2009-06-25,332.5521,streamflow,9277500,ft3/s,"['A', '[91]']",0
2009-06-26,333.625,streamflow,9277500,ft3/s,"['A', '[91]']",0
2009-06-27,358.20834,streamflow,9277500,ft3/s,"['A', '[91]']",0
2009-06-28,274.375,streamflow,9277500,ft3/s,"['A', '[91]']",0
2009-06-29,236.65625,streamflow,9277500,ft3/s,"['A', '[91]']",0
2009-06-30,208.70833,streamflow,9277500,ft3/s,"['A', '[91]']",0
2009-07-01,187.09375,streamflow,9277500,ft3/s,"['A', '[91]']",0
2009-07-02,209.35417,streamflow,9277500,ft3/s,"['A', '[91]']",0
2009-07-03,247.83333,streamflow,9277500,ft3/s,"['A', '[91]']",0
2009-07-04,229.61458,streamflow,9277500,ft3/s,"['A', '[91]']",0
2009-07-05,219.89583,streamflow,9277500,ft3/s,"['A', '[91]']",0
2009-07-06,191.9375,streamflow,9277500,ft3/s,"['A', '[91]']",0
2009-07-07,142.20833,streamflow,9277500,ft3/s,"['A', '[91]']",0
2009-07-08,125.583336,streamflow,9277500,ft3/s,"['A', '[91]']",0
2009-07-09,118.375,streamflow,9277500,ft3/s,"['A', '[91]']",0
2009-07-10,115.979164,streamflow,9277500,ft3/s,"['A', '[91]']",0
2009-07-11,104.36042,streamflow,9277500,ft3/s,"['A', '[91]']",0
2009-07-12,99.05104,streamflow,9277500,ft3/s,"['A', '[91]']",0
2009-07-13,94.089584,streamflow,9277500,ft3/s,"['A', '[91]']",0
2009-07-14,83.61146,streamflow,9277500,ft3/s,"['A', '[91]']",0
2009-07-15,73.50729,streamflow,9277500,ft3/s,"['A', '[91]']",0
2009-07-16,67.34896,streamflow,9277500,ft3/s,"['A', '[91]']",0
2009-07-17,64.01875,streamflow,9277500,ft3/s,"['A', '[91]']",0
2009-07-18,61.377083,streamflow,9277500,ft3/s,"['A', '[91]']",0
2009-07-19,60.965626,streamflow,9277500,ft3/s,"['A', '[91]']",0
2009-07-20,59.67604,streamflow,9277500,ft3/s,"['A', '[91]']",0
2009-07-21,55.40625,streamflow,9277500,ft3/s,"['A', '[91]']",0
2009-07-22,54.315624,streamflow,9277500,ft3/s,"['A', '[91]']",0
2009-07-23,55.389584,streamflow,9277500,ft3/s,"['A', '[91]']",0
2009-07-24,53.66771,streamflow,9277500,ft3/s,"['A', '[91]']",0
2009-07-25,58.091667,streamflow,9277500,ft3/s,"['A', '[91]']",0
2009-07-26,64.308334,streamflow,9277500,ft3/s,"['A', '[91]']",0
2009-07-27,71.48021,streamflow,9277500,ft3/s,"['A', '[91]']",0
2009-07-28,60.08542,streamflow,9277500,ft3/s,"['A', '[91]']",0
2009-07-29,56.5125,streamflow,9277500,ft3/s,"['A', '[91]']",0
2009-07-30,53.522915,streamflow,9277500,ft3/s,"['A', '[91]']",0
2009-07-31,50.744793,streamflow,9277500,ft3/s,"['A', '[91]']",0
2009-08-01,48.854168,streamflow,9277500,ft3/s,"['A', '[91]']",0
2009-08-02,48.306248,streamflow,9277500,ft3/s,"['A', '[91]']",0
2009-08-03,50.627083,streamflow,9277500,ft3/s,"['A', '[91]']",0
2009-08-04,46.2375,streamflow,9277500,ft3/s,"['A', '[91]']",0
2009-08-05,47.489582,streamflow,9277500,ft3/s,"['A', '[91]']",0
2009-08-06,54.364582,streamflow,9277500,ft3/s,"['A', '[91]']",0
2009-08-07,63.722916,streamflow,9277500,ft3/s,"['A', '[91]']",0
2009-08-08,57.609375,streamflow,9277500,ft3/s,"['A', '[91]']",0
2009-08-09,57.338543,streamflow,9277500,ft3/s,"['A', '[91]']",0
2009-08-10,56.945835,streamflow,9277500,ft3/s,"['A', '[91]']",0
2009-08-11,51.30104,streamflow,9277500,ft3/s,"['A', '[91]']",0
2009-08-12,50.808334,streamflow,9277500,ft3/s,"['A', '[91]']",0
2009-08-13,50.194794,streamflow,9277500,ft3/s,"['A', '[91]']",0
2009-08-14,52.56875,streamflow,9277500,ft3/s,"['A', '[91]']",0
2009-08-15,63.89375,streamflow,9277500,ft3/s,"['A', '[91]']",0
2009-08-16,59.507294,streamflow,9277500,ft3/s,"['A', '[91]']",0
2009-08-17,58.939583,streamflow,9277500,ft3/s,"['A', '[91]']",0
2009-08-18,57.963543,streamflow,9277500,ft3/s,"['A', '[91]']",0
2009-08-19,58.139584,streamflow,9277500,ft3/s,"['A', '[91]']",0
2009-08-20,57.08646,streamflow,9277500,ft3/s,"['A', '[91]']",0
2009-08-21,54.7125,streamflow,9277500,ft3/s,"['A', '[91]']",0
2009-08-22,52.93854,streamflow,9277500,ft3/s,"['A', '[91]']",0
2009-08-23,51.303123,streamflow,9277500,ft3/s,"['A', '[91]']",0
2009-08-24,60.83229,streamflow,9277500,ft3/s,"['A', '[91]']",0
2009-08-25,55.014584,streamflow,9277500,ft3/s,"['A', '[91]']",0
2009-08-26,60.069794,streamflow,9277500,ft3/s,"['A', '[91]']",0
2009-08-27,51.807293,streamflow,9277500,ft3/s,"['A', '[91]']",0
2009-08-28,48.023956,streamflow,9277500,ft3/s,"['A', '[91]']",0
2009-08-29,49.145832,streamflow,9277500,ft3/s,"['A', '[91]']",0
2009-08-30,48.228123,streamflow,9277500,ft3/s,"['A', '[91]']",0
2009-08-31,48.053123,streamflow,9277500,ft3/s,"['A', '[91]']",0
2009-09-01,46.27708,streamflow,9277500,ft3/s,"['A', '[91]']",0
2009-09-02,46.472916,streamflow,9277500,ft3/s,"['A', '[91]']",0
2009-09-03,47.065624,streamflow,9277500,ft3/s,"['A', '[91]']",0
2009-09-04,47.390625,streamflow,9277500,ft3/s,"['A', '[91]']",0
2009-09-05,49.225,streamflow,9277500,ft3/s,"['A', '[91]']",0
2009-09-06,46.367706,streamflow,9277500,ft3/s,"['A', '[91]']",0
2009-09-07,44.829166,streamflow,9277500,ft3/s,"['A', '[91]']",0
2009-09-08,42.639584,streamflow,9277500,ft3/s,"['A', '[91]']",0
2009-09-09,41.320835,streamflow,9277500,ft3/s,"['A', '[91]']",0
2009-09-10,41.611458,streamflow,9277500,ft3/s,"['A', '[91]']",0
2009-09-11,43.255207,streamflow,9277500,ft3/s,"['A', '[91]']",0
2009-09-12,42.711456,streamflow,9277500,ft3/s,"['A', '[91]']",0
2009-09-13,43.116665,streamflow,9277500,ft3/s,"['A', '[91]']",0
2009-09-14,49.723957,streamflow,9277500,ft3/s,"['A', '[91]']",0
2009-09-15,65.56771,streamflow,9277500,ft3/s,"['A', '[91]']",0
2009-09-16,55.079166,streamflow,9277500,ft3/s,"['A', '[91]']",0
2009-09-17,48.348957,streamflow,9277500,ft3/s,"['A', '[91]']",0
2009-09-18,47.380207,streamflow,9277500,ft3/s,"['A', '[91]']",0
2009-09-19,46.064583,streamflow,9277500,ft3/s,"['A', '[91]']",0
2009-09-20,60.02396,streamflow,9277500,ft3/s,"['A', '[91]']",0
2009-09-21,59.413544,streamflow,9277500,ft3/s,"['A', '[91]']",0
2009-09-22,60.38125,streamflow,9277500,ft3/s,"['A', '[91]']",0
2009-09-23,65.60834,streamflow,9277500,ft3/s,"['A', '[91]']",0
2009-09-24,66.16771,streamflow,9277500,ft3/s,"['A', '[91]']",0
2009-09-25,66.90417,streamflow,9277500,ft3/s,"['A', '[91]']",0
2009-09-26,64.15417,streamflow,9277500,ft3/s,"['A', '[91]']",0
2009-09-27,60.725,streamflow,9277500,ft3/s,"['A', '[91]']",0
2009-09-28,58.714584,streamflow,9277500,ft3/s,"['A', '[91]']",0
2009-09-29,60.659374,streamflow,9277500,ft3/s,"['A', '[91]']",0
2009-09-30,65.02396,streamflow,9277500,ft3/s,"['A', '[91]']",0
2009-10-01,71.864586,streamflow,9277500,ft3/s,"['A', '[91]']",0
2009-10-02,80.51771,streamflow,9277500,ft3/s,"['A', '[91]']",0
2009-10-03,83.65,streamflow,9277500,ft3/s,"['A', '[91]']",0
2009-10-04,89.078125,streamflow,9277500,ft3/s,"['A', '[91]']",0
2009-10-05,94.45104,streamflow,9277500,ft3/s,"['A', '[91]']",0
2009-10-06,91.85,streamflow,9277500,ft3/s,"['A', '[91]']",0
2009-10-07,94.75938,streamflow,9277500,ft3/s,"['A', '[91]']",0
2009-10-08,94.700005,streamflow,9277500,ft3/s,"['A', '[91]']",0
2009-10-09,95.86042,streamflow,9277500,ft3/s,"['A', '[91]']",0
2009-10-10,95.907295,streamflow,9277500,ft3/s,"['A', '[91]']",0
2009-10-11,96.36771,streamflow,9277500,ft3/s,"['A', '[91]']",0
2009-10-12,96.01667,streamflow,9277500,ft3/s,"['A', '[91]']",0
2009-10-13,96.6125,streamflow,9277500,ft3/s,"['A', '[91]']",0
2009-10-14,100.311455,streamflow,9277500,ft3/s,"['A', '[91]']",0
2009-10-15,103.59688,streamflow,9277500,ft3/s,"['A', '[91]']",0
2009-10-16,101.22708,streamflow,9277500,ft3/s,"['A', '[91]']",0
2009-10-17,99.45938,streamflow,9277500,ft3/s,"['A', '[91]']",0
2009-10-18,98.69792,streamflow,9277500,ft3/s,"['A', '[91]']",0
2009-10-19,98.99896,streamflow,9277500,ft3/s,"['A', '[91]']",0
2009-10-20,98.43229,streamflow,9277500,ft3/s,"['A', '[91]']",0
2009-10-21,98.71563,streamflow,9277500,ft3/s,"['A', '[91]']",0
2009-10-22,98.99896,streamflow,9277500,ft3/s,"['A', '[91]']",0
2009-10-23,99.54792,streamflow,9277500,ft3/s,"['A', '[91]']",0
2009-10-24,98.89271,streamflow,9277500,ft3/s,"['A', '[91]']",0
2009-10-25,98.50313,streamflow,9277500,ft3/s,"['A', '[91]']",0
2009-10-26,99.40625,streamflow,9277500,ft3/s,"['A', '[91]']",0
2009-10-27,100.94271,streamflow,9277500,ft3/s,"['A', '[91]']",0
2009-10-28,100.046875,streamflow,9277500,ft3/s,"['A', '[91]']",0
2009-10-29,99.114586,streamflow,9277500,ft3/s,"['A', '[91]']",0
2009-10-30,98.78333,streamflow,9277500,ft3/s,"['A', '[91]']",0
2009-10-31,103.14792,streamflow,9277500,ft3/s,"['A', '[91]']",0
2009-11-01,97.88333,streamflow,9277500,ft3/s,"['A', '[91]']",0
2009-11-02,96.84062,streamflow,9277500,ft3/s,"['A', '[91]']",0
2009-11-03,97.15833,streamflow,9277500,ft3/s,"['A', '[91]']",0
2009-11-04,97.12292,streamflow,9277500,ft3/s,"['A', '[91]']",0
2009-11-05,97.45104,streamflow,9277500,ft3/s,"['A', '[91]']",0
2009-11-06,96.96562,streamflow,9277500,ft3/s,"['A', '[91]']",0
2009-11-07,96.46771,streamflow,9277500,ft3/s,"['A', '[91]']",0
2009-11-08,96.145836,streamflow,9277500,ft3/s,"['A', '[91]']",0
2009-11-09,95.05312,streamflow,9277500,ft3/s,"['A', '[91]']",0
2009-11-10,95.08542,streamflow,9277500,ft3/s,"['A', '[91]']",0
2009-11-11,94.5875,streamflow,9277500,ft3/s,"['A', '[91]']",0
2009-11-12,94.15,streamflow,9277500,ft3/s,"['A', '[91]']",0
2009-11-13,93.91667,streamflow,9277500,ft3/s,"['A', '[91]']",0
2009-11-14,91.234375,streamflow,9277500,ft3/s,"['A', '[91]']",0
2009-11-15,91.11979,streamflow,9277500,ft3/s,"['A', '[91]']",0
2009-11-16,89.660416,streamflow,9277500,ft3/s,"['A', '[91]']",0
2009-11-17,90.85521,streamflow,9277500,ft3/s,"['A', '[91]']",0
2009-11-18,90.55521,streamflow,9277500,ft3/s,"['A', '[91]']",0
2009-11-19,90.604164,streamflow,9277500,ft3/s,"['A', '[91]']",0
2009-11-20,88.09583,streamflow,9277500,ft3/s,"['A', '[91]']",0
2009-11-21,90.37813,streamflow,9277500,ft3/s,"['A', '[91]']",0
2009-11-22,87.94583,streamflow,9277500,ft3/s,"['A', '[91]']",0
2009-11-23,90.09583,streamflow,9277500,ft3/s,"['A', '[91]']",0
2009-11-24,86.66354,streamflow,9277500,ft3/s,"['A', '[91]']",0
2009-11-25,89.62396,streamflow,9277500,ft3/s,"['A', '[91]']",0
2009-11-26,87.572914,streamflow,9277500,ft3/s,"['A', '[91]']",0
2009-11-27,86.06042,streamflow,9277500,ft3/s,"['A', '[91]']",0
2009-11-28,86.77292,streamflow,9277500,ft3/s,"['A', '[91]']",0
2009-11-29,85.91563,streamflow,9277500,ft3/s,"['A', '[91]']",0
2009-11-30,83.32292,streamflow,9277500,ft3/s,"['A', '[91]']",0
2009-12-01,84.30938,streamflow,9277500,ft3/s,"['A', '[91]']",0
2009-12-02,84.11875,streamflow,9277500,ft3/s,"['A', '[91]']",0
2009-12-03,81.691666,streamflow,9277500,ft3/s,"['A', '[91]']",0
2009-12-04,78.96429,streamflow,9277500,ft3/s,"['A', '[91]']",0
2009-12-05,,streamflow,9277500,ft3/s,"['A', '[91]']",0
2009-12-06,,streamflow,9277500,ft3/s,"['A', '[91]']",0
2009-12-07,,streamflow,9277500,ft3/s,"['A', '[91]']",0
2009-12-08,,streamflow,9277500,ft3/s,"['A', '[91]']",0
2009-12-09,,streamflow,9277500,ft3/s,"['A', '[91]']",0
2009-12-10,,streamflow,9277500,ft3/s,"['A', '[91]']",0
2009-12-11,,streamflow,9277500,ft3/s,"['A', '[91]']",0
2009-12-12,,streamflow,9277500,ft3/s,"['A', '[91]']",0
2009-12-13,,streamflow,9277500,ft3/s,"['A', '[91]']",0
2009-12-14,,streamflow,9277500,ft3/s,"['A', '[91]']",0
2009-12-15,,streamflow,9277500,ft3/s,"['A', '[91]']",0
2009-12-16,,streamflow,9277500,ft3/s,"['A', '[91]']",0
2009-12-17,,streamflow,9277500,ft3/s,"['A', '[91]']",0
2009-12-18,,streamflow,9277500,ft3/s,"['A', '[91]']",0
2009-12-19,,streamflow,9277500,ft3/s,"['A', '[91]']",0
2009-12-20,,streamflow,9277500,ft3/s,"['A', '[91]']",0
2009-12-21,,streamflow,9277500,ft3/s,"['A', '[91]']",0
2009-12-22,,streamflow,9277500,ft3/s,"['A', '[91]']",0
2009-12-23,,streamflow,9277500,ft3/s,"['A', '[91]']",0
2009-12-24,,streamflow,9277500,ft3/s,"['A', '[91]']",0
2009-12-25,,streamflow,9277500,ft3/s,"['A', '[91]']",0
2009-12-26,,streamflow,9277500,ft3/s,"['A', '[91]']",0
2009-12-27,,streamflow,9277500,ft3/s,"['A', '[91]']",0
2009-12-28,,streamflow,9277500,ft3/s,"['A', '[91]']",0
2009-12-29,,streamflow,9277500,ft3/s,"['A', '[91]']",0
2009-12-30,,streamflow,9277500,ft3/s,"['A', '[91]']",0
2009-12-31,,streamflow,9277500,ft3/s,"['A', '[91]']",0
2010-01-01,,streamflow,9277500,ft3/s,"['A', '[91]']",0
2010-01-02,,streamflow,9277500,ft3/s,"['A', '[91]']",0
2010-01-03,,streamflow,9277500,ft3/s,"['A', '[91]']",0
2010-01-04,,streamflow,9277500,ft3/s,"['A', '[91]']",0
2010-01-05,,streamflow,9277500,ft3/s,"['A', '[91]']",0
2010-01-06,,streamflow,9277500,ft3/s,"['A', '[91]']",0
2010-01-07,,streamflow,9277500,ft3/s,"['A', '[91]']",0
2010-01-08,,streamflow,9277500,ft3/s,"['A', '[91]']",0
2010-01-09,,streamflow,9277500,ft3/s,"['A', '[91]']",0
2010-01-10,,streamflow,9277500,ft3/s,"['A', '[91]']",0
2010-01-11,,streamflow,9277500,ft3/s,"['A', '[91]']",0
2010-01-12,,streamflow,9277500,ft3/s,"['A', '[91]']",0
2010-01-13,,streamflow,9277500,ft3/s,"['A', '[91]']",0
2010-01-14,,streamflow,9277500,ft3/s,"['A', '[91]']",0
2010-01-15,,streamflow,9277500,ft3/s,"['A', '[91]']",0
2010-01-16,,streamflow,9277500,ft3/s,"['A', '[91]']",0
2010-01-17,70.46618,streamflow,9277500,ft3/s,"['A', '[91]']",0
2010-01-18,69.7875,streamflow,9277500,ft3/s,"['A', '[91]']",0
2010-01-19,70.7625,streamflow,9277500,ft3/s,"['A', '[91]']",0
2010-01-20,70.234375,streamflow,9277500,ft3/s,"['A', '[91]']",0
2010-01-21,70.18021,streamflow,9277500,ft3/s,"['A', '[91]']",0
2010-01-22,71.41563,streamflow,9277500,ft3/s,"['A', '[91]']",0
2010-01-23,70.22083,streamflow,9277500,ft3/s,"['A', '[91]']",0
2010-01-24,69.328575,streamflow,9277500,ft3/s,"['A', '[91]']",0
2010-01-25,,streamflow,9277500,ft3/s,"['A', '[91]']",0
2010-01-26,,streamflow,9277500,ft3/s,"['A', '[91]']",0
2010-01-27,,streamflow,9277500,ft3/s,"['A', '[91]']",0
2010-01-28,70.25588,streamflow,9277500,ft3/s,"['A', '[91]']",0
2010-01-29,69.02396,streamflow,9277500,ft3/s,"['A', '[91]']",0
2010-01-30,66.44271,streamflow,9277500,ft3/s,"['A', '[91]']",0
2010-01-31,65.417854,streamflow,9277500,ft3/s,"['A', '[91]']",0
2010-02-01,,streamflow,9277500,ft3/s,"['A', '[91]']",0
2010-02-02,,streamflow,9277500,ft3/s,"['A', '[91]']",0
2010-02-03,,streamflow,9277500,ft3/s,"['A', '[91]']",0
2010-02-04,,streamflow,9277500,ft3/s,"['A', '[91]']",0
2010-02-05,76.8603,streamflow,9277500,ft3/s,"['A', '[91]']",0
2010-02-06,69.479164,streamflow,9277500,ft3/s,"['A', '[91]']",0
2010-02-07,68.57084,streamflow,9277500,ft3/s,"['A', '[91]']",0
2010-02-08,67.94583,streamflow,9277500,ft3/s,"['A', '[91]']",0
2010-02-09,66.62143,streamflow,9277500,ft3/s,"['A', '[91]']",0
2010-02-10,,streamflow,9277500,ft3/s,"['A', '[91]']",0
2010-02-11,,streamflow,9277500,ft3/s,"['A', '[91]']",0
2010-02-12,69.516174,streamflow,9277500,ft3/s,"['A', '[91]']",0
2010-02-13,68.54479,streamflow,9277500,ft3/s,"['A', '[91]']",0
2010-02-14,67.73229,streamflow,9277500,ft3/s,"['A', '[91]']",0
2010-02-15,67.02604,streamflow,9277500,ft3/s,"['A', '[91]']",0
2010-02-16,71.91563,streamflow,9277500,ft3/s,"['A', '[91]']",0
2010-02-17,69.75521,streamflow,9277500,ft3/s,"['A', '[91]']",0
2010-02-18,68.887505,streamflow,9277500,ft3/s,"['A', '[91]']",0
2010-02-19,69.469795,streamflow,9277500,ft3/s,"['A', '[91]']",0
2010-02-20,69.14792,streamflow,9277500,ft3/s,"['A', '[91]']",0
2010-02-21,70.01354,streamflow,9277500,ft3/s,"['A', '[91]']",0
2010-02-22,69.4,streamflow,9277500,ft3/s,"['A', '[91]']",0
2010-02-23,,streamflow,9277500,ft3/s,"['A', '[91]']",0
2010-02-24,,streamflow,9277500,ft3/s,"['A', '[91]']",0
2010-02-25,72.86912,streamflow,9277500,ft3/s,"['A', '[91]']",0
2010-02-26,69.729164,streamflow,9277500,ft3/s,"['A', '[91]']",0
2010-02-27,70.65938,streamflow,9277500,ft3/s,"['A', '[91]']",0
2010-02-28,72.433334,streamflow,9277500,ft3/s,"['A', '[91]']",0
2010-03-01,70.717705,streamflow,9277500,ft3/s,"['A', '[91]']",0
2010-03-02,70.775,streamflow,9277500,ft3/s,"['A', '[91]']",0
2010-03-03,72.35729,streamflow,9277500,ft3/s,"['A', '[91]']",0
2010-03-04,73.03646,streamflow,9277500,ft3/s,"['A', '[91]']",0
2010-03-05,75.8375,streamflow,9277500,ft3/s,"['A', '[91]']",0
2010-03-06,73.19583,streamflow,9277500,ft3/s,"['A', '[91]']",0
2010-03-07,74.04271,streamflow,9277500,ft3/s,"['A', '[91]']",0
2010-03-08,74.972916,streamflow,9277500,ft3/s,"['A', '[91]']",0
2010-03-09,74.77187,streamflow,9277500,ft3/s,"['A', '[91]']",0
2010-03-10,74.78958,streamflow,9277500,ft3/s,"['A', '[91]']",0
2010-03-11,72.77917,streamflow,9277500,ft3/s,"['A', '[91]']",0
2010-03-12,73.11146,streamflow,9277500,ft3/s,"['A', '[91]']",0
2010-03-13,75.73334,streamflow,9277500,ft3/s,"['A', '[91]']",0
2010-03-14,76.21146,streamflow,9277500,ft3/s,"['A', '[91]']",0
2010-03-15,75.07916,streamflow,9277500,ft3/s,"['A', '[91]']",0
2010-03-16,75.73646,streamflow,9277500,ft3/s,"['A', '[91]']",0
2010-03-17,76.78958,streamflow,9277500,ft3/s,"['A', '[91]']",0
2010-03-18,78.57083,streamflow,9277500,ft3/s,"['A', '[91]']",0
2010-03-19,80.03646,streamflow,9277500,ft3/s,"['A', '[91]']",0
2010-03-20,76.95417,streamflow,9277500,ft3/s,"['A', '[91]']",0
2010-03-21,75.921875,streamflow,9277500,ft3/s,"['A', '[91]']",0
2010-03-22,77.910416,streamflow,9277500,ft3/s,"['A', '[91]']",0
2010-03-23,81.17396,streamflow,9277500,ft3/s,"['A', '[91]']",0
2010-03-24,78.52187,streamflow,9277500,ft3/s,"['A', '[91]']",0
2010-03-25,78.552086,streamflow,9277500,ft3/s,"['A', '[91]']",0
2010-03-26,78.07396,streamflow,9277500,ft3/s,"['A', '[91]']",0
2010-03-27,76.42083,streamflow,9277500,ft3/s,"['A', '[91]']",0
2010-03-28,76.82083,streamflow,9277500,ft3/s,"['A', '[91]']",0
2010-03-29,77.42084,streamflow,9277500,ft3/s,"['A', '[91]']",0
2010-03-30,78.296875,streamflow,9277500,ft3/s,"['A', '[91]']",0
2010-03-31,79.62188,streamflow,9277500,ft3/s,"['A', '[91]']",0
2010-04-01,79.38333,streamflow,9277500,ft3/s,"['A', '[91]']",0
2010-04-02,77.004166,streamflow,9277500,ft3/s,"['A', '[91]']",0
2010-04-03,77.88333,streamflow,9277500,ft3/s,"['A', '[91]']",0
2010-04-04,78.53958,streamflow,9277500,ft3/s,"['A', '[91]']",0
2010-04-05,79.69896,streamflow,9277500,ft3/s,"['A', '[91]']",0
2010-04-06,79.703125,streamflow,9277500,ft3/s,"['A', '[91]']",0
2010-04-07,74.81979,streamflow,9277500,ft3/s,"['A', '[91]']",0
2010-04-08,77.58854,streamflow,9277500,ft3/s,"['A', '[91]']",0
2010-04-09,78.39375,streamflow,9277500,ft3/s,"['A', '[91]']",0
2010-04-10,80.5,streamflow,9277500,ft3/s,"['A', '[91]']",0
2010-04-11,82.60313,streamflow,9277500,ft3/s,"['A', '[91]']",0
2010-04-12,84.94688,streamflow,9277500,ft3/s,"['A', '[91]']",0
2010-04-13,87.71771,streamflow,9277500,ft3/s,"['A', '[91]']",0
2010-04-14,86.38438,streamflow,9277500,ft3/s,"['A', '[91]']",0
2010-04-15,86.42812,streamflow,9277500,ft3/s,"['A', '[91]']",0
2010-04-16,90.354164,streamflow,9277500,ft3/s,"['A', '[91]']",0
2010-04-17,94.22083,streamflow,9277500,ft3/s,"['A', '[91]']",0
2010-04-18,100.69375,streamflow,9277500,ft3/s,"['A', '[91]']",0
2010-04-19,105.291664,streamflow,9277500,ft3/s,"['A', '[91]']",0
2010-04-20,108.84375,streamflow,9277500,ft3/s,"['A', '[91]']",0
2010-04-21,116.208336,streamflow,9277500,ft3/s,"['A', '[91]']",0
2010-04-22,127.229164,streamflow,9277500,ft3/s,"['A', '[91]']",0
2010-04-23,121.229164,streamflow,9277500,ft3/s,"['A', '[91]']",0
2010-04-24,111.65625,streamflow,9277500,ft3/s,"['A', '[91]']",0
2010-04-25,104.90625,streamflow,9277500,ft3/s,"['A', '[91]']",0
2010-04-26,103.322914,streamflow,9277500,ft3/s,"['A', '[91]']",0
2010-04-27,104.5,streamflow,9277500,ft3/s,"['A', '[91]']",0
2010-04-28,107.4375,streamflow,9277500,ft3/s,"['A', '[91]']",0
2010-04-29,112.302086,streamflow,9277500,ft3/s,"['A', '[91]']",0
2010-04-30,110.697914,streamflow,9277500,ft3/s,"['A', '[91]']",0
2010-05-01,104.28125,streamflow,9277500,ft3/s,"['A', '[91]']",0
2010-05-02,102.510414,streamflow,9277500,ft3/s,"['A', '[91]']",0
2010-05-03,99.60104,streamflow,9277500,ft3/s,"['A', '[91]']",0
2010-05-04,95.97604,streamflow,9277500,ft3/s,"['A', '[91]']",0
2010-05-05,93.61667,streamflow,9277500,ft3/s,"['A', '[91]']",0
2010-05-06,89.166664,streamflow,9277500,ft3/s,"['A', '[91]']",0
2010-05-07,91.85,streamflow,9277500,ft3/s,"['A', '[91]']",0
2010-05-08,90.81979,streamflow,9277500,ft3/s,"['A', '[91]']",0
2010-05-09,88.83646,streamflow,9277500,ft3/s,"['A', '[91]']",0
2010-05-10,93.73229,streamflow,9277500,ft3/s,"['A', '[91]']",0
2010-05-11,103.86354,streamflow,9277500,ft3/s,"['A', '[91]']",0
2010-05-12,106.8125,streamflow,9277500,ft3/s,"['A', '[91]']",0
2010-05-13,98.660416,streamflow,9277500,ft3/s,"['A', '[91]']",0
2010-05-14,85.54063,streamflow,9277500,ft3/s,"['A', '[91]']",0
2010-05-15,84.05625,streamflow,9277500,ft3/s,"['A', '[91]']",0
2010-05-16,81.25938,streamflow,9277500,ft3/s,"['A', '[91]']",0
2010-05-17,72.370834,streamflow,9277500,ft3/s,"['A', '[91]']",0
2010-05-18,69.55625,streamflow,9277500,ft3/s,"['A', '[91]']",0
2010-05-19,81.594795,streamflow,9277500,ft3/s,"['A', '[91]']",0
2010-05-20,75.29791,streamflow,9277500,ft3/s,"['A', '[91]']",0
2010-05-21,70.51146,streamflow,9277500,ft3/s,"['A', '[91]']",0
2010-05-22,79.21667,streamflow,9277500,ft3/s,"['A', '[91]']",0
2010-05-23,96.20729,streamflow,9277500,ft3/s,"['A', '[91]']",0
2010-05-24,106.854164,streamflow,9277500,ft3/s,"['A', '[91]']",0
2010-05-25,103.10313,streamflow,9277500,ft3/s,"['A', '[91]']",0
2010-05-26,85.54063,streamflow,9277500,ft3/s,"['A', '[91]']",0
2010-05-27,84.18438,streamflow,9277500,ft3/s,"['A', '[91]']",0
2010-05-28,95.36667,streamflow,9277500,ft3/s,"['A', '[91]']",0
2010-05-29,157.11458,streamflow,9277500,ft3/s,"['A', '[91]']",0
2010-05-30,172.46875,streamflow,9277500,ft3/s,"['A', '[91]']",0
2010-05-31,170.45833,streamflow,9277500,ft3/s,"['A', '[91]']",0
2010-06-01,187.07292,streamflow,9277500,ft3/s,"['A', '[91]']",0
2010-06-02,189.55208,streamflow,9277500,ft3/s,"['A', '[91]']",0
2010-06-03,214.92708,streamflow,9277500,ft3/s,"['A', '[91]']",0
2010-06-04,299.75,streamflow,9277500,ft3/s,"['A', '[91]']",0
2010-06-05,445.79166,streamflow,9277500,ft3/s,"['A', '[91]']",0
2010-06-06,684.0417,streamflow,9277500,ft3/s,"['A', '[91]']",0
2010-06-07,928.78125,streamflow,9277500,ft3/s,"['A', '[91]']",0
2010-06-08,1060.8959,streamflow,9277500,ft3/s,"['A', '[91]']",0
2010-06-09,751.6667,streamflow,9277500,ft3/s,"['A', '[91]']",0
2010-06-10,587.8542,streamflow,9277500,ft3/s,"['A', '[91]']",0
2010-06-11,346.64584,streamflow,9277500,ft3/s,"['A', '[91]']",0
2010-06-12,280.54166,streamflow,9277500,ft3/s,"['A', '[91]']",0
2010-06-13,297.77084,streamflow,9277500,ft3/s,"['A', '[91]']",0
2010-06-14,272.625,streamflow,9277500,ft3/s,"['A', '[91]']",0
2010-06-15,213.25,streamflow,9277500,ft3/s,"['A', '[91]']",0
2010-06-16,196.4375,streamflow,9277500,ft3/s,"['A', '[91]']",0
2010-06-17,193.85417,streamflow,9277500,ft3/s,"['A', '[91]']",0
2010-06-18,174.0625,streamflow,9277500,ft3/s,"['A', '[91]']",0
2010-06-19,293.625,streamflow,9277500,ft3/s,"['A', '[91]']",0
2010-06-20,409.03125,streamflow,9277500,ft3/s,"['A', '[91]']",0
2010-06-21,371.1771,streamflow,9277500,ft3/s,"['A', '[91]']",0
2010-06-22,184.13542,streamflow,9277500,ft3/s,"['A', '[91]']",0
2010-06-23,149.73958,streamflow,9277500,ft3/s,"['A', '[91]']",0
2010-06-24,125.6875,streamflow,9277500,ft3/s,"['A', '[91]']",0
2010-06-25,107.79479,streamflow,9277500,ft3/s,"['A', '[91]']",0
2010-06-26,92.77396,streamflow,9277500,ft3/s,"['A', '[91]']",0
2010-06-27,83.36562,streamflow,9277500,ft3/s,"['A', '[91]']",0
2010-06-28,77.41146,streamflow,9277500,ft3/s,"['A', '[91]']",0
2010-06-29,75.29896,streamflow,9277500,ft3/s,"['A', '[91]']",0
2010-06-30,78.77187,streamflow,9277500,ft3/s,"['A', '[91]']",0
2010-07-01,77.020836,streamflow,9277500,ft3/s,"['A', '[91]']",0
2010-07-02,81.66563,streamflow,9277500,ft3/s,"['A', '[91]']",0
2010-07-03,77.55,streamflow,9277500,ft3/s,"['A', '[91]']",0
2010-07-04,77.03125,streamflow,9277500,ft3/s,"['A', '[91]']",0
2010-07-05,82.72917,streamflow,9277500,ft3/s,"['A', '[91]']",0
2010-07-06,74.67083,streamflow,9277500,ft3/s,"['A', '[91]']",0
2010-07-07,70.15417,streamflow,9277500,ft3/s,"['A', '[91]']",0
2010-07-08,70.09896,streamflow,9277500,ft3/s,"['A', '[91]']",0
2010-07-09,69.222916,streamflow,9277500,ft3/s,"['A', '[91]']",0
2010-07-10,74.277084,streamflow,9277500,ft3/s,"['A', '[91]']",0
2010-07-11,74.657295,streamflow,9277500,ft3/s,"['A', '[91]']",0
2010-07-12,74.775,streamflow,9277500,ft3/s,"['A', '[91]']",0
2010-07-13,62.95625,streamflow,9277500,ft3/s,"['A', '[91]']",0
2010-07-14,57.8625,streamflow,9277500,ft3/s,"['A', '[91]']",0
2010-07-15,52.314583,streamflow,9277500,ft3/s,"['A', '[91]']",0
2010-07-16,47.899998,streamflow,9277500,ft3/s,"['A', '[91]']",0
2010-07-17,59.479168,streamflow,9277500,ft3/s,"['A', '[91]']",0
2010-07-18,61.814583,streamflow,9277500,ft3/s,"['A', '[91]']",0
2010-07-19,57.78021,streamflow,9277500,ft3/s,"['A', '[91]']",0
2010-07-20,50.777084,streamflow,9277500,ft3/s,"['A', '[91]']",0
2010-07-21,48.971874,streamflow,9277500,ft3/s,"['A', '[91]']",0
2010-07-22,54.35,streamflow,9277500,ft3/s,"['A', '[91]']",0
2010-07-23,47.89479,streamflow,9277500,ft3/s,"['A', '[91]']",0
2010-07-24,45.805206,streamflow,9277500,ft3/s,"['A', '[91]']",0
2010-07-25,43.891666,streamflow,9277500,ft3/s,"['A', '[91]']",0
2010-07-26,44.141666,streamflow,9277500,ft3/s,"['A', '[91]']",0
2010-07-27,51.430206,streamflow,9277500,ft3/s,"['A', '[91]']",0
2010-07-28,51.953125,streamflow,9277500,ft3/s,"['A', '[91]']",0
2010-07-29,54.888542,streamflow,9277500,ft3/s,"['A', '[91]']",0
2010-07-30,58.745834,streamflow,9277500,ft3/s,"['A', '[91]']",0
2010-07-31,55.802082,streamflow,9277500,ft3/s,"['A', '[91]']",0
2010-08-01,78.34583,streamflow,9277500,ft3/s,"['A', '[91]']",0
2010-08-02,197.66667,streamflow,9277500,ft3/s,"['A', '[91]']",0
2010-08-03,125.15,streamflow,9277500,ft3/s,"['A', '[91]']",0
2010-08-04,92.32604,streamflow,9277500,ft3/s,"['A', '[91]']",0
2010-08-05,148.97917,streamflow,9277500,ft3/s,"['A', '[91]']",0
2010-08-06,114.59375,streamflow,9277500,ft3/s,"['A', '[91]']",0
2010-08-07,106.364586,streamflow,9277500,ft3/s,"['A', '[91]']",0
2010-08-08,102.96354,streamflow,9277500,ft3/s,"['A', '[91]']",0
2010-08-09,102.12708,streamflow,9277500,ft3/s,"['A', '[91]']",0
2010-08-10,90.43125,streamflow,9277500,ft3/s,"['A', '[91]']",0
2010-08-11,82.88438,streamflow,9277500,ft3/s,"['A', '[91]']",0
2010-08-12,75.114586,streamflow,9277500,ft3/s,"['A', '[91]']",0
2010-08-13,70.683334,streamflow,9277500,ft3/s,"['A', '[91]']",0
2010-08-14,68.46875,streamflow,9277500,ft3/s,"['A', '[91]']",0
2010-08-15,64.09167,streamflow,9277500,ft3/s,"['A', '[91]']",0
2010-08-16,60.401043,streamflow,9277500,ft3/s,"['A', '[91]']",0
2010-08-17,56.027084,streamflow,9277500,ft3/s,"['A', '[91]']",0
2010-08-18,53.51146,streamflow,9277500,ft3/s,"['A', '[91]']",0
2010-08-19,55.64792,streamflow,9277500,ft3/s,"['A', '[91]']",0
2010-08-20,64.17396,streamflow,9277500,ft3/s,"['A', '[91]']",0
2010-08-21,57.98854,streamflow,9277500,ft3/s,"['A', '[91]']",0
2010-08-22,50.82396,streamflow,9277500,ft3/s,"['A', '[91]']",0
2010-08-23,52.966316,streamflow,9277500,ft3/s,"['A', '[91]']",0
2010-08-24,52.079166,streamflow,9277500,ft3/s,"['A', '[91]']",0
2010-08-25,52.709377,streamflow,9277500,ft3/s,"['A', '[91]']",0
2010-08-26,49.089584,streamflow,9277500,ft3/s,"['A', '[91]']",0
2010-08-27,44.955208,streamflow,9277500,ft3/s,"['A', '[91]']",0
2010-08-28,56.13646,streamflow,9277500,ft3/s,"['A', '[91]']",0
2010-08-29,70.27187,streamflow,9277500,ft3/s,"['A', '[91]']",0
2010-08-30,57.975002,streamflow,9277500,ft3/s,"['A', '[91]']",0
2010-08-31,54.946873,streamflow,9277500,ft3/s,"['A', '[91]']",0
2010-09-01,57.285416,streamflow,9277500,ft3/s,"['A', '[91]']",0
2010-09-02,57.194794,streamflow,9277500,ft3/s,"['A', '[91]']",0
2010-09-03,58.353127,streamflow,9277500,ft3/s,"['A', '[91]']",0
2010-09-04,60.329166,streamflow,9277500,ft3/s,"['A', '[91]']",0
2010-09-05,56.286457,streamflow,9277500,ft3/s,"['A', '[91]']",0
2010-09-06,51.601044,streamflow,9277500,ft3/s,"['A', '[91]']",0
2010-09-07,48.884377,streamflow,9277500,ft3/s,"['A', '[91]']",0
2010-09-08,51.279167,streamflow,9277500,ft3/s,"['A', '[91]']",0
2010-09-09,53.296875,streamflow,9277500,ft3/s,"['A', '[91]']",0
2010-09-10,52.354168,streamflow,9277500,ft3/s,"['A', '[91]']",0
2010-09-11,52.138542,streamflow,9277500,ft3/s,"['A', '[91]']",0
2010-09-12,47.927082,streamflow,9277500,ft3/s,"['A', '[91]']",0
2010-09-13,43.34271,streamflow,9277500,ft3/s,"['A', '[91]']",0
2010-09-14,43.475,streamflow,9277500,ft3/s,"['A', '[91]']",0
2010-09-15,44.432293,streamflow,9277500,ft3/s,"['A', '[91]']",0
2010-09-16,44.815624,streamflow,9277500,ft3/s,"['A', '[91]']",0
2010-09-17,44.866665,streamflow,9277500,ft3/s,"['A', '[91]']",0
2010-09-18,43.50729,streamflow,9277500,ft3/s,"['A', '[91]']",0
2010-09-19,40.513542,streamflow,9277500,ft3/s,"['A', '[91]']",0
2010-09-20,38.541668,streamflow,9277500,ft3/s,"['A', '[91]']",0
2010-09-21,38.830208,streamflow,9277500,ft3/s,"['A', '[91]']",0
2010-09-22,40.675,streamflow,9277500,ft3/s,"['A', '[91]']",0
2010-09-23,49.005207,streamflow,9277500,ft3/s,"['A', '[91]']",0
2010-09-24,50.829166,streamflow,9277500,ft3/s,"['A', '[91]']",0
2010-09-25,48.348957,streamflow,9277500,ft3/s,"['A', '[91]']",0
2010-09-26,46.63125,streamflow,9277500,ft3/s,"['A', '[91]']",0
2010-09-27,46.49583,streamflow,9277500,ft3/s,"['A', '[91]']",0
2010-09-28,45.016666,streamflow,9277500,ft3/s,"['A', '[91]']",0
2010-09-29,44.211826,streamflow,9277500,ft3/s,"['A', '[91]']",0
2010-09-30,45.35,streamflow,9277500,ft3/s,['A'],0
2010-10-01,46.6625,streamflow,9277500,ft3/s,['A'],0
2010-10-02,47.890625,streamflow,9277500,ft3/s,['A'],0
2010-10-03,44.878124,streamflow,9277500,ft3/s,['A'],0
2010-10-04,47.690624,streamflow,9277500,ft3/s,['A'],0
2010-10-05,59.439583,streamflow,9277500,ft3/s,['A'],0
2010-10-06,87.98646,streamflow,9277500,ft3/s,['A'],0
2010-10-07,116.239586,streamflow,9277500,ft3/s,['A'],0
2010-10-08,162.07292,streamflow,9277500,ft3/s,['A'],0
2010-10-09,116.020836,streamflow,9277500,ft3/s,['A'],0
2010-10-10,107.5625,streamflow,9277500,ft3/s,['A'],0
2010-10-11,109.0625,streamflow,9277500,ft3/s,['A'],0
2010-10-12,104.822914,streamflow,9277500,ft3/s,['A'],0
2010-10-13,99.16458,streamflow,9277500,ft3/s,['A'],0
2010-10-14,100.27396,streamflow,9277500,ft3/s,['A'],0
2010-10-15,101.98229,streamflow,9277500,ft3/s,['A'],0
2010-10-16,100.84167,streamflow,9277500,ft3/s,['A'],0
2010-10-17,101.76667,streamflow,9277500,ft3/s,['A'],0
2010-10-18,104.958336,streamflow,9277500,ft3/s,['A'],0
2010-10-19,103.145836,streamflow,9277500,ft3/s,['A'],0
2010-10-20,101.625,streamflow,9277500,ft3/s,['A'],0
2010-10-21,102.17917,streamflow,9277500,ft3/s,['A'],0
2010-10-22,101.25625,streamflow,9277500,ft3/s,['A'],0
2010-10-23,101.001045,streamflow,9277500,ft3/s,['A'],0
2010-10-24,103.333336,streamflow,9277500,ft3/s,['A'],0
2010-10-25,151.65625,streamflow,9277500,ft3/s,['A'],0
2010-10-26,142.73958,streamflow,9277500,ft3/s,['A'],0
2010-10-27,122.041664,streamflow,9277500,ft3/s,['A'],0
2010-10-28,113.78125,streamflow,9277500,ft3/s,['A'],0
2010-10-29,111.625,streamflow,9277500,ft3/s,['A'],0
2010-10-30,113.385414,streamflow,9277500,ft3/s,['A'],0
2010-10-31,116.666664,streamflow,9277500,ft3/s,['A'],0
2010-11-01,113.0625,streamflow,9277500,ft3/s,['A'],0
2010-11-02,108.1875,streamflow,9277500,ft3/s,['A'],0
2010-11-03,107.125,streamflow,9277500,ft3/s,['A'],0
2010-11-04,107.729164,streamflow,9277500,ft3/s,['A'],0
2010-11-05,108.447914,streamflow,9277500,ft3/s,['A'],0
2010-11-06,105.875,streamflow,9277500,ft3/s,['A'],0
2010-11-07,105.541664,streamflow,9277500,ft3/s,['A'],0
2010-11-08,105.708336,streamflow,9277500,ft3/s,['A'],0
2010-11-09,113.708336,streamflow,9277500,ft3/s,['A'],0
2010-11-10,106.53646,streamflow,9277500,ft3/s,['A'],0
2010-11-11,103.475,streamflow,9277500,ft3/s,['A'],0
2010-11-12,99.25313,streamflow,9277500,ft3/s,['A'],0
2010-11-13,103.20625,streamflow,9277500,ft3/s,['A'],0
2010-11-14,100.402084,streamflow,9277500,ft3/s,['A'],0
2010-11-15,105.938545,streamflow,9277500,ft3/s,['A'],0
2010-11-16,104.625,streamflow,9277500,ft3/s,['A'],0
2010-11-17,101.01875,streamflow,9277500,ft3/s,['A'],0
2010-11-18,98.06875,streamflow,9277500,ft3/s,['A'],0
2010-11-19,99.688545,streamflow,9277500,ft3/s,['A'],0
2010-11-20,105.04271,streamflow,9277500,ft3/s,['A'],0
2010-11-21,106.5,streamflow,9277500,ft3/s,['A'],0
2010-11-22,101.28021,streamflow,9277500,ft3/s,['A'],0
2010-11-23,97.73334,streamflow,9277500,ft3/s,['A'],0
2010-11-24,99.23215,streamflow,9277500,ft3/s,['A'],0
2010-11-25,,streamflow,9277500,ft3/s,['A'],0
2010-11-26,,streamflow,9277500,ft3/s,['A'],0
2010-11-27,,streamflow,9277500,ft3/s,['A'],0
2010-11-28,,streamflow,9277500,ft3/s,['A'],0
2010-11-29,,streamflow,9277500,ft3/s,['A'],0
2010-11-30,,streamflow,9277500,ft3/s,['A'],0
2010-12-01,94.088234,streamflow,9277500,ft3/s,['A'],0
2010-12-02,95.379166,streamflow,9277500,ft3/s,['A'],0
2010-12-03,94.53333,streamflow,9277500,ft3/s,['A'],0
2010-12-04,95.26875,streamflow,9277500,ft3/s,['A'],0
2010-12-05,95.75208,streamflow,9277500,ft3/s,['A'],0
2010-12-06,95.21771,streamflow,9277500,ft3/s,['A'],0
2010-12-07,95.3375,streamflow,9277500,ft3/s,['A'],0
2010-12-08,90.48646,streamflow,9277500,ft3/s,['A'],0
2010-12-09,92.4125,streamflow,9277500,ft3/s,['A'],0
2010-12-10,92.25,streamflow,9277500,ft3/s,['A'],0
2010-12-11,91.01666,streamflow,9277500,ft3/s,['A'],0
2010-12-12,90.01666,streamflow,9277500,ft3/s,['A'],0
2010-12-13,89.91563,streamflow,9277500,ft3/s,['A'],0
2010-12-14,91.395836,streamflow,9277500,ft3/s,['A'],0
2010-12-15,92.79271,streamflow,9277500,ft3/s,['A'],0
2010-12-16,82.4625,streamflow,9277500,ft3/s,['A'],0
2010-12-17,78.78854,streamflow,9277500,ft3/s,['A'],0
2010-12-18,86.27292,streamflow,9277500,ft3/s,['A'],0
2010-12-19,92.88438,streamflow,9277500,ft3/s,['A'],0
2010-12-20,98.89792,streamflow,9277500,ft3/s,['A'],0
2010-12-21,98.22083,streamflow,9277500,ft3/s,['A'],0
2010-12-22,92.45,streamflow,9277500,ft3/s,['A'],0
2010-12-23,91.03333,streamflow,9277500,ft3/s,['A'],0
2010-12-24,88.77292,streamflow,9277500,ft3/s,['A'],0
2010-12-25,84.73646,streamflow,9277500,ft3/s,['A'],0
2010-12-26,84.29167,streamflow,9277500,ft3/s,['A'],0
2010-12-27,86.453575,streamflow,9277500,ft3/s,['A'],0
2010-12-28,,streamflow,9277500,ft3/s,['A'],0
2010-12-29,,streamflow,9277500,ft3/s,['A'],0
2010-12-30,,streamflow,9277500,ft3/s,['A'],0
2010-12-31,,streamflow,9277500,ft3/s,['A'],0
2011-01-01,,streamflow,9277500,ft3/s,['A'],0
2011-01-02,,streamflow,9277500,ft3/s,['A'],0
2011-01-03,,streamflow,9277500,ft3/s,['A'],0
2011-01-04,,streamflow,9277500,ft3/s,['A'],0
2011-01-05,,streamflow,9277500,ft3/s,['A'],0
2011-01-06,,streamflow,9277500,ft3/s,['A'],0
2011-01-07,,streamflow,9277500,ft3/s,['A'],0
2011-01-08,,streamflow,9277500,ft3/s,['A'],0
2011-01-09,,streamflow,9277500,ft3/s,['A'],0
2011-01-10,,streamflow,9277500,ft3/s,['A'],0
2011-01-11,,streamflow,9277500,ft3/s,['A'],0
2011-01-12,,streamflow,9277500,ft3/s,['A'],0
2011-01-13,,streamflow,9277500,ft3/s,['A'],0
2011-01-14,,streamflow,9277500,ft3/s,['A'],0
2011-01-15,,streamflow,9277500,ft3/s,['A'],0
2011-01-16,,streamflow,9277500,ft3/s,['A'],0
2011-01-17,,streamflow,9277500,ft3/s,['A'],0
2011-01-18,,streamflow,9277500,ft3/s,['A'],0
2011-01-19,,streamflow,9277500,ft3/s,['A'],0
2011-01-20,,streamflow,9277500,ft3/s,['A'],0
2011-01-21,,streamflow,9277500,ft3/s,['A'],0
2011-01-22,,streamflow,9277500,ft3/s,['A'],0
2011-01-23,,streamflow,9277500,ft3/s,['A'],0
2011-01-24,,streamflow,9277500,ft3/s,['A'],0
2011-01-25,,streamflow,9277500,ft3/s,['A'],0
2011-01-26,,streamflow,9277500,ft3/s,['A'],0
2011-01-27,,streamflow,9277500,ft3/s,['A'],0
2011-01-28,,streamflow,9277500,ft3/s,['A'],0
2011-01-29,,streamflow,9277500,ft3/s,['A'],0
2011-01-30,,streamflow,9277500,ft3/s,['A'],0
2011-01-31,,streamflow,9277500,ft3/s,['A'],0
2011-02-01,,streamflow,9277500,ft3/s,['A'],0
2011-02-02,,streamflow,9277500,ft3/s,['A'],0
2011-02-03,,streamflow,9277500,ft3/s,['A'],0
2011-02-04,,streamflow,9277500,ft3/s,['A'],0
2011-02-05,,streamflow,9277500,ft3/s,['A'],0
2011-02-06,,streamflow,9277500,ft3/s,['A'],0
2011-02-07,,streamflow,9277500,ft3/s,['A'],0
2011-02-08,,streamflow,9277500,ft3/s,['A'],0
2011-02-09,,streamflow,9277500,ft3/s,['A'],0
2011-02-10,,streamflow,9277500,ft3/s,['A'],0
2011-02-11,,streamflow,9277500,ft3/s,['A'],0
2011-02-12,,streamflow,9277500,ft3/s,['A'],0
2011-02-13,,streamflow,9277500,ft3/s,['A'],0
2011-02-14,,streamflow,9277500,ft3/s,['A'],0
2011-02-15,,streamflow,9277500,ft3/s,['A'],0
2011-02-16,,streamflow,9277500,ft3/s,['A'],0
2011-02-17,,streamflow,9277500,ft3/s,['A'],0
2011-02-18,,streamflow,9277500,ft3/s,['A'],0
2011-02-19,,streamflow,9277500,ft3/s,['A'],0
2011-02-20,,streamflow,9277500,ft3/s,['A'],0
2011-02-21,,streamflow,9277500,ft3/s,['A'],0
2011-02-22,,streamflow,9277500,ft3/s,['A'],0
2011-02-23,,streamflow,9277500,ft3/s,['A'],0
2011-02-24,,streamflow,9277500,ft3/s,['A'],0
2011-02-25,,streamflow,9277500,ft3/s,['A'],0
2011-02-26,,streamflow,9277500,ft3/s,['A'],0
2011-02-27,,streamflow,9277500,ft3/s,['A'],0
2011-02-28,,streamflow,9277500,ft3/s,['A'],0
2011-03-01,,streamflow,9277500,ft3/s,['A'],0
2011-03-02,79.492645,streamflow,9277500,ft3/s,['A'],0
2011-03-03,82.27917,streamflow,9277500,ft3/s,['A'],0
2011-03-04,78.84896,streamflow,9277500,ft3/s,['A'],0
2011-03-05,77.6625,streamflow,9277500,ft3/s,['A'],0
2011-03-06,79.28958,streamflow,9277500,ft3/s,['A'],0
2011-03-07,81.563545,streamflow,9277500,ft3/s,['A'],0
2011-03-08,78.791664,streamflow,9277500,ft3/s,['A'],0
2011-03-09,78.73646,streamflow,9277500,ft3/s,['A'],0
2011-03-10,79.83229,streamflow,9277500,ft3/s,['A'],0
2011-03-11,84.45104,streamflow,9277500,ft3/s,['A'],0
2011-03-12,89.17084,streamflow,9277500,ft3/s,['A'],0
2011-03-13,92.563545,streamflow,9277500,ft3/s,['A'],0
2011-03-14,93.87292,streamflow,9277500,ft3/s,['A'],0
2011-03-15,95.14687,streamflow,9277500,ft3/s,['A'],0
2011-03-16,102.984375,streamflow,9277500,ft3/s,['A'],0
2011-03-17,104.73021,streamflow,9277500,ft3/s,['A'],0
2011-03-18,95.23542,streamflow,9277500,ft3/s,['A'],0
2011-03-19,93.05104,streamflow,9277500,ft3/s,['A'],0
2011-03-20,91.15,streamflow,9277500,ft3/s,['A'],0
2011-03-21,99.844795,streamflow,9277500,ft3/s,['A'],0
2011-03-22,99.697914,streamflow,9277500,ft3/s,['A'],0
2011-03-23,94.06146,streamflow,9277500,ft3/s,['A'],0
2011-03-24,103.308334,streamflow,9277500,ft3/s,['A'],0
2011-03-25,101.109375,streamflow,9277500,ft3/s,['A'],0
2011-03-26,92.06875,streamflow,9277500,ft3/s,['A'],0
2011-03-27,102.1,streamflow,9277500,ft3/s,['A'],0
2011-03-28,100.18021,streamflow,9277500,ft3/s,['A'],0
2011-03-29,94.10104,streamflow,9277500,ft3/s,['A'],0
2011-03-30,99.65833,streamflow,9277500,ft3/s,['A'],0
2011-03-31,108.041664,streamflow,9277500,ft3/s,['A'],0
2011-04-01,133.66667,streamflow,9277500,ft3/s,['A'],0
2011-04-02,,streamflow,9277500,ft3/s,['A'],0
2011-04-03,,streamflow,9277500,ft3/s,['A'],0
2011-04-04,,streamflow,9277500,ft3/s,['A'],0
2011-04-05,,streamflow,9277500,ft3/s,['A'],0
2011-04-06,175.09723,streamflow,9277500,ft3/s,['A'],0
2011-04-07,171.48958,streamflow,9277500,ft3/s,['A'],0
2011-04-08,167.65625,streamflow,9277500,ft3/s,['A'],0
2011-04-09,159.66667,streamflow,9277500,ft3/s,['A'],0
2011-04-10,151.4375,streamflow,9277500,ft3/s,['A'],0
2011-04-11,142.51042,streamflow,9277500,ft3/s,['A'],0
2011-04-12,145.61458,streamflow,9277500,ft3/s,['A'],0
2011-04-13,148.42708,streamflow,9277500,ft3/s,['A'],0
2011-04-14,152.26042,streamflow,9277500,ft3/s,['A'],0
2011-04-15,147.29167,streamflow,9277500,ft3/s,['A'],0
2011-04-16,154.85417,streamflow,9277500,ft3/s,['A'],0
2011-04-17,172.79167,streamflow,9277500,ft3/s,['A'],0
2011-04-18,224.05208,streamflow,9277500,ft3/s,['A'],0
2011-04-19,319.6875,streamflow,9277500,ft3/s,['A'],0
2011-04-20,259.5532,streamflow,9277500,ft3/s,['A'],0
2011-04-21,249.57292,streamflow,9277500,ft3/s,['A'],0
2011-04-22,223.05208,streamflow,9277500,ft3/s,['A'],0
2011-04-23,206.23958,streamflow,9277500,ft3/s,['A'],0
2011-04-24,200.38542,streamflow,9277500,ft3/s,['A'],0
2011-04-25,199.89583,streamflow,9277500,ft3/s,['A'],0
2011-04-26,199.75,streamflow,9277500,ft3/s,['A'],0
2011-04-27,192.16667,streamflow,9277500,ft3/s,['A'],0
2011-04-28,190.23958,streamflow,9277500,ft3/s,['A'],0
2011-04-29,210.36458,streamflow,9277500,ft3/s,['A'],0
2011-04-30,206.88542,streamflow,9277500,ft3/s,['A'],0
2011-05-01,197.28125,streamflow,9277500,ft3/s,['A'],0
2011-05-02,193.91667,streamflow,9277500,ft3/s,['A'],0
2011-05-03,197.63542,streamflow,9277500,ft3/s,['A'],0
2011-05-04,206.3125,streamflow,9277500,ft3/s,['A'],0
2011-05-05,219.09375,streamflow,9277500,ft3/s,['A'],0
2011-05-06,254.71875,streamflow,9277500,ft3/s,['A'],0
2011-05-07,333.25,streamflow,9277500,ft3/s,['A'],0
2011-05-08,463.3229,streamflow,9277500,ft3/s,['A'],0
2011-05-09,584.6042,streamflow,9277500,ft3/s,['A'],0
2011-05-10,556.4792,streamflow,9277500,ft3/s,['A'],0
2011-05-11,479.58334,streamflow,9277500,ft3/s,['A'],0
2011-05-12,433.95834,streamflow,9277500,ft3/s,['A'],0
2011-05-13,471.85416,streamflow,9277500,ft3/s,['A'],0
2011-05-14,599.3125,streamflow,9277500,ft3/s,['A'],0
2011-05-15,706.6042,streamflow,9277500,ft3/s,['A'],0
2011-05-16,881.48956,streamflow,9277500,ft3/s,['A'],0
2011-05-17,855.5625,streamflow,9277500,ft3/s,['A'],0
2011-05-18,778.0625,streamflow,9277500,ft3/s,['A'],0
2011-05-19,754.32294,streamflow,9277500,ft3/s,['A'],0
2011-05-20,681.30206,streamflow,9277500,ft3/s,['A'],0
2011-05-21,623.48956,streamflow,9277500,ft3/s,['A'],0
2011-05-22,632.1875,streamflow,9277500,ft3/s,['A'],0
2011-05-23,688.0,streamflow,9277500,ft3/s,['A'],0
2011-05-24,732.9167,streamflow,9277500,ft3/s,['A'],0
2011-05-25,685.9583,streamflow,9277500,ft3/s,['A'],0
2011-05-26,730.4375,streamflow,9277500,ft3/s,['A'],0
2011-05-27,800.7917,streamflow,9277500,ft3/s,['A'],0
2011-05-28,831.46875,streamflow,9277500,ft3/s,['A'],0
2011-05-29,798.19794,streamflow,9277500,ft3/s,['A'],0
2011-05-30,770.23956,streamflow,9277500,ft3/s,['A'],0
2011-05-31,715.42706,streamflow,9277500,ft3/s,['A'],0
2011-06-01,723.6458,streamflow,9277500,ft3/s,['A'],0
2011-06-02,767.3125,streamflow,9277500,ft3/s,['A'],0
2011-06-03,854.38544,streamflow,9277500,ft3/s,['A'],0
2011-06-04,913.51044,streamflow,9277500,ft3/s,['A'],0
2011-06-05,1005.7708,streamflow,9277500,ft3/s,['A'],0
2011-06-06,1212.9166,streamflow,9277500,ft3/s,['A'],0
2011-06-07,1409.1666,streamflow,9277500,ft3/s,['A'],0
2011-06-08,1528.5416,streamflow,9277500,ft3/s,['A'],0
2011-06-09,1654.1666,streamflow,9277500,ft3/s,['A'],0
2011-06-10,1558.3334,streamflow,9277500,ft3/s,['A'],0
2011-06-11,1593.125,streamflow,9277500,ft3/s,['A'],0
2011-06-12,2021.5625,streamflow,9277500,ft3/s,['A'],0
2011-06-13,1978.75,streamflow,9277500,ft3/s,['A'],0
2011-06-14,1881.9791,streamflow,9277500,ft3/s,['A'],0
2011-06-15,2115.5208,streamflow,9277500,ft3/s,['A'],0
2011-06-16,2588.6458,streamflow,9277500,ft3/s,['A'],0
2011-06-17,2715.5208,streamflow,9277500,ft3/s,['A'],0
2011-06-18,1947.3959,streamflow,9277500,ft3/s,['A'],0
2011-06-19,1968.125,streamflow,9277500,ft3/s,['A'],0
2011-06-20,1720.625,streamflow,9277500,ft3/s,['A'],0
2011-06-21,1669.7916,streamflow,9277500,ft3/s,['A'],0
2011-06-22,1703.75,streamflow,9277500,ft3/s,['A'],0
2011-06-23,1994.375,streamflow,9277500,ft3/s,['A'],0
2011-06-24,2437.0833,streamflow,9277500,ft3/s,['A'],0
2011-06-25,2445.9375,streamflow,9277500,ft3/s,['A'],0
2011-06-26,2064.4792,streamflow,9277500,ft3/s,['A'],0
2011-06-27,1772.2916,streamflow,9277500,ft3/s,['A'],0
2011-06-28,1832.7084,streamflow,9277500,ft3/s,['A'],0
2011-06-29,1746.3541,streamflow,9277500,ft3/s,['A'],0
2011-06-30,2048.5417,streamflow,9277500,ft3/s,['A'],0
2011-07-01,1818.0209,streamflow,9277500,ft3/s,['A'],0
2011-07-02,1432.8125,streamflow,9277500,ft3/s,['A'],0
2011-07-03,1466.7709,streamflow,9277500,ft3/s,['A'],0
2011-07-04,1447.2916,streamflow,9277500,ft3/s,['A'],0
2011-07-05,1345.625,streamflow,9277500,ft3/s,['A'],0
2011-07-06,1797.3959,streamflow,9277500,ft3/s,['A'],0
2011-07-07,1487.1875,streamflow,9277500,ft3/s,['A'],0
2011-07-08,1471.25,streamflow,9277500,ft3/s,['A'],0
2011-07-09,1335.2084,streamflow,9277500,ft3/s,['A'],0
2011-07-10,1192.5,streamflow,9277500,ft3/s,['A'],0
2011-07-11,1251.9791,streamflow,9277500,ft3/s,['A'],0
2011-07-12,1160.625,streamflow,9277500,ft3/s,['A'],0
2011-07-13,1109.0625,streamflow,9277500,ft3/s,['A'],0
2011-07-14,1041.9062,streamflow,9277500,ft3/s,['A'],0
2011-07-15,939.5,streamflow,9277500,ft3/s,['A'],0
2011-07-16,852.48956,streamflow,9277500,ft3/s,['A'],0
2011-07-17,779.5417,streamflow,9277500,ft3/s,['A'],0
2011-07-18,750.4375,streamflow,9277500,ft3/s,['A'],0
2011-07-19,773.0,streamflow,9277500,ft3/s,['A'],0
2011-07-20,773.0,streamflow,9277500,ft3/s,['A'],0
2011-07-21,672.3333,streamflow,9277500,ft3/s,['A'],0
2011-07-22,495.6875,streamflow,9277500,ft3/s,['A'],0
2011-07-23,428.9271,streamflow,9277500,ft3/s,['A'],0
2011-07-24,385.04166,streamflow,9277500,ft3/s,['A'],0
2011-07-25,357.5,streamflow,9277500,ft3/s,['A'],0
2011-07-26,364.0521,streamflow,9277500,ft3/s,['A'],0
2011-07-27,364.7604,streamflow,9277500,ft3/s,['A'],0
2011-07-28,321.09375,streamflow,9277500,ft3/s,['A'],0
2011-07-29,312.8125,streamflow,9277500,ft3/s,['A'],0
2011-07-30,293.96875,streamflow,9277500,ft3/s,['A'],0
2011-07-31,280.47916,streamflow,9277500,ft3/s,['A'],0
2011-08-01,285.3021,streamflow,9277500,ft3/s,['A'],0
2011-08-02,272.625,streamflow,9277500,ft3/s,['A'],0
2011-08-03,258.84375,streamflow,9277500,ft3/s,['A'],0
2011-08-04,246.91667,streamflow,9277500,ft3/s,['A'],0
2011-08-05,238.34375,streamflow,9277500,ft3/s,['A'],0
2011-08-06,224.03125,streamflow,9277500,ft3/s,['A'],0
2011-08-07,203.1875,streamflow,9277500,ft3/s,['A'],0
2011-08-08,195.51042,streamflow,9277500,ft3/s,['A'],0
2011-08-09,177.83333,streamflow,9277500,ft3/s,['A'],0
2011-08-10,171.33333,streamflow,9277500,ft3/s,['A'],0
2011-08-11,162.38542,streamflow,9277500,ft3/s,['A'],0
2011-08-12,155.04167,streamflow,9277500,ft3/s,['A'],0
2011-08-13,,streamflow,9277500,ft3/s,['A'],0
2011-08-14,130.125,streamflow,9277500,ft3/s,['A'],0
2011-08-15,139.89583,streamflow,9277500,ft3/s,['A'],0
2011-08-16,129.89583,streamflow,9277500,ft3/s,['A'],0
2011-08-17,119.395836,streamflow,9277500,ft3/s,['A'],0
2011-08-18,109.84375,streamflow,9277500,ft3/s,['A'],0
2011-08-19,102.93542,streamflow,9277500,ft3/s,['A'],0
2011-08-20,100.82916,streamflow,9277500,ft3/s,['A'],0
2011-08-21,104.979164,streamflow,9277500,ft3/s,['A'],0
2011-08-22,92.65,streamflow,9277500,ft3/s,['A'],0
2011-08-23,88.78854,streamflow,9277500,ft3/s,['A'],0
2011-08-24,77.67604,streamflow,9277500,ft3/s,['A'],0
2011-08-25,73.177086,streamflow,9277500,ft3/s,['A'],0
2011-08-26,74.53333,streamflow,9277500,ft3/s,['A'],0
2011-08-27,112.93229,streamflow,9277500,ft3/s,['A'],0
2011-08-28,100.575,streamflow,9277500,ft3/s,['A'],0
2011-08-29,100.433334,streamflow,9277500,ft3/s,['A'],0
2011-08-30,87.75,streamflow,9277500,ft3/s,['A'],0
2011-08-31,83.71875,streamflow,9277500,ft3/s,['A'],0
2011-09-01,73.6625,streamflow,9277500,ft3/s,['A'],0
2011-09-02,68.42604,streamflow,9277500,ft3/s,['A'],0
2011-09-03,66.64375,streamflow,9277500,ft3/s,['A'],0
2011-09-04,55.96979,streamflow,9277500,ft3/s,['A'],0
2011-09-05,57.0,streamflow,9277500,ft3/s,['A'],0
2011-09-06,57.36667,streamflow,9277500,ft3/s,['A'],0
2011-09-07,58.99375,streamflow,9277500,ft3/s,['A'],0
2011-09-08,72.28125,streamflow,9277500,ft3/s,['A'],0
2011-09-09,63.691666,streamflow,9277500,ft3/s,['A'],0
2011-09-10,56.839584,streamflow,9277500,ft3/s,['A'],0
2011-09-11,55.166664,streamflow,9277500,ft3/s,['A'],0
2011-09-12,60.9875,streamflow,9277500,ft3/s,['A'],0
2011-09-13,68.04896,streamflow,9277500,ft3/s,['A'],0
2011-09-14,65.93021,streamflow,9277500,ft3/s,['A'],0
2011-09-15,63.193752,streamflow,9277500,ft3/s,['A'],0
2011-09-16,68.90312,streamflow,9277500,ft3/s,['A'],0
2011-09-17,76.311455,streamflow,9277500,ft3/s,['A'],0
2011-09-18,74.5375,streamflow,9277500,ft3/s,['A'],0
2011-09-19,68.12187,streamflow,9277500,ft3/s,['A'],0
2011-09-20,65.941666,streamflow,9277500,ft3/s,['A'],0
2011-09-21,68.525,streamflow,9277500,ft3/s,['A'],0
2011-09-22,66.83542,streamflow,9277500,ft3/s,['A'],0
2011-09-23,64.219795,streamflow,9277500,ft3/s,['A'],0
2011-09-24,63.027084,streamflow,9277500,ft3/s,['A'],0
2011-09-25,62.752083,streamflow,9277500,ft3/s,['A'],0
2011-09-26,59.77292,streamflow,9277500,ft3/s,['A'],0
2011-09-27,58.672916,streamflow,9277500,ft3/s,['A'],0
2011-09-28,55.029167,streamflow,9277500,ft3/s,['A'],0
2011-09-29,53.533333,streamflow,9277500,ft3/s,['A'],0
2011-09-30,55.00625,streamflow,9277500,ft3/s,['A'],0
2011-10-01,55.212498,streamflow,9277500,ft3/s,['A'],0
2011-10-02,59.910416,streamflow,9277500,ft3/s,['A'],0
2011-10-03,65.33125,streamflow,9277500,ft3/s,['A'],0
2011-10-04,73.06563,streamflow,9277500,ft3/s,['A'],0
2011-10-05,198.00313,streamflow,9277500,ft3/s,['A'],0
2011-10-06,223.89583,streamflow,9277500,ft3/s,['A'],0
2011-10-07,182.11458,streamflow,9277500,ft3/s,['A'],0
2011-10-08,162.98958,streamflow,9277500,ft3/s,['A'],0
2011-10-09,159.82292,streamflow,9277500,ft3/s,['A'],0
2011-10-10,154.45833,streamflow,9277500,ft3/s,['A'],0
2011-10-11,157.6875,streamflow,9277500,ft3/s,['A'],0
2011-10-12,158.58333,streamflow,9277500,ft3/s,['A'],0
2011-10-13,153.34375,streamflow,9277500,ft3/s,['A'],0
2011-10-14,155.21875,streamflow,9277500,ft3/s,['A'],0
2011-10-15,153.64583,streamflow,9277500,ft3/s,['A'],0
2011-10-16,152.3125,streamflow,9277500,ft3/s,['A'],0
2011-10-17,156.29167,streamflow,9277500,ft3/s,['A'],0
2011-10-18,160.10417,streamflow,9277500,ft3/s,['A'],0
2011-10-19,154.47917,streamflow,9277500,ft3/s,['A'],0
2011-10-20,150.39583,streamflow,9277500,ft3/s,['A'],0
2011-10-21,147.5625,streamflow,9277500,ft3/s,['A'],0
2011-10-22,144.8125,streamflow,9277500,ft3/s,['A'],0
2011-10-23,143.53125,streamflow,9277500,ft3/s,['A'],0
2011-10-24,142.75,streamflow,9277500,ft3/s,['A'],0
2011-10-25,141.0,streamflow,9277500,ft3/s,['A'],0
2011-10-26,142.26042,streamflow,9277500,ft3/s,['A'],0
2011-10-27,141.60417,streamflow,9277500,ft3/s,['A'],0
2011-10-28,137.78125,streamflow,9277500,ft3/s,['A'],0
2011-10-29,136.97917,streamflow,9277500,ft3/s,['A'],0
2011-10-30,139.20833,streamflow,9277500,ft3/s,['A'],0
2011-10-31,138.35417,streamflow,9277500,ft3/s,['A'],0
2011-11-01,138.26042,streamflow,9277500,ft3/s,['A'],0
2011-11-02,136.42708,streamflow,9277500,ft3/s,['A'],0
2011-11-03,129.51042,streamflow,9277500,ft3/s,['A'],0
2011-11-04,136.875,streamflow,9277500,ft3/s,['A'],0
2011-11-05,142.01042,streamflow,9277500,ft3/s,['A'],0
2011-11-06,132.82292,streamflow,9277500,ft3/s,['A'],0
2011-11-07,136.79167,streamflow,9277500,ft3/s,['A'],0
2011-11-08,128.64583,streamflow,9277500,ft3/s,['A'],0
2011-11-09,122.32083,streamflow,9277500,ft3/s,['A'],0
2011-11-10,120.39167,streamflow,9277500,ft3/s,['A'],0
2011-11-11,124.5625,streamflow,9277500,ft3/s,['A'],0
2011-11-12,133.39583,streamflow,9277500,ft3/s,['A'],0
2011-11-13,130.4375,streamflow,9277500,ft3/s,['A'],0
2011-11-14,128.07292,streamflow,9277500,ft3/s,['A'],0
2011-11-15,125.260414,streamflow,9277500,ft3/s,['A'],0
2011-11-16,117.5375,streamflow,9277500,ft3/s,['A'],0
2011-11-17,117.25625,streamflow,9277500,ft3/s,['A'],0
2011-11-18,128.02083,streamflow,9277500,ft3/s,['A'],0
2011-11-19,126.875,streamflow,9277500,ft3/s,['A'],0
2011-11-20,124.010414,streamflow,9277500,ft3/s,['A'],0
2011-11-21,126.229164,streamflow,9277500,ft3/s,['A'],0
2011-11-22,125.03125,streamflow,9277500,ft3/s,['A'],0
2011-11-23,118.947914,streamflow,9277500,ft3/s,['A'],0
2011-11-24,121.364586,streamflow,9277500,ft3/s,['A'],0
2011-11-25,121.072914,streamflow,9277500,ft3/s,['A'],0
2011-11-26,110.00938,streamflow,9277500,ft3/s,['A'],0
2011-11-27,110.71146,streamflow,9277500,ft3/s,['A'],0
2011-11-28,120.291664,streamflow,9277500,ft3/s,['A'],0
2011-11-29,123.604164,streamflow,9277500,ft3/s,['A'],0
2011-11-30,118.208336,streamflow,9277500,ft3/s,['A'],0
2011-12-01,122.552086,streamflow,9277500,ft3/s,['A'],0
2011-12-02,103.70209,streamflow,9277500,ft3/s,['A'],0
2011-12-03,98.51071,streamflow,9277500,ft3/s,['A'],0
2011-12-04,97.21764,streamflow,9277500,ft3/s,['A'],0
2011-12-05,104.104164,streamflow,9277500,ft3/s,['A'],0
2011-12-06,92.785416,streamflow,9277500,ft3/s,['A'],0
2011-12-07,90.03571,streamflow,9277500,ft3/s,['A'],0
2011-12-08,,streamflow,9277500,ft3/s,['A'],0
2011-12-09,,streamflow,9277500,ft3/s,['A'],0
2011-12-10,,streamflow,9277500,ft3/s,['A'],0
2011-12-11,,streamflow,9277500,ft3/s,['A'],0
2011-12-12,104.84118,streamflow,9277500,ft3/s,['A'],0
2011-12-13,109.80417,streamflow,9277500,ft3/s,['A'],0
2011-12-14,107.854164,streamflow,9277500,ft3/s,['A'],0
2011-12-15,104.67291,streamflow,9277500,ft3/s,['A'],0
2011-12-16,102.683334,streamflow,9277500,ft3/s,['A'],0
2011-12-17,98.57083,streamflow,9277500,ft3/s,['A'],0
2011-12-18,99.785416,streamflow,9277500,ft3/s,['A'],0
2011-12-19,106.635414,streamflow,9277500,ft3/s,['A'],0
2011-12-20,104.51458,streamflow,9277500,ft3/s,['A'],0
2011-12-21,106.35208,streamflow,9277500,ft3/s,['A'],0
2011-12-22,100.93542,streamflow,9277500,ft3/s,['A'],0
2011-12-23,98.39167,streamflow,9277500,ft3/s,['A'],0
2011-12-24,100.28125,streamflow,9277500,ft3/s,['A'],0
2011-12-25,89.703575,streamflow,9277500,ft3/s,['A'],0
2011-12-26,,streamflow,9277500,ft3/s,['A'],0
2011-12-27,,streamflow,9277500,ft3/s,['A'],0
2011-12-28,100.41765,streamflow,9277500,ft3/s,['A'],0
2011-12-29,100.89166,streamflow,9277500,ft3/s,['A'],0
2011-12-30,101.84583,streamflow,9277500,ft3/s,['A'],0
2011-12-31,100.47708,streamflow,9277500,ft3/s,['A'],0
2012-01-01,92.19375,streamflow,9277500,ft3/s,['A'],0
2012-01-02,104.75,streamflow,9277500,ft3/s,['A'],0
2012-01-03,99.58542,streamflow,9277500,ft3/s,['A'],0
2012-01-04,96.495834,streamflow,9277500,ft3/s,['A'],0
2012-01-05,94.450005,streamflow,9277500,ft3/s,['A'],0
2012-01-06,95.35,streamflow,9277500,ft3/s,['A'],0
2012-01-07,97.775,streamflow,9277500,ft3/s,['A'],0
2012-01-08,94.04063,streamflow,9277500,ft3/s,['A'],0
2012-01-09,96.39687,streamflow,9277500,ft3/s,['A'],0
2012-01-10,94.938545,streamflow,9277500,ft3/s,['A'],0
2012-01-11,96.13438,streamflow,9277500,ft3/s,['A'],0
2012-01-12,86.28125,streamflow,9277500,ft3/s,['A'],0
2012-01-13,109.81563,streamflow,9277500,ft3/s,['A'],0
2012-01-14,100.754166,streamflow,9277500,ft3/s,['A'],0
2012-01-15,97.1375,streamflow,9277500,ft3/s,['A'],0
2012-01-16,95.95,streamflow,9277500,ft3/s,['A'],0
2012-01-17,87.00833,streamflow,9277500,ft3/s,['A'],0
2012-01-18,102.833336,streamflow,9277500,ft3/s,['A'],0
2012-01-19,98.25208,streamflow,9277500,ft3/s,['A'],0
2012-01-20,95.05,streamflow,9277500,ft3/s,['A'],0
2012-01-21,96.2875,streamflow,9277500,ft3/s,['A'],0
2012-01-22,95.93125,streamflow,9277500,ft3/s,['A'],0
2012-01-23,93.1,streamflow,9277500,ft3/s,['A'],0
2012-01-24,100.2125,streamflow,9277500,ft3/s,['A'],0
2012-01-25,92.19688,streamflow,9277500,ft3/s,['A'],0
2012-01-26,94.81042,streamflow,9277500,ft3/s,['A'],0
2012-01-27,90.05521,streamflow,9277500,ft3/s,['A'],0
2012-01-28,79.566666,streamflow,9277500,ft3/s,['A'],0
2012-01-29,88.53021,streamflow,9277500,ft3/s,['A'],0
2012-01-30,87.46562,streamflow,9277500,ft3/s,['A'],0
2012-01-31,84.77812,streamflow,9277500,ft3/s,['A'],0
2012-02-01,84.13333,streamflow,9277500,ft3/s,['A'],0
2012-02-02,87.7,streamflow,9277500,ft3/s,['A'],0
2012-02-03,84.28438,streamflow,9277500,ft3/s,['A'],0
2012-02-04,80.15312,streamflow,9277500,ft3/s,['A'],0
2012-02-05,81.95,streamflow,9277500,ft3/s,['A'],0
2012-02-06,86.86042,streamflow,9277500,ft3/s,['A'],0
2012-02-07,85.313545,streamflow,9277500,ft3/s,['A'],0
2012-02-08,85.675,streamflow,9277500,ft3/s,['A'],0
2012-02-09,84.88229,streamflow,9277500,ft3/s,['A'],0
2012-02-10,82.481255,streamflow,9277500,ft3/s,['A'],0
2012-02-11,81.229164,streamflow,9277500,ft3/s,['A'],0
2012-02-12,84.32083,streamflow,9277500,ft3/s,['A'],0
2012-02-13,84.74167,streamflow,9277500,ft3/s,['A'],0
2012-02-14,82.93021,streamflow,9277500,ft3/s,['A'],0
2012-02-15,80.40833,streamflow,9277500,ft3/s,['A'],0
2012-02-16,86.81875,streamflow,9277500,ft3/s,['A'],0
2012-02-17,81.625,streamflow,9277500,ft3/s,['A'],0
2012-02-18,82.01354,streamflow,9277500,ft3/s,['A'],0
2012-02-19,90.32604,streamflow,9277500,ft3/s,['A'],0
2012-02-20,81.84583,streamflow,9277500,ft3/s,['A'],0
2012-02-21,86.94063,streamflow,9277500,ft3/s,['A'],0
2012-02-22,82.65,streamflow,9277500,ft3/s,['A'],0
2012-02-23,88.64167,streamflow,9277500,ft3/s,['A'],0
2012-02-24,79.76354,streamflow,9277500,ft3/s,['A'],0
2012-02-25,83.13646,streamflow,9277500,ft3/s,['A'],0
2012-02-26,82.71042,streamflow,9277500,ft3/s,['A'],0
2012-02-27,79.87187,streamflow,9277500,ft3/s,['A'],0
2012-02-28,85.953125,streamflow,9277500,ft3/s,['A'],0
2012-02-29,79.032295,streamflow,9277500,ft3/s,['A'],0
2012-03-01,84.063545,streamflow,9277500,ft3/s,['A'],0
2012-03-02,80.725,streamflow,9277500,ft3/s,['A'],0
2012-03-03,75.0375,streamflow,9277500,ft3/s,['A'],0
2012-03-04,80.71667,streamflow,9277500,ft3/s,['A'],0
2012-03-05,81.58855,streamflow,9277500,ft3/s,['A'],0
2012-03-06,86.88438,streamflow,9277500,ft3/s,['A'],0
2012-03-07,84.91979,streamflow,9277500,ft3/s,['A'],0
2012-03-08,78.7375,streamflow,9277500,ft3/s,['A'],0
2012-03-09,79.28958,streamflow,9277500,ft3/s,['A'],0
2012-03-10,80.38438,streamflow,9277500,ft3/s,['A'],0
2012-03-11,88.25938,streamflow,9277500,ft3/s,['A'],0
2012-03-12,97.86771,streamflow,9277500,ft3/s,['A'],0
2012-03-13,98.614586,streamflow,9277500,ft3/s,['A'],0
2012-03-14,98.714584,streamflow,9277500,ft3/s,['A'],0
2012-03-15,96.47083,streamflow,9277500,ft3/s,['A'],0
2012-03-16,102.84167,streamflow,9277500,ft3/s,['A'],0
2012-03-17,101.63333,streamflow,9277500,ft3/s,['A'],0
2012-03-18,97.1,streamflow,9277500,ft3/s,['A'],0
2012-03-19,94.770836,streamflow,9277500,ft3/s,['A'],0
2012-03-20,81.13646,streamflow,9277500,ft3/s,['A'],0
2012-03-21,85.13125,streamflow,9277500,ft3/s,['A'],0
2012-03-22,88.98021,streamflow,9277500,ft3/s,['A'],0
2012-03-23,96.93646,streamflow,9277500,ft3/s,['A'],0
2012-03-24,101.74792,streamflow,9277500,ft3/s,['A'],0
2012-03-25,105.6375,streamflow,9277500,ft3/s,['A'],0
2012-03-26,108.36042,streamflow,9277500,ft3/s,['A'],0
2012-03-27,101.41875,streamflow,9277500,ft3/s,['A'],0
2012-03-28,93.575,streamflow,9277500,ft3/s,['A'],0
2012-03-29,94.95,streamflow,9277500,ft3/s,['A'],0
2012-03-30,97.22083,streamflow,9277500,ft3/s,['A'],0
2012-03-31,101.275,streamflow,9277500,ft3/s,['A'],0
2012-04-01,111.302086,streamflow,9277500,ft3/s,['A'],0
2012-04-02,112.479164,streamflow,9277500,ft3/s,['A'],0
2012-04-03,105.24167,streamflow,9277500,ft3/s,['A'],0
2012-04-04,101.89792,streamflow,9277500,ft3/s,['A'],0
2012-04-05,107.84375,streamflow,9277500,ft3/s,['A'],0
2012-04-06,117.354164,streamflow,9277500,ft3/s,['A'],0
2012-04-07,110.52292,streamflow,9277500,ft3/s,['A'],0
2012-04-08,104.98541,streamflow,9277500,ft3/s,['A'],0
2012-04-09,103.027084,streamflow,9277500,ft3/s,['A'],0
2012-04-10,105.604164,streamflow,9277500,ft3/s,['A'],0
2012-04-11,114.59375,streamflow,9277500,ft3/s,['A'],0
2012-04-12,128.80208,streamflow,9277500,ft3/s,['A'],0
2012-04-13,132.65625,streamflow,9277500,ft3/s,['A'],0
2012-04-14,133.63542,streamflow,9277500,ft3/s,['A'],0
2012-04-15,126.052086,streamflow,9277500,ft3/s,['A'],0
2012-04-16,119.072914,streamflow,9277500,ft3/s,['A'],0
2012-04-17,113.541664,streamflow,9277500,ft3/s,['A'],0
2012-04-18,114.708336,streamflow,9277500,ft3/s,['A'],0
2012-04-19,114.729164,streamflow,9277500,ft3/s,['A'],0
2012-04-20,109.71875,streamflow,9277500,ft3/s,['A'],0
2012-04-21,101.44375,streamflow,9277500,ft3/s,['A'],0
2012-04-22,104.99375,streamflow,9277500,ft3/s,['A'],0
2012-04-23,125.520836,streamflow,9277500,ft3/s,['A'],0
2012-04-24,141.22917,streamflow,9277500,ft3/s,['A'],0
2012-04-25,161.70833,streamflow,9277500,ft3/s,['A'],0
2012-04-26,178.39583,streamflow,9277500,ft3/s,['A'],0
2012-04-27,189.32292,streamflow,9277500,ft3/s,['A'],0
2012-04-28,191.82292,streamflow,9277500,ft3/s,['A'],0
2012-04-29,181.125,streamflow,9277500,ft3/s,['A'],0
2012-04-30,167.23958,streamflow,9277500,ft3/s,['A'],0
2012-05-01,139.03125,streamflow,9277500,ft3/s,['A'],0
2012-05-02,141.25,streamflow,9277500,ft3/s,['A'],0
2012-05-03,142.20833,streamflow,9277500,ft3/s,['A'],0
2012-05-04,144.69792,streamflow,9277500,ft3/s,['A'],0
2012-05-05,146.21875,streamflow,9277500,ft3/s,['A'],0
2012-05-06,140.59375,streamflow,9277500,ft3/s,['A'],0
2012-05-07,126.229164,streamflow,9277500,ft3/s,['A'],0
2012-05-08,110.572914,streamflow,9277500,ft3/s,['A'],0
2012-05-09,108.441666,streamflow,9277500,ft3/s,['A'],0
2012-05-10,128.94792,streamflow,9277500,ft3/s,['A'],0
2012-05-11,135.54167,streamflow,9277500,ft3/s,['A'],0
2012-05-12,128.27083,streamflow,9277500,ft3/s,['A'],0
2012-05-13,113.739586,streamflow,9277500,ft3/s,['A'],0
2012-05-14,108.9375,streamflow,9277500,ft3/s,['A'],0
2012-05-15,100.86042,streamflow,9277500,ft3/s,['A'],0
2012-05-16,103.333336,streamflow,9277500,ft3/s,['A'],0
2012-05-17,97.13438,streamflow,9277500,ft3/s,['A'],0
2012-05-18,93.6,streamflow,9277500,ft3/s,['A'],0
2012-05-19,92.0375,streamflow,9277500,ft3/s,['A'],0
2012-05-20,78.15625,streamflow,9277500,ft3/s,['A'],0
2012-05-21,74.052086,streamflow,9277500,ft3/s,['A'],0
2012-05-22,70.410416,streamflow,9277500,ft3/s,['A'],0
2012-05-23,68.05729,streamflow,9277500,ft3/s,['A'],0
2012-05-24,72.44271,streamflow,9277500,ft3/s,['A'],0
2012-05-25,71.50208,streamflow,9277500,ft3/s,['A'],0
2012-05-26,70.03333,streamflow,9277500,ft3/s,['A'],0
2012-05-27,67.35313,streamflow,9277500,ft3/s,['A'],0
2012-05-28,68.995834,streamflow,9277500,ft3/s,['A'],0
2012-05-29,60.741665,streamflow,9277500,ft3/s,['A'],0
2012-05-30,51.877895,streamflow,9277500,ft3/s,['A'],0
2012-05-31,49.63125,streamflow,9277500,ft3/s,['A'],0
2012-06-01,48.258335,streamflow,9277500,ft3/s,['A'],0
2012-06-02,43.37604,streamflow,9277500,ft3/s,['A'],0
2012-06-03,42.78021,streamflow,9277500,ft3/s,['A'],0
2012-06-04,40.93646,streamflow,9277500,ft3/s,['A'],0
2012-06-05,42.685417,streamflow,9277500,ft3/s,['A'],0
2012-06-06,37.479168,streamflow,9277500,ft3/s,['A'],0
2012-06-07,37.990623,streamflow,9277500,ft3/s,['A'],0
2012-06-08,33.65,streamflow,9277500,ft3/s,['A'],0
2012-06-09,30.327084,streamflow,9277500,ft3/s,['A'],0
2012-06-10,28.867708,streamflow,9277500,ft3/s,['A'],0
2012-06-11,31.024467,streamflow,9277500,ft3/s,['A'],0
2012-06-12,33.003124,streamflow,9277500,ft3/s,['A'],0
2012-06-13,60.377083,streamflow,9277500,ft3/s,['A'],0
2012-06-14,62.660416,streamflow,9277500,ft3/s,['A'],0
2012-06-15,56.911457,streamflow,9277500,ft3/s,['A'],0
2012-06-16,53.367706,streamflow,9277500,ft3/s,['A'],0
2012-06-17,53.733334,streamflow,9277500,ft3/s,['A'],0
2012-06-18,49.590626,streamflow,9277500,ft3/s,['A'],0
2012-06-19,41.139584,streamflow,9277500,ft3/s,['A'],0
2012-06-20,38.83854,streamflow,9277500,ft3/s,['A'],0
2012-06-21,37.041668,streamflow,9277500,ft3/s,['A'],0
2012-06-22,32.1875,streamflow,9277500,ft3/s,['A'],0
2012-06-23,32.965626,streamflow,9277500,ft3/s,['A'],0
2012-06-24,32.58125,streamflow,9277500,ft3/s,['A'],0
2012-06-25,34.870834,streamflow,9277500,ft3/s,['A'],0
2012-06-26,36.654167,streamflow,9277500,ft3/s,['A'],0
2012-06-27,38.371876,streamflow,9277500,ft3/s,['A'],0
2012-06-28,33.621876,streamflow,9277500,ft3/s,['A'],0
2012-06-29,31.805208,streamflow,9277500,ft3/s,['A'],0
2012-06-30,31.184376,streamflow,9277500,ft3/s,['A'],0
2012-07-01,29.940624,streamflow,9277500,ft3/s,['A'],0
2012-07-02,31.046875,streamflow,9277500,ft3/s,['A'],0
2012-07-03,27.782291,streamflow,9277500,ft3/s,['A'],0
2012-07-04,25.577084,streamflow,9277500,ft3/s,['A'],0
2012-07-05,27.125,streamflow,9277500,ft3/s,['A'],0
2012-07-06,31.557291,streamflow,9277500,ft3/s,['A'],0
2012-07-07,36.358334,streamflow,9277500,ft3/s,['A'],0
2012-07-08,41.902084,streamflow,9277500,ft3/s,['A'],0
2012-07-09,36.94479,streamflow,9277500,ft3/s,['A'],0
2012-07-10,31.802082,streamflow,9277500,ft3/s,['A'],0
2012-07-11,30.3125,streamflow,9277500,ft3/s,['A'],0
2012-07-12,28.644793,streamflow,9277500,ft3/s,['A'],0
2012-07-13,30.60625,streamflow,9277500,ft3/s,['A'],0
2012-07-14,35.847916,streamflow,9277500,ft3/s,['A'],0
2012-07-15,63.629166,streamflow,9277500,ft3/s,['A'],0
2012-07-16,78.907295,streamflow,9277500,ft3/s,['A'],0
2012-07-17,66.729164,streamflow,9277500,ft3/s,['A'],0
2012-07-18,65.13021,streamflow,9277500,ft3/s,['A'],0
2012-07-19,50.404167,streamflow,9277500,ft3/s,['A'],0
2012-07-20,51.21875,streamflow,9277500,ft3/s,['A'],0
2012-07-21,47.81875,streamflow,9277500,ft3/s,['A'],0
2012-07-22,48.079166,streamflow,9277500,ft3/s,['A'],0
2012-07-23,49.336456,streamflow,9277500,ft3/s,['A'],0
2012-07-24,43.935417,streamflow,9277500,ft3/s,['A'],0
2012-07-25,42.014584,streamflow,9277500,ft3/s,['A'],0
2012-07-26,37.427082,streamflow,9277500,ft3/s,['A'],0
2012-07-27,35.0,streamflow,9277500,ft3/s,['A'],0
2012-07-28,37.63125,streamflow,9277500,ft3/s,['A'],0
2012-07-29,39.553123,streamflow,9277500,ft3/s,['A'],0
2012-07-30,41.15,streamflow,9277500,ft3/s,['A'],0
2012-07-31,41.13125,streamflow,9277500,ft3/s,['A'],0
2012-08-01,49.647915,streamflow,9277500,ft3/s,['A'],0
2012-08-02,57.48854,streamflow,9277500,ft3/s,['A'],0
2012-08-03,50.679165,streamflow,9277500,ft3/s,['A'],0
2012-08-04,50.2125,streamflow,9277500,ft3/s,['A'],0
2012-08-05,46.34375,streamflow,9277500,ft3/s,['A'],0
2012-08-06,46.55521,streamflow,9277500,ft3/s,['A'],0
2012-08-07,42.014584,streamflow,9277500,ft3/s,['A'],0
2012-08-08,34.79375,streamflow,9277500,ft3/s,['A'],0
2012-08-09,32.451042,streamflow,9277500,ft3/s,['A'],0
2012-08-10,32.367706,streamflow,9277500,ft3/s,['A'],0
2012-08-11,78.20104,streamflow,9277500,ft3/s,['A'],0
2012-08-12,50.442707,streamflow,9277500,ft3/s,['A'],0
2012-08-13,44.6125,streamflow,9277500,ft3/s,['A'],0
2012-08-14,42.232292,streamflow,9277500,ft3/s,['A'],0
2012-08-15,42.089584,streamflow,9277500,ft3/s,['A'],0
2012-08-16,44.83125,streamflow,9277500,ft3/s,['A'],0
2012-08-17,42.622917,streamflow,9277500,ft3/s,['A'],0
2012-08-18,42.829166,streamflow,9277500,ft3/s,['A'],0
2012-08-19,40.41771,streamflow,9277500,ft3/s,['A'],0
2012-08-20,39.107292,streamflow,9277500,ft3/s,['A'],0
2012-08-21,42.732292,streamflow,9277500,ft3/s,['A'],0
2012-08-22,42.739582,streamflow,9277500,ft3/s,['A'],0
2012-08-23,45.19271,streamflow,9277500,ft3/s,['A'],0
2012-08-24,46.05521,streamflow,9277500,ft3/s,['A'],0
2012-08-25,43.302082,streamflow,9277500,ft3/s,['A'],0
2012-08-26,42.629166,streamflow,9277500,ft3/s,['A'],0
2012-08-27,48.875,streamflow,9277500,ft3/s,['A'],0
2012-08-28,48.24896,streamflow,9277500,ft3/s,['A'],0
2012-08-29,45.09271,streamflow,9277500,ft3/s,['A'],0
2012-08-30,42.51875,streamflow,9277500,ft3/s,['A'],0
2012-08-31,46.428123,streamflow,9277500,ft3/s,['A'],0
2012-09-01,55.78021,streamflow,9277500,ft3/s,['A'],0
2012-09-02,95.29271,streamflow,9277500,ft3/s,['A'],0
2012-09-03,79.433334,streamflow,9277500,ft3/s,['A'],0
2012-09-04,69.92812,streamflow,9277500,ft3/s,['A'],0
2012-09-05,63.475,streamflow,9277500,ft3/s,['A'],0
2012-09-06,59.06146,streamflow,9277500,ft3/s,['A'],0
2012-09-07,58.017708,streamflow,9277500,ft3/s,['A'],0
2012-09-08,56.98854,streamflow,9277500,ft3/s,['A'],0
2012-09-09,55.221874,streamflow,9277500,ft3/s,['A'],0
2012-09-10,51.245834,streamflow,9277500,ft3/s,['A'],0
2012-09-11,53.78958,streamflow,9277500,ft3/s,['A'],0
2012-09-12,57.177082,streamflow,9277500,ft3/s,['A'],0
2012-09-13,53.12604,streamflow,9277500,ft3/s,['A'],0
2012-09-14,51.428123,streamflow,9277500,ft3/s,['A'],0
2012-09-15,50.93125,streamflow,9277500,ft3/s,['A'],0
2012-09-16,47.9625,streamflow,9277500,ft3/s,['A'],0
2012-09-17,49.140625,streamflow,9277500,ft3/s,['A'],0
2012-09-18,47.49271,streamflow,9277500,ft3/s,['A'],0
2012-09-19,51.229168,streamflow,9277500,ft3/s,['A'],0
2012-09-20,48.420834,streamflow,9277500,ft3/s,['A'],0
2012-09-21,44.881252,streamflow,9277500,ft3/s,['A'],0
2012-09-22,42.716667,streamflow,9277500,ft3/s,['A'],0
2012-09-23,40.322918,streamflow,9277500,ft3/s,['A'],0
2012-09-24,40.677082,streamflow,9277500,ft3/s,['A'],0
2012-09-25,54.746876,streamflow,9277500,ft3/s,['A'],0
2012-09-26,75.520836,streamflow,9277500,ft3/s,['A'],0
2012-09-27,86.984375,streamflow,9277500,ft3/s,['A'],0
2012-09-28,93.47188,streamflow,9277500,ft3/s,['A'],0
2012-09-29,79.03229,streamflow,9277500,ft3/s,['A'],0
2012-09-30,77.04063,streamflow,9277500,ft3/s,['A'],0
2012-10-01,76.85208,streamflow,9277500,ft3/s,['A'],0
2012-10-02,74.941666,streamflow,9277500,ft3/s,['A'],0
2012-10-03,66.92083,streamflow,9277500,ft3/s,['A'],0
2012-10-04,63.304165,streamflow,9277500,ft3/s,['A'],0
2012-10-05,67.61562,streamflow,9277500,ft3/s,['A'],0
2012-10-06,71.225,streamflow,9277500,ft3/s,['A'],0
2012-10-07,74.285416,streamflow,9277500,ft3/s,['A'],0
2012-10-08,76.51771,streamflow,9277500,ft3/s,['A'],0
2012-10-09,79.467705,streamflow,9277500,ft3/s,['A'],0
2012-10-10,79.75208,streamflow,9277500,ft3/s,['A'],0
2012-10-11,85.75625,streamflow,9277500,ft3/s,['A'],0
2012-10-12,91.52917,streamflow,9277500,ft3/s,['A'],0
2012-10-13,95.183334,streamflow,9277500,ft3/s,['A'],0
2012-10-14,91.95,streamflow,9277500,ft3/s,['A'],0
2012-10-15,91.96875,streamflow,9277500,ft3/s,['A'],0
2012-10-16,89.95625,streamflow,9277500,ft3/s,['A'],0
2012-10-17,90.16563,streamflow,9277500,ft3/s,['A'],0
2012-10-18,89.671875,streamflow,9277500,ft3/s,['A'],0
2012-10-19,89.15625,streamflow,9277500,ft3/s,['A'],0
2012-10-20,90.15,streamflow,9277500,ft3/s,['A'],0
2012-10-21,87.93437,streamflow,9277500,ft3/s,['A'],0
2012-10-22,89.546875,streamflow,9277500,ft3/s,['A'],0
2012-10-23,91.93437,streamflow,9277500,ft3/s,['A'],0
2012-10-24,93.96667,streamflow,9277500,ft3/s,['A'],0
2012-10-25,96.61667,streamflow,9277500,ft3/s,['A'],0
2012-10-26,95.53333,streamflow,9277500,ft3/s,['A'],0
2012-10-27,96.30417,streamflow,9277500,ft3/s,['A'],0
2012-10-28,96.71667,streamflow,9277500,ft3/s,['A'],0
2012-10-29,95.36667,streamflow,9277500,ft3/s,['A'],0
2012-10-30,94.64222,streamflow,9277500,ft3/s,['A'],0
2012-10-31,94.65,streamflow,9277500,ft3/s,['A'],0
2012-11-01,91.63333,streamflow,9277500,ft3/s,['A'],0
2012-11-02,91.32916,streamflow,9277500,ft3/s,['A'],0
2012-11-03,92.12292,streamflow,9277500,ft3/s,['A'],0
2012-11-04,91.416664,streamflow,9277500,ft3/s,['A'],0
2012-11-05,90.30729,streamflow,9277500,ft3/s,['A'],0
2012-11-06,87.890625,streamflow,9277500,ft3/s,['A'],0
2012-11-07,87.703125,streamflow,9277500,ft3/s,['A'],0
2012-11-08,91.375,streamflow,9277500,ft3/s,['A'],0
2012-11-09,95.69688,streamflow,9277500,ft3/s,['A'],0
2012-11-10,111.270836,streamflow,9277500,ft3/s,['A'],0
2012-11-11,91.33125,streamflow,9277500,ft3/s,['A'],0
2012-11-12,84.98125,streamflow,9277500,ft3/s,['A'],0
2012-11-13,89.74271,streamflow,9277500,ft3/s,['A'],0
2012-11-14,88.748955,streamflow,9277500,ft3/s,['A'],0
2012-11-15,89.11146,streamflow,9277500,ft3/s,['A'],0
2012-11-16,88.94063,streamflow,9277500,ft3/s,['A'],0
2012-11-17,92.875,streamflow,9277500,ft3/s,['A'],0
2012-11-18,95.566666,streamflow,9277500,ft3/s,['A'],0
2012-11-19,93.933334,streamflow,9277500,ft3/s,['A'],0
2012-11-20,91.316666,streamflow,9277500,ft3/s,['A'],0
2012-11-21,89.972916,streamflow,9277500,ft3/s,['A'],0
2012-11-22,89.046875,streamflow,9277500,ft3/s,['A'],0
2012-11-23,87.40104,streamflow,9277500,ft3/s,['A'],0
2012-11-24,87.316666,streamflow,9277500,ft3/s,['A'],0
2012-11-25,87.14687,streamflow,9277500,ft3/s,['A'],0
2012-11-26,87.18437,streamflow,9277500,ft3/s,['A'],0
2012-11-27,82.822914,streamflow,9277500,ft3/s,['A'],0
2012-11-28,84.504166,streamflow,9277500,ft3/s,['A'],0
2012-11-29,87.004166,streamflow,9277500,ft3/s,['A'],0
2012-11-30,87.73854,streamflow,9277500,ft3/s,['A'],0
2012-12-01,88.38333,streamflow,9277500,ft3/s,['A'],0
2012-12-02,87.48334,streamflow,9277500,ft3/s,['A'],0
2012-12-03,90.63854,streamflow,9277500,ft3/s,['A'],0
2012-12-04,83.38333,streamflow,9277500,ft3/s,['A'],0
2012-12-05,89.697914,streamflow,9277500,ft3/s,['A'],0
2012-12-06,86.88229,streamflow,9277500,ft3/s,['A'],0
2012-12-07,85.4625,streamflow,9277500,ft3/s,['A'],0
2012-12-08,82.20521,streamflow,9277500,ft3/s,['A'],0
2012-12-09,80.95,streamflow,9277500,ft3/s,['A'],0
2012-12-10,82.16979,streamflow,9277500,ft3/s,['A'],0
2012-12-11,84.70104,streamflow,9277500,ft3/s,['A'],0
2012-12-12,84.14375,streamflow,9277500,ft3/s,['A'],0
2012-12-13,84.41563,streamflow,9277500,ft3/s,['A'],0
2012-12-14,84.63438,streamflow,9277500,ft3/s,['A'],0
2012-12-15,85.66563,streamflow,9277500,ft3/s,['A'],0
2012-12-16,84.525,streamflow,9277500,ft3/s,['A'],0
2012-12-17,83.53438,streamflow,9277500,ft3/s,['A'],0
2012-12-18,87.29479,streamflow,9277500,ft3/s,['A'],0
2012-12-19,86.21667,streamflow,9277500,ft3/s,['A'],0
2012-12-20,74.23333,streamflow,9277500,ft3/s,['A'],0
2012-12-21,87.96429,streamflow,9277500,ft3/s,['A'],0
2012-12-22,,streamflow,9277500,ft3/s,['A'],0
2012-12-23,,streamflow,9277500,ft3/s,['A'],0
2012-12-24,,streamflow,9277500,ft3/s,['A'],0
2012-12-25,,streamflow,9277500,ft3/s,['A'],0
2012-12-26,,streamflow,9277500,ft3/s,['A'],0
2012-12-27,,streamflow,9277500,ft3/s,['A'],0
2012-12-28,,streamflow,9277500,ft3/s,['A'],0
2012-12-29,,streamflow,9277500,ft3/s,['A'],0
2012-12-30,,streamflow,9277500,ft3/s,['A'],0
2012-12-31,,streamflow,9277500,ft3/s,['A'],0
2013-01-01,,streamflow,9277500,ft3/s,['A'],0
2013-01-02,,streamflow,9277500,ft3/s,['A'],0
2013-01-03,,streamflow,9277500,ft3/s,['A'],0
2013-01-04,,streamflow,9277500,ft3/s,['A'],0
2013-01-05,,streamflow,9277500,ft3/s,['A'],0
2013-01-06,,streamflow,9277500,ft3/s,['A'],0
2013-01-07,,streamflow,9277500,ft3/s,['A'],0
2013-01-08,,streamflow,9277500,ft3/s,['A'],0
2013-01-09,,streamflow,9277500,ft3/s,['A'],0
2013-01-10,,streamflow,9277500,ft3/s,['A'],0
2013-01-11,,streamflow,9277500,ft3/s,['A'],0
2013-01-12,,streamflow,9277500,ft3/s,['A'],0
2013-01-13,,streamflow,9277500,ft3/s,['A'],0
2013-01-14,,streamflow,9277500,ft3/s,['A'],0
2013-01-15,,streamflow,9277500,ft3/s,['A'],0
2013-01-16,,streamflow,9277500,ft3/s,['A'],0
2013-01-17,,streamflow,9277500,ft3/s,['A'],0
2013-01-18,,streamflow,9277500,ft3/s,['A'],0
2013-01-19,,streamflow,9277500,ft3/s,['A'],0
2013-01-20,,streamflow,9277500,ft3/s,['A'],0
2013-01-21,,streamflow,9277500,ft3/s,['A'],0
2013-01-22,,streamflow,9277500,ft3/s,['A'],0
2013-01-23,,streamflow,9277500,ft3/s,['A'],0
2013-01-24,,streamflow,9277500,ft3/s,['A'],0
2013-01-25,,streamflow,9277500,ft3/s,['A'],0
2013-01-26,,streamflow,9277500,ft3/s,['A'],0
2013-01-27,,streamflow,9277500,ft3/s,['A'],0
2013-01-28,,streamflow,9277500,ft3/s,['A'],0
2013-01-29,,streamflow,9277500,ft3/s,['A'],0
2013-01-30,,streamflow,9277500,ft3/s,['A'],0
2013-01-31,,streamflow,9277500,ft3/s,['A'],0
2013-02-01,78.367645,streamflow,9277500,ft3/s,['A'],0
2013-02-02,76.51666,streamflow,9277500,ft3/s,['A'],0
2013-02-03,76.30417,streamflow,9277500,ft3/s,['A'],0
2013-02-04,75.25625,streamflow,9277500,ft3/s,['A'],0
2013-02-05,74.77396,streamflow,9277500,ft3/s,['A'],0
2013-02-06,74.933334,streamflow,9277500,ft3/s,['A'],0
2013-02-07,72.34896,streamflow,9277500,ft3/s,['A'],0
2013-02-08,73.03229,streamflow,9277500,ft3/s,['A'],0
2013-02-09,76.45104,streamflow,9277500,ft3/s,['A'],0
2013-02-10,73.6625,streamflow,9277500,ft3/s,['A'],0
2013-02-11,73.578125,streamflow,9277500,ft3/s,['A'],0
2013-02-12,70.86667,streamflow,9277500,ft3/s,['A'],0
2013-02-13,78.239586,streamflow,9277500,ft3/s,['A'],0
2013-02-14,74.00833,streamflow,9277500,ft3/s,['A'],0
2013-02-15,72.95521,streamflow,9277500,ft3/s,['A'],0
2013-02-16,73.859375,streamflow,9277500,ft3/s,['A'],0
2013-02-17,73.26771,streamflow,9277500,ft3/s,['A'],0
2013-02-18,71.775,streamflow,9277500,ft3/s,['A'],0
2013-02-19,72.99271,streamflow,9277500,ft3/s,['A'],0
2013-02-20,73.08125,streamflow,9277500,ft3/s,['A'],0
2013-02-21,73.484375,streamflow,9277500,ft3/s,['A'],0
2013-02-22,70.254166,streamflow,9277500,ft3/s,['A'],0
2013-02-23,72.41146,streamflow,9277500,ft3/s,['A'],0
2013-02-24,72.89167,streamflow,9277500,ft3/s,['A'],0
2013-02-25,71.87187,streamflow,9277500,ft3/s,['A'],0
2013-02-26,71.97188,streamflow,9277500,ft3/s,['A'],0
2013-02-27,68.44271,streamflow,9277500,ft3/s,['A'],0
2013-02-28,70.91146,streamflow,9277500,ft3/s,['A'],0
2013-03-01,71.77292,streamflow,9277500,ft3/s,['A'],0
2013-03-02,73.833336,streamflow,9277500,ft3/s,['A'],0
2013-03-03,76.09896,streamflow,9277500,ft3/s,['A'],0
2013-03-04,75.40833,streamflow,9277500,ft3/s,['A'],0
2013-03-05,70.76771,streamflow,9277500,ft3/s,['A'],0
2013-03-06,73.12813,streamflow,9277500,ft3/s,['A'],0
2013-03-07,77.265625,streamflow,9277500,ft3/s,['A'],0
2013-03-08,77.18229,streamflow,9277500,ft3/s,['A'],0
2013-03-09,77.18958,streamflow,9277500,ft3/s,['A'],0
2013-03-10,77.10625,streamflow,9277500,ft3/s,['A'],0
2013-03-11,75.43021,streamflow,9277500,ft3/s,['A'],0
2013-03-12,77.18125,streamflow,9277500,ft3/s,['A'],0
2013-03-13,78.04791,streamflow,9277500,ft3/s,['A'],0
2013-03-14,80.217705,streamflow,9277500,ft3/s,['A'],0
2013-03-15,83.33542,streamflow,9277500,ft3/s,['A'],0
2013-03-16,84.7125,streamflow,9277500,ft3/s,['A'],0
2013-03-17,82.1,streamflow,9277500,ft3/s,['A'],0
2013-03-18,80.239586,streamflow,9277500,ft3/s,['A'],0
2013-03-19,75.77292,streamflow,9277500,ft3/s,['A'],0
2013-03-20,74.41354,streamflow,9277500,ft3/s,['A'],0
2013-03-21,75.24792,streamflow,9277500,ft3/s,['A'],0
2013-03-22,72.86042,streamflow,9277500,ft3/s,['A'],0
2013-03-23,69.60313,streamflow,9277500,ft3/s,['A'],0
2013-03-24,70.87813,streamflow,9277500,ft3/s,['A'],0
2013-03-25,70.35313,streamflow,9277500,ft3/s,['A'],0
2013-03-26,74.76354,streamflow,9277500,ft3/s,['A'],0
2013-03-27,72.93229,streamflow,9277500,ft3/s,['A'],0
2013-03-28,71.16771,streamflow,9277500,ft3/s,['A'],0
2013-03-29,71.58646,streamflow,9277500,ft3/s,['A'],0
2013-03-30,72.8125,streamflow,9277500,ft3/s,['A'],0
2013-03-31,74.32917,streamflow,9277500,ft3/s,['A'],0
2013-04-01,75.51667,streamflow,9277500,ft3/s,['A'],0
2013-04-02,83.995834,streamflow,9277500,ft3/s,['A'],0
2013-04-03,78.61041,streamflow,9277500,ft3/s,['A'],0
2013-04-04,77.05625,streamflow,9277500,ft3/s,['A'],0
2013-04-05,79.171875,streamflow,9277500,ft3/s,['A'],0
2013-04-06,80.234375,streamflow,9277500,ft3/s,['A'],0
2013-04-07,79.53125,streamflow,9277500,ft3/s,['A'],0
2013-04-08,77.6,streamflow,9277500,ft3/s,['A'],0
2013-04-09,88.34583,streamflow,9277500,ft3/s,['A'],0
2013-04-10,82.05,streamflow,9277500,ft3/s,['A'],0
2013-04-11,82.87292,streamflow,9277500,ft3/s,['A'],0
2013-04-12,85.44896,streamflow,9277500,ft3/s,['A'],0
2013-04-13,79.328125,streamflow,9277500,ft3/s,['A'],0
2013-04-14,83.78958,streamflow,9277500,ft3/s,['A'],0
2013-04-15,82.13646,streamflow,9277500,ft3/s,['A'],0
2013-04-16,86.578125,streamflow,9277500,ft3/s,['A'],0
2013-04-17,84.11667,streamflow,9277500,ft3/s,['A'],0
2013-04-18,78.01666,streamflow,9277500,ft3/s,['A'],0
2013-04-19,74.33229,streamflow,9277500,ft3/s,['A'],0
2013-04-20,73.23542,streamflow,9277500,ft3/s,['A'],0
2013-04-21,72.88542,streamflow,9277500,ft3/s,['A'],0
2013-04-22,71.364586,streamflow,9277500,ft3/s,['A'],0
2013-04-23,71.94375,streamflow,9277500,ft3/s,['A'],0
2013-04-24,70.27917,streamflow,9277500,ft3/s,['A'],0
2013-04-25,71.00938,streamflow,9277500,ft3/s,['A'],0
2013-04-26,71.45625,streamflow,9277500,ft3/s,['A'],0
2013-04-27,72.65938,streamflow,9277500,ft3/s,['A'],0
2013-04-28,74.86875,streamflow,9277500,ft3/s,['A'],0
2013-04-29,79.40833,streamflow,9277500,ft3/s,['A'],0
2013-04-30,87.325005,streamflow,9277500,ft3/s,['A'],0
2013-05-01,97.88229,streamflow,9277500,ft3/s,['A'],0
2013-05-02,96.686455,streamflow,9277500,ft3/s,['A'],0
2013-05-03,89.484375,streamflow,9277500,ft3/s,['A'],0
2013-05-04,88.11771,streamflow,9277500,ft3/s,['A'],0
2013-05-05,94.333336,streamflow,9277500,ft3/s,['A'],0
2013-05-06,96.08854,streamflow,9277500,ft3/s,['A'],0
2013-05-07,107.927086,streamflow,9277500,ft3/s,['A'],0
2013-05-08,106.03125,streamflow,9277500,ft3/s,['A'],0
2013-05-09,101.53333,streamflow,9277500,ft3/s,['A'],0
2013-05-10,96.23021,streamflow,9277500,ft3/s,['A'],0
2013-05-11,99.29584,streamflow,9277500,ft3/s,['A'],0
2013-05-12,109.364586,streamflow,9277500,ft3/s,['A'],0
2013-05-13,137.5,streamflow,9277500,ft3/s,['A'],0
2013-05-14,154.36458,streamflow,9277500,ft3/s,['A'],0
2013-05-15,175.23958,streamflow,9277500,ft3/s,['A'],0
2013-05-16,180.5,streamflow,9277500,ft3/s,['A'],0
2013-05-17,182.88542,streamflow,9277500,ft3/s,['A'],0
2013-05-18,181.91667,streamflow,9277500,ft3/s,['A'],0
2013-05-19,146.4375,streamflow,9277500,ft3/s,['A'],0
2013-05-20,127.052086,streamflow,9277500,ft3/s,['A'],0
2013-05-21,117.177086,streamflow,9277500,ft3/s,['A'],0
2013-05-22,111.010414,streamflow,9277500,ft3/s,['A'],0
2013-05-23,123.677086,streamflow,9277500,ft3/s,['A'],0
2013-05-24,135.72917,streamflow,9277500,ft3/s,['A'],0
2013-05-25,138.0625,streamflow,9277500,ft3/s,['A'],0
2013-05-26,135.70833,streamflow,9277500,ft3/s,['A'],0
2013-05-27,139.20833,streamflow,9277500,ft3/s,['A'],0
2013-05-28,129.36458,streamflow,9277500,ft3/s,['A'],0
2013-05-29,129.72917,streamflow,9277500,ft3/s,['A'],0
2013-05-30,110.208336,streamflow,9277500,ft3/s,['A'],0
2013-05-31,96.575,streamflow,9277500,ft3/s,['A'],0
2013-06-01,80.339584,streamflow,9277500,ft3/s,['A'],0
2013-06-02,73.06563,streamflow,9277500,ft3/s,['A'],0
2013-06-03,72.38229,streamflow,9277500,ft3/s,['A'],0
2013-06-04,75.82188,streamflow,9277500,ft3/s,['A'],0
2013-06-05,77.93958,streamflow,9277500,ft3/s,['A'],0
2013-06-06,69.62813,streamflow,9277500,ft3/s,['A'],0
2013-06-07,61.94375,streamflow,9277500,ft3/s,['A'],0
2013-06-08,58.798958,streamflow,9277500,ft3/s,['A'],0
2013-06-09,54.15521,streamflow,9277500,ft3/s,['A'],0
2013-06-10,52.202084,streamflow,9277500,ft3/s,['A'],0
2013-06-11,49.421875,streamflow,9277500,ft3/s,['A'],0
2013-06-12,45.75104,streamflow,9277500,ft3/s,['A'],0
2013-06-13,44.884377,streamflow,9277500,ft3/s,['A'],0
2013-06-14,42.848957,streamflow,9277500,ft3/s,['A'],0
2013-06-15,37.841667,streamflow,9277500,ft3/s,['A'],0
2013-06-16,37.111458,streamflow,9277500,ft3/s,['A'],0
2013-06-17,37.71875,streamflow,9277500,ft3/s,['A'],0
2013-06-18,35.30521,streamflow,9277500,ft3/s,['A'],0
2013-06-19,30.760416,streamflow,9277500,ft3/s,['A'],0
2013-06-20,29.244791,streamflow,9277500,ft3/s,['A'],0
2013-06-21,23.259375,streamflow,9277500,ft3/s,['A'],0
2013-06-22,23.632292,streamflow,9277500,ft3/s,['A'],0
2013-06-23,21.776041,streamflow,9277500,ft3/s,['A'],0
2013-06-24,23.548958,streamflow,9277500,ft3/s,['A'],0
2013-06-25,26.232292,streamflow,9277500,ft3/s,['A'],0
2013-06-26,49.691666,streamflow,9277500,ft3/s,['A'],0
2013-06-27,52.228127,streamflow,9277500,ft3/s,['A'],0
2013-06-28,52.93854,streamflow,9277500,ft3/s,['A'],0
2013-06-29,50.398956,streamflow,9277500,ft3/s,['A'],0
2013-06-30,46.384377,streamflow,9277500,ft3/s,['A'],0
2013-07-01,39.619793,streamflow,9277500,ft3/s,['A'],0
2013-07-02,39.927082,streamflow,9277500,ft3/s,['A'],0
2013-07-03,38.722916,streamflow,9277500,ft3/s,['A'],0
2013-07-04,38.13229,streamflow,9277500,ft3/s,['A'],0
2013-07-05,48.133335,streamflow,9277500,ft3/s,['A'],0
2013-07-06,49.184376,streamflow,9277500,ft3/s,['A'],0
2013-07-07,48.272915,streamflow,9277500,ft3/s,['A'],0
2013-07-08,89.93437,streamflow,9277500,ft3/s,['A'],0
2013-07-09,66.48646,streamflow,9277500,ft3/s,['A'],0
2013-07-10,42.994793,streamflow,9277500,ft3/s,['A'],0
2013-07-11,36.95,streamflow,9277500,ft3/s,['A'],0
2013-07-12,37.232292,streamflow,9277500,ft3/s,['A'],0
2013-07-13,48.777084,streamflow,9277500,ft3/s,['A'],0
2013-07-14,48.357292,streamflow,9277500,ft3/s,['A'],0
2013-07-15,43.30521,streamflow,9277500,ft3/s,['A'],0
2013-07-16,39.860416,streamflow,9277500,ft3/s,['A'],0
2013-07-17,38.705208,streamflow,9277500,ft3/s,['A'],0
2013-07-18,54.616665,streamflow,9277500,ft3/s,['A'],0
2013-07-19,,streamflow,9277500,ft3/s,['A'],0
2013-07-20,,streamflow,9277500,ft3/s,['A'],0
2013-07-21,,streamflow,9277500,ft3/s,['A'],0
2013-07-22,,streamflow,9277500,ft3/s,['A'],0
2013-07-23,,streamflow,9277500,ft3/s,['A'],0
2013-07-24,,streamflow,9277500,ft3/s,['A'],0
2013-07-25,26.436111,streamflow,9277500,ft3/s,['A'],0
2013-07-26,24.588541,streamflow,9277500,ft3/s,['A'],0
2013-07-27,21.907291,streamflow,9277500,ft3/s,['A'],0
2013-07-28,24.889584,streamflow,9277500,ft3/s,['A'],0
2013-07-29,31.36875,streamflow,9277500,ft3/s,['A'],0
2013-07-30,36.20625,streamflow,9277500,ft3/s,['A'],0
2013-07-31,31.655209,streamflow,9277500,ft3/s,['A'],0
2013-08-01,27.092709,streamflow,9277500,ft3/s,['A'],0
2013-08-02,30.542707,streamflow,9277500,ft3/s,['A'],0
2013-08-03,29.546875,streamflow,9277500,ft3/s,['A'],0
2013-08-04,26.844791,streamflow,9277500,ft3/s,['A'],0
2013-08-05,24.539583,streamflow,9277500,ft3/s,['A'],0
2013-08-06,24.145834,streamflow,9277500,ft3/s,['A'],0
2013-08-07,26.019793,streamflow,9277500,ft3/s,['A'],0
2013-08-08,26.376041,streamflow,9277500,ft3/s,['A'],0
2013-08-09,27.375,streamflow,9277500,ft3/s,['A'],0
2013-08-10,32.411457,streamflow,9277500,ft3/s,['A'],0
2013-08-11,32.046875,streamflow,9277500,ft3/s,['A'],0
2013-08-12,31.652082,streamflow,9277500,ft3/s,['A'],0
2013-08-13,34.103127,streamflow,9277500,ft3/s,['A'],0
2013-08-14,35.979168,streamflow,9277500,ft3/s,['A'],0
2013-08-15,36.77396,streamflow,9277500,ft3/s,['A'],0
2013-08-16,34.175,streamflow,9277500,ft3/s,['A'],0
2013-08-17,33.8375,streamflow,9277500,ft3/s,['A'],0
2013-08-18,35.153126,streamflow,9277500,ft3/s,['A'],0
2013-08-19,40.99375,streamflow,9277500,ft3/s,['A'],0
2013-08-20,38.009373,streamflow,9277500,ft3/s,['A'],0
2013-08-21,45.69896,streamflow,9277500,ft3/s,['A'],0
2013-08-22,45.745834,streamflow,9277500,ft3/s,['A'],0
2013-08-23,44.671875,streamflow,9277500,ft3/s,['A'],0
2013-08-24,52.96771,streamflow,9277500,ft3/s,['A'],0
2013-08-25,59.515625,streamflow,9277500,ft3/s,['A'],0
2013-08-26,60.904167,streamflow,9277500,ft3/s,['A'],0
2013-08-27,61.892708,streamflow,9277500,ft3/s,['A'],0
2013-08-28,55.6875,streamflow,9277500,ft3/s,['A'],0
2013-08-29,54.798958,streamflow,9277500,ft3/s,['A'],0
2013-08-30,51.191666,streamflow,9277500,ft3/s,['A'],0
2013-08-31,,streamflow,9277500,ft3/s,['A'],0
2013-09-01,,streamflow,9277500,ft3/s,['A'],0
2013-09-02,,streamflow,9277500,ft3/s,['A'],0
2013-09-03,,streamflow,9277500,ft3/s,['A'],0
2013-09-04,,streamflow,9277500,ft3/s,['A'],0
2013-09-05,,streamflow,9277500,ft3/s,['A'],0
2013-09-06,,streamflow,9277500,ft3/s,['A'],0
2013-09-07,,streamflow,9277500,ft3/s,['A'],0
2013-09-08,,streamflow,9277500,ft3/s,['A'],0
2013-09-09,,streamflow,9277500,ft3/s,['A'],0
2013-09-10,67.62639,streamflow,9277500,ft3/s,['A'],0
2013-09-11,75.23333,streamflow,9277500,ft3/s,['A'],0
2013-09-12,,streamflow,9277500,ft3/s,['A'],0
2013-09-13,,streamflow,9277500,ft3/s,['A'],0
2013-09-14,,streamflow,9277500,ft3/s,['A'],0
2013-09-15,117.888885,streamflow,9277500,ft3/s,['A'],0
2013-09-16,103.90104,streamflow,9277500,ft3/s,['A'],0
2013-09-17,95.19583,streamflow,9277500,ft3/s,['A'],0
2013-09-18,94.25625,streamflow,9277500,ft3/s,['A'],0
2013-09-19,87.09271,streamflow,9277500,ft3/s,['A'],0
2013-09-20,83.39479,streamflow,9277500,ft3/s,['A'],0
2013-09-21,82.06458,streamflow,9277500,ft3/s,['A'],0
2013-09-22,85.91979,streamflow,9277500,ft3/s,['A'],0
2013-09-23,93.32604,streamflow,9277500,ft3/s,['A'],0
2013-09-24,83.770836,streamflow,9277500,ft3/s,['A'],0
2013-09-25,84.57188,streamflow,9277500,ft3/s,['A'],0
2013-09-26,85.92917,streamflow,9277500,ft3/s,['A'],0
2013-09-27,88.751045,streamflow,9277500,ft3/s,['A'],0
2013-09-28,87.24479,streamflow,9277500,ft3/s,['A'],0
2013-09-29,84.99896,streamflow,9277500,ft3/s,['A'],0
2013-09-30,98.52604,streamflow,9277500,ft3/s,['A'],0
2013-10-01,97.42917,streamflow,9277500,ft3/s,['A'],0
2013-10-02,89.69063,streamflow,9277500,ft3/s,['A'],0
2013-10-03,88.39167,streamflow,9277500,ft3/s,['A'],0
2013-10-04,86.137505,streamflow,9277500,ft3/s,['A'],0
2013-10-05,87.88125,streamflow,9277500,ft3/s,['A'],0
2013-10-06,84.9125,streamflow,9277500,ft3/s,['A'],0
2013-10-07,86.70417,streamflow,9277500,ft3/s,['A'],0
2013-10-08,87.995834,streamflow,9277500,ft3/s,['A'],0
2013-10-09,82.69583,streamflow,9277500,ft3/s,['A'],0
2013-10-10,83.83229,streamflow,9277500,ft3/s,['A'],0
2013-10-11,91.04896,streamflow,9277500,ft3/s,['A'],0
2013-10-12,88.876045,streamflow,9277500,ft3/s,['A'],0
2013-10-13,88.92083,streamflow,9277500,ft3/s,['A'],0
2013-10-14,93.1927,streamflow,9277500,ft3/s,['A'],0
2013-10-15,93.11666,streamflow,9277500,ft3/s,['A'],0
2013-10-16,91.95104,streamflow,9277500,ft3/s,['A'],0
2013-10-17,90.26979,streamflow,9277500,ft3/s,['A'],0
2013-10-18,89.64167,streamflow,9277500,ft3/s,['A'],0
2013-10-19,89.20729,streamflow,9277500,ft3/s,['A'],0
2013-10-20,86.20729,streamflow,9277500,ft3/s,['A'],0
2013-10-21,87.609375,streamflow,9277500,ft3/s,['A'],0
2013-10-22,92.004166,streamflow,9277500,ft3/s,['A'],0
2013-10-23,91.686455,streamflow,9277500,ft3/s,['A'],0
2013-10-24,91.01354,streamflow,9277500,ft3/s,['A'],0
2013-10-25,93.302086,streamflow,9277500,ft3/s,['A'],0
2013-10-26,92.20104,streamflow,9277500,ft3/s,['A'],0
2013-10-27,91.17083,streamflow,9277500,ft3/s,['A'],0
2013-10-28,89.82083,streamflow,9277500,ft3/s,['A'],0
2013-10-29,,streamflow,9277500,ft3/s,['A'],0
2013-10-30,,streamflow,9277500,ft3/s,['A'],0
2013-10-31,,streamflow,9277500,ft3/s,['A'],0
2013-11-01,,streamflow,9277500,ft3/s,['A'],0
2013-11-02,,streamflow,9277500,ft3/s,['A'],0
2013-11-03,,streamflow,9277500,ft3/s,['A'],0
2013-11-04,,streamflow,9277500,ft3/s,['A'],0
2013-11-05,,streamflow,9277500,ft3/s,['A'],0
2013-11-06,,streamflow,9277500,ft3/s,['A'],0
2013-11-07,91.64265,streamflow,9277500,ft3/s,['A'],0
2013-11-08,93.26771,streamflow,9277500,ft3/s,['A'],0
2013-11-09,89.59375,streamflow,9277500,ft3/s,['A'],0
2013-11-10,89.109375,streamflow,9277500,ft3/s,['A'],0
2013-11-11,86.87292,streamflow,9277500,ft3/s,['A'],0
2013-11-12,85.09053,streamflow,9277500,ft3/s,['A'],0
2013-11-13,84.81875,streamflow,9277500,ft3/s,['A'],0
2013-11-14,84.9323,streamflow,9277500,ft3/s,['A'],0
2013-11-15,84.5875,streamflow,9277500,ft3/s,['A'],0
2013-11-16,84.49375,streamflow,9277500,ft3/s,['A'],0
2013-11-17,85.83437,streamflow,9277500,ft3/s,['A'],0
2013-11-18,83.58125,streamflow,9277500,ft3/s,['A'],0
2013-11-19,84.08646,streamflow,9277500,ft3/s,['A'],0
2013-11-20,86.15104,streamflow,9277500,ft3/s,['A'],0
2013-11-21,87.41563,streamflow,9277500,ft3/s,['A'],0
2013-11-22,85.46667,streamflow,9277500,ft3/s,['A'],0
2013-11-23,78.02812,streamflow,9277500,ft3/s,['A'],0
2013-11-24,84.00313,streamflow,9277500,ft3/s,['A'],0
2013-11-25,82.69375,streamflow,9277500,ft3/s,['A'],0
2013-11-26,81.28438,streamflow,9277500,ft3/s,['A'],0
2013-11-27,79.42604,streamflow,9277500,ft3/s,['A'],0
2013-11-28,78.166664,streamflow,9277500,ft3/s,['A'],0
2013-11-29,79.683334,streamflow,9277500,ft3/s,['A'],0
2013-11-30,78.21562,streamflow,9277500,ft3/s,['A'],0
2013-12-01,77.65625,streamflow,9277500,ft3/s,['A'],0
2013-12-02,82.09583,streamflow,9277500,ft3/s,['A'],0
2013-12-03,81.21072,streamflow,9277500,ft3/s,['A'],0
2013-12-04,,streamflow,9277500,ft3/s,['A'],0
2013-12-05,,streamflow,9277500,ft3/s,['A'],0
2013-12-06,,streamflow,9277500,ft3/s,['A'],0
2013-12-07,,streamflow,9277500,ft3/s,['A'],0
2013-12-08,,streamflow,9277500,ft3/s,['A'],0
2013-12-09,,streamflow,9277500,ft3/s,['A'],0
2013-12-10,,streamflow,9277500,ft3/s,['A'],0
2013-12-11,,streamflow,9277500,ft3/s,['A'],0
2013-12-12,,streamflow,9277500,ft3/s,['A'],0
2013-12-13,,streamflow,9277500,ft3/s,['A'],0
2013-12-14,,streamflow,9277500,ft3/s,['A'],0
2013-12-15,,streamflow,9277500,ft3/s,['A'],0
2013-12-16,,streamflow,9277500,ft3/s,['A'],0
2013-12-17,,streamflow,9277500,ft3/s,['A'],0
2013-12-18,,streamflow,9277500,ft3/s,['A'],0
2013-12-19,,streamflow,9277500,ft3/s,['A'],0
2013-12-20,,streamflow,9277500,ft3/s,['A'],0
2013-12-21,,streamflow,9277500,ft3/s,['A'],0
2013-12-22,,streamflow,9277500,ft3/s,['A'],0
2013-12-23,76.29706,streamflow,9277500,ft3/s,['A'],0
2013-12-24,75.02917,streamflow,9277500,ft3/s,['A'],0
2013-12-25,74.05,streamflow,9277500,ft3/s,['A'],0
2013-12-26,,streamflow,9277500,ft3/s,['A'],0
2013-12-27,,streamflow,9277500,ft3/s,['A'],0
2013-12-28,,streamflow,9277500,ft3/s,['A'],0
2013-12-29,,streamflow,9277500,ft3/s,['A'],0
2013-12-30,,streamflow,9277500,ft3/s,['A'],0
2013-12-31,76.00882,streamflow,9277500,ft3/s,['A'],0
2014-01-01,75.4375,streamflow,9277500,ft3/s,['A'],0
2014-01-02,73.8625,streamflow,9277500,ft3/s,['A'],0
2014-01-03,73.9,streamflow,9277500,ft3/s,['A'],0
2014-01-04,,streamflow,9277500,ft3/s,['A'],0
2014-01-05,,streamflow,9277500,ft3/s,['A'],0
2014-01-06,,streamflow,9277500,ft3/s,['A'],0
2014-01-07,,streamflow,9277500,ft3/s,['A'],0
2014-01-08,,streamflow,9277500,ft3/s,['A'],0
2014-01-09,,streamflow,9277500,ft3/s,['A'],0
2014-01-10,,streamflow,9277500,ft3/s,['A'],0
2014-01-11,75.905876,streamflow,9277500,ft3/s,['A'],0
2014-01-12,75.729164,streamflow,9277500,ft3/s,['A'],0
2014-01-13,74.65,streamflow,9277500,ft3/s,['A'],0
2014-01-14,74.05735,streamflow,9277500,ft3/s,['A'],0
2014-01-15,73.847916,streamflow,9277500,ft3/s,['A'],0
2014-01-16,73.80417,streamflow,9277500,ft3/s,['A'],0
2014-01-17,73.16563,streamflow,9277500,ft3/s,['A'],0
2014-01-18,73.17084,streamflow,9277500,ft3/s,['A'],0
2014-01-19,72.69271,streamflow,9277500,ft3/s,['A'],0
2014-01-20,68.98929,streamflow,9277500,ft3/s,['A'],0
2014-01-21,,streamflow,9277500,ft3/s,['A'],0
2014-01-22,,streamflow,9277500,ft3/s,['A'],0
2014-01-23,,streamflow,9277500,ft3/s,['A'],0
2014-01-24,,streamflow,9277500,ft3/s,['A'],0
2014-01-25,,streamflow,9277500,ft3/s,['A'],0
2014-01-26,73.31177,streamflow,9277500,ft3/s,['A'],0
2014-01-27,72.06875,streamflow,9277500,ft3/s,['A'],0
2014-01-28,72.606255,streamflow,9277500,ft3/s,['A'],0
2014-01-29,72.847916,streamflow,9277500,ft3/s,['A'],0
2014-01-30,77.4875,streamflow,9277500,ft3/s,['A'],0
2014-01-31,73.89167,streamflow,9277500,ft3/s,['A'],0
2014-02-01,72.671425,streamflow,9277500,ft3/s,['A'],0
2014-02-02,,streamflow,9277500,ft3/s,['A'],0
2014-02-03,,streamflow,9277500,ft3/s,['A'],0
2014-02-04,,streamflow,9277500,ft3/s,['A'],0
2014-02-05,,streamflow,9277500,ft3/s,['A'],0
2014-02-06,,streamflow,9277500,ft3/s,['A'],0
2014-02-07,,streamflow,9277500,ft3/s,['A'],0
2014-02-08,71.00294,streamflow,9277500,ft3/s,['A'],0
2014-02-09,70.29375,streamflow,9277500,ft3/s,['A'],0
2014-02-10,69.89271,streamflow,9277500,ft3/s,['A'],0
2014-02-11,68.175,streamflow,9277500,ft3/s,['A'],0
2014-02-12,68.825,streamflow,9277500,ft3/s,['A'],0
2014-02-13,69.33542,streamflow,9277500,ft3/s,['A'],0
2014-02-14,75.36667,streamflow,9277500,ft3/s,['A'],0
2014-02-15,72.76875,streamflow,9277500,ft3/s,['A'],0
2014-02-16,74.16875,streamflow,9277500,ft3/s,['A'],0
2014-02-17,70.75,streamflow,9277500,ft3/s,['A'],0
2014-02-18,69.72396,streamflow,9277500,ft3/s,['A'],0
2014-02-19,70.12187,streamflow,9277500,ft3/s,['A'],0
2014-02-20,67.33572,streamflow,9277500,ft3/s,['A'],0
2014-02-21,70.40588,streamflow,9277500,ft3/s,['A'],0
2014-02-22,69.714584,streamflow,9277500,ft3/s,['A'],0
2014-02-23,70.0375,streamflow,9277500,ft3/s,['A'],0
2014-02-24,68.8125,streamflow,9277500,ft3/s,['A'],0
2014-02-25,69.96875,streamflow,9277500,ft3/s,['A'],0
2014-02-26,71.802086,streamflow,9277500,ft3/s,['A'],0
2014-02-27,73.58646,streamflow,9277500,ft3/s,['A'],0
2014-02-28,73.49792,streamflow,9277500,ft3/s,['A'],0
2014-03-01,73.49271,streamflow,9277500,ft3/s,['A'],0
2014-03-02,72.688545,streamflow,9277500,ft3/s,['A'],0
2014-03-03,71.60729,streamflow,9277500,ft3/s,['A'],0
2014-03-04,71.842705,streamflow,9277500,ft3/s,['A'],0
2014-03-05,70.998955,streamflow,9277500,ft3/s,['A'],0
2014-03-06,69.68021,streamflow,9277500,ft3/s,['A'],0
2014-03-07,70.60208,streamflow,9277500,ft3/s,['A'],0
2014-03-08,69.83854,streamflow,9277500,ft3/s,['A'],0
2014-03-09,69.671875,streamflow,9277500,ft3/s,['A'],0
2014-03-10,69.78438,streamflow,9277500,ft3/s,['A'],0
2014-03-11,71.640625,streamflow,9277500,ft3/s,['A'],0
2014-03-12,69.13854,streamflow,9277500,ft3/s,['A'],0
2014-03-13,68.927086,streamflow,9277500,ft3/s,['A'],0
2014-03-14,69.208336,streamflow,9277500,ft3/s,['A'],0
2014-03-15,70.01875,streamflow,9277500,ft3/s,['A'],0
2014-03-16,68.62813,streamflow,9277500,ft3/s,['A'],0
2014-03-17,69.52292,streamflow,9277500,ft3/s,['A'],0
2014-03-18,68.57083,streamflow,9277500,ft3/s,['A'],0
2014-03-19,68.629166,streamflow,9277500,ft3/s,['A'],0
2014-03-20,68.688545,streamflow,9277500,ft3/s,['A'],0
2014-03-21,69.88125,streamflow,9277500,ft3/s,['A'],0
2014-03-22,69.50625,streamflow,9277500,ft3/s,['A'],0
2014-03-23,68.50938,streamflow,9277500,ft3/s,['A'],0
2014-03-24,69.629166,streamflow,9277500,ft3/s,['A'],0
2014-03-25,70.50313,streamflow,9277500,ft3/s,['A'],0
2014-03-26,72.88333,streamflow,9277500,ft3/s,['A'],0
2014-03-27,73.35209,streamflow,9277500,ft3/s,['A'],0
2014-03-28,73.458336,streamflow,9277500,ft3/s,['A'],0
2014-03-29,71.686455,streamflow,9277500,ft3/s,['A'],0
2014-03-30,70.82083,streamflow,9277500,ft3/s,['A'],0
2014-03-31,72.14896,streamflow,9277500,ft3/s,['A'],0
2014-04-01,73.34167,streamflow,9277500,ft3/s,['A'],0
2014-04-02,73.31011,streamflow,9277500,ft3/s,['A'],0
2014-04-03,72.10208,streamflow,9277500,ft3/s,['A'],0
2014-04-04,71.53333,streamflow,9277500,ft3/s,['A'],0
2014-04-05,71.39479,streamflow,9277500,ft3/s,['A'],0
2014-04-06,71.969795,streamflow,9277500,ft3/s,['A'],0
2014-04-07,71.376045,streamflow,9277500,ft3/s,['A'],0
2014-04-08,71.49271,streamflow,9277500,ft3/s,['A'],0
2014-04-09,74.822914,streamflow,9277500,ft3/s,['A'],0
2014-04-10,81.3375,streamflow,9277500,ft3/s,['A'],0
2014-04-11,89.33125,streamflow,9277500,ft3/s,['A'],0
2014-04-12,97.59167,streamflow,9277500,ft3/s,['A'],0
2014-04-13,104.464584,streamflow,9277500,ft3/s,['A'],0
2014-04-14,101.24271,streamflow,9277500,ft3/s,['A'],0
2014-04-15,90.5875,streamflow,9277500,ft3/s,['A'],0
2014-04-16,88.36562,streamflow,9277500,ft3/s,['A'],0
2014-04-17,88.2375,streamflow,9277500,ft3/s,['A'],0
2014-04-18,90.501045,streamflow,9277500,ft3/s,['A'],0
2014-04-19,94.626045,streamflow,9277500,ft3/s,['A'],0
2014-04-20,103.90312,streamflow,9277500,ft3/s,['A'],0
2014-04-21,114.135414,streamflow,9277500,ft3/s,['A'],0
2014-04-22,116.677086,streamflow,9277500,ft3/s,['A'],0
2014-04-23,120.989586,streamflow,9277500,ft3/s,['A'],0
2014-04-24,116.208336,streamflow,9277500,ft3/s,['A'],0
2014-04-25,101.51354,streamflow,9277500,ft3/s,['A'],0
2014-04-26,105.84062,streamflow,9277500,ft3/s,['A'],0
2014-04-27,118.833336,streamflow,9277500,ft3/s,['A'],0
2014-04-28,103.171875,streamflow,9277500,ft3/s,['A'],0
2014-04-29,100.572914,streamflow,9277500,ft3/s,['A'],0
2014-04-30,95.23334,streamflow,9277500,ft3/s,['A'],0
2014-05-01,89.98229,streamflow,9277500,ft3/s,['A'],0
2014-05-02,80.47708,streamflow,9277500,ft3/s,['A'],0
2014-05-03,78.4125,streamflow,9277500,ft3/s,['A'],0
2014-05-04,84.56771,streamflow,9277500,ft3/s,['A'],0
2014-05-05,105.816666,streamflow,9277500,ft3/s,['A'],0
2014-05-06,123.385414,streamflow,9277500,ft3/s,['A'],0
2014-05-07,132.89583,streamflow,9277500,ft3/s,['A'],0
2014-05-08,128.21875,streamflow,9277500,ft3/s,['A'],0
2014-05-09,111.177086,streamflow,9277500,ft3/s,['A'],0
2014-05-10,97.47083,streamflow,9277500,ft3/s,['A'],0
2014-05-11,86.59896,streamflow,9277500,ft3/s,['A'],0
2014-05-12,89.06042,streamflow,9277500,ft3/s,['A'],0
2014-05-13,90.12708,streamflow,9277500,ft3/s,['A'],0
2014-05-14,87.60313,streamflow,9277500,ft3/s,['A'],0
2014-05-15,76.57396,streamflow,9277500,ft3/s,['A'],0
2014-05-16,76.1625,streamflow,9277500,ft3/s,['A'],0
2014-05-17,91.35521,streamflow,9277500,ft3/s,['A'],0
2014-05-18,121.54583,streamflow,9277500,ft3/s,['A'],0
2014-05-19,199.13542,streamflow,9277500,ft3/s,['A'],0
2014-05-20,226.15625,streamflow,9277500,ft3/s,['A'],0
2014-05-21,234.67708,streamflow,9277500,ft3/s,['A'],0
2014-05-22,244.4375,streamflow,9277500,ft3/s,['A'],0
2014-05-23,254.67708,streamflow,9277500,ft3/s,['A'],0
2014-05-24,253.84375,streamflow,9277500,ft3/s,['A'],0
2014-05-25,245.17708,streamflow,9277500,ft3/s,['A'],0
2014-05-26,299.7396,streamflow,9277500,ft3/s,['A'],0
2014-05-27,356.84375,streamflow,9277500,ft3/s,['A'],0
2014-05-28,399.875,streamflow,9277500,ft3/s,['A'],0
2014-05-29,385.33334,streamflow,9277500,ft3/s,['A'],0
2014-05-30,385.5104,streamflow,9277500,ft3/s,['A'],0
2014-05-31,362.875,streamflow,9277500,ft3/s,['A'],0
2014-06-01,334.52084,streamflow,9277500,ft3/s,['A'],0
2014-06-02,306.4375,streamflow,9277500,ft3/s,['A'],0
2014-06-03,311.8646,streamflow,9277500,ft3/s,['A'],0
2014-06-04,277.5729,streamflow,9277500,ft3/s,['A'],0
2014-06-05,242.8125,streamflow,9277500,ft3/s,['A'],0
2014-06-06,214.5625,streamflow,9277500,ft3/s,['A'],0
2014-06-07,188.59375,streamflow,9277500,ft3/s,['A'],0
2014-06-08,170.27083,streamflow,9277500,ft3/s,['A'],0
2014-06-09,160.21875,streamflow,9277500,ft3/s,['A'],0
2014-06-10,142.35417,streamflow,9277500,ft3/s,['A'],0
2014-06-11,134.61458,streamflow,9277500,ft3/s,['A'],0
2014-06-12,121.739586,streamflow,9277500,ft3/s,['A'],0
2014-06-13,121.59375,streamflow,9277500,ft3/s,['A'],0
2014-06-14,111.0625,streamflow,9277500,ft3/s,['A'],0
2014-06-15,108.40625,streamflow,9277500,ft3/s,['A'],0
2014-06-16,103.572914,streamflow,9277500,ft3/s,['A'],0
2014-06-17,105.604164,streamflow,9277500,ft3/s,['A'],0
2014-06-18,106.010414,streamflow,9277500,ft3/s,['A'],0
2014-06-19,99.03438,streamflow,9277500,ft3/s,['A'],0
2014-06-20,88.433334,streamflow,9277500,ft3/s,['A'],0
2014-06-21,87.72708,streamflow,9277500,ft3/s,['A'],0
2014-06-22,83.93125,streamflow,9277500,ft3/s,['A'],0
2014-06-23,81.808334,streamflow,9277500,ft3/s,['A'],0
2014-06-24,80.36354,streamflow,9277500,ft3/s,['A'],0
2014-06-25,74.114586,streamflow,9277500,ft3/s,['A'],0
2014-06-26,71.61979,streamflow,9277500,ft3/s,['A'],0
2014-06-27,72.066666,streamflow,9277500,ft3/s,['A'],0
2014-06-28,71.734375,streamflow,9277500,ft3/s,['A'],0
2014-06-29,66.953125,streamflow,9277500,ft3/s,['A'],0
2014-06-30,51.253124,streamflow,9277500,ft3/s,['A'],0
2014-07-01,44.066666,streamflow,9277500,ft3/s,['A'],0
2014-07-02,46.339584,streamflow,9277500,ft3/s,['A'],0
2014-07-03,76.14167,streamflow,9277500,ft3/s,['A'],0
2014-07-04,81.214584,streamflow,9277500,ft3/s,['A'],0
2014-07-05,70.65938,streamflow,9277500,ft3/s,['A'],0
2014-07-06,70.83854,streamflow,9277500,ft3/s,['A'],0
2014-07-07,69.07188,streamflow,9277500,ft3/s,['A'],0
2014-07-08,63.6125,streamflow,9277500,ft3/s,['A'],0
2014-07-09,59.72708,streamflow,9277500,ft3/s,['A'],0
2014-07-10,67.31042,streamflow,9277500,ft3/s,['A'],0
2014-07-11,93.95416,streamflow,9277500,ft3/s,['A'],0
2014-07-12,110.34896,streamflow,9277500,ft3/s,['A'],0
2014-07-13,91.875,streamflow,9277500,ft3/s,['A'],0
2014-07-14,75.77396,streamflow,9277500,ft3/s,['A'],0
2014-07-15,64.125,streamflow,9277500,ft3/s,['A'],0
2014-07-16,56.98021,streamflow,9277500,ft3/s,['A'],0
2014-07-17,49.603127,streamflow,9277500,ft3/s,['A'],0
2014-07-18,45.48021,streamflow,9277500,ft3/s,['A'],0
2014-07-19,43.96875,streamflow,9277500,ft3/s,['A'],0
2014-07-20,41.66771,streamflow,9277500,ft3/s,['A'],0
2014-07-21,45.202084,streamflow,9277500,ft3/s,['A'],0
2014-07-22,42.759377,streamflow,9277500,ft3/s,['A'],0
2014-07-23,38.00625,streamflow,9277500,ft3/s,['A'],0
2014-07-24,37.572918,streamflow,9277500,ft3/s,['A'],0
2014-07-25,34.19479,streamflow,9277500,ft3/s,['A'],0
2014-07-26,30.432291,streamflow,9277500,ft3/s,['A'],0
2014-07-27,34.83229,streamflow,9277500,ft3/s,['A'],0
2014-07-28,36.671875,streamflow,9277500,ft3/s,['A'],0
2014-07-29,51.09375,streamflow,9277500,ft3/s,['A'],0
2014-07-30,93.123955,streamflow,9277500,ft3/s,['A'],0
2014-07-31,87.21562,streamflow,9277500,ft3/s,['A'],0
2014-08-01,75.10521,streamflow,9277500,ft3/s,['A'],0
2014-08-02,68.708336,streamflow,9277500,ft3/s,['A'],0
2014-08-03,63.398956,streamflow,9277500,ft3/s,['A'],0
2014-08-04,68.40625,streamflow,9277500,ft3/s,['A'],0
2014-08-05,92.68125,streamflow,9277500,ft3/s,['A'],0
2014-08-06,103.41563,streamflow,9277500,ft3/s,['A'],0
2014-08-07,96.140625,streamflow,9277500,ft3/s,['A'],0
2014-08-08,83.975,streamflow,9277500,ft3/s,['A'],0
2014-08-09,77.1,streamflow,9277500,ft3/s,['A'],0
2014-08-10,77.63438,streamflow,9277500,ft3/s,['A'],0
2014-08-11,74.089584,streamflow,9277500,ft3/s,['A'],0
2014-08-12,69.0125,streamflow,9277500,ft3/s,['A'],0
2014-08-13,71.847916,streamflow,9277500,ft3/s,['A'],0
2014-08-14,77.1927,streamflow,9277500,ft3/s,['A'],0
2014-08-15,79.47604,streamflow,9277500,ft3/s,['A'],0
2014-08-16,69.09375,streamflow,9277500,ft3/s,['A'],0
2014-08-17,50.50625,streamflow,9277500,ft3/s,['A'],0
2014-08-18,47.3,streamflow,9277500,ft3/s,['A'],0
2014-08-19,46.083332,streamflow,9277500,ft3/s,['A'],0
2014-08-20,57.40521,streamflow,9277500,ft3/s,['A'],0
2014-08-21,60.975,streamflow,9277500,ft3/s,['A'],0
2014-08-22,62.372917,streamflow,9277500,ft3/s,['A'],0
2014-08-23,96.751045,streamflow,9277500,ft3/s,['A'],0
2014-08-24,101.73854,streamflow,9277500,ft3/s,['A'],0
2014-08-25,93.00625,streamflow,9277500,ft3/s,['A'],0
2014-08-26,102.563545,streamflow,9277500,ft3/s,['A'],0
2014-08-27,100.64271,streamflow,9277500,ft3/s,['A'],0
2014-08-28,98.34583,streamflow,9277500,ft3/s,['A'],0
2014-08-29,90.53438,streamflow,9277500,ft3/s,['A'],0
2014-08-30,91.45,streamflow,9277500,ft3/s,['A'],0
2014-08-31,87.28125,streamflow,9277500,ft3/s,['A'],0
2014-09-01,81.45937,streamflow,9277500,ft3/s,['A'],0
2014-09-02,75.65625,streamflow,9277500,ft3/s,['A'],0
2014-09-03,71.24167,streamflow,9277500,ft3/s,['A'],0
2014-09-04,61.923958,streamflow,9277500,ft3/s,['A'],0
2014-09-05,60.993748,streamflow,9277500,ft3/s,['A'],0
2014-09-06,64.16563,streamflow,9277500,ft3/s,['A'],0
2014-09-07,71.234375,streamflow,9277500,ft3/s,['A'],0
2014-09-08,71.95417,streamflow,9277500,ft3/s,['A'],0
2014-09-09,92.43542,streamflow,9277500,ft3/s,['A'],0
2014-09-10,100.38958,streamflow,9277500,ft3/s,['A'],0
2014-09-11,81.67604,streamflow,9277500,ft3/s,['A'],0
2014-09-12,77.18021,streamflow,9277500,ft3/s,['A'],0
2014-09-13,77.86667,streamflow,9277500,ft3/s,['A'],0
2014-09-14,71.84063,streamflow,9277500,ft3/s,['A'],0
2014-09-15,64.214584,streamflow,9277500,ft3/s,['A'],0
2014-09-16,58.728123,streamflow,9277500,ft3/s,['A'],0
2014-09-17,59.497917,streamflow,9277500,ft3/s,['A'],0
2014-09-18,61.14375,streamflow,9277500,ft3/s,['A'],0
2014-09-19,61.228123,streamflow,9277500,ft3/s,['A'],0
2014-09-20,58.28854,streamflow,9277500,ft3/s,['A'],0
2014-09-21,58.771873,streamflow,9277500,ft3/s,['A'],0
2014-09-22,74.05625,streamflow,9277500,ft3/s,['A'],0
2014-09-23,65.61771,streamflow,9277500,ft3/s,['A'],0
2014-09-24,61.911457,streamflow,9277500,ft3/s,['A'],0
2014-09-25,57.221874,streamflow,9277500,ft3/s,['A'],0
2014-09-26,55.86979,streamflow,9277500,ft3/s,['A'],0
2014-09-27,149.18866,streamflow,9277500,ft3/s,['A'],0
2014-09-28,411.8229,streamflow,9277500,ft3/s,['A'],0
2014-09-29,276.7604,streamflow,9277500,ft3/s,['A'],0
2014-09-30,215.98958,streamflow,9277500,ft3/s,['A'],0
2014-10-01,189.73958,streamflow,9277500,ft3/s,['A'],0
2014-10-02,176.69792,streamflow,9277500,ft3/s,['A'],0
2014-10-03,163.375,streamflow,9277500,ft3/s,['A'],0
2014-10-04,155.5625,streamflow,9277500,ft3/s,['A'],0
2014-10-05,153.22917,streamflow,9277500,ft3/s,['A'],0
2014-10-06,150.8125,streamflow,9277500,ft3/s,['A'],0
2014-10-07,145.70833,streamflow,9277500,ft3/s,['A'],0
2014-10-08,141.60417,streamflow,9277500,ft3/s,['A'],0
2014-10-09,139.14583,streamflow,9277500,ft3/s,['A'],0
2014-10-10,137.5,streamflow,9277500,ft3/s,['A'],0
2014-10-11,136.4375,streamflow,9277500,ft3/s,['A'],0
2014-10-12,138.64583,streamflow,9277500,ft3/s,['A'],0
2014-10-13,140.41667,streamflow,9277500,ft3/s,['A'],0
2014-10-14,135.70833,streamflow,9277500,ft3/s,['A'],0
2014-10-15,135.47917,streamflow,9277500,ft3/s,['A'],0
2014-10-16,134.02083,streamflow,9277500,ft3/s,['A'],0
2014-10-17,131.5,streamflow,9277500,ft3/s,['A'],0
2014-10-18,129.22917,streamflow,9277500,ft3/s,['A'],0
2014-10-19,127.677086,streamflow,9277500,ft3/s,['A'],0
2014-10-20,125.166664,streamflow,9277500,ft3/s,['A'],0
2014-10-21,127.822914,streamflow,9277500,ft3/s,['A'],0
2014-10-22,127.21875,streamflow,9277500,ft3/s,['A'],0
2014-10-23,125.854164,streamflow,9277500,ft3/s,['A'],0
2014-10-24,122.166664,streamflow,9277500,ft3/s,['A'],0
2014-10-25,120.979164,streamflow,9277500,ft3/s,['A'],0
2014-10-26,121.395836,streamflow,9277500,ft3/s,['A'],0
2014-10-27,120.020836,streamflow,9277500,ft3/s,['A'],0
2014-10-28,118.65625,streamflow,9277500,ft3/s,['A'],0
2014-10-29,115.864586,streamflow,9277500,ft3/s,['A'],0
2014-10-30,112.010414,streamflow,9277500,ft3/s,['A'],0
2014-10-31,113.791664,streamflow,9277500,ft3/s,['A'],0
2014-11-01,118.614586,streamflow,9277500,ft3/s,['A'],0
2014-11-02,125.552086,streamflow,9277500,ft3/s,['A'],0
2014-11-03,120.4375,streamflow,9277500,ft3/s,['A'],0
2014-11-04,117.333336,streamflow,9277500,ft3/s,['A'],0
2014-11-05,116.65625,streamflow,9277500,ft3/s,['A'],0
2014-11-06,115.145836,streamflow,9277500,ft3/s,['A'],0
2014-11-07,116.072914,streamflow,9277500,ft3/s,['A'],0
2014-11-08,112.03125,streamflow,9277500,ft3/s,['A'],0
2014-11-09,110.84375,streamflow,9277500,ft3/s,['A'],0
2014-11-10,110.552086,streamflow,9277500,ft3/s,['A'],0
2014-11-11,110.65625,streamflow,9277500,ft3/s,['A'],0
2014-11-12,110.4375,streamflow,9277500,ft3/s,['A'],0
2014-11-13,104.1625,streamflow,9277500,ft3/s,['A'],0
2014-11-14,106.78125,streamflow,9277500,ft3/s,['A'],0
2014-11-15,112.65625,streamflow,9277500,ft3/s,['A'],0
2014-11-16,110.39286,streamflow,9277500,ft3/s,['A'],0
2014-11-17,,streamflow,9277500,ft3/s,['A'],0
2014-11-18,103.39706,streamflow,9277500,ft3/s,['A'],0
2014-11-19,104.078125,streamflow,9277500,ft3/s,['A'],0
2014-11-20,106.708336,streamflow,9277500,ft3/s,['A'],0
2014-11-21,104.739586,streamflow,9277500,ft3/s,['A'],0
2014-11-22,105.354164,streamflow,9277500,ft3/s,['A'],0
2014-11-23,107.697914,streamflow,9277500,ft3/s,['A'],0
2014-11-24,103.14896,streamflow,9277500,ft3/s,['A'],0
2014-11-25,101.489586,streamflow,9277500,ft3/s,['A'],0
2014-11-26,105.796875,streamflow,9277500,ft3/s,['A'],0
2014-11-27,103.81771,streamflow,9277500,ft3/s,['A'],0
2014-11-28,103.40104,streamflow,9277500,ft3/s,['A'],0
2014-11-29,102.09375,streamflow,9277500,ft3/s,['A'],0
2014-11-30,103.46354,streamflow,9277500,ft3/s,['A'],0
2014-12-01,101.40104,streamflow,9277500,ft3/s,['A'],0
2014-12-02,99.885414,streamflow,9277500,ft3/s,['A'],0
2014-12-03,101.89792,streamflow,9277500,ft3/s,['A'],0
2014-12-04,101.3125,streamflow,9277500,ft3/s,['A'],0
2014-12-05,100.504166,streamflow,9277500,ft3/s,['A'],0
2014-12-06,99.67604,streamflow,9277500,ft3/s,['A'],0
2014-12-07,98.578125,streamflow,9277500,ft3/s,['A'],0
2014-12-08,97.96354,streamflow,9277500,ft3/s,['A'],0
2014-12-09,96.29792,streamflow,9277500,ft3/s,['A'],0
2014-12-10,97.49062,streamflow,9277500,ft3/s,['A'],0
2014-12-11,95.49479,streamflow,9277500,ft3/s,['A'],0
2014-12-12,98.660416,streamflow,9277500,ft3/s,['A'],0
2014-12-13,98.76146,streamflow,9277500,ft3/s,['A'],0
2014-12-14,97.29896,streamflow,9277500,ft3/s,['A'],0
2014-12-15,95.25,streamflow,9277500,ft3/s,['A'],0
2014-12-16,,streamflow,9277500,ft3/s,['A'],0
2014-12-17,,streamflow,9277500,ft3/s,['A'],0
2014-12-18,,streamflow,9277500,ft3/s,['A'],0
2014-12-19,,streamflow,9277500,ft3/s,['A'],0
2014-12-20,,streamflow,9277500,ft3/s,['A'],0
2014-12-21,,streamflow,9277500,ft3/s,['A'],0
2014-12-22,,streamflow,9277500,ft3/s,['A'],0
2014-12-23,,streamflow,9277500,ft3/s,['A'],0
2014-12-24,,streamflow,9277500,ft3/s,['A'],0
2014-12-25,,streamflow,9277500,ft3/s,['A'],0
2014-12-26,,streamflow,9277500,ft3/s,['A'],0
2014-12-27,,streamflow,9277500,ft3/s,['A'],0
2014-12-28,,streamflow,9277500,ft3/s,['A'],0
2014-12-29,,streamflow,9277500,ft3/s,['A'],0
2014-12-30,,streamflow,9277500,ft3/s,['A'],0
2014-12-31,,streamflow,9277500,ft3/s,['A'],0
2015-01-01,,streamflow,9277500,ft3/s,['A'],0
2015-01-02,,streamflow,9277500,ft3/s,['A'],0
2015-01-03,,streamflow,9277500,ft3/s,['A'],0
2015-01-04,,streamflow,9277500,ft3/s,['A'],0
2015-01-05,,streamflow,9277500,ft3/s,['A'],0
2015-01-06,,streamflow,9277500,ft3/s,['A'],0
2015-01-07,,streamflow,9277500,ft3/s,['A'],0
2015-01-08,,streamflow,9277500,ft3/s,['A'],0
2015-01-09,,streamflow,9277500,ft3/s,['A'],0
2015-01-10,,streamflow,9277500,ft3/s,['A'],0
2015-01-11,,streamflow,9277500,ft3/s,['A'],0
2015-01-12,,streamflow,9277500,ft3/s,['A'],0
2015-01-13,,streamflow,9277500,ft3/s,['A'],0
2015-01-14,,streamflow,9277500,ft3/s,['A'],0
2015-01-15,,streamflow,9277500,ft3/s,['A'],0
2015-01-16,,streamflow,9277500,ft3/s,['A'],0
2015-01-17,,streamflow,9277500,ft3/s,['A'],0
2015-01-18,,streamflow,9277500,ft3/s,['A'],0
2015-01-19,,streamflow,9277500,ft3/s,['A'],0
2015-01-20,,streamflow,9277500,ft3/s,['A'],0
2015-01-21,,streamflow,9277500,ft3/s,['A'],0
2015-01-22,,streamflow,9277500,ft3/s,['A'],0
2015-01-23,,streamflow,9277500,ft3/s,['A'],0
2015-01-24,,streamflow,9277500,ft3/s,['A'],0
2015-01-25,,streamflow,9277500,ft3/s,['A'],0
2015-01-26,,streamflow,9277500,ft3/s,['A'],0
2015-01-27,,streamflow,9277500,ft3/s,['A'],0
2015-01-28,,streamflow,9277500,ft3/s,['A'],0
2015-01-29,,streamflow,9277500,ft3/s,['A'],0
2015-01-30,,streamflow,9277500,ft3/s,['A'],0
2015-01-31,,streamflow,9277500,ft3/s,['A'],0
2015-02-01,,streamflow,9277500,ft3/s,['A'],0
2015-02-02,,streamflow,9277500,ft3/s,['A'],0
2015-02-03,,streamflow,9277500,ft3/s,['A'],0
2015-02-04,,streamflow,9277500,ft3/s,['A'],0
2015-02-05,84.125,streamflow,9277500,ft3/s,['A'],0
2015-02-06,78.55729,streamflow,9277500,ft3/s,['A'],0
2015-02-07,77.4,streamflow,9277500,ft3/s,['A'],0
2015-02-08,77.97708,streamflow,9277500,ft3/s,['A'],0
2015-02-09,76.84896,streamflow,9277500,ft3/s,['A'],0
2015-02-10,78.44375,streamflow,9277500,ft3/s,['A'],0
2015-02-11,75.68021,streamflow,9277500,ft3/s,['A'],0
2015-02-12,75.26458,streamflow,9277500,ft3/s,['A'],0
2015-02-13,75.64792,streamflow,9277500,ft3/s,['A'],0
2015-02-14,75.061455,streamflow,9277500,ft3/s,['A'],0
2015-02-15,75.9875,streamflow,9277500,ft3/s,['A'],0
2015-02-16,75.95,streamflow,9277500,ft3/s,['A'],0
2015-02-17,73.56354,streamflow,9277500,ft3/s,['A'],0
2015-02-18,74.05729,streamflow,9277500,ft3/s,['A'],0
2015-02-19,77.26146,streamflow,9277500,ft3/s,['A'],0
2015-02-20,76.186455,streamflow,9277500,ft3/s,['A'],0
2015-02-21,75.47083,streamflow,9277500,ft3/s,['A'],0
2015-02-22,73.82604,streamflow,9277500,ft3/s,['A'],0
2015-02-23,72.73125,streamflow,9277500,ft3/s,['A'],0
2015-02-24,71.691666,streamflow,9277500,ft3/s,['A'],0
2015-02-25,75.86562,streamflow,9277500,ft3/s,['A'],0
2015-02-26,74.69688,streamflow,9277500,ft3/s,['A'],0
2015-02-27,73.032295,streamflow,9277500,ft3/s,['A'],0
2015-02-28,73.73333,streamflow,9277500,ft3/s,['A'],0
2015-03-01,74.43854,streamflow,9277500,ft3/s,['A'],0
2015-03-02,76.5125,streamflow,9277500,ft3/s,['A'],0
2015-03-03,74.83542,streamflow,9277500,ft3/s,['A'],0
2015-03-04,70.67604,streamflow,9277500,ft3/s,['A'],0
2015-03-05,71.36041,streamflow,9277500,ft3/s,['A'],0
2015-03-06,74.52604,streamflow,9277500,ft3/s,['A'],0
2015-03-07,74.916664,streamflow,9277500,ft3/s,['A'],0
2015-03-08,74.10729,streamflow,9277500,ft3/s,['A'],0
2015-03-09,72.89479,streamflow,9277500,ft3/s,['A'],0
2015-03-10,72.53438,streamflow,9277500,ft3/s,['A'],0
2015-03-11,72.20416,streamflow,9277500,ft3/s,['A'],0
2015-03-12,72.88333,streamflow,9277500,ft3/s,['A'],0
2015-03-13,74.15417,streamflow,9277500,ft3/s,['A'],0
2015-03-14,74.0677,streamflow,9277500,ft3/s,['A'],0
2015-03-15,74.29375,streamflow,9277500,ft3/s,['A'],0
2015-03-16,75.71042,streamflow,9277500,ft3/s,['A'],0
2015-03-17,77.32604,streamflow,9277500,ft3/s,['A'],0
2015-03-18,80.85104,streamflow,9277500,ft3/s,['A'],0
2015-03-19,85.125,streamflow,9277500,ft3/s,['A'],0
2015-03-20,85.15417,streamflow,9277500,ft3/s,['A'],0
2015-03-21,85.61562,streamflow,9277500,ft3/s,['A'],0
2015-03-22,86.30937,streamflow,9277500,ft3/s,['A'],0
2015-03-23,88.0052,streamflow,9277500,ft3/s,['A'],0
2015-03-24,89.12812,streamflow,9277500,ft3/s,['A'],0
2015-03-25,82.78125,streamflow,9277500,ft3/s,['A'],0
2015-03-26,79.57916,streamflow,9277500,ft3/s,['A'],0
2015-03-27,78.00104,streamflow,9277500,ft3/s,['A'],0
2015-03-28,80.29063,streamflow,9277500,ft3/s,['A'],0
2015-03-29,84.39271,streamflow,9277500,ft3/s,['A'],0
2015-03-30,88.15104,streamflow,9277500,ft3/s,['A'],0
2015-03-31,92.203125,streamflow,9277500,ft3/s,['A'],0
2015-04-01,96.13125,streamflow,9277500,ft3/s,['A'],0
2015-04-02,108.85208,streamflow,9277500,ft3/s,['A'],0
2015-04-03,108.035416,streamflow,9277500,ft3/s,['A'],0
2015-04-04,99.40938,streamflow,9277500,ft3/s,['A'],0
2015-04-05,95.953125,streamflow,9277500,ft3/s,['A'],0
2015-04-06,100.52917,streamflow,9277500,ft3/s,['A'],0
2015-04-07,95.74896,streamflow,9277500,ft3/s,['A'],0
2015-04-08,92.24062,streamflow,9277500,ft3/s,['A'],0
2015-04-09,97.527084,streamflow,9277500,ft3/s,['A'],0
2015-04-10,95.60417,streamflow,9277500,ft3/s,['A'],0
2015-04-11,92.38229,streamflow,9277500,ft3/s,['A'],0
2015-04-12,92.11875,streamflow,9277500,ft3/s,['A'],0
2015-04-13,93.97813,streamflow,9277500,ft3/s,['A'],0
2015-04-14,95.870834,streamflow,9277500,ft3/s,['A'],0
2015-04-15,103.825,streamflow,9277500,ft3/s,['A'],0
2015-04-16,109.354164,streamflow,9277500,ft3/s,['A'],0
2015-04-17,106.0625,streamflow,9277500,ft3/s,['A'],0
2015-04-18,101.157295,streamflow,9277500,ft3/s,['A'],0
2015-04-19,99.64271,streamflow,9277500,ft3/s,['A'],0
2015-04-20,97.96355,streamflow,9277500,ft3/s,['A'],0
2015-04-21,97.89167,streamflow,9277500,ft3/s,['A'],0
2015-04-22,108.770836,streamflow,9277500,ft3/s,['A'],0
2015-04-23,116.0625,streamflow,9277500,ft3/s,['A'],0
2015-04-24,113.46875,streamflow,9277500,ft3/s,['A'],0
2015-04-25,109.96875,streamflow,9277500,ft3/s,['A'],0
2015-04-26,115.885414,streamflow,9277500,ft3/s,['A'],0
2015-04-27,106.62708,streamflow,9277500,ft3/s,['A'],0
2015-04-28,98.65105,streamflow,9277500,ft3/s,['A'],0
2015-04-29,94.67812,streamflow,9277500,ft3/s,['A'],0
2015-04-30,97.41875,streamflow,9277500,ft3/s,['A'],0
2015-05-01,102.22083,streamflow,9277500,ft3/s,['A'],0
2015-05-02,101.958336,streamflow,9277500,ft3/s,['A'],0
2015-05-03,96.92812,streamflow,9277500,ft3/s,['A'],0
2015-05-04,100.89375,streamflow,9277500,ft3/s,['A'],0
2015-05-05,98.379166,streamflow,9277500,ft3/s,['A'],0
2015-05-06,99.38125,streamflow,9277500,ft3/s,['A'],0
2015-05-07,102.7375,streamflow,9277500,ft3/s,['A'],0
2015-05-08,103.885414,streamflow,9277500,ft3/s,['A'],0
2015-05-09,98.51146,streamflow,9277500,ft3/s,['A'],0
2015-05-10,108.285416,streamflow,9277500,ft3/s,['A'],0
2015-05-11,95.859375,streamflow,9277500,ft3/s,['A'],0
2015-05-12,94.32292,streamflow,9277500,ft3/s,['A'],0
2015-05-13,95.75938,streamflow,9277500,ft3/s,['A'],0
2015-05-14,95.35,streamflow,9277500,ft3/s,['A'],0
2015-05-15,101.969795,streamflow,9277500,ft3/s,['A'],0
2015-05-16,114.8125,streamflow,9277500,ft3/s,['A'],0
2015-05-17,114.447914,streamflow,9277500,ft3/s,['A'],0
2015-05-18,114.34375,streamflow,9277500,ft3/s,['A'],0
2015-05-19,122.3125,streamflow,9277500,ft3/s,['A'],0
2015-05-20,129.77083,streamflow,9277500,ft3/s,['A'],0
2015-05-21,152.42708,streamflow,9277500,ft3/s,['A'],0
2015-05-22,172.48958,streamflow,9277500,ft3/s,['A'],0
2015-05-23,178.23958,streamflow,9277500,ft3/s,['A'],0
2015-05-24,175.52083,streamflow,9277500,ft3/s,['A'],0
2015-05-25,172.53125,streamflow,9277500,ft3/s,['A'],0
2015-05-26,167.98958,streamflow,9277500,ft3/s,['A'],0
2015-05-27,209.76042,streamflow,9277500,ft3/s,['A'],0
2015-05-28,202.10417,streamflow,9277500,ft3/s,['A'],0
2015-05-29,187.76042,streamflow,9277500,ft3/s,['A'],0
2015-05-30,169.77083,streamflow,9277500,ft3/s,['A'],0
2015-05-31,165.23958,streamflow,9277500,ft3/s,['A'],0
2015-06-01,172.23958,streamflow,9277500,ft3/s,['A'],0
2015-06-02,220.67708,streamflow,9277500,ft3/s,['A'],0
2015-06-03,186.98958,streamflow,9277500,ft3/s,['A'],0
2015-06-04,164.01042,streamflow,9277500,ft3/s,['A'],0
2015-06-05,151.1875,streamflow,9277500,ft3/s,['A'],0
2015-06-06,152.80208,streamflow,9277500,ft3/s,['A'],0
2015-06-07,139.14583,streamflow,9277500,ft3/s,['A'],0
2015-06-08,125.916664,streamflow,9277500,ft3/s,['A'],0
2015-06-09,116.708336,streamflow,9277500,ft3/s,['A'],0
2015-06-10,112.510414,streamflow,9277500,ft3/s,['A'],0
2015-06-11,112.489586,streamflow,9277500,ft3/s,['A'],0
2015-06-12,134.375,streamflow,9277500,ft3/s,['A'],0
2015-06-13,123.458336,streamflow,9277500,ft3/s,['A'],0
2015-06-14,109.958336,streamflow,9277500,ft3/s,['A'],0
2015-06-15,107.729164,streamflow,9277500,ft3/s,['A'],0
2015-06-16,121.5625,streamflow,9277500,ft3/s,['A'],0
2015-06-17,112.78125,streamflow,9277500,ft3/s,['A'],0
2015-06-18,106.9375,streamflow,9277500,ft3/s,['A'],0
2015-06-19,101.43229,streamflow,9277500,ft3/s,['A'],0
2015-06-20,94.020836,streamflow,9277500,ft3/s,['A'],0
2015-06-21,,streamflow,9277500,ft3/s,['A'],0
2015-06-22,,streamflow,9277500,ft3/s,['A'],0
2015-06-23,,streamflow,9277500,ft3/s,['A'],0
2015-06-24,,streamflow,9277500,ft3/s,['A'],0
2015-06-25,,streamflow,9277500,ft3/s,['A'],0
2015-06-26,72.522224,streamflow,9277500,ft3/s,['A'],0
2015-06-27,65.39479,streamflow,9277500,ft3/s,['A'],0
2015-06-28,58.770832,streamflow,9277500,ft3/s,['A'],0
2015-06-29,60.00833,streamflow,9277500,ft3/s,['A'],0
2015-06-30,57.96771,streamflow,9277500,ft3/s,['A'],0
2015-07-01,55.772915,streamflow,9277500,ft3/s,['A'],0
2015-07-02,48.492706,streamflow,9277500,ft3/s,['A'],0
2015-07-03,49.595833,streamflow,9277500,ft3/s,['A'],0
2015-07-04,,streamflow,9277500,ft3/s,['A'],0
2015-07-05,,streamflow,9277500,ft3/s,['A'],0
2015-07-06,,streamflow,9277500,ft3/s,['A'],0
2015-07-07,,streamflow,9277500,ft3/s,['A'],0
2015-07-08,67.040276,streamflow,9277500,ft3/s,['A'],0
2015-07-09,110.85729,streamflow,9277500,ft3/s,['A'],0
2015-07-10,188.75,streamflow,9277500,ft3/s,['A'],0
2015-07-11,171.48958,streamflow,9277500,ft3/s,['A'],0
2015-07-12,155.53125,streamflow,9277500,ft3/s,['A'],0
2015-07-13,126.4375,streamflow,9277500,ft3/s,['A'],0
2015-07-14,104.416664,streamflow,9277500,ft3/s,['A'],0
2015-07-15,102.1,streamflow,9277500,ft3/s,['A'],0
2015-07-16,97.55,streamflow,9277500,ft3/s,['A'],0
2015-07-17,83.80104,streamflow,9277500,ft3/s,['A'],0
2015-07-18,75.43229,streamflow,9277500,ft3/s,['A'],0
2015-07-19,72.25625,streamflow,9277500,ft3/s,['A'],0
2015-07-20,64.347916,streamflow,9277500,ft3/s,['A'],0
2015-07-21,64.57604,streamflow,9277500,ft3/s,['A'],0
2015-07-22,77.89896,streamflow,9277500,ft3/s,['A'],0
2015-07-23,77.9875,streamflow,9277500,ft3/s,['A'],0
2015-07-24,69.657295,streamflow,9277500,ft3/s,['A'],0
2015-07-25,61.18646,streamflow,9277500,ft3/s,['A'],0
2015-07-26,51.204166,streamflow,9277500,ft3/s,['A'],0
2015-07-27,54.81354,streamflow,9277500,ft3/s,['A'],0
2015-07-28,57.7875,streamflow,9277500,ft3/s,['A'],0
2015-07-29,48.128124,streamflow,9277500,ft3/s,['A'],0
2015-07-30,45.213543,streamflow,9277500,ft3/s,['A'],0
2015-07-31,37.81875,streamflow,9277500,ft3/s,['A'],0
2015-08-01,40.690624,streamflow,9277500,ft3/s,['A'],0
2015-08-02,38.59479,streamflow,9277500,ft3/s,['A'],0
2015-08-03,63.973957,streamflow,9277500,ft3/s,['A'],0
2015-08-04,96.65625,streamflow,9277500,ft3/s,['A'],0
2015-08-05,78.083336,streamflow,9277500,ft3/s,['A'],0
2015-08-06,68.12188,streamflow,9277500,ft3/s,['A'],0
2015-08-07,61.953125,streamflow,9277500,ft3/s,['A'],0
2015-08-08,79.55312,streamflow,9277500,ft3/s,['A'],0
2015-08-09,97.24479,streamflow,9277500,ft3/s,['A'],0
2015-08-10,78.78125,streamflow,9277500,ft3/s,['A'],0
2015-08-11,71.2,streamflow,9277500,ft3/s,['A'],0
2015-08-12,68.40104,streamflow,9277500,ft3/s,['A'],0
2015-08-13,72.29479,streamflow,9277500,ft3/s,['A'],0
2015-08-14,67.19063,streamflow,9277500,ft3/s,['A'],0
2015-08-15,64.31354,streamflow,9277500,ft3/s,['A'],0
2015-08-16,57.15625,streamflow,9277500,ft3/s,['A'],0
2015-08-17,60.270832,streamflow,9277500,ft3/s,['A'],0
2015-08-18,55.584373,streamflow,9277500,ft3/s,['A'],0
2015-08-19,52.75104,streamflow,9277500,ft3/s,['A'],0
2015-08-20,49.802082,streamflow,9277500,ft3/s,['A'],0
2015-08-21,48.91458,streamflow,9277500,ft3/s,['A'],0
2015-08-22,43.425,streamflow,9277500,ft3/s,['A'],0
2015-08-23,43.598957,streamflow,9277500,ft3/s,['A'],0
2015-08-24,50.2625,streamflow,9277500,ft3/s,['A'],0
2015-08-25,45.81354,streamflow,9277500,ft3/s,['A'],0
2015-08-26,45.097916,streamflow,9277500,ft3/s,['A'],0
2015-08-27,53.513542,streamflow,9277500,ft3/s,['A'],0
2015-08-28,52.19896,streamflow,9277500,ft3/s,['A'],0
2015-08-29,44.611458,streamflow,9277500,ft3/s,['A'],0
2015-08-30,35.94896,streamflow,9277500,ft3/s,['A'],0
2015-08-31,39.433334,streamflow,9277500,ft3/s,['A'],0
2015-09-01,39.734375,streamflow,9277500,ft3/s,['A'],0
2015-09-02,45.49167,streamflow,9277500,ft3/s,['A'],0
2015-09-03,46.075,streamflow,9277500,ft3/s,['A'],0
2015-09-04,37.774998,streamflow,9277500,ft3/s,['A'],0
2015-09-05,36.297916,streamflow,9277500,ft3/s,['A'],0
2015-09-06,39.290623,streamflow,9277500,ft3/s,['A'],0
2015-09-07,36.48854,streamflow,9277500,ft3/s,['A'],0
2015-09-08,35.477085,streamflow,9277500,ft3/s,['A'],0
2015-09-09,34.296875,streamflow,9277500,ft3/s,['A'],0
2015-09-10,32.791668,streamflow,9277500,ft3/s,['A'],0
2015-09-11,29.5625,streamflow,9277500,ft3/s,['A'],0
2015-09-12,29.582293,streamflow,9277500,ft3/s,['A'],0
2015-09-13,29.955208,streamflow,9277500,ft3/s,['A'],0
2015-09-14,31.348959,streamflow,9277500,ft3/s,['A'],0
2015-09-15,60.072918,streamflow,9277500,ft3/s,['A'],0
2015-09-16,70.28333,streamflow,9277500,ft3/s,['A'],0
2015-09-17,70.839584,streamflow,9277500,ft3/s,['A'],0
2015-09-18,66.11875,streamflow,9277500,ft3/s,['A'],0
2015-09-19,61.861458,streamflow,9277500,ft3/s,['A'],0
2015-09-20,57.59375,streamflow,9277500,ft3/s,['A'],0
2015-09-21,55.37604,streamflow,9277500,ft3/s,['A'],0
2015-09-22,57.40729,streamflow,9277500,ft3/s,['A'],0
2015-09-23,60.00729,streamflow,9277500,ft3/s,['A'],0
2015-09-24,58.09479,streamflow,9277500,ft3/s,['A'],0
2015-09-25,55.790627,streamflow,9277500,ft3/s,['A'],0
2015-09-26,55.765625,streamflow,9277500,ft3/s,['A'],0
2015-09-27,55.890625,streamflow,9277500,ft3/s,['A'],0
2015-09-28,56.046875,streamflow,9277500,ft3/s,['A'],0
2015-09-29,54.710415,streamflow,9277500,ft3/s,['A'],0
2015-09-30,58.615623,streamflow,9277500,ft3/s,['A'],0
2015-10-01,62.590626,streamflow,9277500,ft3/s,['A'],0
2015-10-02,69.70521,streamflow,9277500,ft3/s,['A'],0
2015-10-03,72.203125,streamflow,9277500,ft3/s,['A'],0
2015-10-04,76.984375,streamflow,9277500,ft3/s,['A'],0
2015-10-05,77.79271,streamflow,9277500,ft3/s,['A'],0
2015-10-06,87.04479,streamflow,9277500,ft3/s,['A'],0
2015-10-07,92.22604,streamflow,9277500,ft3/s,['A'],0
2015-10-08,90.38438,streamflow,9277500,ft3/s,['A'],0
2015-10-09,87.44375,streamflow,9277500,ft3/s,['A'],0
2015-10-10,85.38646,streamflow,9277500,ft3/s,['A'],0
2015-10-11,84.62292,streamflow,9277500,ft3/s,['A'],0
2015-10-12,81.842705,streamflow,9277500,ft3/s,['A'],0
2015-10-13,81.68437,streamflow,9277500,ft3/s,['A'],0
2015-10-14,82.19688,streamflow,9277500,ft3/s,['A'],0
2015-10-15,83.51771,streamflow,9277500,ft3/s,['A'],0
2015-10-16,79.375,streamflow,9277500,ft3/s,['A'],0
2015-10-17,81.74687,streamflow,9277500,ft3/s,['A'],0
2015-10-18,90.73229,streamflow,9277500,ft3/s,['A'],0
2015-10-19,107.40833,streamflow,9277500,ft3/s,['A'],0
2015-10-20,118.083336,streamflow,9277500,ft3/s,['A'],0
2015-10-21,105.74792,streamflow,9277500,ft3/s,['A'],0
2015-10-22,101.885414,streamflow,9277500,ft3/s,['A'],0
2015-10-23,99.08125,streamflow,9277500,ft3/s,['A'],0
2015-10-24,98.52396,streamflow,9277500,ft3/s,['A'],0
2015-10-25,97.79792,streamflow,9277500,ft3/s,['A'],0
2015-10-26,97.95937,streamflow,9277500,ft3/s,['A'],0
2015-10-27,96.93542,streamflow,9277500,ft3/s,['A'],0
2015-10-28,94.995834,streamflow,9277500,ft3/s,['A'],0
2015-10-29,96.63959,streamflow,9277500,ft3/s,['A'],0
2015-10-30,102.572914,streamflow,9277500,ft3/s,['A'],0
2015-10-31,100.3875,streamflow,9277500,ft3/s,['A'],0
2015-11-01,100.80729,streamflow,9277500,ft3/s,['A'],0
2015-11-02,101.17084,streamflow,9277500,ft3/s,['A'],0
2015-11-03,101.328125,streamflow,9277500,ft3/s,['A'],0
2015-11-04,101.015625,streamflow,9277500,ft3/s,['A'],0
2015-11-05,100.32604,streamflow,9277500,ft3/s,['A'],0
2015-11-06,99.35104,streamflow,9277500,ft3/s,['A'],0
2015-11-07,95.72813,streamflow,9277500,ft3/s,['A'],0
2015-11-08,95.11667,streamflow,9277500,ft3/s,['A'],0
2015-11-09,97.67604,streamflow,9277500,ft3/s,['A'],0
2015-11-10,100.8625,streamflow,9277500,ft3/s,['A'],0
2015-11-11,101.2,streamflow,9277500,ft3/s,['A'],0
2015-11-12,94.41458,streamflow,9277500,ft3/s,['A'],0
2015-11-13,96.052086,streamflow,9277500,ft3/s,['A'],0
2015-11-14,98.49792,streamflow,9277500,ft3/s,['A'],0
2015-11-15,98.30312,streamflow,9277500,ft3/s,['A'],0
2015-11-16,104.48541,streamflow,9277500,ft3/s,['A'],0
2015-11-17,98.01459,streamflow,9277500,ft3/s,['A'],0
2015-11-18,100.083336,streamflow,9277500,ft3/s,['A'],0
2015-11-19,97.29167,streamflow,9277500,ft3/s,['A'],0
2015-11-20,98.025,streamflow,9277500,ft3/s,['A'],0
2015-11-21,89.87292,streamflow,9277500,ft3/s,['A'],0
2015-11-22,88.614586,streamflow,9277500,ft3/s,['A'],0
2015-11-23,91.17812,streamflow,9277500,ft3/s,['A'],0
2015-11-24,92.98333,streamflow,9277500,ft3/s,['A'],0
2015-11-25,93.03021,streamflow,9277500,ft3/s,['A'],0
2015-11-26,92.54271,streamflow,9277500,ft3/s,['A'],0
2015-11-27,92.80729,streamflow,9277500,ft3/s,['A'],0
2015-11-28,91.160416,streamflow,9277500,ft3/s,['A'],0
2015-11-29,89.05937,streamflow,9277500,ft3/s,['A'],0
2015-11-30,90.90104,streamflow,9277500,ft3/s,['A'],0
2015-12-01,98.07604,streamflow,9277500,ft3/s,['A'],0
2015-12-02,100.925,streamflow,9277500,ft3/s,['A'],0
2015-12-03,107.5375,streamflow,9277500,ft3/s,['A'],0
2015-12-04,90.686455,streamflow,9277500,ft3/s,['A'],0
2015-12-05,89.53854,streamflow,9277500,ft3/s,['A'],0
2015-12-06,87.01979,streamflow,9277500,ft3/s,['A'],0
2015-12-07,87.75104,streamflow,9277500,ft3/s,['A'],0
2015-12-08,89.28229,streamflow,9277500,ft3/s,['A'],0
2015-12-09,90.60957,streamflow,9277500,ft3/s,['A'],0
2015-12-10,89.43021,streamflow,9277500,ft3/s,['A'],0
2015-12-11,89.1302,streamflow,9277500,ft3/s,['A'],0
2015-12-12,87.23854,streamflow,9277500,ft3/s,['A'],0
2015-12-13,78.560715,streamflow,9277500,ft3/s,['A'],0
2015-12-14,,streamflow,9277500,ft3/s,['A'],0
2015-12-15,,streamflow,9277500,ft3/s,['A'],0
2015-12-16,,streamflow,9277500,ft3/s,['A'],0
2015-12-17,,streamflow,9277500,ft3/s,['A'],0
2015-12-18,,streamflow,9277500,ft3/s,['A'],0
2015-12-19,,streamflow,9277500,ft3/s,['A'],0
2015-12-20,,streamflow,9277500,ft3/s,['A'],0
2015-12-21,,streamflow,9277500,ft3/s,['A'],0
2015-12-22,,streamflow,9277500,ft3/s,['A'],0
2015-12-23,,streamflow,9277500,ft3/s,['A'],0
2015-12-24,,streamflow,9277500,ft3/s,['A'],0
2015-12-25,,streamflow,9277500,ft3/s,['A'],0
2015-12-26,,streamflow,9277500,ft3/s,['A'],0
2015-12-27,,streamflow,9277500,ft3/s,['A'],0
2015-12-28,,streamflow,9277500,ft3/s,['A'],0
2015-12-29,,streamflow,9277500,ft3/s,['A'],0
2015-12-30,,streamflow,9277500,ft3/s,['A'],0
2015-12-31,,streamflow,9277500,ft3/s,['A'],0
2016-01-01,,streamflow,9277500,ft3/s,['A'],0
2016-01-02,,streamflow,9277500,ft3/s,['A'],0
2016-01-03,,streamflow,9277500,ft3/s,['A'],0
2016-01-04,,streamflow,9277500,ft3/s,['A'],0
2016-01-05,,streamflow,9277500,ft3/s,['A'],0
2016-01-06,,streamflow,9277500,ft3/s,['A'],0
2016-01-07,,streamflow,9277500,ft3/s,['A'],0
2016-01-08,,streamflow,9277500,ft3/s,['A'],0
2016-01-09,,streamflow,9277500,ft3/s,['A'],0
2016-01-10,,streamflow,9277500,ft3/s,['A'],0
2016-01-11,,streamflow,9277500,ft3/s,['A'],0
2016-01-12,,streamflow,9277500,ft3/s,['A'],0
2016-01-13,,streamflow,9277500,ft3/s,['A'],0
2016-01-14,,streamflow,9277500,ft3/s,['A'],0
2016-01-15,,streamflow,9277500,ft3/s,['A'],0
2016-01-16,,streamflow,9277500,ft3/s,['A'],0
2016-01-17,,streamflow,9277500,ft3/s,['A'],0
2016-01-18,,streamflow,9277500,ft3/s,['A'],0
2016-01-19,,streamflow,9277500,ft3/s,['A'],0
2016-01-20,67.689705,streamflow,9277500,ft3/s,['A'],0
2016-01-21,67.78571,streamflow,9277500,ft3/s,['A'],0
2016-01-22,,streamflow,9277500,ft3/s,['A'],0
2016-01-23,,streamflow,9277500,ft3/s,['A'],0
2016-01-24,,streamflow,9277500,ft3/s,['A'],0
2016-01-25,,streamflow,9277500,ft3/s,['A'],0
2016-01-26,,streamflow,9277500,ft3/s,['A'],0
2016-01-27,,streamflow,9277500,ft3/s,['A'],0
2016-01-28,,streamflow,9277500,ft3/s,['A'],0
2016-01-29,67.24559,streamflow,9277500,ft3/s,['A'],0
2016-01-30,66.936455,streamflow,9277500,ft3/s,['A'],0
2016-01-31,66.932144,streamflow,9277500,ft3/s,['A'],0
2016-02-01,,streamflow,9277500,ft3/s,['A'],0
2016-02-02,,streamflow,9277500,ft3/s,['A'],0
2016-02-03,,streamflow,9277500,ft3/s,['A'],0
2016-02-04,,streamflow,9277500,ft3/s,['A'],0
2016-02-05,,streamflow,9277500,ft3/s,['A'],0
2016-02-06,,streamflow,9277500,ft3/s,['A'],0
2016-02-07,,streamflow,9277500,ft3/s,['A'],0
2016-02-08,,streamflow,9277500,ft3/s,['A'],0
2016-02-09,,streamflow,9277500,ft3/s,['A'],0
2016-02-10,,streamflow,9277500,ft3/s,['A'],0
2016-02-11,,streamflow,9277500,ft3/s,['A'],0
2016-02-12,,streamflow,9277500,ft3/s,['A'],0
2016-02-13,,streamflow,9277500,ft3/s,['A'],0
2016-02-14,,streamflow,9277500,ft3/s,['A'],0
2016-02-15,,streamflow,9277500,ft3/s,['A'],0
2016-02-16,,streamflow,9277500,ft3/s,['A'],0
2016-02-17,,streamflow,9277500,ft3/s,['A'],0
2016-02-18,,streamflow,9277500,ft3/s,['A'],0
2016-02-19,,streamflow,9277500,ft3/s,['A'],0
2016-02-20,,streamflow,9277500,ft3/s,['A'],0
2016-02-21,,streamflow,9277500,ft3/s,['A'],0
2016-02-22,,streamflow,9277500,ft3/s,['A'],0
2016-02-23,,streamflow,9277500,ft3/s,['A'],0
2016-02-24,,streamflow,9277500,ft3/s,['A'],0
2016-02-25,75.36029,streamflow,9277500,ft3/s,['A'],0
2016-02-26,74.63854,streamflow,9277500,ft3/s,['A'],0
2016-02-27,74.43542,streamflow,9277500,ft3/s,['A'],0
2016-02-28,75.95416,streamflow,9277500,ft3/s,['A'],0
2016-02-29,74.3125,streamflow,9277500,ft3/s,['A'],0
2016-03-01,74.30104,streamflow,9277500,ft3/s,['A'],0
2016-03-02,74.65729,streamflow,9277500,ft3/s,['A'],0
2016-03-03,73.77396,streamflow,9277500,ft3/s,['A'],0
2016-03-04,74.375,streamflow,9277500,ft3/s,['A'],0
2016-03-05,76.589584,streamflow,9277500,ft3/s,['A'],0
2016-03-06,78.09479,streamflow,9277500,ft3/s,['A'],0
2016-03-07,81.754166,streamflow,9277500,ft3/s,['A'],0
2016-03-08,75.26146,streamflow,9277500,ft3/s,['A'],0
2016-03-09,74.71562,streamflow,9277500,ft3/s,['A'],0
2016-03-10,74.85,streamflow,9277500,ft3/s,['A'],0
2016-03-11,74.34687,streamflow,9277500,ft3/s,['A'],0
2016-03-12,75.035416,streamflow,9277500,ft3/s,['A'],0
2016-03-13,75.11875,streamflow,9277500,ft3/s,['A'],0
2016-03-14,76.04896,streamflow,9277500,ft3/s,['A'],0
2016-03-15,75.72396,streamflow,9277500,ft3/s,['A'],0
2016-03-16,75.96979,streamflow,9277500,ft3/s,['A'],0
2016-03-17,73.86771,streamflow,9277500,ft3/s,['A'],0
2016-03-18,72.38438,streamflow,9277500,ft3/s,['A'],0
2016-03-19,70.05104,streamflow,9277500,ft3/s,['A'],0
2016-03-20,71.23125,streamflow,9277500,ft3/s,['A'],0
2016-03-21,72.22813,streamflow,9277500,ft3/s,['A'],0
2016-03-22,73.89271,streamflow,9277500,ft3/s,['A'],0
2016-03-23,73.20937,streamflow,9277500,ft3/s,['A'],0
2016-03-24,71.75104,streamflow,9277500,ft3/s,['A'],0
2016-03-25,71.166664,streamflow,9277500,ft3/s,['A'],0
2016-03-26,70.51667,streamflow,9277500,ft3/s,['A'],0
2016-03-27,67.28854,streamflow,9277500,ft3/s,['A'],0
2016-03-28,64.504166,streamflow,9277500,ft3/s,['A'],0
2016-03-29,69.8625,streamflow,9277500,ft3/s,['A'],0
2016-03-30,74.68854,streamflow,9277500,ft3/s,['A'],0
2016-03-31,74.38125,streamflow,9277500,ft3/s,['A'],0
2016-04-01,73.32916,streamflow,9277500,ft3/s,['A'],0
2016-04-02,68.416664,streamflow,9277500,ft3/s,['A'],0
2016-04-03,67.88438,streamflow,9277500,ft3/s,['A'],0
2016-04-04,70.06771,streamflow,9277500,ft3/s,['A'],0
2016-04-05,71.97083,streamflow,9277500,ft3/s,['A'],0
2016-04-06,76.32083,streamflow,9277500,ft3/s,['A'],0
2016-04-07,75.99375,streamflow,9277500,ft3/s,['A'],0
2016-04-08,84.40104,streamflow,9277500,ft3/s,['A'],0
2016-04-09,87.58229,streamflow,9277500,ft3/s,['A'],0
2016-04-10,93.05729,streamflow,9277500,ft3/s,['A'],0
2016-04-11,97.260414,streamflow,9277500,ft3/s,['A'],0
2016-04-12,100.38646,streamflow,9277500,ft3/s,['A'],0
2016-04-13,105.052086,streamflow,9277500,ft3/s,['A'],0
2016-04-14,118.520836,streamflow,9277500,ft3/s,['A'],0
2016-04-15,123.645836,streamflow,9277500,ft3/s,['A'],0
2016-04-16,117.65625,streamflow,9277500,ft3/s,['A'],0
2016-04-17,107.333336,streamflow,9277500,ft3/s,['A'],0
2016-04-18,103.16979,streamflow,9277500,ft3/s,['A'],0
2016-04-19,95.89479,streamflow,9277500,ft3/s,['A'],0
2016-04-20,95.938545,streamflow,9277500,ft3/s,['A'],0
2016-04-21,95.90521,streamflow,9277500,ft3/s,['A'],0
2016-04-22,110.07917,streamflow,9277500,ft3/s,['A'],0
2016-04-23,126.635414,streamflow,9277500,ft3/s,['A'],0
2016-04-24,143.47917,streamflow,9277500,ft3/s,['A'],0
2016-04-25,147.59375,streamflow,9277500,ft3/s,['A'],0
2016-04-26,154.1875,streamflow,9277500,ft3/s,['A'],0
2016-04-27,144.02083,streamflow,9277500,ft3/s,['A'],0
2016-04-28,151.75,streamflow,9277500,ft3/s,['A'],0
2016-04-29,147.39583,streamflow,9277500,ft3/s,['A'],0
2016-04-30,128.95833,streamflow,9277500,ft3/s,['A'],0
2016-05-01,120.229164,streamflow,9277500,ft3/s,['A'],0
2016-05-02,113.447914,streamflow,9277500,ft3/s,['A'],0
2016-05-03,109.208336,streamflow,9277500,ft3/s,['A'],0
2016-05-04,117.416664,streamflow,9277500,ft3/s,['A'],0
2016-05-05,126.4375,streamflow,9277500,ft3/s,['A'],0
2016-05-06,140.15625,streamflow,9277500,ft3/s,['A'],0
2016-05-07,177.53125,streamflow,9277500,ft3/s,['A'],0
2016-05-08,178.59375,streamflow,9277500,ft3/s,['A'],0
2016-05-09,187.61458,streamflow,9277500,ft3/s,['A'],0
2016-05-10,202.89583,streamflow,9277500,ft3/s,['A'],0
2016-05-11,197.19792,streamflow,9277500,ft3/s,['A'],0
2016-05-12,184.89583,streamflow,9277500,ft3/s,['A'],0
2016-05-13,179.60417,streamflow,9277500,ft3/s,['A'],0
2016-05-14,201.15625,streamflow,9277500,ft3/s,['A'],0
2016-05-15,247.86458,streamflow,9277500,ft3/s,['A'],0
2016-05-16,278.5,streamflow,9277500,ft3/s,['A'],0
2016-05-17,265.375,streamflow,9277500,ft3/s,['A'],0
2016-05-18,236.54167,streamflow,9277500,ft3/s,['A'],0
2016-05-19,214.97917,streamflow,9277500,ft3/s,['A'],0
2016-05-20,227.16667,streamflow,9277500,ft3/s,['A'],0
2016-05-21,256.52084,streamflow,9277500,ft3/s,['A'],0
2016-05-22,275.72916,streamflow,9277500,ft3/s,['A'],0
2016-05-23,237.91667,streamflow,9277500,ft3/s,['A'],0
2016-05-24,211.9375,streamflow,9277500,ft3/s,['A'],0
2016-05-25,192.98958,streamflow,9277500,ft3/s,['A'],0
2016-05-26,177.78125,streamflow,9277500,ft3/s,['A'],0
2016-05-27,177.80208,streamflow,9277500,ft3/s,['A'],0
2016-05-28,168.59375,streamflow,9277500,ft3/s,['A'],0
2016-05-29,163.09375,streamflow,9277500,ft3/s,['A'],0
2016-05-30,179.6875,streamflow,9277500,ft3/s,['A'],0
2016-05-31,187.54167,streamflow,9277500,ft3/s,['A'],0
2016-06-01,225.42708,streamflow,9277500,ft3/s,['A'],0
2016-06-02,253.54167,streamflow,9277500,ft3/s,['A'],0
2016-06-03,276.7604,streamflow,9277500,ft3/s,['A'],0
2016-06-04,338.04166,streamflow,9277500,ft3/s,['A'],0
2016-06-05,430.96875,streamflow,9277500,ft3/s,['A'],0
2016-06-06,463.2604,streamflow,9277500,ft3/s,['A'],0
2016-06-07,401.41666,streamflow,9277500,ft3/s,['A'],0
2016-06-08,311.35416,streamflow,9277500,ft3/s,['A'],0
2016-06-09,311.8854,streamflow,9277500,ft3/s,['A'],0
2016-06-10,292.9479,streamflow,9277500,ft3/s,['A'],0
2016-06-11,263.5521,streamflow,9277500,ft3/s,['A'],0
2016-06-12,262.6875,streamflow,9277500,ft3/s,['A'],0
2016-06-13,241.16667,streamflow,9277500,ft3/s,['A'],0
2016-06-14,232.44792,streamflow,9277500,ft3/s,['A'],0
2016-06-15,209.15625,streamflow,9277500,ft3/s,['A'],0
2016-06-16,193.60417,streamflow,9277500,ft3/s,['A'],0
2016-06-17,177.61458,streamflow,9277500,ft3/s,['A'],0
2016-06-18,162.09375,streamflow,9277500,ft3/s,['A'],0
2016-06-19,146.86458,streamflow,9277500,ft3/s,['A'],0
2016-06-20,140.9375,streamflow,9277500,ft3/s,['A'],0
2016-06-21,131.39583,streamflow,9277500,ft3/s,['A'],0
2016-06-22,124.916664,streamflow,9277500,ft3/s,['A'],0
2016-06-23,115.885414,streamflow,9277500,ft3/s,['A'],0
2016-06-24,108.322914,streamflow,9277500,ft3/s,['A'],0
2016-06-25,95.63333,streamflow,9277500,ft3/s,['A'],0
2016-06-26,82.62292,streamflow,9277500,ft3/s,['A'],0
2016-06-27,77.847916,streamflow,9277500,ft3/s,['A'],0
2016-06-28,62.05625,streamflow,9277500,ft3/s,['A'],0
2016-06-29,58.520832,streamflow,9277500,ft3/s,['A'],0
2016-06-30,57.03854,streamflow,9277500,ft3/s,['A'],0
2016-07-01,66.30521,streamflow,9277500,ft3/s,['A'],0
2016-07-02,70.78854,streamflow,9277500,ft3/s,['A'],0
2016-07-03,59.215626,streamflow,9277500,ft3/s,['A'],0
2016-07-04,57.76979,streamflow,9277500,ft3/s,['A'],0
2016-07-05,50.621876,streamflow,9277500,ft3/s,['A'],0
2016-07-06,46.784374,streamflow,9277500,ft3/s,['A'],0
2016-07-07,42.729164,streamflow,9277500,ft3/s,['A'],0
2016-07-08,45.01146,streamflow,9277500,ft3/s,['A'],0
2016-07-09,36.240623,streamflow,9277500,ft3/s,['A'],0
2016-07-10,29.082293,streamflow,9277500,ft3/s,['A'],0
2016-07-11,26.470833,streamflow,9277500,ft3/s,['A'],0
2016-07-12,31.310417,streamflow,9277500,ft3/s,['A'],0
2016-07-13,48.673958,streamflow,9277500,ft3/s,['A'],0
2016-07-14,49.0375,streamflow,9277500,ft3/s,['A'],0
2016-07-15,47.80625,streamflow,9277500,ft3/s,['A'],0
2016-07-16,44.364582,streamflow,9277500,ft3/s,['A'],0
2016-07-17,41.729168,streamflow,9277500,ft3/s,['A'],0
2016-07-18,45.158333,streamflow,9277500,ft3/s,['A'],0
2016-07-19,45.271873,streamflow,9277500,ft3/s,['A'],0
2016-07-20,43.11771,streamflow,9277500,ft3/s,['A'],0
2016-07-21,36.859375,streamflow,9277500,ft3/s,['A'],0
2016-07-22,37.422916,streamflow,9277500,ft3/s,['A'],0
2016-07-23,37.1125,streamflow,9277500,ft3/s,['A'],0
2016-07-24,32.455208,streamflow,9277500,ft3/s,['A'],0
2016-07-25,30.270834,streamflow,9277500,ft3/s,['A'],0
2016-07-26,32.463543,streamflow,9277500,ft3/s,['A'],0
2016-07-27,34.071877,streamflow,9277500,ft3/s,['A'],0
2016-07-28,27.902082,streamflow,9277500,ft3/s,['A'],0
2016-07-29,23.8125,streamflow,9277500,ft3/s,['A'],0
2016-07-30,23.4,streamflow,9277500,ft3/s,['A'],0
2016-07-31,29.048958,streamflow,9277500,ft3/s,['A'],0
2016-08-01,37.784374,streamflow,9277500,ft3/s,['A'],0
2016-08-02,37.735416,streamflow,9277500,ft3/s,['A'],0
2016-08-03,31.84375,streamflow,9277500,ft3/s,['A'],0
2016-08-04,28.459375,streamflow,9277500,ft3/s,['A'],0
2016-08-05,26.433332,streamflow,9277500,ft3/s,['A'],0
2016-08-06,33.611458,streamflow,9277500,ft3/s,['A'],0
2016-08-07,40.308334,streamflow,9277500,ft3/s,['A'],0
2016-08-08,55.996876,streamflow,9277500,ft3/s,['A'],0
2016-08-09,53.79271,streamflow,9277500,ft3/s,['A'],0
2016-08-10,46.164585,streamflow,9277500,ft3/s,['A'],0
2016-08-11,49.315624,streamflow,9277500,ft3/s,['A'],0
2016-08-12,53.720833,streamflow,9277500,ft3/s,['A'],0
2016-08-13,49.482292,streamflow,9277500,ft3/s,['A'],0
2016-08-14,41.984375,streamflow,9277500,ft3/s,['A'],0
2016-08-15,41.621876,streamflow,9277500,ft3/s,['A'],0
2016-08-16,48.33125,streamflow,9277500,ft3/s,['A'],0
2016-08-17,37.04375,streamflow,9277500,ft3/s,['A'],0
2016-08-18,31.665625,streamflow,9277500,ft3/s,['A'],0
2016-08-19,32.74271,streamflow,9277500,ft3/s,['A'],0
2016-08-20,29.312765,streamflow,9277500,ft3/s,['A'],0
2016-08-21,23.575,streamflow,9277500,ft3/s,['A'],0
2016-08-22,27.060417,streamflow,9277500,ft3/s,['A'],0
2016-08-23,45.133335,streamflow,9277500,ft3/s,['A'],0
2016-08-24,41.119793,streamflow,9277500,ft3/s,['A'],0
2016-08-25,42.272915,streamflow,9277500,ft3/s,['A'],0
2016-08-26,46.357292,streamflow,9277500,ft3/s,['A'],0
2016-08-27,45.12604,streamflow,9277500,ft3/s,['A'],0
2016-08-28,48.59375,streamflow,9277500,ft3/s,['A'],0
2016-08-29,42.942707,streamflow,9277500,ft3/s,['A'],0
2016-08-30,37.635418,streamflow,9277500,ft3/s,['A'],0
2016-08-31,30.473959,streamflow,9277500,ft3/s,['A'],0
2016-09-01,33.121876,streamflow,9277500,ft3/s,['A'],0
2016-09-02,38.119793,streamflow,9277500,ft3/s,['A'],0
2016-09-03,40.76979,streamflow,9277500,ft3/s,['A'],0
2016-09-04,43.265625,streamflow,9277500,ft3/s,['A'],0
2016-09-05,48.128124,streamflow,9277500,ft3/s,['A'],0
2016-09-06,49.88125,streamflow,9277500,ft3/s,['A'],0
2016-09-07,44.983334,streamflow,9277500,ft3/s,['A'],0
2016-09-08,40.396873,streamflow,9277500,ft3/s,['A'],0
2016-09-09,42.471874,streamflow,9277500,ft3/s,['A'],0
2016-09-10,42.839584,streamflow,9277500,ft3/s,['A'],0
2016-09-11,45.035416,streamflow,9277500,ft3/s,['A'],0
2016-09-12,38.46875,streamflow,9277500,ft3/s,['A'],0
2016-09-13,37.53125,streamflow,9277500,ft3/s,['A'],0
2016-09-14,56.879166,streamflow,9277500,ft3/s,['A'],0
2016-09-15,63.489582,streamflow,9277500,ft3/s,['A'],0
2016-09-16,58.31354,streamflow,9277500,ft3/s,['A'],0
2016-09-17,59.989582,streamflow,9277500,ft3/s,['A'],0
2016-09-18,56.575,streamflow,9277500,ft3/s,['A'],0
2016-09-19,56.616665,streamflow,9277500,ft3/s,['A'],0
2016-09-20,52.16771,streamflow,9277500,ft3/s,['A'],0
2016-09-21,42.31146,streamflow,9277500,ft3/s,['A'],0
2016-09-22,49.50833,streamflow,9277500,ft3/s,['A'],0
2016-09-23,172.97917,streamflow,9277500,ft3/s,['A'],0
2016-09-24,129.76042,streamflow,9277500,ft3/s,['A'],0
2016-09-25,120.989586,streamflow,9277500,ft3/s,['A'],0
2016-09-26,104.76667,streamflow,9277500,ft3/s,['A'],0
2016-09-27,99.79063,streamflow,9277500,ft3/s,['A'],0
2016-09-28,96.23229,streamflow,9277500,ft3/s,['A'],0
2016-09-29,94.30417,streamflow,9277500,ft3/s,['A'],0
2016-09-30,161.36458,streamflow,9277500,ft3/s,['A'],0
2016-10-01,104.05417,streamflow,9277500,ft3/s,['A'],0
2016-10-02,102.74792,streamflow,9277500,ft3/s,['A'],0
2016-10-03,108.2875,streamflow,9277500,ft3/s,['A'],0
2016-10-04,113.854164,streamflow,9277500,ft3/s,['A'],0
2016-10-05,107.916664,streamflow,9277500,ft3/s,['A'],0
2016-10-06,107.822914,streamflow,9277500,ft3/s,['A'],0
2016-10-07,102.1375,streamflow,9277500,ft3/s,['A'],0
2016-10-08,98.46875,streamflow,9277500,ft3/s,['A'],0
2016-10-09,97.48229,streamflow,9277500,ft3/s,['A'],0
2016-10-10,95.129166,streamflow,9277500,ft3/s,['A'],0
2016-10-11,94.43958,streamflow,9277500,ft3/s,['A'],0
2016-10-12,92.597916,streamflow,9277500,ft3/s,['A'],0
2016-10-13,90.43229,streamflow,9277500,ft3/s,['A'],0
2016-10-14,89.54271,streamflow,9277500,ft3/s,['A'],0
2016-10-15,89.54271,streamflow,9277500,ft3/s,['A'],0
2016-10-16,87.74271,streamflow,9277500,ft3/s,['A'],0
2016-10-17,88.14792,streamflow,9277500,ft3/s,['A'],0
2016-10-18,93.85521,streamflow,9277500,ft3/s,['A'],0
2016-10-19,94.109375,streamflow,9277500,ft3/s,['A'],0
2016-10-20,93.541664,streamflow,9277500,ft3/s,['A'],0
2016-10-21,96.375,streamflow,9277500,ft3/s,['A'],0
2016-10-22,96.60104,streamflow,9277500,ft3/s,['A'],0
2016-10-23,96.4323,streamflow,9277500,ft3/s,['A'],0
2016-10-24,97.35,streamflow,9277500,ft3/s,['A'],0
2016-10-25,110.625,streamflow,9277500,ft3/s,['A'],0
2016-10-26,106.864586,streamflow,9277500,ft3/s,['A'],0
2016-10-27,102.094795,streamflow,9277500,ft3/s,['A'],0
2016-10-28,98.21354,streamflow,9277500,ft3/s,['A'],0
2016-10-29,104.68437,streamflow,9277500,ft3/s,['A'],0
2016-10-30,104.385414,streamflow,9277500,ft3/s,['A'],0
2016-10-31,106.0625,streamflow,9277500,ft3/s,['A'],0
2016-11-01,110.916664,streamflow,9277500,ft3/s,['A'],0
2016-11-02,106.416664,streamflow,9277500,ft3/s,['A'],0
2016-11-03,103.77826,streamflow,9277500,ft3/s,['A'],0
2016-11-04,101.15417,streamflow,9277500,ft3/s,['A'],0
2016-11-05,101.12708,streamflow,9277500,ft3/s,['A'],0
2016-11-06,102.847916,streamflow,9277500,ft3/s,['A'],0
2016-11-07,100.828125,streamflow,9277500,ft3/s,['A'],0
2016-11-08,99.609375,streamflow,9277500,ft3/s,['A'],0
2016-11-09,98.72708,streamflow,9277500,ft3/s,['A'],0
2016-11-10,97.703125,streamflow,9277500,ft3/s,['A'],0
2016-11-11,97.11771,streamflow,9277500,ft3/s,['A'],0
2016-11-12,97.208336,streamflow,9277500,ft3/s,['A'],0
2016-11-13,97.0375,streamflow,9277500,ft3/s,['A'],0
2016-11-14,96.44271,streamflow,9277500,ft3/s,['A'],0
2016-11-15,96.0875,streamflow,9277500,ft3/s,['A'],0
2016-11-16,95.56563,streamflow,9277500,ft3/s,['A'],0
2016-11-17,95.964584,streamflow,9277500,ft3/s,['A'],0
2016-11-18,91.51979,streamflow,9277500,ft3/s,['A'],0
2016-11-19,86.388374,streamflow,9277500,ft3/s,['A'],0
2016-11-20,89.48,streamflow,9277500,ft3/s,['A'],0
2016-11-21,99.891426,streamflow,9277500,ft3/s,['A'],0
2016-11-22,100.55521,streamflow,9277500,ft3/s,['A'],0
2016-11-23,96.18229,streamflow,9277500,ft3/s,['A'],0
2016-11-24,90.818184,streamflow,9277500,ft3/s,['A'],0
2016-11-25,82.083336,streamflow,9277500,ft3/s,['A'],0
2016-11-26,85.5027,streamflow,9277500,ft3/s,['A'],0
2016-11-27,100.19896,streamflow,9277500,ft3/s,['A'],0
2016-11-28,99.5375,streamflow,9277500,ft3/s,['A'],0
2016-11-29,96.95,streamflow,9277500,ft3/s,['A'],0
2016-11-30,93.80104,streamflow,9277500,ft3/s,['A'],0
2016-12-01,93.30282,streamflow,9277500,ft3/s,['A'],0
2016-12-02,88.08409,streamflow,9277500,ft3/s,['A'],0
2016-12-03,87.05161,streamflow,9277500,ft3/s,['A'],0
2016-12-04,91.33611,streamflow,9277500,ft3/s,['A'],0
2016-12-05,96.265625,streamflow,9277500,ft3/s,['A'],0
2016-12-06,91.149055,streamflow,9277500,ft3/s,['A'],0
2016-12-07,80.23334,streamflow,9277500,ft3/s,['A'],0
2016-12-08,74.3,streamflow,9277500,ft3/s,['A'],0
2016-12-09,77.833336,streamflow,9277500,ft3/s,['A'],0
2016-12-10,96.30968,streamflow,9277500,ft3/s,['A'],0
2016-12-11,96.825,streamflow,9277500,ft3/s,['A'],0
2016-12-12,94.07917,streamflow,9277500,ft3/s,['A'],0
2016-12-13,89.09189,streamflow,9277500,ft3/s,['A'],0
2016-12-14,93.67826,streamflow,9277500,ft3/s,['A'],0
2016-12-15,94.74062,streamflow,9277500,ft3/s,['A'],0
2016-12-16,104.05417,streamflow,9277500,ft3/s,['A'],0
2016-12-17,97.35244,streamflow,9277500,ft3/s,['A'],0
2016-12-18,81.5,streamflow,9277500,ft3/s,['A'],0
2016-12-19,83.73333,streamflow,9277500,ft3/s,['A'],0
2016-12-20,89.833336,streamflow,9277500,ft3/s,['A'],0
2016-12-21,97.17778,streamflow,9277500,ft3/s,['A'],0
2016-12-22,94.333336,streamflow,9277500,ft3/s,['A'],0
2016-12-23,92.16979,streamflow,9277500,ft3/s,['A'],0
2016-12-24,92.40833,streamflow,9277500,ft3/s,['A'],0
2016-12-25,93.91458,streamflow,9277500,ft3/s,['A'],0
2016-12-26,88.375,streamflow,9277500,ft3/s,['A'],0
2016-12-27,72.13333,streamflow,9277500,ft3/s,['A'],0
2016-12-28,74.13333,streamflow,9277500,ft3/s,['A'],0
2016-12-29,74.066666,streamflow,9277500,ft3/s,['A'],0
2016-12-30,76.200005,streamflow,9277500,ft3/s,['A'],0
2016-12-31,81.299995,streamflow,9277500,ft3/s,['A'],0
2017-01-01,87.73333,streamflow,9277500,ft3/s,['A'],0
2017-01-02,92.49565,streamflow,9277500,ft3/s,['A'],0
2017-01-03,92.34583,streamflow,9277500,ft3/s,['A'],0
2017-01-04,91.75938,streamflow,9277500,ft3/s,['A'],0
2017-01-05,89.59375,streamflow,9277500,ft3/s,['A'],0
2017-01-06,79.05,streamflow,9277500,ft3/s,['A'],0
2017-01-07,65.933334,streamflow,9277500,ft3/s,['A'],0
2017-01-08,78.03333,streamflow,9277500,ft3/s,['A'],0
2017-01-09,89.16667,streamflow,9277500,ft3/s,['A'],0
2017-01-10,88.96667,streamflow,9277500,ft3/s,['A'],0
2017-01-11,88.799995,streamflow,9277500,ft3/s,['A'],0
2017-01-12,84.84,streamflow,9277500,ft3/s,['A'],0
2017-01-13,83.18229,streamflow,9277500,ft3/s,['A'],0
2017-01-14,81.066666,streamflow,9277500,ft3/s,['A'],0
2017-01-15,78.06979,streamflow,9277500,ft3/s,['A'],0
2017-01-16,70.433334,streamflow,9277500,ft3/s,['A'],0
2017-01-17,70.066666,streamflow,9277500,ft3/s,['A'],0
2017-01-18,75.36667,streamflow,9277500,ft3/s,['A'],0
2017-01-19,77.5,streamflow,9277500,ft3/s,['A'],0
2017-01-20,79.3,streamflow,9277500,ft3/s,['A'],0
2017-01-21,78.73333,streamflow,9277500,ft3/s,['A'],0
2017-01-22,76.166664,streamflow,9277500,ft3/s,['A'],0
2017-01-23,76.1,streamflow,9277500,ft3/s,['A'],0
2017-01-24,78.86666,streamflow,9277500,ft3/s,['A'],0
2017-01-25,75.2,streamflow,9277500,ft3/s,['A'],0
2017-01-26,72.03333,streamflow,9277500,ft3/s,['A'],0
2017-01-27,68.933334,streamflow,9277500,ft3/s,['A'],0
2017-01-28,68.799995,streamflow,9277500,ft3/s,['A'],0
2017-01-29,69.9,streamflow,9277500,ft3/s,['A'],0
2017-01-30,71.4,streamflow,9277500,ft3/s,['A'],0
2017-01-31,72.8,streamflow,9277500,ft3/s,['A'],0
2017-02-01,74.433334,streamflow,9277500,ft3/s,['A'],0
2017-02-02,77.66154,streamflow,9277500,ft3/s,['A'],0
2017-02-03,74.99792,streamflow,9277500,ft3/s,['A'],0
2017-02-04,77.06563,streamflow,9277500,ft3/s,['A'],0
2017-02-05,76.29063,streamflow,9277500,ft3/s,['A'],0
2017-02-06,75.77292,streamflow,9277500,ft3/s,['A'],0
2017-02-07,78.76979,streamflow,9277500,ft3/s,['A'],0
2017-02-08,84.74687,streamflow,9277500,ft3/s,['A'],0
2017-02-09,84.5875,streamflow,9277500,ft3/s,['A'],0
2017-02-10,87.98125,streamflow,9277500,ft3/s,['A'],0
2017-02-11,103.80625,streamflow,9277500,ft3/s,['A'],0
2017-02-12,92.08646,streamflow,9277500,ft3/s,['A'],0
2017-02-13,83.729164,streamflow,9277500,ft3/s,['A'],0
2017-02-14,81.62187,streamflow,9277500,ft3/s,['A'],0
2017-02-15,81.53333,streamflow,9277500,ft3/s,['A'],0
2017-02-16,80.79479,streamflow,9277500,ft3/s,['A'],0
2017-02-17,84.93542,streamflow,9277500,ft3/s,['A'],0
2017-02-18,85.566666,streamflow,9277500,ft3/s,['A'],0
2017-02-19,86.06042,streamflow,9277500,ft3/s,['A'],0
2017-02-20,86.06979,streamflow,9277500,ft3/s,['A'],0
2017-02-21,86.56875,streamflow,9277500,ft3/s,['A'],0
2017-02-22,91.14896,streamflow,9277500,ft3/s,['A'],0
2017-02-23,84.87708,streamflow,9277500,ft3/s,['A'],0
2017-02-24,79.20521,streamflow,9277500,ft3/s,['A'],0
2017-02-25,69.28833,streamflow,9277500,ft3/s,['A'],0
2017-02-26,74.86875,streamflow,9277500,ft3/s,['A'],0
2017-02-27,80.27187,streamflow,9277500,ft3/s,['A'],0
2017-02-28,75.97813,streamflow,9277500,ft3/s,['A'],0
2017-03-01,73.17742,streamflow,9277500,ft3/s,['A'],0
2017-03-02,76.98229,streamflow,9277500,ft3/s,['A'],0
2017-03-03,76.45,streamflow,9277500,ft3/s,['A'],0
2017-03-04,78.83229,streamflow,9277500,ft3/s,['A'],0
2017-03-05,80.64271,streamflow,9277500,ft3/s,['A'],0
2017-03-06,80.262505,streamflow,9277500,ft3/s,['A'],0
2017-03-07,77.370834,streamflow,9277500,ft3/s,['A'],0
2017-03-08,80.76459,streamflow,9277500,ft3/s,['A'],0
2017-03-09,83.751045,streamflow,9277500,ft3/s,['A'],0
2017-03-10,92.489586,streamflow,9277500,ft3/s,['A'],0
2017-03-11,97.67917,streamflow,9277500,ft3/s,['A'],0
2017-03-12,108.197914,streamflow,9277500,ft3/s,['A'],0
2017-03-13,117.427086,streamflow,9277500,ft3/s,['A'],0
2017-03-14,131.625,streamflow,9277500,ft3/s,['A'],0
2017-03-15,139.3125,streamflow,9277500,ft3/s,['A'],0
2017-03-16,142.5625,streamflow,9277500,ft3/s,['A'],0
2017-03-17,149.90625,streamflow,9277500,ft3/s,['A'],0
2017-03-18,151.94792,streamflow,9277500,ft3/s,['A'],0
2017-03-19,158.57292,streamflow,9277500,ft3/s,['A'],0
2017-03-20,170.44792,streamflow,9277500,ft3/s,['A'],0
2017-03-21,174.72917,streamflow,9277500,ft3/s,['A'],0
2017-03-22,179.59375,streamflow,9277500,ft3/s,['A'],0
2017-03-23,211.48958,streamflow,9277500,ft3/s,['A'],0
2017-03-24,194.01042,streamflow,9277500,ft3/s,['A'],0
2017-03-25,176.64583,streamflow,9277500,ft3/s,['A'],0
2017-03-26,170.36458,streamflow,9277500,ft3/s,['A'],0
2017-03-27,162.51042,streamflow,9277500,ft3/s,['A'],0
2017-03-28,161.95833,streamflow,9277500,ft3/s,['A'],0
2017-03-29,148.35417,streamflow,9277500,ft3/s,['A'],0
2017-03-30,151.83333,streamflow,9277500,ft3/s,['A'],0
2017-03-31,178.26042,streamflow,9277500,ft3/s,['A'],0
2017-04-01,185.54167,streamflow,9277500,ft3/s,['A'],0
2017-04-02,187.05208,streamflow,9277500,ft3/s,['A'],0
2017-04-03,180.95833,streamflow,9277500,ft3/s,['A'],0
2017-04-04,172.53125,streamflow,9277500,ft3/s,['A'],0
2017-04-05,161.09375,streamflow,9277500,ft3/s,['A'],0
2017-04-06,164.71875,streamflow,9277500,ft3/s,['A'],0
2017-04-07,172.82292,streamflow,9277500,ft3/s,['A'],0
2017-04-08,185.375,streamflow,9277500,ft3/s,['A'],0
2017-04-09,197.84375,streamflow,9277500,ft3/s,['A'],0
2017-04-10,181.25,streamflow,9277500,ft3/s,['A'],0
2017-04-11,176.64583,streamflow,9277500,ft3/s,['A'],0
2017-04-12,169.80208,streamflow,9277500,ft3/s,['A'],0
2017-04-13,180.53125,streamflow,9277500,ft3/s,['A'],0
2017-04-14,205.92708,streamflow,9277500,ft3/s,['A'],0
2017-04-15,208.97917,streamflow,9277500,ft3/s,['A'],0
2017-04-16,206.80208,streamflow,9277500,ft3/s,['A'],0
2017-04-17,215.55208,streamflow,9277500,ft3/s,['A'],0
2017-04-18,226.67708,streamflow,9277500,ft3/s,['A'],0
2017-04-19,255.90625,streamflow,9277500,ft3/s,['A'],0
2017-04-20,259.47916,streamflow,9277500,ft3/s,['A'],0
2017-04-21,256.96875,streamflow,9277500,ft3/s,['A'],0
2017-04-22,229.79167,streamflow,9277500,ft3/s,['A'],0
2017-04-23,219.59375,streamflow,9277500,ft3/s,['A'],0
2017-04-24,230.59375,streamflow,9277500,ft3/s,['A'],0
2017-04-25,244.04167,streamflow,9277500,ft3/s,['A'],0
2017-04-26,229.11458,streamflow,9277500,ft3/s,['A'],0
2017-04-27,221.39583,streamflow,9277500,ft3/s,['A'],0
2017-04-28,211.77083,streamflow,9277500,ft3/s,['A'],0
2017-04-29,200.79167,streamflow,9277500,ft3/s,['A'],0
2017-04-30,190.86458,streamflow,9277500,ft3/s,['A'],0
2017-05-01,185.91667,streamflow,9277500,ft3/s,['A'],0
2017-05-02,181.8125,streamflow,9277500,ft3/s,['A'],0
2017-05-03,178.25,streamflow,9277500,ft3/s,['A'],0
2017-05-04,166.88542,streamflow,9277500,ft3/s,['A'],0
2017-05-05,184.76042,streamflow,9277500,ft3/s,['A'],0
2017-05-06,238.73958,streamflow,9277500,ft3/s,['A'],0
2017-05-07,287.20834,streamflow,9277500,ft3/s,['A'],0
2017-05-08,331.4375,streamflow,9277500,ft3/s,['A'],0
2017-05-09,373.9271,streamflow,9277500,ft3/s,['A'],0
2017-05-10,603.03125,streamflow,9277500,ft3/s,['A'],0
2017-05-11,771.875,streamflow,9277500,ft3/s,['A'],0
2017-05-12,928.7917,streamflow,9277500,ft3/s,['A'],0
2017-05-13,1208.8541,streamflow,9277500,ft3/s,['A'],0
2017-05-14,1380.7291,streamflow,9277500,ft3/s,['A'],0
2017-05-15,1186.5625,streamflow,9277500,ft3/s,['A'],0
2017-05-16,1081.25,streamflow,9277500,ft3/s,['A'],0
2017-05-17,1035.0209,streamflow,9277500,ft3/s,['A'],0
2017-05-18,935.19794,streamflow,9277500,ft3/s,['A'],0
2017-05-19,801.8333,streamflow,9277500,ft3/s,['A'],0
2017-05-20,590.76044,streamflow,9277500,ft3/s,['A'],0
2017-05-21,478.08334,streamflow,9277500,ft3/s,['A'],0
2017-05-22,441.45834,streamflow,9277500,ft3/s,['A'],0
2017-05-23,336.40625,streamflow,9277500,ft3/s,['A'],0
2017-05-24,544.3958,streamflow,9277500,ft3/s,['A'],0
2017-05-25,876.30206,streamflow,9277500,ft3/s,['A'],0
2017-05-26,939.42706,streamflow,9277500,ft3/s,['A'],0
2017-05-27,732.5,streamflow,9277500,ft3/s,['A'],0
2017-05-28,662.42706,streamflow,9277500,ft3/s,['A'],0
2017-05-29,724.5208,streamflow,9277500,ft3/s,['A'],0
2017-05-30,819.44794,streamflow,9277500,ft3/s,['A'],0
2017-05-31,930.82294,streamflow,9277500,ft3/s,['A'],0
2017-06-01,931.38544,streamflow,9277500,ft3/s,['A'],0
2017-06-02,981.375,streamflow,9277500,ft3/s,['A'],0
2017-06-03,1145.3334,streamflow,9277500,ft3/s,['A'],0
2017-06-04,1121.8125,streamflow,9277500,ft3/s,['A'],0
2017-06-05,1114.4271,streamflow,9277500,ft3/s,['A'],0
2017-06-06,1386.7709,streamflow,9277500,ft3/s,['A'],0
2017-06-07,1409.4791,streamflow,9277500,ft3/s,['A'],0
2017-06-08,1448.5416,streamflow,9277500,ft3/s,['A'],0
2017-06-09,1240.0,streamflow,9277500,ft3/s,['A'],0
2017-06-10,1071.8438,streamflow,9277500,ft3/s,['A'],0
2017-06-11,1046.3541,streamflow,9277500,ft3/s,['A'],0
2017-06-12,906.4375,streamflow,9277500,ft3/s,['A'],0
2017-06-13,807.8958,streamflow,9277500,ft3/s,['A'],0
2017-06-14,614.17706,streamflow,9277500,ft3/s,['A'],0
2017-06-15,508.16666,streamflow,9277500,ft3/s,['A'],0
2017-06-16,499.78125,streamflow,9277500,ft3/s,['A'],0
2017-06-17,582.11456,streamflow,9277500,ft3/s,['A'],0
2017-06-18,610.6042,streamflow,9277500,ft3/s,['A'],0
2017-06-19,598.59375,streamflow,9277500,ft3/s,['A'],0
2017-06-20,550.46875,streamflow,9277500,ft3/s,['A'],0
2017-06-21,529.96875,streamflow,9277500,ft3/s,['A'],0
2017-06-22,440.25,streamflow,9277500,ft3/s,['A'],0
2017-06-23,365.3854,streamflow,9277500,ft3/s,['A'],0
2017-06-24,288.0625,streamflow,9277500,ft3/s,['A'],0
2017-06-25,241.71875,streamflow,9277500,ft3/s,['A'],0
2017-06-26,219.8125,streamflow,9277500,ft3/s,['A'],0
2017-06-27,203.375,streamflow,9277500,ft3/s,['A'],0
2017-06-28,196.54167,streamflow,9277500,ft3/s,['A'],0
2017-06-29,190.52083,streamflow,9277500,ft3/s,['A'],0
2017-06-30,183.1875,streamflow,9277500,ft3/s,['A'],0
2017-07-01,171.70833,streamflow,9277500,ft3/s,['A'],0
2017-07-02,161.9375,streamflow,9277500,ft3/s,['A'],0
2017-07-03,157.79167,streamflow,9277500,ft3/s,['A'],0
2017-07-04,154.53125,streamflow,9277500,ft3/s,['A'],0
2017-07-05,147.25,streamflow,9277500,ft3/s,['A'],0
2017-07-06,134.02083,streamflow,9277500,ft3/s,['A'],0
2017-07-07,130.875,streamflow,9277500,ft3/s,['A'],0
2017-07-08,131.95833,streamflow,9277500,ft3/s,['A'],0
2017-07-09,135.89583,streamflow,9277500,ft3/s,['A'],0
2017-07-10,133.79167,streamflow,9277500,ft3/s,['A'],0
2017-07-11,127.604164,streamflow,9277500,ft3/s,['A'],0
2017-07-12,140.52083,streamflow,9277500,ft3/s,['A'],0
2017-07-13,133.3125,streamflow,9277500,ft3/s,['A'],0
2017-07-14,129.10417,streamflow,9277500,ft3/s,['A'],0
2017-07-15,131.29167,streamflow,9277500,ft3/s,['A'],0
2017-07-16,127.8125,streamflow,9277500,ft3/s,['A'],0
2017-07-17,125.6875,streamflow,9277500,ft3/s,['A'],0
2017-07-18,119.583336,streamflow,9277500,ft3/s,['A'],0
2017-07-19,115.552086,streamflow,9277500,ft3/s,['A'],0
2017-07-20,135.72917,streamflow,9277500,ft3/s,['A'],0
2017-07-21,218.91753,streamflow,9277500,ft3/s,['A'],0
2017-07-22,184.53125,streamflow,9277500,ft3/s,['A'],0
2017-07-23,118.854164,streamflow,9277500,ft3/s,['A'],0
2017-07-24,118.177086,streamflow,9277500,ft3/s,['A'],0
2017-07-25,114.5625,streamflow,9277500,ft3/s,['A'],0
2017-07-26,124.0,streamflow,9277500,ft3/s,['A'],0
2017-07-27,109.96875,streamflow,9277500,ft3/s,['A'],0
2017-07-28,97.77812,streamflow,9277500,ft3/s,['A'],0
2017-07-29,101.265625,streamflow,9277500,ft3/s,['A'],0
2017-07-30,91.79375,streamflow,9277500,ft3/s,['A'],0
2017-07-31,90.00938,streamflow,9277500,ft3/s,['A'],0
2017-08-01,87.89479,streamflow,9277500,ft3/s,['A'],0
2017-08-02,82.53438,streamflow,9277500,ft3/s,['A'],0
2017-08-03,85.36354,streamflow,9277500,ft3/s,['A'],0
2017-08-04,77.52292,streamflow,9277500,ft3/s,['A'],0
2017-08-05,84.760414,streamflow,9277500,ft3/s,['A'],0
2017-08-06,84.70937,streamflow,9277500,ft3/s,['A'],0
2017-08-07,86.73125,streamflow,9277500,ft3/s,['A'],0
2017-08-08,97.947914,streamflow,9277500,ft3/s,['A'],0
2017-08-09,107.34375,streamflow,9277500,ft3/s,['A'],0
2017-08-10,114.239586,streamflow,9277500,ft3/s,['A'],0
2017-08-11,109.5625,streamflow,9277500,ft3/s,['A'],0
2017-08-12,111.333336,streamflow,9277500,ft3/s,['A'],0
2017-08-13,111.270836,streamflow,9277500,ft3/s,['A'],0
2017-08-14,111.270836,streamflow,9277500,ft3/s,['A'],0
2017-08-15,119.614586,streamflow,9277500,ft3/s,['A'],0
2017-08-16,118.1875,streamflow,9277500,ft3/s,['A'],0
2017-08-17,114.59375,streamflow,9277500,ft3/s,['A'],0
2017-08-18,109.28125,streamflow,9277500,ft3/s,['A'],0
2017-08-19,105.14375,streamflow,9277500,ft3/s,['A'],0
2017-08-20,106.197914,streamflow,9277500,ft3/s,['A'],0
2017-08-21,103.6,streamflow,9277500,ft3/s,['A'],0
2017-08-22,103.33125,streamflow,9277500,ft3/s,['A'],0
2017-08-23,101.85313,streamflow,9277500,ft3/s,['A'],0
2017-08-24,94.666664,streamflow,9277500,ft3/s,['A'],0
2017-08-25,92.623955,streamflow,9277500,ft3/s,['A'],0
2017-08-26,84.67292,streamflow,9277500,ft3/s,['A'],0
2017-08-27,84.495834,streamflow,9277500,ft3/s,['A'],0
2017-08-28,80.104164,streamflow,9277500,ft3/s,['A'],0
2017-08-29,78.328125,streamflow,9277500,ft3/s,['A'],0
2017-08-30,75.05417,streamflow,9277500,ft3/s,['A'],0
2017-08-31,71.796875,streamflow,9277500,ft3/s,['A'],0
2017-09-01,79.86562,streamflow,9277500,ft3/s,['A'],0
2017-09-02,75.20937,streamflow,9277500,ft3/s,['A'],0
2017-09-03,73.57916,streamflow,9277500,ft3/s,['A'],0
2017-09-04,71.08646,streamflow,9277500,ft3/s,['A'],0
2017-09-05,67.092705,streamflow,9277500,ft3/s,['A'],0
2017-09-06,67.030205,streamflow,9277500,ft3/s,['A'],0
2017-09-07,62.895832,streamflow,9277500,ft3/s,['A'],0
2017-09-08,66.081245,streamflow,9277500,ft3/s,['A'],0
2017-09-09,66.63438,streamflow,9277500,ft3/s,['A'],0
2017-09-10,67.726036,streamflow,9277500,ft3/s,['A'],0
2017-09-11,64.666664,streamflow,9277500,ft3/s,['A'],0
2017-09-12,66.558334,streamflow,9277500,ft3/s,['A'],0
2017-09-13,70.26771,streamflow,9277500,ft3/s,['A'],0
2017-09-14,70.80729,streamflow,9277500,ft3/s,['A'],0
2017-09-15,78.97188,streamflow,9277500,ft3/s,['A'],0
2017-09-16,102.63646,streamflow,9277500,ft3/s,['A'],0
2017-09-17,93.94688,streamflow,9277500,ft3/s,['A'],0
2017-09-18,81.9125,streamflow,9277500,ft3/s,['A'],0
2017-09-19,76.51042,streamflow,9277500,ft3/s,['A'],0
2017-09-20,79.98542,streamflow,9277500,ft3/s,['A'],0
2017-09-21,79.520836,streamflow,9277500,ft3/s,['A'],0
2017-09-22,79.964584,streamflow,9277500,ft3/s,['A'],0
2017-09-23,89.72188,streamflow,9277500,ft3/s,['A'],0
2017-09-24,100.13333,streamflow,9277500,ft3/s,['A'],0
2017-09-25,114.65625,streamflow,9277500,ft3/s,['A'],0
2017-09-26,105.572914,streamflow,9277500,ft3/s,['A'],0
2017-09-27,103.433334,streamflow,9277500,ft3/s,['A'],0
2017-09-28,106.333336,streamflow,9277500,ft3/s,['A'],0
2017-09-29,108.979164,streamflow,9277500,ft3/s,['A'],0
2017-09-30,112.729164,streamflow,9277500,ft3/s,['A'],0
2017-10-01,113.739586,streamflow,9277500,ft3/s,['A'],0
2017-10-02,116.604164,streamflow,9277500,ft3/s,['A'],0
2017-10-03,115.21875,streamflow,9277500,ft3/s,['A'],0
2017-10-04,121.197914,streamflow,9277500,ft3/s,['A'],0
2017-10-05,117.583336,streamflow,9277500,ft3/s,['A'],0
2017-10-06,117.770836,streamflow,9277500,ft3/s,['A'],0
2017-10-07,118.625,streamflow,9277500,ft3/s,['A'],0
2017-10-08,118.375,streamflow,9277500,ft3/s,['A'],0
2017-10-09,117.25,streamflow,9277500,ft3/s,['A'],0
2017-10-10,120.145836,streamflow,9277500,ft3/s,['A'],0
2017-10-11,119.020836,streamflow,9277500,ft3/s,['A'],0
2017-10-12,117.916664,streamflow,9277500,ft3/s,['A'],0
2017-10-13,117.208336,streamflow,9277500,ft3/s,['A'],0
2017-10-14,118.354164,streamflow,9277500,ft3/s,['A'],0
2017-10-15,118.229164,streamflow,9277500,ft3/s,['A'],0
2017-10-16,118.6875,streamflow,9277500,ft3/s,['A'],0
2017-10-17,118.895836,streamflow,9277500,ft3/s,['A'],0
2017-10-18,117.604164,streamflow,9277500,ft3/s,['A'],0
2017-10-19,117.833336,streamflow,9277500,ft3/s,['A'],0
2017-10-20,116.854164,streamflow,9277500,ft3/s,['A'],0
2017-10-21,117.104164,streamflow,9277500,ft3/s,['A'],0
2017-10-22,118.333336,streamflow,9277500,ft3/s,['A'],0
2017-10-23,117.3125,streamflow,9277500,ft3/s,['A'],0
2017-10-24,116.3125,streamflow,9277500,ft3/s,['A'],0
2017-10-25,116.1875,streamflow,9277500,ft3/s,['A'],0
2017-10-26,117.0625,streamflow,9277500,ft3/s,['A'],0
2017-10-27,115.479164,streamflow,9277500,ft3/s,['A'],0
2017-10-28,116.625,streamflow,9277500,ft3/s,['A'],0
2017-10-29,116.239586,streamflow,9277500,ft3/s,['A'],0
2017-10-30,116.052086,streamflow,9277500,ft3/s,['A'],0
2017-10-31,115.51579,streamflow,9277500,ft3/s,['A'],0
2017-11-01,115.25,streamflow,9277500,ft3/s,['A'],0
2017-11-02,113.78125,streamflow,9277500,ft3/s,['A'],0
2017-11-03,113.385414,streamflow,9277500,ft3/s,['A'],0
2017-11-04,115.34375,streamflow,9277500,ft3/s,['A'],0
2017-11-05,116.885414,streamflow,9277500,ft3/s,['A'],0
2017-11-06,118.03125,streamflow,9277500,ft3/s,['A'],0
2017-11-07,116.052086,streamflow,9277500,ft3/s,['A'],0
2017-11-08,112.479164,streamflow,9277500,ft3/s,['A'],0
2017-11-09,112.09375,streamflow,9277500,ft3/s,['A'],0
2017-11-10,114.729164,streamflow,9277500,ft3/s,['A'],0
2017-11-11,113.5625,streamflow,9277500,ft3/s,['A'],0
2017-11-12,110.104164,streamflow,9277500,ft3/s,['A'],0
2017-11-13,111.010414,streamflow,9277500,ft3/s,['A'],0
2017-11-14,111.854164,streamflow,9277500,ft3/s,['A'],0
2017-11-15,110.5625,streamflow,9277500,ft3/s,['A'],0
2017-11-16,112.270836,streamflow,9277500,ft3/s,['A'],0
2017-11-17,117.177086,streamflow,9277500,ft3/s,['A'],0
2017-11-18,118.416664,streamflow,9277500,ft3/s,['A'],0
2017-11-19,108.479164,streamflow,9277500,ft3/s,['A'],0
2017-11-20,113.166664,streamflow,9277500,ft3/s,['A'],0
2017-11-21,117.947914,streamflow,9277500,ft3/s,['A'],0
2017-11-22,115.854164,streamflow,9277500,ft3/s,['A'],0
2017-11-23,111.072914,streamflow,9277500,ft3/s,['A'],0
2017-11-24,109.979164,streamflow,9277500,ft3/s,['A'],0
2017-11-25,108.6875,streamflow,9277500,ft3/s,['A'],0
2017-11-26,110.645836,streamflow,9277500,ft3/s,['A'],0
2017-11-27,110.9375,streamflow,9277500,ft3/s,['A'],0
2017-11-28,106.50313,streamflow,9277500,ft3/s,['A'],0
2017-11-29,99.370834,streamflow,9277500,ft3/s,['A'],0
2017-11-30,99.53333,streamflow,9277500,ft3/s,['A'],0
2017-12-01,99.3,streamflow,9277500,ft3/s,['A'],0
2017-12-02,102.02187,streamflow,9277500,ft3/s,['A'],0
2017-12-03,99.74687,streamflow,9277500,ft3/s,['A'],0
2017-12-04,97.35313,streamflow,9277500,ft3/s,['A'],0
2017-12-05,91.5,streamflow,9277500,ft3/s,['A'],0
2017-12-06,80.274994,streamflow,9277500,ft3/s,['A'],0
2017-12-07,82.125,streamflow,9277500,ft3/s,['A'],0
2017-12-08,90.14286,streamflow,9277500,ft3/s,['A'],0
2017-12-09,90.11096,streamflow,9277500,ft3/s,['A'],0
2017-12-10,88.50426,streamflow,9277500,ft3/s,['A'],0
2017-12-11,85.55366,streamflow,9277500,ft3/s,['A'],0
2017-12-12,87.41563,streamflow,9277500,ft3/s,['A'],0
2017-12-13,88.129166,streamflow,9277500,ft3/s,['A'],0
2017-12-14,88.424995,streamflow,9277500,ft3/s,['A'],0
2017-12-15,86.55,streamflow,9277500,ft3/s,['A'],0
2017-12-16,86.21667,streamflow,9277500,ft3/s,['A'],0
2017-12-17,87.81042,streamflow,9277500,ft3/s,['A'],0
2017-12-18,85.114586,streamflow,9277500,ft3/s,['A'],0
2017-12-19,87.52187,streamflow,9277500,ft3/s,['A'],0
2017-12-20,86.76979,streamflow,9277500,ft3/s,['A'],0
2017-12-21,87.31771,streamflow,9277500,ft3/s,['A'],0
2017-12-22,83.99306,streamflow,9277500,ft3/s,['A'],0
2017-12-23,87.38805,streamflow,9277500,ft3/s,['A'],0
2017-12-24,87.24853,streamflow,9277500,ft3/s,['A'],0
2017-12-25,87.56154,streamflow,9277500,ft3/s,['A'],0
2017-12-26,86.53333,streamflow,9277500,ft3/s,['A'],0
2017-12-27,84.55,streamflow,9277500,ft3/s,['A'],0
2017-12-28,85.49167,streamflow,9277500,ft3/s,['A'],0
2017-12-29,84.80104,streamflow,9277500,ft3/s,['A'],0
2017-12-30,84.527084,streamflow,9277500,ft3/s,['A'],0
2017-12-31,84.626045,streamflow,9277500,ft3/s,['A'],0
2018-01-01,81.21146,streamflow,9277500,ft3/s,['A'],0
2018-01-02,84.114586,streamflow,9277500,ft3/s,['A'],0
2018-01-03,80.891045,streamflow,9277500,ft3/s,['A'],0
2018-01-04,80.02923,streamflow,9277500,ft3/s,['A'],0
2018-01-05,83.74565,streamflow,9277500,ft3/s,['A'],0
2018-01-06,83.23334,streamflow,9277500,ft3/s,['A'],0
2018-01-07,83.563545,streamflow,9277500,ft3/s,['A'],0
2018-01-08,82.203125,streamflow,9277500,ft3/s,['A'],0
2018-01-09,83.44271,streamflow,9277500,ft3/s,['A'],0
2018-01-10,84.09896,streamflow,9277500,ft3/s,['A'],0
2018-01-11,81.70625,streamflow,9277500,ft3/s,['A'],0
2018-01-12,83.24062,streamflow,9277500,ft3/s,['A'],0
2018-01-13,80.688545,streamflow,9277500,ft3/s,['A'],0
2018-01-14,80.82188,streamflow,9277500,ft3/s,['A'],0
2018-01-15,79.11875,streamflow,9277500,ft3/s,['A'],0
2018-01-16,81.671875,streamflow,9277500,ft3/s,['A'],0
2018-01-17,78.42604,streamflow,9277500,ft3/s,['A'],0
2018-01-18,80.36562,streamflow,9277500,ft3/s,['A'],0
2018-01-19,81.09583,streamflow,9277500,ft3/s,['A'],0
2018-01-20,81.74687,streamflow,9277500,ft3/s,['A'],0
2018-01-21,79.0,streamflow,9277500,ft3/s,['A'],0
2018-01-22,74.39559,streamflow,9277500,ft3/s,['A'],0
2018-01-23,84.491936,streamflow,9277500,ft3/s,['A'],0
2018-01-24,80.369736,streamflow,9277500,ft3/s,['A'],0
2018-01-25,79.63959,streamflow,9277500,ft3/s,['A'],0
2018-01-26,80.55625,streamflow,9277500,ft3/s,['A'],0
2018-01-27,79.67595,streamflow,9277500,ft3/s,['A'],0
2018-01-28,80.96354,streamflow,9277500,ft3/s,['A'],0
2018-01-29,79.375,streamflow,9277500,ft3/s,['A'],0
2018-01-30,79.80729,streamflow,9277500,ft3/s,['A'],0
2018-01-31,80.87813,streamflow,9277500,ft3/s,['A'],0
2018-02-01,80.425,streamflow,9277500,ft3/s,['A'],0
2018-02-02,77.84167,streamflow,9277500,ft3/s,['A'],0
2018-02-03,78.13229,streamflow,9277500,ft3/s,['A'],0
2018-02-04,78.48854,streamflow,9277500,ft3/s,['A'],0
2018-02-05,78.760414,streamflow,9277500,ft3/s,['A'],0
2018-02-06,78.525,streamflow,9277500,ft3/s,['A'],0
2018-02-07,77.3125,streamflow,9277500,ft3/s,['A'],0
2018-02-08,77.94479,streamflow,9277500,ft3/s,['A'],0
2018-02-09,77.46042,streamflow,9277500,ft3/s,['A'],0
2018-02-10,76.49271,streamflow,9277500,ft3/s,['A'],0
2018-02-11,72.984375,streamflow,9277500,ft3/s,['A'],0
2018-02-12,75.7375,streamflow,9277500,ft3/s,['A'],0
2018-02-13,76.22813,streamflow,9277500,ft3/s,['A'],0
2018-02-14,75.12708,streamflow,9277500,ft3/s,['A'],0
2018-02-15,76.02917,streamflow,9277500,ft3/s,['A'],0
2018-02-16,71.49688,streamflow,9277500,ft3/s,['A'],0
2018-02-17,75.61562,streamflow,9277500,ft3/s,['A'],0
2018-02-18,77.55625,streamflow,9277500,ft3/s,['A'],0
2018-02-19,77.71146,streamflow,9277500,ft3/s,['A'],0
2018-02-20,71.973915,streamflow,9277500,ft3/s,['A'],0
2018-02-21,63.1,streamflow,9277500,ft3/s,['A'],0
2018-02-22,67.7,streamflow,9277500,ft3/s,['A'],0
2018-02-23,67.96667,streamflow,9277500,ft3/s,['A'],0
2018-02-24,68.83235,streamflow,9277500,ft3/s,['A'],0
2018-02-25,68.9,streamflow,9277500,ft3/s,['A'],0
2018-02-26,72.04445,streamflow,9277500,ft3/s,['A'],0
2018-02-27,74.26667,streamflow,9277500,ft3/s,['A'],0
2018-02-28,73.43125,streamflow,9277500,ft3/s,['A'],0
2018-03-01,73.53125,streamflow,9277500,ft3/s,['A'],0
2018-03-02,72.74792,streamflow,9277500,ft3/s,['A'],0
2018-03-03,72.40625,streamflow,9277500,ft3/s,['A'],0
2018-03-04,72.770836,streamflow,9277500,ft3/s,['A'],0
2018-03-05,70.53438,streamflow,9277500,ft3/s,['A'],0
2018-03-06,70.969864,streamflow,9277500,ft3/s,['A'],0
2018-03-07,72.85731,streamflow,9277500,ft3/s,['A'],0
2018-03-08,74.200005,streamflow,9277500,ft3/s,['A'],0
2018-03-09,71.89792,streamflow,9277500,ft3/s,['A'],0
2018-03-10,71.40521,streamflow,9277500,ft3/s,['A'],0
2018-03-11,70.88125,streamflow,9277500,ft3/s,['A'],0
2018-03-12,70.683334,streamflow,9277500,ft3/s,['A'],0
2018-03-13,71.02917,streamflow,9277500,ft3/s,['A'],0
2018-03-14,70.97813,streamflow,9277500,ft3/s,['A'],0
2018-03-15,80.85729,streamflow,9277500,ft3/s,['A'],0
2018-03-16,77.25,streamflow,9277500,ft3/s,['A'],0
2018-03-17,72.89375,streamflow,9277500,ft3/s,['A'],0
2018-03-18,72.739586,streamflow,9277500,ft3/s,['A'],0
2018-03-19,70.8625,streamflow,9277500,ft3/s,['A'],0
2018-03-20,70.589584,streamflow,9277500,ft3/s,['A'],0
2018-03-21,69.84062,streamflow,9277500,ft3/s,['A'],0
2018-03-22,69.859375,streamflow,9277500,ft3/s,['A'],0
2018-03-23,80.15312,streamflow,9277500,ft3/s,['A'],0
2018-03-24,82.53125,streamflow,9277500,ft3/s,['A'],0
2018-03-25,76.09167,streamflow,9277500,ft3/s,['A'],0
2018-03-26,73.68646,streamflow,9277500,ft3/s,['A'],0
2018-03-27,71.37708,streamflow,9277500,ft3/s,['A'],0
2018-03-28,70.22708,streamflow,9277500,ft3/s,['A'],0
2018-03-29,70.25208,streamflow,9277500,ft3/s,['A'],0
2018-03-30,68.90417,streamflow,9277500,ft3/s,['A'],0
2018-03-31,69.316666,streamflow,9277500,ft3/s,['A'],0
2018-04-01,69.20937,streamflow,9277500,ft3/s,['A'],0
2018-04-02,72.29896,streamflow,9277500,ft3/s,['A'],0
2018-04-03,74.4323,streamflow,9277500,ft3/s,['A'],0
2018-04-04,73.796875,streamflow,9277500,ft3/s,['A'],0
2018-04-05,73.770836,streamflow,9277500,ft3/s,['A'],0
2018-04-06,73.35834,streamflow,9277500,ft3/s,['A'],0
2018-04-07,75.95417,streamflow,9277500,ft3/s,['A'],0
2018-04-08,96.5375,streamflow,9277500,ft3/s,['A'],0
2018-04-09,93.96146,streamflow,9277500,ft3/s,['A'],0
2018-04-10,84.88333,streamflow,9277500,ft3/s,['A'],0
2018-04-11,83.14792,streamflow,9277500,ft3/s,['A'],0
2018-04-12,82.54271,streamflow,9277500,ft3/s,['A'],0
2018-04-13,85.8875,streamflow,9277500,ft3/s,['A'],0
2018-04-14,81.313545,streamflow,9277500,ft3/s,['A'],0
2018-04-15,80.083336,streamflow,9277500,ft3/s,['A'],0
2018-04-16,79.61146,streamflow,9277500,ft3/s,['A'],0
2018-04-17,77.9875,streamflow,9277500,ft3/s,['A'],0
2018-04-18,79.98646,streamflow,9277500,ft3/s,['A'],0
2018-04-19,77.54063,streamflow,9277500,ft3/s,['A'],0
2018-04-20,78.99792,streamflow,9277500,ft3/s,['A'],0
2018-04-21,76.46562,streamflow,9277500,ft3/s,['A'],0
2018-04-22,74.35313,streamflow,9277500,ft3/s,['A'],0
2018-04-23,78.67083,streamflow,9277500,ft3/s,['A'],0
2018-04-24,89.13125,streamflow,9277500,ft3/s,['A'],0
2018-04-25,98.775,streamflow,9277500,ft3/s,['A'],0
2018-04-26,104.469795,streamflow,9277500,ft3/s,['A'],0
2018-04-27,103.85625,streamflow,9277500,ft3/s,['A'],0
2018-04-28,111.25833,streamflow,9277500,ft3/s,['A'],0
2018-04-29,126.645836,streamflow,9277500,ft3/s,['A'],0
2018-04-30,136.54167,streamflow,9277500,ft3/s,['A'],0
2018-05-01,122.125,streamflow,9277500,ft3/s,['A'],0
2018-05-02,99.3125,streamflow,9277500,ft3/s,['A'],0
2018-05-03,97.373955,streamflow,9277500,ft3/s,['A'],0
2018-05-04,83.4,streamflow,9277500,ft3/s,['A'],0
2018-05-05,75.85521,streamflow,9277500,ft3/s,['A'],0
2018-05-06,70.66667,streamflow,9277500,ft3/s,['A'],0
2018-05-07,94.80521,streamflow,9277500,ft3/s,['A'],0
2018-05-08,117.572914,streamflow,9277500,ft3/s,['A'],0
2018-05-09,139.22917,streamflow,9277500,ft3/s,['A'],0
2018-05-10,149.41667,streamflow,9277500,ft3/s,['A'],0
2018-05-11,153.80208,streamflow,9277500,ft3/s,['A'],0
2018-05-12,164.15625,streamflow,9277500,ft3/s,['A'],0
2018-05-13,133.98958,streamflow,9277500,ft3/s,['A'],0
2018-05-14,115.6875,streamflow,9277500,ft3/s,['A'],0
2018-05-15,100.22813,streamflow,9277500,ft3/s,['A'],0
2018-05-16,95.717705,streamflow,9277500,ft3/s,['A'],0
2018-05-17,147.36147,streamflow,9277500,ft3/s,['A'],0
2018-05-18,137.05208,streamflow,9277500,ft3/s,['A'],0
2018-05-19,129.1875,streamflow,9277500,ft3/s,['A'],0
2018-05-20,122.09375,streamflow,9277500,ft3/s,['A'],0
2018-05-21,122.260414,streamflow,9277500,ft3/s,['A'],0
2018-05-22,117.760414,streamflow,9277500,ft3/s,['A'],0
2018-05-23,120.208336,streamflow,9277500,ft3/s,['A'],0
2018-05-24,111.59375,streamflow,9277500,ft3/s,['A'],0
2018-05-25,102.76667,streamflow,9277500,ft3/s,['A'],0
2018-05-26,104.30417,streamflow,9277500,ft3/s,['A'],0
2018-05-27,104.67083,streamflow,9277500,ft3/s,['A'],0
2018-05-28,100.535416,streamflow,9277500,ft3/s,['A'],0
2018-05-29,89.55937,streamflow,9277500,ft3/s,['A'],0
2018-05-30,84.833336,streamflow,9277500,ft3/s,['A'],0
2018-05-31,81.510414,streamflow,9277500,ft3/s,['A'],0
2018-06-01,76.9875,streamflow,9277500,ft3/s,['A'],0
2018-06-02,73.469795,streamflow,9277500,ft3/s,['A'],0
2018-06-03,71.2448,streamflow,9277500,ft3/s,['A'],0
2018-06-04,68.592705,streamflow,9277500,ft3/s,['A'],0
2018-06-05,62.026043,streamflow,9277500,ft3/s,['A'],0
2018-06-06,57.92917,streamflow,9277500,ft3/s,['A'],0
2018-06-07,49.51146,streamflow,9277500,ft3/s,['A'],0
2018-06-08,55.026043,streamflow,9277500,ft3/s,['A'],0
2018-06-09,55.175,streamflow,9277500,ft3/s,['A'],0
2018-06-10,55.097916,streamflow,9277500,ft3/s,['A'],0
2018-06-11,55.40625,streamflow,9277500,ft3/s,['A'],0
2018-06-12,49.714584,streamflow,9277500,ft3/s,['A'],0
2018-06-13,48.521877,streamflow,9277500,ft3/s,['A'],0
2018-06-14,44.322918,streamflow,9277500,ft3/s,['A'],0
2018-06-15,39.427082,streamflow,9277500,ft3/s,['A'],0
2018-06-16,36.221874,streamflow,9277500,ft3/s,['A'],0
2018-06-17,40.01979,streamflow,9277500,ft3/s,['A'],0
2018-06-18,50.396873,streamflow,9277500,ft3/s,['A'],0
2018-06-19,51.51146,streamflow,9277500,ft3/s,['A'],0
2018-06-20,74.35625,streamflow,9277500,ft3/s,['A'],0
2018-06-21,71.79479,streamflow,9277500,ft3/s,['A'],0
2018-06-22,78.924995,streamflow,9277500,ft3/s,['A'],0
2018-06-23,74.822914,streamflow,9277500,ft3/s,['A'],0
2018-06-24,70.10729,streamflow,9277500,ft3/s,['A'],0
2018-06-25,66.558334,streamflow,9277500,ft3/s,['A'],0
2018-06-26,59.870834,streamflow,9277500,ft3/s,['A'],0
2018-06-27,52.5625,streamflow,9277500,ft3/s,['A'],0
2018-06-28,43.409374,streamflow,9277500,ft3/s,['A'],0
2018-06-29,35.770832,streamflow,9277500,ft3/s,['A'],0
2018-06-30,34.504166,streamflow,9277500,ft3/s,['A'],0
2018-07-01,34.83125,streamflow,9277500,ft3/s,['A'],0
2018-07-02,35.416668,streamflow,9277500,ft3/s,['A'],0
2018-07-03,31.736458,streamflow,9277500,ft3/s,['A'],0
2018-07-04,27.99375,streamflow,9277500,ft3/s,['A'],0
2018-07-05,28.080208,streamflow,9277500,ft3/s,['A'],0
2018-07-06,26.989584,streamflow,9277500,ft3/s,['A'],0
2018-07-07,27.28125,streamflow,9277500,ft3/s,['A'],0
2018-07-08,26.284374,streamflow,9277500,ft3/s,['A'],0
2018-07-09,25.003191,streamflow,9277500,ft3/s,['A'],0
2018-07-10,26.095835,streamflow,9277500,ft3/s,['A'],0
2018-07-11,25.340626,streamflow,9277500,ft3/s,['A'],0
2018-07-12,35.791668,streamflow,9277500,ft3/s,['A'],0
2018-07-13,40.5875,streamflow,9277500,ft3/s,['A'],0
2018-07-14,38.054165,streamflow,9277500,ft3/s,['A'],0
2018-07-15,43.183334,streamflow,9277500,ft3/s,['A'],0
2018-07-16,42.982292,streamflow,9277500,ft3/s,['A'],0
2018-07-17,46.93646,streamflow,9277500,ft3/s,['A'],0
2018-07-18,50.425,streamflow,9277500,ft3/s,['A'],0
2018-07-19,41.315624,streamflow,9277500,ft3/s,['A'],0
2018-07-20,36.78854,streamflow,9277500,ft3/s,['A'],0
2018-07-21,36.669792,streamflow,9277500,ft3/s,['A'],0
2018-07-22,37.308334,streamflow,9277500,ft3/s,['A'],0
2018-07-23,56.39375,streamflow,9277500,ft3/s,['A'],0
2018-07-24,46.5125,streamflow,9277500,ft3/s,['A'],0
2018-07-25,39.786457,streamflow,9277500,ft3/s,['A'],0
2018-07-26,43.889584,streamflow,9277500,ft3/s,['A'],0
2018-07-27,37.93125,streamflow,9277500,ft3/s,['A'],0
2018-07-28,34.264584,streamflow,9277500,ft3/s,['A'],0
2018-07-29,33.354168,streamflow,9277500,ft3/s,['A'],0
2018-07-30,41.39375,streamflow,9277500,ft3/s,['A'],0
2018-07-31,38.308334,streamflow,9277500,ft3/s,['A'],0
2018-08-01,33.63125,streamflow,9277500,ft3/s,['A'],0
2018-08-02,36.0875,streamflow,9277500,ft3/s,['A'],0
2018-08-03,46.702084,streamflow,9277500,ft3/s,['A'],0
2018-08-04,45.15729,streamflow,9277500,ft3/s,['A'],0
2018-08-05,40.38229,streamflow,9277500,ft3/s,['A'],0
2018-08-06,41.158333,streamflow,9277500,ft3/s,['A'],0
2018-08-07,38.679165,streamflow,9277500,ft3/s,['A'],0
2018-08-08,39.86354,streamflow,9277500,ft3/s,['A'],0
2018-08-09,32.847916,streamflow,9277500,ft3/s,['A'],0
2018-08-10,33.045834,streamflow,9277500,ft3/s,['A'],0
2018-08-11,35.510418,streamflow,9277500,ft3/s,['A'],0
2018-08-12,35.038544,streamflow,9277500,ft3/s,['A'],0
2018-08-13,33.7125,streamflow,9277500,ft3/s,['A'],0
2018-08-14,34.58229,streamflow,9277500,ft3/s,['A'],0
2018-08-15,31.179167,streamflow,9277500,ft3/s,['A'],0
2018-08-16,33.6,streamflow,9277500,ft3/s,['A'],0
2018-08-17,35.084373,streamflow,9277500,ft3/s,['A'],0
2018-08-18,34.81354,streamflow,9277500,ft3/s,['A'],0
2018-08-19,35.790627,streamflow,9277500,ft3/s,['A'],0
2018-08-20,36.432293,streamflow,9277500,ft3/s,['A'],0
2018-08-21,37.691666,streamflow,9277500,ft3/s,['A'],0
2018-08-22,55.25104,streamflow,9277500,ft3/s,['A'],0
2018-08-23,118.16458,streamflow,9277500,ft3/s,['A'],0
2018-08-24,79.703125,streamflow,9277500,ft3/s,['A'],0
2018-08-25,64.95104,streamflow,9277500,ft3/s,['A'],0
2018-08-26,61.965626,streamflow,9277500,ft3/s,['A'],0
2018-08-27,61.52292,streamflow,9277500,ft3/s,['A'],0
2018-08-28,56.40729,streamflow,9277500,ft3/s,['A'],0
2018-08-29,50.392708,streamflow,9277500,ft3/s,['A'],0
2018-08-30,45.472916,streamflow,9277500,ft3/s,['A'],0
2018-08-31,41.789585,streamflow,9277500,ft3/s,['A'],0
2018-09-01,44.857292,streamflow,9277500,ft3/s,['A'],0
2018-09-02,43.329166,streamflow,9277500,ft3/s,['A'],0
2018-09-03,41.05104,streamflow,9277500,ft3/s,['A'],0
2018-09-04,37.103123,streamflow,9277500,ft3/s,['A'],0
2018-09-05,37.308334,streamflow,9277500,ft3/s,['A'],0
2018-09-06,38.36354,streamflow,9277500,ft3/s,['A'],0
2018-09-07,37.958332,streamflow,9277500,ft3/s,['A'],0
2018-09-08,40.49375,streamflow,9277500,ft3/s,['A'],0
2018-09-09,37.057293,streamflow,9277500,ft3/s,['A'],0
2018-09-10,35.75104,streamflow,9277500,ft3/s,['A'],0
2018-09-11,34.31875,streamflow,9277500,ft3/s,['A'],0
2018-09-12,35.684376,streamflow,9277500,ft3/s,['A'],0
2018-09-13,36.34375,streamflow,9277500,ft3/s,['A'],0
2018-09-14,33.607292,streamflow,9277500,ft3/s,['A'],0
2018-09-15,35.4375,streamflow,9277500,ft3/s,['A'],0
2018-09-16,34.560417,streamflow,9277500,ft3/s,['A'],0
2018-09-17,34.478127,streamflow,9277500,ft3/s,['A'],0
2018-09-18,35.91875,streamflow,9277500,ft3/s,['A'],0
2018-09-19,35.744793,streamflow,9277500,ft3/s,['A'],0
2018-09-20,34.4,streamflow,9277500,ft3/s,['A'],0
2018-09-21,37.859375,streamflow,9277500,ft3/s,['A'],0
2018-09-22,40.963543,streamflow,9277500,ft3/s,['A'],0
2018-09-23,44.642708,streamflow,9277500,ft3/s,['A'],0
2018-09-24,44.154167,streamflow,9277500,ft3/s,['A'],0
2018-09-25,44.39479,streamflow,9277500,ft3/s,['A'],0
2018-09-26,49.825,streamflow,9277500,ft3/s,['A'],0
2018-09-27,51.083332,streamflow,9277500,ft3/s,['A'],0
2018-09-28,52.071877,streamflow,9277500,ft3/s,['A'],0
2018-09-29,51.880207,streamflow,9277500,ft3/s,['A'],0
2018-09-30,50.927082,streamflow,9277500,ft3/s,['A'],0
2018-10-01,51.214584,streamflow,9277500,ft3/s,['A'],0
2018-10-02,62.403126,streamflow,9277500,ft3/s,['A'],0
2018-10-03,78.91563,streamflow,9277500,ft3/s,['A'],0
2018-10-04,90.0,streamflow,9277500,ft3/s,['A'],0
2018-10-05,97.229164,streamflow,9277500,ft3/s,['A'],0
2018-10-06,93.2,streamflow,9277500,ft3/s,['A'],0
2018-10-07,93.22083,streamflow,9277500,ft3/s,['A'],0
2018-10-08,103.20625,streamflow,9277500,ft3/s,['A'],0
2018-10-09,103.45,streamflow,9277500,ft3/s,['A'],0
2018-10-10,108.625,streamflow,9277500,ft3/s,['A'],0
2018-10-11,104.90938,streamflow,9277500,ft3/s,['A'],0
2018-10-12,98.31042,streamflow,9277500,ft3/s,['A'],0
2018-10-13,92.86562,streamflow,9277500,ft3/s,['A'],0
2018-10-14,91.05104,streamflow,9277500,ft3/s,['A'],0
2018-10-15,90.98333,streamflow,9277500,ft3/s,['A'],0
2018-10-16,89.135414,streamflow,9277500,ft3/s,['A'],0
2018-10-17,88.035416,streamflow,9277500,ft3/s,['A'],0
2018-10-18,89.49271,streamflow,9277500,ft3/s,['A'],0
2018-10-19,87.35625,streamflow,9277500,ft3/s,['A'],0
2018-10-20,84.933334,streamflow,9277500,ft3/s,['A'],0
2018-10-21,83.67917,streamflow,9277500,ft3/s,['A'],0
2018-10-22,82.93125,streamflow,9277500,ft3/s,['A'],0
2018-10-23,88.29584,streamflow,9277500,ft3/s,['A'],0
2018-10-24,88.67396,streamflow,9277500,ft3/s,['A'],0
2018-10-25,87.26354,streamflow,9277500,ft3/s,['A'],0
2018-10-26,86.145744,streamflow,9277500,ft3/s,['A'],0
2018-10-27,84.725,streamflow,9277500,ft3/s,['A'],0
2018-10-28,83.83021,streamflow,9277500,ft3/s,['A'],0
2018-10-29,84.06563,streamflow,9277500,ft3/s,['A'],0
2018-10-30,83.52396,streamflow,9277500,ft3/s,['A'],0
2018-10-31,83.06563,streamflow,9277500,ft3/s,['A'],0
2018-11-01,83.96563,streamflow,9277500,ft3/s,['A'],0
2018-11-02,86.344795,streamflow,9277500,ft3/s,['A'],0
2018-11-03,87.98542,streamflow,9277500,ft3/s,['A'],0
2018-11-04,87.26354,streamflow,9277500,ft3/s,['A'],0
2018-11-05,87.66771,streamflow,9277500,ft3/s,['A'],0
2018-11-06,85.425,streamflow,9277500,ft3/s,['A'],0
2018-11-07,82.8125,streamflow,9277500,ft3/s,['A'],0
2018-11-08,81.333336,streamflow,9277500,ft3/s,['A'],0
2018-11-09,79.33437,streamflow,9277500,ft3/s,['A'],0
2018-11-10,78.93229,streamflow,9277500,ft3/s,['A'],0
2018-11-11,80.23125,streamflow,9277500,ft3/s,['A'],0
2018-11-12,77.20729,streamflow,9277500,ft3/s,['A'],0
2018-11-13,76.91771,streamflow,9277500,ft3/s,['A'],0
2018-11-14,80.14271,streamflow,9277500,ft3/s,['A'],0
2018-11-15,78.16354,streamflow,9277500,ft3/s,['A'],0
2018-11-16,76.69479,streamflow,9277500,ft3/s,['A'],0
2018-11-17,75.93646,streamflow,9277500,ft3/s,['A'],0
2018-11-18,75.655205,streamflow,9277500,ft3/s,['A'],0
2018-11-19,73.293755,streamflow,9277500,ft3/s,['A'],0
2018-11-20,74.82083,streamflow,9277500,ft3/s,['A'],0
2018-11-21,75.34062,streamflow,9277500,ft3/s,['A'],0
2018-11-22,77.09375,streamflow,9277500,ft3/s,['A'],0
2018-11-23,79.03229,streamflow,9277500,ft3/s,['A'],0
2018-11-24,80.734375,streamflow,9277500,ft3/s,['A'],0
2018-11-25,74.70104,streamflow,9277500,ft3/s,['A'],0
2018-11-26,74.996666,streamflow,9277500,ft3/s,['A'],0
2018-11-27,75.75208,streamflow,9277500,ft3/s,['A'],0
2018-11-28,78.177086,streamflow,9277500,ft3/s,['A'],0
2018-11-29,77.91667,streamflow,9277500,ft3/s,['A'],0
2018-11-30,80.10729,streamflow,9277500,ft3/s,['A'],0
2018-12-01,76.81979,streamflow,9277500,ft3/s,['A'],0
2018-12-02,75.8177,streamflow,9277500,ft3/s,['A'],0
2018-12-03,73.18125,streamflow,9277500,ft3/s,['A'],0
2018-12-04,68.85147,streamflow,9277500,ft3/s,['A'],0
2018-12-05,70.631256,streamflow,9277500,ft3/s,['A'],0
2018-12-06,74.49375,streamflow,9277500,ft3/s,['A'],0
2018-12-07,74.395836,streamflow,9277500,ft3/s,['A'],0
2018-12-08,73.62813,streamflow,9277500,ft3/s,['A'],0
2018-12-09,72.890274,streamflow,9277500,ft3/s,['A'],0
2018-12-10,71.510666,streamflow,9277500,ft3/s,['A'],0
2018-12-11,73.17857,streamflow,9277500,ft3/s,['A'],0
2018-12-12,72.78033,streamflow,9277500,ft3/s,['A'],0
2018-12-13,73.38637,streamflow,9277500,ft3/s,['A'],0
2018-12-14,72.73334,streamflow,9277500,ft3/s,['A'],0
2018-12-15,72.7375,streamflow,9277500,ft3/s,['A'],0
2018-12-16,70.716,streamflow,9277500,ft3/s,['A'],0
2018-12-17,69.513115,streamflow,9277500,ft3/s,['A'],0
2018-12-18,69.643745,streamflow,9277500,ft3/s,['A'],0
2018-12-19,70.087494,streamflow,9277500,ft3/s,['A'],0
2018-12-20,69.01666,streamflow,9277500,ft3/s,['A'],0
2018-12-21,68.40833,streamflow,9277500,ft3/s,['A'],0
2018-12-22,69.2552,streamflow,9277500,ft3/s,['A'],0
2018-12-23,65.4549,streamflow,9277500,ft3/s,['A'],0
2018-12-24,70.06111,streamflow,9277500,ft3/s,['A'],0
2018-12-25,69.27292,streamflow,9277500,ft3/s,['A'],0
2018-12-26,68.6875,streamflow,9277500,ft3/s,['A'],0
2018-12-27,65.87528,streamflow,9277500,ft3/s,['A'],0
2018-12-28,65.9,streamflow,9277500,ft3/s,['A'],0
2018-12-29,59.15,streamflow,9277500,ft3/s,['A'],0
2018-12-30,64.05,streamflow,9277500,ft3/s,['A'],0
2018-12-31,63.85,streamflow,9277500,ft3/s,['A'],0
2019-01-01,60.55,streamflow,9277500,ft3/s,['A'],0
2019-01-02,59.2,streamflow,9277500,ft3/s,['A'],0
2019-01-03,60.1,streamflow,9277500,ft3/s,['A'],0
2019-01-04,60.9,streamflow,9277500,ft3/s,['A'],0
2019-01-05,62.1,streamflow,9277500,ft3/s,['A'],0
2019-01-06,63.8,streamflow,9277500,ft3/s,['A'],0
2019-01-07,65.560005,streamflow,9277500,ft3/s,['A'],0
2019-01-08,65.492714,streamflow,9277500,ft3/s,['A'],0
2019-01-09,64.10104,streamflow,9277500,ft3/s,['A'],0
2019-01-10,64.147064,streamflow,9277500,ft3/s,['A'],0
2019-01-11,63.6,streamflow,9277500,ft3/s,['A'],0
2019-01-12,59.699997,streamflow,9277500,ft3/s,['A'],0
2019-01-13,57.0,streamflow,9277500,ft3/s,['A'],0
2019-01-14,54.55,streamflow,9277500,ft3/s,['A'],0
2019-01-15,64.0,streamflow,9277500,ft3/s,['A'],0
2019-01-16,66.31771,streamflow,9277500,ft3/s,['A'],0
2019-01-17,65.56563,streamflow,9277500,ft3/s,['A'],0
2019-01-18,69.27917,streamflow,9277500,ft3/s,['A'],0
2019-01-19,64.77826,streamflow,9277500,ft3/s,['A'],0
2019-01-20,65.718185,streamflow,9277500,ft3/s,['A'],0
2019-01-21,65.13229,streamflow,9277500,ft3/s,['A'],0
2019-01-22,66.06102,streamflow,9277500,ft3/s,['A'],0
2019-01-23,60.15,streamflow,9277500,ft3/s,['A'],0
2019-01-24,61.199997,streamflow,9277500,ft3/s,['A'],0
2019-01-25,64.6,streamflow,9277500,ft3/s,['A'],0
2019-01-26,62.5,streamflow,9277500,ft3/s,['A'],0
2019-01-27,63.760002,streamflow,9277500,ft3/s,['A'],0
2019-01-28,64.629166,streamflow,9277500,ft3/s,['A'],0
2019-01-29,62.055935,streamflow,9277500,ft3/s,['A'],0
2019-01-30,61.298412,streamflow,9277500,ft3/s,['A'],0
2019-01-31,56.550003,streamflow,9277500,ft3/s,['A'],0
2019-02-01,57.4,streamflow,9277500,ft3/s,['A'],0
2019-02-02,61.891666,streamflow,9277500,ft3/s,['A'],0
2019-02-03,65.85208,streamflow,9277500,ft3/s,['A'],0
2019-02-04,63.96875,streamflow,9277500,ft3/s,['A'],0
2019-02-05,64.07083,streamflow,9277500,ft3/s,['A'],0
2019-02-06,63.51979,streamflow,9277500,ft3/s,['A'],0
2019-02-07,59.322414,streamflow,9277500,ft3/s,['A'],0
2019-02-08,50.75,streamflow,9277500,ft3/s,['A'],0
2019-02-09,52.15,streamflow,9277500,ft3/s,['A'],0
2019-02-10,57.800003,streamflow,9277500,ft3/s,['A'],0
2019-02-11,59.1,streamflow,9277500,ft3/s,['A'],0
2019-02-12,54.5,streamflow,9277500,ft3/s,['A'],0
2019-02-13,64.795654,streamflow,9277500,ft3/s,['A'],0
2019-02-14,65.691666,streamflow,9277500,ft3/s,['A'],0
2019-02-15,68.109375,streamflow,9277500,ft3/s,['A'],0
2019-02-16,67.066666,streamflow,9277500,ft3/s,['A'],0
2019-02-17,63.22738,streamflow,9277500,ft3/s,['A'],0
2019-02-18,63.930557,streamflow,9277500,ft3/s,['A'],0
2019-02-19,63.561764,streamflow,9277500,ft3/s,['A'],0
2019-02-20,59.73125,streamflow,9277500,ft3/s,['A'],0
2019-02-21,62.625,streamflow,9277500,ft3/s,['A'],0
2019-02-22,62.675,streamflow,9277500,ft3/s,['A'],0
2019-02-23,59.375,streamflow,9277500,ft3/s,['A'],0
2019-02-24,59.449997,streamflow,9277500,ft3/s,['A'],0
2019-02-25,64.88621,streamflow,9277500,ft3/s,['A'],0
2019-02-26,64.28958,streamflow,9277500,ft3/s,['A'],0
2019-02-27,63.641666,streamflow,9277500,ft3/s,['A'],0
2019-02-28,64.82292,streamflow,9277500,ft3/s,['A'],0
2019-03-01,65.11771,streamflow,9277500,ft3/s,['A'],0
2019-03-02,65.097916,streamflow,9277500,ft3/s,['A'],0
2019-03-03,65.5,streamflow,9277500,ft3/s,['A'],0
2019-03-04,63.56979,streamflow,9277500,ft3/s,['A'],0
2019-03-05,61.80625,streamflow,9277500,ft3/s,['A'],0
2019-03-06,66.24062,streamflow,9277500,ft3/s,['A'],0
2019-03-07,66.8,streamflow,9277500,ft3/s,['A'],0
2019-03-08,66.97187,streamflow,9277500,ft3/s,['A'],0
2019-03-09,65.24271,streamflow,9277500,ft3/s,['A'],0
2019-03-10,65.52917,streamflow,9277500,ft3/s,['A'],0
2019-03-11,64.52396,streamflow,9277500,ft3/s,['A'],0
2019-03-12,64.63333,streamflow,9277500,ft3/s,['A'],0
2019-03-13,64.578125,streamflow,9277500,ft3/s,['A'],0
2019-03-14,64.33855,streamflow,9277500,ft3/s,['A'],0
2019-03-15,62.328125,streamflow,9277500,ft3/s,['A'],0
2019-03-16,62.7625,streamflow,9277500,ft3/s,['A'],0
2019-03-17,65.41458,streamflow,9277500,ft3/s,['A'],0
2019-03-18,66.5,streamflow,9277500,ft3/s,['A'],0
2019-03-19,67.55729,streamflow,9277500,ft3/s,['A'],0
2019-03-20,68.10729,streamflow,9277500,ft3/s,['A'],0
2019-03-21,69.54583,streamflow,9277500,ft3/s,['A'],0
2019-03-22,71.31979,streamflow,9277500,ft3/s,['A'],0
2019-03-23,71.50625,streamflow,9277500,ft3/s,['A'],0
2019-03-24,74.93542,streamflow,9277500,ft3/s,['A'],0
2019-03-25,79.447914,streamflow,9277500,ft3/s,['A'],0
2019-03-26,77.066666,streamflow,9277500,ft3/s,['A'],0
2019-03-27,80.23229,streamflow,9277500,ft3/s,['A'],0
2019-03-28,83.54063,streamflow,9277500,ft3/s,['A'],0
2019-03-29,86.88854,streamflow,9277500,ft3/s,['A'],0
2019-03-30,82.31875,streamflow,9277500,ft3/s,['A'],0
2019-03-31,79.59895,streamflow,9277500,ft3/s,['A'],0
2019-04-01,80.268745,streamflow,9277500,ft3/s,['A'],0
2019-04-02,85.04271,streamflow,9277500,ft3/s,['A'],0
2019-04-03,97.06146,streamflow,9277500,ft3/s,['A'],0
2019-04-04,106.08854,streamflow,9277500,ft3/s,['A'],0
2019-04-05,105.32188,streamflow,9277500,ft3/s,['A'],0
2019-04-06,112.875,streamflow,9277500,ft3/s,['A'],0
2019-04-07,116.427086,streamflow,9277500,ft3/s,['A'],0
2019-04-08,113.895836,streamflow,9277500,ft3/s,['A'],0
2019-04-09,125.083336,streamflow,9277500,ft3/s,['A'],0
2019-04-10,133.69792,streamflow,9277500,ft3/s,['A'],0
2019-04-11,121.864586,streamflow,9277500,ft3/s,['A'],0
2019-04-12,108.625,streamflow,9277500,ft3/s,['A'],0
2019-04-13,104.2875,streamflow,9277500,ft3/s,['A'],0
2019-04-14,99.51979,streamflow,9277500,ft3/s,['A'],0
2019-04-15,105.24167,streamflow,9277500,ft3/s,['A'],0
2019-04-16,110.5,streamflow,9277500,ft3/s,['A'],0
2019-04-17,115.635414,streamflow,9277500,ft3/s,['A'],0
2019-04-18,117.927086,streamflow,9277500,ft3/s,['A'],0
2019-04-19,135.51042,streamflow,9277500,ft3/s,['A'],0
2019-04-20,163.65625,streamflow,9277500,ft3/s,['A'],0
2019-04-21,178.88542,streamflow,9277500,ft3/s,['A'],0
2019-04-22,173.07292,streamflow,9277500,ft3/s,['A'],0
2019-04-23,171.35417,streamflow,9277500,ft3/s,['A'],0
2019-04-24,192.55208,streamflow,9277500,ft3/s,['A'],0
2019-04-25,215.6875,streamflow,9277500,ft3/s,['A'],0
2019-04-26,234.60417,streamflow,9277500,ft3/s,['A'],0
2019-04-27,264.03125,streamflow,9277500,ft3/s,['A'],0
2019-04-28,265.3125,streamflow,9277500,ft3/s,['A'],0
2019-04-29,262.0729,streamflow,9277500,ft3/s,['A'],0
2019-04-30,265.8125,streamflow,9277500,ft3/s,['A'],0
2019-05-01,252.78125,streamflow,9277500,ft3/s,['A'],0
2019-05-02,223.71875,streamflow,9277500,ft3/s,['A'],0
2019-05-03,206.80208,streamflow,9277500,ft3/s,['A'],0
2019-05-04,199.66667,streamflow,9277500,ft3/s,['A'],0
2019-05-05,199.98958,streamflow,9277500,ft3/s,['A'],0
2019-05-06,208.75,streamflow,9277500,ft3/s,['A'],0
2019-05-07,218.375,streamflow,9277500,ft3/s,['A'],0
2019-05-08,230.25,streamflow,9277500,ft3/s,['A'],0
2019-05-09,243.84375,streamflow,9277500,ft3/s,['A'],0
2019-05-10,224.0,streamflow,9277500,ft3/s,['A'],0
2019-05-11,206.92708,streamflow,9277500,ft3/s,['A'],0
2019-05-12,204.70833,streamflow,9277500,ft3/s,['A'],0
2019-05-13,225.54167,streamflow,9277500,ft3/s,['A'],0
2019-05-14,267.3646,streamflow,9277500,ft3/s,['A'],0
2019-05-15,320.3021,streamflow,9277500,ft3/s,['A'],0
2019-05-16,384.79166,streamflow,9277500,ft3/s,['A'],0
2019-05-17,427.41666,streamflow,9277500,ft3/s,['A'],0
2019-05-18,411.54166,streamflow,9277500,ft3/s,['A'],0
2019-05-19,333.625,streamflow,9277500,ft3/s,['A'],0
2019-05-20,329.79166,streamflow,9277500,ft3/s,['A'],0
2019-05-21,289.22916,streamflow,9277500,ft3/s,['A'],0
2019-05-22,270.85416,streamflow,9277500,ft3/s,['A'],0
2019-05-23,296.03125,streamflow,9277500,ft3/s,['A'],0
2019-05-24,316.96875,streamflow,9277500,ft3/s,['A'],0
2019-05-25,285.3125,streamflow,9277500,ft3/s,['A'],0
2019-05-26,276.58334,streamflow,9277500,ft3/s,['A'],0
2019-05-27,278.66666,streamflow,9277500,ft3/s,['A'],0
2019-05-28,297.02084,streamflow,9277500,ft3/s,['A'],0
2019-05-29,287.85416,streamflow,9277500,ft3/s,['A'],0
2019-05-30,292.5521,streamflow,9277500,ft3/s,['A'],0
2019-05-31,434.72916,streamflow,9277500,ft3/s,['A'],0
2019-06-01,543.7083,streamflow,9277500,ft3/s,['A'],0
2019-06-02,627.6458,streamflow,9277500,ft3/s,['A'],0
2019-06-03,751.30206,streamflow,9277500,ft3/s,['A'],0
2019-06-04,822.7292,streamflow,9277500,ft3/s,['A'],0
2019-06-05,928.0,streamflow,9277500,ft3/s,['A'],0
2019-06-06,1152.4166,streamflow,9277500,ft3/s,['A'],0
2019-06-07,1384.7916,streamflow,9277500,ft3/s,['A'],0
2019-06-08,1681.3541,streamflow,9277500,ft3/s,['A'],0
2019-06-09,1453.9584,streamflow,9277500,ft3/s,['A'],0
2019-06-10,1183.9584,streamflow,9277500,ft3/s,['A'],0
2019-06-11,1242.6041,streamflow,9277500,ft3/s,['A'],0
2019-06-12,1364.375,streamflow,9277500,ft3/s,['A'],0
2019-06-13,1492.2916,streamflow,9277500,ft3/s,['A'],0
2019-06-14,1668.3334,streamflow,9277500,ft3/s,['A'],0
2019-06-15,1594.375,streamflow,9277500,ft3/s,['A'],0
2019-06-16,1433.5416,streamflow,9277500,ft3/s,['A'],0
2019-06-17,1342.8125,streamflow,9277500,ft3/s,['A'],0
2019-06-18,1003.05206,streamflow,9277500,ft3/s,['A'],0
2019-06-19,826.0208,streamflow,9277500,ft3/s,['A'],0
2019-06-20,835.625,streamflow,9277500,ft3/s,['A'],0
2019-06-21,806.1875,streamflow,9277500,ft3/s,['A'],0
2019-06-22,614.8958,streamflow,9277500,ft3/s,['A'],0
2019-06-23,538.5625,streamflow,9277500,ft3/s,['A'],0
2019-06-24,473.4271,streamflow,9277500,ft3/s,['A'],0
2019-06-25,418.02084,streamflow,9277500,ft3/s,['A'],0
2019-06-26,393.2604,streamflow,9277500,ft3/s,['A'],0
2019-06-27,394.95834,streamflow,9277500,ft3/s,['A'],0
2019-06-28,380.1354,streamflow,9277500,ft3/s,['A'],0
2019-06-29,364.14584,streamflow,9277500,ft3/s,['A'],0
2019-06-30,354.96875,streamflow,9277500,ft3/s,['A'],0
2019-07-01,362.5625,streamflow,9277500,ft3/s,['A'],0
2019-07-02,329.71875,streamflow,9277500,ft3/s,['A'],0
2019-07-03,299.47916,streamflow,9277500,ft3/s,['A'],0
2019-07-04,283.5729,streamflow,9277500,ft3/s,['A'],0
2019-07-05,260.1875,streamflow,9277500,ft3/s,['A'],0
2019-07-06,234.90625,streamflow,9277500,ft3/s,['A'],0
2019-07-07,221.63542,streamflow,9277500,ft3/s,['A'],0
2019-07-08,213.02083,streamflow,9277500,ft3/s,['A'],0
2019-07-09,191.38542,streamflow,9277500,ft3/s,['A'],0
2019-07-10,168.11458,streamflow,9277500,ft3/s,['A'],0
2019-07-11,152.1875,streamflow,9277500,ft3/s,['A'],0
2019-07-12,147.0,streamflow,9277500,ft3/s,['A'],0
2019-07-13,150.5625,streamflow,9277500,ft3/s,['A'],0
2019-07-14,140.59375,streamflow,9277500,ft3/s,['A'],0
2019-07-15,124.6875,streamflow,9277500,ft3/s,['A'],0
2019-07-16,115.03125,streamflow,9277500,ft3/s,['A'],0
2019-07-17,111.03125,streamflow,9277500,ft3/s,['A'],0
2019-07-18,108.135414,streamflow,9277500,ft3/s,['A'],0
2019-07-19,104.72396,streamflow,9277500,ft3/s,['A'],0
2019-07-20,105.275,streamflow,9277500,ft3/s,['A'],0
2019-07-21,96.71146,streamflow,9277500,ft3/s,['A'],0
2019-07-22,96.02812,streamflow,9277500,ft3/s,['A'],0
2019-07-23,89.873955,streamflow,9277500,ft3/s,['A'],0
2019-07-24,90.00104,streamflow,9277500,ft3/s,['A'],0
2019-07-25,89.40417,streamflow,9277500,ft3/s,['A'],0
2019-07-26,91.38438,streamflow,9277500,ft3/s,['A'],0
2019-07-27,108.44375,streamflow,9277500,ft3/s,['A'],0
2019-07-28,99.90417,streamflow,9277500,ft3/s,['A'],0
2019-07-29,91.575,streamflow,9277500,ft3/s,['A'],0
2019-07-30,88.520836,streamflow,9277500,ft3/s,['A'],0
2019-07-31,90.05729,streamflow,9277500,ft3/s,['A'],0
2019-08-01,100.277084,streamflow,9277500,ft3/s,['A'],0
2019-08-02,96.04375,streamflow,9277500,ft3/s,['A'],0
2019-08-03,92.339584,streamflow,9277500,ft3/s,['A'],0
2019-08-04,91.12396,streamflow,9277500,ft3/s,['A'],0
2019-08-05,98.666664,streamflow,9277500,ft3/s,['A'],0
2019-08-06,96.07604,streamflow,9277500,ft3/s,['A'],0
2019-08-07,95.86771,streamflow,9277500,ft3/s,['A'],0
2019-08-08,102.74792,streamflow,9277500,ft3/s,['A'],0
2019-08-09,97.725,streamflow,9277500,ft3/s,['A'],0
2019-08-10,96.08854,streamflow,9277500,ft3/s,['A'],0
2019-08-11,96.42812,streamflow,9277500,ft3/s,['A'],0
2019-08-12,90.88125,streamflow,9277500,ft3/s,['A'],0
2019-08-13,85.24687,streamflow,9277500,ft3/s,['A'],0
2019-08-14,83.010414,streamflow,9277500,ft3/s,['A'],0
2019-08-15,81.33125,streamflow,9277500,ft3/s,['A'],0
2019-08-16,78.30104,streamflow,9277500,ft3/s,['A'],0
2019-08-17,77.842705,streamflow,9277500,ft3/s,['A'],0
2019-08-18,76.78333,streamflow,9277500,ft3/s,['A'],0
2019-08-19,73.64479,streamflow,9277500,ft3/s,['A'],0
2019-08-20,71.37292,streamflow,9277500,ft3/s,['A'],0
2019-08-21,71.30417,streamflow,9277500,ft3/s,['A'],0
2019-08-22,71.56979,streamflow,9277500,ft3/s,['A'],0
2019-08-23,71.277084,streamflow,9277500,ft3/s,['A'],0
2019-08-24,68.592705,streamflow,9277500,ft3/s,['A'],0
2019-08-25,63.089584,streamflow,9277500,ft3/s,['A'],0
2019-08-26,59.476044,streamflow,9277500,ft3/s,['A'],0
2019-08-27,52.735416,streamflow,9277500,ft3/s,['A'],0
2019-08-28,52.88333,streamflow,9277500,ft3/s,['A'],0
2019-08-29,51.841667,streamflow,9277500,ft3/s,['A'],0
2019-08-30,54.61771,streamflow,9277500,ft3/s,['A'],0
2019-08-31,54.752083,streamflow,9277500,ft3/s,['A'],0
2019-09-01,47.035416,streamflow,9277500,ft3/s,['A'],0
2019-09-02,47.671875,streamflow,9277500,ft3/s,['A'],0
2019-09-03,44.08125,streamflow,9277500,ft3/s,['A'],0
2019-09-04,45.451042,streamflow,9277500,ft3/s,['A'],0
2019-09-05,45.005264,streamflow,9277500,ft3/s,['A'],0
2019-09-06,54.848957,streamflow,9277500,ft3/s,['A'],0
2019-09-07,56.309376,streamflow,9277500,ft3/s,['A'],0
2019-09-08,53.473957,streamflow,9277500,ft3/s,['A'],0
2019-09-09,75.80104,streamflow,9277500,ft3/s,['A'],0
2019-09-10,68.33646,streamflow,9277500,ft3/s,['A'],0
2019-09-11,78.50834,streamflow,9277500,ft3/s,['A'],0
2019-09-12,91.44063,streamflow,9277500,ft3/s,['A'],0
2019-09-13,82.41563,streamflow,9277500,ft3/s,['A'],0
2019-09-14,80.19688,streamflow,9277500,ft3/s,['A'],0
2019-09-15,78.63646,streamflow,9277500,ft3/s,['A'],0
2019-09-16,72.731255,streamflow,9277500,ft3/s,['A'],0
2019-09-17,75.933334,streamflow,9277500,ft3/s,['A'],0
2019-09-18,79.66563,streamflow,9277500,ft3/s,['A'],0
2019-09-19,79.765625,streamflow,9277500,ft3/s,['A'],0
2019-09-20,79.359375,streamflow,9277500,ft3/s,['A'],0
2019-09-21,84.4875,streamflow,9277500,ft3/s,['A'],0
2019-09-22,85.515625,streamflow,9277500,ft3/s,['A'],0
2019-09-23,81.45521,streamflow,9277500,ft3/s,['A'],0
2019-09-24,80.17292,streamflow,9277500,ft3/s,['A'],0
2019-09-25,83.05625,streamflow,9277500,ft3/s,['A'],0
2019-09-26,79.46771,streamflow,9277500,ft3/s,['A'],0
2019-09-27,82.546875,streamflow,9277500,ft3/s,['A'],0
2019-09-28,98.86979,streamflow,9277500,ft3/s,['A'],0
2019-09-29,106.71667,streamflow,9277500,ft3/s,['A'],0
2019-09-30,106.604164,streamflow,9277500,ft3/s,['A'],0
2019-10-01,105.729164,streamflow,9277500,ft3/s,['A'],0
2019-10-02,105.76875,streamflow,9277500,ft3/s,['A'],0
2019-10-03,107.2375,streamflow,9277500,ft3/s,['A'],0
2019-10-04,107.625,streamflow,9277500,ft3/s,['A'],0
2019-10-05,110.90625,streamflow,9277500,ft3/s,['A'],0
2019-10-06,116.302086,streamflow,9277500,ft3/s,['A'],0
2019-10-07,115.90625,streamflow,9277500,ft3/s,['A'],0
2019-10-08,118.854164,streamflow,9277500,ft3/s,['A'],0
2019-10-09,119.59375,streamflow,9277500,ft3/s,['A'],0
2019-10-10,120.635414,streamflow,9277500,ft3/s,['A'],0
2019-10-11,122.03125,streamflow,9277500,ft3/s,['A'],0
2019-10-12,122.302086,streamflow,9277500,ft3/s,['A'],0
2019-10-13,123.5625,streamflow,9277500,ft3/s,['A'],0
2019-10-14,122.875,streamflow,9277500,ft3/s,['A'],0
2019-10-15,122.020836,streamflow,9277500,ft3/s,['A'],0
2019-10-16,121.197914,streamflow,9277500,ft3/s,['A'],0
2019-10-17,119.802086,streamflow,9277500,ft3/s,['A'],0
2019-10-18,120.125,streamflow,9277500,ft3/s,['A'],0
2019-10-19,121.385414,streamflow,9277500,ft3/s,['A'],0
2019-10-20,125.979164,streamflow,9277500,ft3/s,['A'],0
2019-10-21,126.239586,streamflow,9277500,ft3/s,['A'],0
2019-10-22,125.552086,streamflow,9277500,ft3/s,['A'],0
2019-10-23,126.3125,streamflow,9277500,ft3/s,['A'],0
2019-10-24,126.09375,streamflow,9277500,ft3/s,['A'],0
2019-10-25,126.864586,streamflow,9277500,ft3/s,['A'],0
2019-10-26,129.70833,streamflow,9277500,ft3/s,['A'],0
2019-10-27,128.07292,streamflow,9277500,ft3/s,['A'],0
2019-10-28,124.885414,streamflow,9277500,ft3/s,['A'],0
2019-10-29,125.989586,streamflow,9277500,ft3/s,['A'],0
2019-10-30,116.864586,streamflow,9277500,ft3/s,['A'],0
2019-10-31,121.32917,streamflow,9277500,ft3/s,['A'],0
2019-11-01,124.291664,streamflow,9277500,ft3/s,['A'],0
2019-11-02,123.333336,streamflow,9277500,ft3/s,['A'],0
2019-11-03,127.416664,streamflow,9277500,ft3/s,['A'],0
2019-11-04,127.770836,streamflow,9277500,ft3/s,['A'],0
2019-11-05,127.072914,streamflow,9277500,ft3/s,['A'],0
2019-11-06,122.5625,streamflow,9277500,ft3/s,['A'],0
2019-11-07,119.625,streamflow,9277500,ft3/s,['A'],0
2019-11-08,115.510414,streamflow,9277500,ft3/s,['A'],0
2019-11-09,118.541664,streamflow,9277500,ft3/s,['A'],0
2019-11-10,119.135414,streamflow,9277500,ft3/s,['A'],0
2019-11-11,118.104164,streamflow,9277500,ft3/s,['A'],0
2019-11-12,114.197914,streamflow,9277500,ft3/s,['A'],0
2019-11-13,117.135414,streamflow,9277500,ft3/s,['A'],0
2019-11-14,116.947914,streamflow,9277500,ft3/s,['A'],0
2019-11-15,114.791664,streamflow,9277500,ft3/s,['A'],0
2019-11-16,113.40625,streamflow,9277500,ft3/s,['A'],0
2019-11-17,112.0625,streamflow,9277500,ft3/s,['A'],0
2019-11-18,112.5625,streamflow,9277500,ft3/s,['A'],0
2019-11-19,112.083336,streamflow,9277500,ft3/s,['A'],0
2019-11-20,115.75,streamflow,9277500,ft3/s,['A'],0
2019-11-21,123.145836,streamflow,9277500,ft3/s,['A'],0
2019-11-22,116.708336,streamflow,9277500,ft3/s,['A'],0
2019-11-23,110.864586,streamflow,9277500,ft3/s,['A'],0
2019-11-24,99.433334,streamflow,9277500,ft3/s,['A'],0
2019-11-25,101.833336,streamflow,9277500,ft3/s,['A'],0
2019-11-26,100.833336,streamflow,9277500,ft3/s,['A'],0
2019-11-27,98.51666,streamflow,9277500,ft3/s,['A'],0
2019-11-28,110.3957,streamflow,9277500,ft3/s,['A'],0
2019-11-29,120.479164,streamflow,9277500,ft3/s,['A'],0
2019-11-30,114.104164,streamflow,9277500,ft3/s,['A'],0
2019-12-01,108.829414,streamflow,9277500,ft3/s,['A'],0
2019-12-02,98.05,streamflow,9277500,ft3/s,['A'],0
2019-12-03,110.333336,streamflow,9277500,ft3/s,['A'],0
2019-12-04,111.364586,streamflow,9277500,ft3/s,['A'],0
2019-12-05,113.427086,streamflow,9277500,ft3/s,['A'],0
2019-12-06,112.135414,streamflow,9277500,ft3/s,['A'],0
2019-12-07,108.708336,streamflow,9277500,ft3/s,['A'],0
2019-12-08,108.90625,streamflow,9277500,ft3/s,['A'],0
2019-12-09,110.03125,streamflow,9277500,ft3/s,['A'],0
2019-12-10,102.13021,streamflow,9277500,ft3/s,['A'],0
2019-12-11,89.45965,streamflow,9277500,ft3/s,['A'],0
2019-12-12,105.32708,streamflow,9277500,ft3/s,['A'],0
2019-12-13,110.989586,streamflow,9277500,ft3/s,['A'],0
2019-12-14,108.71875,streamflow,9277500,ft3/s,['A'],0
2019-12-15,96.89166,streamflow,9277500,ft3/s,['A'],0
2019-12-16,91.8,streamflow,9277500,ft3/s,['A'],0
2019-12-17,89.248146,streamflow,9277500,ft3/s,['A'],0
2019-12-18,82.85,streamflow,9277500,ft3/s,['A'],0
2019-12-19,86.583336,streamflow,9277500,ft3/s,['A'],0
2019-12-20,84.65,streamflow,9277500,ft3/s,['A'],0
2019-12-21,88.2,streamflow,9277500,ft3/s,['A'],0
2019-12-22,91.46354,streamflow,9277500,ft3/s,['A'],0
2019-12-23,93.416664,streamflow,9277500,ft3/s,['A'],0
2019-12-24,95.29479,streamflow,9277500,ft3/s,['A'],0
2019-12-25,97.54063,streamflow,9277500,ft3/s,['A'],0
2019-12-26,95.62708,streamflow,9277500,ft3/s,['A'],0
2019-12-27,93.72188,streamflow,9277500,ft3/s,['A'],0
2019-12-28,92.99062,streamflow,9277500,ft3/s,['A'],0
2019-12-29,83.465675,streamflow,9277500,ft3/s,['A'],0
2019-12-30,85.3,streamflow,9277500,ft3/s,['A'],0
2019-12-31,85.066666,streamflow,9277500,ft3/s,['A'],0
2020-01-01,87.183334,streamflow,9277500,ft3/s,['A'],0
2020-01-02,87.75,streamflow,9277500,ft3/s,['A'],0
2020-01-03,87.51667,streamflow,9277500,ft3/s,['A'],0
2020-01-04,90.7,streamflow,9277500,ft3/s,['A'],0
2020-01-05,90.39889,streamflow,9277500,ft3/s,['A'],0
2020-01-06,90.49895,streamflow,9277500,ft3/s,['A'],0
2020-01-07,89.714584,streamflow,9277500,ft3/s,['A'],0
2020-01-08,87.99687,streamflow,9277500,ft3/s,['A'],0
2020-01-09,85.51111,streamflow,9277500,ft3/s,['A'],0
2020-01-10,85.13333,streamflow,9277500,ft3/s,['A'],0
2020-01-11,82.2,streamflow,9277500,ft3/s,['A'],0
2020-01-12,85.183334,streamflow,9277500,ft3/s,['A'],0
2020-01-13,86.9,streamflow,9277500,ft3/s,['A'],0
2020-01-14,86.65,streamflow,9277500,ft3/s,['A'],0
2020-01-15,83.98334,streamflow,9277500,ft3/s,['A'],0
2020-01-16,81.96667,streamflow,9277500,ft3/s,['A'],0
2020-01-17,86.88333,streamflow,9277500,ft3/s,['A'],0
2020-01-18,86.95,streamflow,9277500,ft3/s,['A'],0
2020-01-19,85.88333,streamflow,9277500,ft3/s,['A'],0
2020-01-20,85.13333,streamflow,9277500,ft3/s,['A'],0
2020-01-21,86.12857,streamflow,9277500,ft3/s,['A'],0
2020-01-22,86.10625,streamflow,9277500,ft3/s,['A'],0
2020-01-23,85.80937,streamflow,9277500,ft3/s,['A'],0
2020-01-24,85.44479,streamflow,9277500,ft3/s,['A'],0
2020-01-25,85.734375,streamflow,9277500,ft3/s,['A'],0
2020-01-26,85.16875,streamflow,9277500,ft3/s,['A'],0
2020-01-27,84.95385,streamflow,9277500,ft3/s,['A'],0
2020-01-28,83.83049,streamflow,9277500,ft3/s,['A'],0
2020-01-29,83.76234,streamflow,9277500,ft3/s,['A'],0
2020-01-30,79.24535,streamflow,9277500,ft3/s,['A'],0
2020-01-31,77.970215,streamflow,9277500,ft3/s,['A'],0
2020-02-01,82.14445,streamflow,9277500,ft3/s,['A'],0
2020-02-02,79.211235,streamflow,9277500,ft3/s,['A'],0
2020-02-03,81.56344,streamflow,9277500,ft3/s,['A'],0
2020-02-04,74.298416,streamflow,9277500,ft3/s,['A'],0
2020-02-05,73.26666,streamflow,9277500,ft3/s,['A'],0
2020-02-06,76.166664,streamflow,9277500,ft3/s,['A'],0
2020-02-07,80.82927,streamflow,9277500,ft3/s,['A'],0
2020-02-08,80.63625,streamflow,9277500,ft3/s,['A'],0
2020-02-09,79.189476,streamflow,9277500,ft3/s,['A'],0
2020-02-10,74.512505,streamflow,9277500,ft3/s,['A'],0
2020-02-11,69.28889,streamflow,9277500,ft3/s,['A'],0
2020-02-12,75.2,streamflow,9277500,ft3/s,['A'],0
2020-02-13,78.22346,streamflow,9277500,ft3/s,['A'],0
2020-02-14,79.1625,streamflow,9277500,ft3/s,['A'],0
2020-02-15,79.63646,streamflow,9277500,ft3/s,['A'],0
2020-02-16,80.00521,streamflow,9277500,ft3/s,['A'],0
2020-02-17,81.13646,streamflow,9277500,ft3/s,['A'],0
2020-02-18,76.63229,streamflow,9277500,ft3/s,['A'],0
2020-02-19,77.97396,streamflow,9277500,ft3/s,['A'],0
2020-02-20,77.69276,streamflow,9277500,ft3/s,['A'],0
2020-02-21,69.791664,streamflow,9277500,ft3/s,['A'],0
2020-02-22,79.07242,streamflow,9277500,ft3/s,['A'],0
2020-02-23,78.50313,streamflow,9277500,ft3/s,['A'],0
2020-02-24,77.35209,streamflow,9277500,ft3/s,['A'],0
2020-02-25,76.52292,streamflow,9277500,ft3/s,['A'],0
2020-02-26,76.03646,streamflow,9277500,ft3/s,['A'],0
2020-02-27,79.160416,streamflow,9277500,ft3/s,['A'],0
2020-02-28,78.1198,streamflow,9277500,ft3/s,['A'],0
2020-02-29,79.80104,streamflow,9277500,ft3/s,['A'],0
2020-03-01,81.15833,streamflow,9277500,ft3/s,['A'],0
2020-03-02,77.63646,streamflow,9277500,ft3/s,['A'],0
2020-03-03,75.84688,streamflow,9277500,ft3/s,['A'],0
2020-03-04,79.152084,streamflow,9277500,ft3/s,['A'],0
2020-03-05,79.13959,streamflow,9277500,ft3/s,['A'],0
2020-03-06,78.78438,streamflow,9277500,ft3/s,['A'],0
2020-03-07,80.418755,streamflow,9277500,ft3/s,['A'],0
2020-03-08,82.63684,streamflow,9277500,ft3/s,['A'],0
2020-03-09,84.12211,streamflow,9277500,ft3/s,['A'],0
2020-03-10,80.84842,streamflow,9277500,ft3/s,['A'],0
2020-03-11,79.262505,streamflow,9277500,ft3/s,['A'],0
2020-03-12,81.200005,streamflow,9277500,ft3/s,['A'],0
2020-03-13,82.23334,streamflow,9277500,ft3/s,['A'],0
2020-03-14,84.05729,streamflow,9277500,ft3/s,['A'],0
2020-03-15,81.40521,streamflow,9277500,ft3/s,['A'],0
2020-03-16,80.359375,streamflow,9277500,ft3/s,['A'],0
2020-03-17,80.28333,streamflow,9277500,ft3/s,['A'],0
2020-03-18,81.38021,streamflow,9277500,ft3/s,['A'],0
2020-03-19,85.114586,streamflow,9277500,ft3/s,['A'],0
2020-03-20,84.20521,streamflow,9277500,ft3/s,['A'],0
2020-03-21,83.5,streamflow,9277500,ft3/s,['A'],0
2020-03-22,81.84167,streamflow,9277500,ft3/s,['A'],0
2020-03-23,80.25521,streamflow,9277500,ft3/s,['A'],0
2020-03-24,80.23541,streamflow,9277500,ft3/s,['A'],0
2020-03-25,82.67812,streamflow,9277500,ft3/s,['A'],0
2020-03-26,83.768745,streamflow,9277500,ft3/s,['A'],0
2020-03-27,81.07396,streamflow,9277500,ft3/s,['A'],0
2020-03-28,79.745834,streamflow,9277500,ft3/s,['A'],0
2020-03-29,79.697914,streamflow,9277500,ft3/s,['A'],0
2020-03-30,80.71667,streamflow,9277500,ft3/s,['A'],0
2020-03-31,78.5625,streamflow,9277500,ft3/s,['A'],0
2020-04-01,79.40104,streamflow,9277500,ft3/s,['A'],0
2020-04-02,83.47188,streamflow,9277500,ft3/s,['A'],0
2020-04-03,84.85104,streamflow,9277500,ft3/s,['A'],0
2020-04-04,84.0875,streamflow,9277500,ft3/s,['A'],0
2020-04-05,83.46042,streamflow,9277500,ft3/s,['A'],0
2020-04-06,87.50208,streamflow,9277500,ft3/s,['A'],0
2020-04-07,87.203125,streamflow,9277500,ft3/s,['A'],0
2020-04-08,87.84062,streamflow,9277500,ft3/s,['A'],0
2020-04-09,92.97188,streamflow,9277500,ft3/s,['A'],0
2020-04-10,103.03125,streamflow,9277500,ft3/s,['A'],0
2020-04-11,107.05625,streamflow,9277500,ft3/s,['A'],0
2020-04-12,110.5625,streamflow,9277500,ft3/s,['A'],0
2020-04-13,106.9875,streamflow,9277500,ft3/s,['A'],0
2020-04-14,97.32188,streamflow,9277500,ft3/s,['A'],0
2020-04-15,97.135414,streamflow,9277500,ft3/s,['A'],0
2020-04-16,95.29479,streamflow,9277500,ft3/s,['A'],0
2020-04-17,93.74062,streamflow,9277500,ft3/s,['A'],0
2020-04-18,90.775,streamflow,9277500,ft3/s,['A'],0
2020-04-19,91.333336,streamflow,9277500,ft3/s,['A'],0
2020-04-20,93.64375,streamflow,9277500,ft3/s,['A'],0
2020-04-21,93.50208,streamflow,9277500,ft3/s,['A'],0
2020-04-22,99.50625,streamflow,9277500,ft3/s,['A'],0
2020-04-23,105.28958,streamflow,9277500,ft3/s,['A'],0
2020-04-24,111.25,streamflow,9277500,ft3/s,['A'],0
2020-04-25,111.041664,streamflow,9277500,ft3/s,['A'],0
2020-04-26,117.302086,streamflow,9277500,ft3/s,['A'],0
2020-04-27,126.510414,streamflow,9277500,ft3/s,['A'],0
2020-04-28,128.97917,streamflow,9277500,ft3/s,['A'],0
2020-04-29,133.92708,streamflow,9277500,ft3/s,['A'],0
2020-04-30,135.85417,streamflow,9277500,ft3/s,['A'],0
2020-05-01,161.69792,streamflow,9277500,ft3/s,['A'],0
2020-05-02,179.08333,streamflow,9277500,ft3/s,['A'],0
2020-05-03,180.03125,streamflow,9277500,ft3/s,['A'],0
2020-05-04,178.05208,streamflow,9277500,ft3/s,['A'],0
2020-05-05,181.60417,streamflow,9277500,ft3/s,['A'],0
2020-05-06,187.90625,streamflow,9277500,ft3/s,['A'],0
2020-05-07,185.11458,streamflow,9277500,ft3/s,['A'],0
2020-05-08,174.05208,streamflow,9277500,ft3/s,['A'],0
2020-05-09,167.90625,streamflow,9277500,ft3/s,['A'],0
2020-05-10,165.09375,streamflow,9277500,ft3/s,['A'],0
2020-05-11,170.79167,streamflow,9277500,ft3/s,['A'],0
2020-05-12,185.51042,streamflow,9277500,ft3/s,['A'],0
2020-05-13,209.33333,streamflow,9277500,ft3/s,['A'],0
2020-05-14,211.92708,streamflow,9277500,ft3/s,['A'],0
2020-05-15,185.19792,streamflow,9277500,ft3/s,['A'],0
2020-05-16,171.88542,streamflow,9277500,ft3/s,['A'],0
2020-05-17,171.40625,streamflow,9277500,ft3/s,['A'],0
2020-05-18,200.76042,streamflow,9277500,ft3/s,['A'],0
2020-05-19,242.72917,streamflow,9277500,ft3/s,['A'],0
2020-05-20,280.0729,streamflow,9277500,ft3/s,['A'],0
2020-05-21,264.4375,streamflow,9277500,ft3/s,['A'],0
2020-05-22,244.89583,streamflow,9277500,ft3/s,['A'],0
2020-05-23,227.05208,streamflow,9277500,ft3/s,['A'],0
2020-05-24,199.52083,streamflow,9277500,ft3/s,['A'],0
2020-05-25,170.21875,streamflow,9277500,ft3/s,['A'],0
2020-05-26,163.5,streamflow,9277500,ft3/s,['A'],0
2020-05-27,175.89583,streamflow,9277500,ft3/s,['A'],0
2020-05-28,220.4375,streamflow,9277500,ft3/s,['A'],0
2020-05-29,238.48958,streamflow,9277500,ft3/s,['A'],0
2020-05-30,251.9375,streamflow,9277500,ft3/s,['A'],0
2020-05-31,255.6875,streamflow,9277500,ft3/s,['A'],0
2020-06-01,254.82292,streamflow,9277500,ft3/s,['A'],0
2020-06-02,229.05208,streamflow,9277500,ft3/s,['A'],0
2020-06-03,187.39583,streamflow,9277500,ft3/s,['A'],0
2020-06-04,168.0,streamflow,9277500,ft3/s,['A'],0
2020-06-05,160.55208,streamflow,9277500,ft3/s,['A'],0
2020-06-06,174.44792,streamflow,9277500,ft3/s,['A'],0
2020-06-07,305.0729,streamflow,9277500,ft3/s,['A'],0
2020-06-08,286.7604,streamflow,9277500,ft3/s,['A'],0
2020-06-09,249.55208,streamflow,9277500,ft3/s,['A'],0
2020-06-10,226.4375,streamflow,9277500,ft3/s,['A'],0
2020-06-11,197.71875,streamflow,9277500,ft3/s,['A'],0
2020-06-12,174.86458,streamflow,9277500,ft3/s,['A'],0
2020-06-13,166.80208,streamflow,9277500,ft3/s,['A'],0
2020-06-14,161.14583,streamflow,9277500,ft3/s,['A'],0
2020-06-15,140.42708,streamflow,9277500,ft3/s,['A'],0
2020-06-16,123.677086,streamflow,9277500,ft3/s,['A'],0
2020-06-17,123.166664,streamflow,9277500,ft3/s,['A'],0
2020-06-18,122.708336,streamflow,9277500,ft3/s,['A'],0
2020-06-19,119.947914,streamflow,9277500,ft3/s,['A'],0
2020-06-20,106.71042,streamflow,9277500,ft3/s,['A'],0
2020-06-21,99.65833,streamflow,9277500,ft3/s,['A'],0
2020-06-22,95.302086,streamflow,9277500,ft3/s,['A'],0
2020-06-23,103.46042,streamflow,9277500,ft3/s,['A'],0
2020-06-24,100.13125,streamflow,9277500,ft3/s,['A'],0
2020-06-25,96.703125,streamflow,9277500,ft3/s,['A'],0
2020-06-26,94.958336,streamflow,9277500,ft3/s,['A'],0
2020-06-27,87.35833,streamflow,9277500,ft3/s,['A'],0
2020-06-28,88.197914,streamflow,9277500,ft3/s,['A'],0
2020-06-29,87.339584,streamflow,9277500,ft3/s,['A'],0
2020-06-30,89.05937,streamflow,9277500,ft3/s,['A'],0
2020-07-01,92.45937,streamflow,9277500,ft3/s,['A'],0
2020-07-02,86.530205,streamflow,9277500,ft3/s,['A'],0
2020-07-03,72.80104,streamflow,9277500,ft3/s,['A'],0
2020-07-04,69.59688,streamflow,9277500,ft3/s,['A'],0
2020-07-05,78.40625,streamflow,9277500,ft3/s,['A'],0
2020-07-06,77.833336,streamflow,9277500,ft3/s,['A'],0
2020-07-07,73.66146,streamflow,9277500,ft3/s,['A'],0
2020-07-08,91.285416,streamflow,9277500,ft3/s,['A'],0
2020-07-09,87.37708,streamflow,9277500,ft3/s,['A'],0
2020-07-10,84.145836,streamflow,9277500,ft3/s,['A'],0
2020-07-11,84.18646,streamflow,9277500,ft3/s,['A'],0
2020-07-12,80.82083,streamflow,9277500,ft3/s,['A'],0
2020-07-13,71.82396,streamflow,9277500,ft3/s,['A'],0
2020-07-14,73.3125,streamflow,9277500,ft3/s,['A'],0
2020-07-15,71.79896,streamflow,9277500,ft3/s,['A'],0
2020-07-16,73.46875,streamflow,9277500,ft3/s,['A'],0
2020-07-17,71.765625,streamflow,9277500,ft3/s,['A'],0
2020-07-18,66.78646,streamflow,9277500,ft3/s,['A'],0
2020-07-19,63.8625,streamflow,9277500,ft3/s,['A'],0
2020-07-20,67.54584,streamflow,9277500,ft3/s,['A'],0
2020-07-21,62.161457,streamflow,9277500,ft3/s,['A'],0
2020-07-22,60.740623,streamflow,9277500,ft3/s,['A'],0
2020-07-23,70.80625,streamflow,9277500,ft3/s,['A'],0
2020-07-24,71.32084,streamflow,9277500,ft3/s,['A'],0
2020-07-25,65.74271,streamflow,9277500,ft3/s,['A'],0
2020-07-26,64.41875,streamflow,9277500,ft3/s,['A'],0
2020-07-27,63.169792,streamflow,9277500,ft3/s,['A'],0
2020-07-28,66.50208,streamflow,9277500,ft3/s,['A'],0
2020-07-29,59.95,streamflow,9277500,ft3/s,['A'],0
2020-07-30,53.70729,streamflow,9277500,ft3/s,['A'],0
2020-07-31,49.451042,streamflow,9277500,ft3/s,['A'],0
2020-08-01,51.747917,streamflow,9277500,ft3/s,['A'],0
2020-08-02,54.125,streamflow,9277500,ft3/s,['A'],0
2020-08-03,49.211456,streamflow,9277500,ft3/s,['A'],0
2020-08-04,43.232292,streamflow,9277500,ft3/s,['A'],0
2020-08-05,42.641666,streamflow,9277500,ft3/s,['A'],0
2020-08-06,39.77396,streamflow,9277500,ft3/s,['A'],0
2020-08-07,38.129166,streamflow,9277500,ft3/s,['A'],0
2020-08-08,38.352085,streamflow,9277500,ft3/s,['A'],0
2020-08-09,38.628124,streamflow,9277500,ft3/s,['A'],0
2020-08-10,40.93646,streamflow,9277500,ft3/s,['A'],0
2020-08-11,36.73021,streamflow,9277500,ft3/s,['A'],0
2020-08-12,35.27396,streamflow,9277500,ft3/s,['A'],0
2020-08-13,34.736458,streamflow,9277500,ft3/s,['A'],0
2020-08-14,34.425,streamflow,9277500,ft3/s,['A'],0
2020-08-15,32.229168,streamflow,9277500,ft3/s,['A'],0
2020-08-16,34.025,streamflow,9277500,ft3/s,['A'],0
2020-08-17,33.27396,streamflow,9277500,ft3/s,['A'],0
2020-08-18,35.111458,streamflow,9277500,ft3/s,['A'],0
2020-08-19,40.58646,streamflow,9277500,ft3/s,['A'],0
2020-08-20,43.85208,streamflow,9277500,ft3/s,['A'],0
2020-08-21,42.648956,streamflow,9277500,ft3/s,['A'],0
2020-08-22,39.865627,streamflow,9277500,ft3/s,['A'],0
2020-08-23,38.08542,streamflow,9277500,ft3/s,['A'],0
2020-08-24,45.103127,streamflow,9277500,ft3/s,['A'],0
2020-08-25,40.90625,streamflow,9277500,ft3/s,['A'],0
2020-08-26,39.966667,streamflow,9277500,ft3/s,['A'],0
2020-08-27,39.34479,streamflow,9277500,ft3/s,['A'],0
2020-08-28,36.65625,streamflow,9277500,ft3/s,['A'],0
2020-08-29,32.03854,streamflow,9277500,ft3/s,['A'],0
2020-08-30,35.195835,streamflow,9277500,ft3/s,['A'],0
2020-08-31,38.734375,streamflow,9277500,ft3/s,['A'],0
2020-09-01,40.39479,streamflow,9277500,ft3/s,['A'],0
2020-09-02,43.763542,streamflow,9277500,ft3/s,['A'],0
2020-09-03,38.03229,streamflow,9277500,ft3/s,['A'],0
2020-09-04,35.93854,streamflow,9277500,ft3/s,['A'],0
2020-09-05,38.139584,streamflow,9277500,ft3/s,['A'],0
2020-09-06,41.021877,streamflow,9277500,ft3/s,['A'],0
2020-09-07,44.10208,streamflow,9277500,ft3/s,['A'],0
2020-09-08,50.604168,streamflow,9277500,ft3/s,['A'],0
2020-09-09,70.586464,streamflow,9277500,ft3/s,['A'],0
2020-09-10,73.162506,streamflow,9277500,ft3/s,['A'],0
2020-09-11,72.65833,streamflow,9277500,ft3/s,['A'],0
2020-09-12,71.773964,streamflow,9277500,ft3/s,['A'],0
2020-09-13,69.24792,streamflow,9277500,ft3/s,['A'],0
2020-09-14,69.24896,streamflow,9277500,ft3/s,['A'],0
2020-09-15,64.21875,streamflow,9277500,ft3/s,['A'],0
2020-09-16,59.966667,streamflow,9277500,ft3/s,['A'],0
2020-09-17,58.416668,streamflow,9277500,ft3/s,['A'],0
2020-09-18,60.3,streamflow,9277500,ft3/s,['A'],0
2020-09-19,61.4875,streamflow,9277500,ft3/s,['A'],0
2020-09-20,60.558334,streamflow,9277500,ft3/s,['A'],0
2020-09-21,62.578125,streamflow,9277500,ft3/s,['A'],0
2020-09-22,57.1375,streamflow,9277500,ft3/s,['A'],0
2020-09-23,59.965626,streamflow,9277500,ft3/s,['A'],0
2020-09-24,63.585415,streamflow,9277500,ft3/s,['A'],0
2020-09-25,64.26771,streamflow,9277500,ft3/s,['A'],0
2020-09-26,60.359375,streamflow,9277500,ft3/s,['A'],0
2020-09-27,57.57396,streamflow,9277500,ft3/s,['A'],0
2020-09-28,58.04375,streamflow,9277500,ft3/s,['A'],0
2020-09-29,62.81398,streamflow,9277500,ft3/s,['A'],0
