Datetime,USGS_flow,variable,USGS_ID,measurement_unit,qualifiers,series
1986-10-01,63.47059,streamflow,9291000,ft3/s,"['A', '[92]']",0
1986-10-02,45.083332,streamflow,9291000,ft3/s,"['A', '[92]']",0
1986-10-03,53.208332,streamflow,9291000,ft3/s,"['A', '[92]']",0
1986-10-04,56.0,streamflow,9291000,ft3/s,"['A', '[92]']",0
1986-10-05,,streamflow,9291000,ft3/s,"['A', '[92]']",0
1986-10-06,,streamflow,9291000,ft3/s,"['A', '[92]']",0
1986-10-07,,streamflow,9291000,ft3/s,"['A', '[92]']",0
1986-10-08,15.777778,streamflow,9291000,ft3/s,"['A', '[92]']",0
1986-10-09,27.958334,streamflow,9291000,ft3/s,"['A', '[92]']",0
1986-10-10,30.833334,streamflow,9291000,ft3/s,"['A', '[92]']",0
1986-10-11,32.458332,streamflow,9291000,ft3/s,"['A', '[92]']",0
1986-10-12,36.166668,streamflow,9291000,ft3/s,"['A', '[92]']",0
1986-10-13,38.166668,streamflow,9291000,ft3/s,"['A', '[92]']",0
1986-10-14,38.0,streamflow,9291000,ft3/s,"['A', '[92]']",0
1986-10-15,,streamflow,9291000,ft3/s,"['A', '[92]']",0
1986-10-16,,streamflow,9291000,ft3/s,"['A', '[92]']",0
1986-10-17,,streamflow,9291000,ft3/s,"['A', '[92]']",0
1986-10-18,,streamflow,9291000,ft3/s,"['A', '[92]']",0
1986-10-19,,streamflow,9291000,ft3/s,"['A', '[92]']",0
1986-10-20,,streamflow,9291000,ft3/s,"['A', '[92]']",0
1986-10-21,,streamflow,9291000,ft3/s,"['A', '[92]']",0
1986-10-22,,streamflow,9291000,ft3/s,"['A', '[92]']",0
1986-10-23,,streamflow,9291000,ft3/s,"['A', '[92]']",0
1986-10-24,,streamflow,9291000,ft3/s,"['A', '[91]']",0
1986-10-25,,streamflow,9291000,ft3/s,"['A', '[91]']",0
1986-10-26,,streamflow,9291000,ft3/s,"['A', '[91]']",0
1986-10-27,,streamflow,9291000,ft3/s,"['A', '[91]']",0
1986-10-28,,streamflow,9291000,ft3/s,"['A', '[91]']",0
1986-10-29,,streamflow,9291000,ft3/s,"['A', '[91]']",0
1986-10-30,,streamflow,9291000,ft3/s,"['A', '[91]']",0
1986-10-31,,streamflow,9291000,ft3/s,"['A', '[91]']",0
1986-11-01,,streamflow,9291000,ft3/s,"['A', '[91]']",0
1986-11-02,,streamflow,9291000,ft3/s,"['A', '[91]']",0
1986-11-03,,streamflow,9291000,ft3/s,"['A', '[91]']",0
1986-11-04,,streamflow,9291000,ft3/s,"['A', '[91]']",0
1986-11-05,,streamflow,9291000,ft3/s,"['A', '[91]']",0
1986-11-06,,streamflow,9291000,ft3/s,"['A', '[91]']",0
1986-11-07,,streamflow,9291000,ft3/s,"['A', '[91]']",0
1986-11-08,,streamflow,9291000,ft3/s,"['A', '[91]']",0
1986-11-09,,streamflow,9291000,ft3/s,"['A', '[91]']",0
1986-11-10,,streamflow,9291000,ft3/s,"['A', '[91]']",0
1986-11-11,,streamflow,9291000,ft3/s,"['A', '[91]']",0
1986-11-12,,streamflow,9291000,ft3/s,"['A', '[91]']",0
1986-11-13,,streamflow,9291000,ft3/s,"['A', '[91]']",0
1986-11-14,,streamflow,9291000,ft3/s,"['A', '[91]']",0
1986-11-15,,streamflow,9291000,ft3/s,"['A', '[91]']",0
1986-11-16,,streamflow,9291000,ft3/s,"['A', '[91]']",0
1986-11-17,,streamflow,9291000,ft3/s,"['A', '[91]']",0
1986-11-18,,streamflow,9291000,ft3/s,"['A', '[91]']",0
1986-11-19,,streamflow,9291000,ft3/s,"['A', '[91]']",0
1986-11-20,,streamflow,9291000,ft3/s,"['A', '[91]']",0
1986-11-21,,streamflow,9291000,ft3/s,"['A', '[91]']",0
1986-11-22,,streamflow,9291000,ft3/s,"['A', '[91]']",0
1986-11-23,,streamflow,9291000,ft3/s,"['A', '[91]']",0
1986-11-24,,streamflow,9291000,ft3/s,"['A', '[91]']",0
1986-11-25,,streamflow,9291000,ft3/s,"['A', '[91]']",0
1986-11-26,,streamflow,9291000,ft3/s,"['A', '[91]']",0
1986-11-27,,streamflow,9291000,ft3/s,"['A', '[91]']",0
1986-11-28,,streamflow,9291000,ft3/s,"['A', '[91]']",0
1986-11-29,,streamflow,9291000,ft3/s,"['A', '[91]']",0
1986-11-30,,streamflow,9291000,ft3/s,"['A', '[91]']",0
1986-12-01,,streamflow,9291000,ft3/s,"['A', '[91]']",0
1986-12-02,,streamflow,9291000,ft3/s,"['A', '[91]']",0
1986-12-03,,streamflow,9291000,ft3/s,"['A', '[91]']",0
1986-12-04,1.1658823,streamflow,9291000,ft3/s,"['A', '[91]']",0
1986-12-05,2.5541668,streamflow,9291000,ft3/s,"['A', '[91]']",0
1986-12-06,3.8375,streamflow,9291000,ft3/s,"['A', '[91]']",0
1986-12-07,4.7916665,streamflow,9291000,ft3/s,"['A', '[91]']",0
1986-12-08,5.475,streamflow,9291000,ft3/s,"['A', '[91]']",0
1986-12-09,5.6,streamflow,9291000,ft3/s,"['A', '[91]']",0
1986-12-10,,streamflow,9291000,ft3/s,"['A', '[91]']",0
1986-12-11,,streamflow,9291000,ft3/s,"['A', '[91]']",0
1986-12-12,,streamflow,9291000,ft3/s,"['A', '[91]']",0
1986-12-13,,streamflow,9291000,ft3/s,"['A', '[91]']",0
1986-12-14,,streamflow,9291000,ft3/s,"['A', '[91]']",0
1986-12-15,,streamflow,9291000,ft3/s,"['A', '[91]']",0
1986-12-16,,streamflow,9291000,ft3/s,"['A', '[91]']",0
1986-12-17,,streamflow,9291000,ft3/s,"['A', '[91]']",0
1986-12-18,,streamflow,9291000,ft3/s,"['A', '[91]']",0
1986-12-19,,streamflow,9291000,ft3/s,"['A', '[91]']",0
1986-12-20,,streamflow,9291000,ft3/s,"['A', '[91]']",0
1986-12-21,,streamflow,9291000,ft3/s,"['A', '[91]']",0
1986-12-22,,streamflow,9291000,ft3/s,"['A', '[91]']",0
1986-12-23,,streamflow,9291000,ft3/s,"['A', '[91]']",0
1986-12-24,,streamflow,9291000,ft3/s,"['A', '[91]']",0
1986-12-25,,streamflow,9291000,ft3/s,"['A', '[91]']",0
1986-12-26,,streamflow,9291000,ft3/s,"['A', '[91]']",0
1986-12-27,,streamflow,9291000,ft3/s,"['A', '[91]']",0
1986-12-28,,streamflow,9291000,ft3/s,"['A', '[91]']",0
1986-12-29,,streamflow,9291000,ft3/s,"['A', '[91]']",0
1986-12-30,,streamflow,9291000,ft3/s,"['A', '[91]']",0
1986-12-31,,streamflow,9291000,ft3/s,"['A', '[91]']",0
1987-01-01,,streamflow,9291000,ft3/s,"['A', '[91]']",0
1987-01-02,,streamflow,9291000,ft3/s,"['A', '[91]']",0
1987-01-03,,streamflow,9291000,ft3/s,"['A', '[91]']",0
1987-01-04,,streamflow,9291000,ft3/s,"['A', '[91]']",0
1987-01-05,,streamflow,9291000,ft3/s,"['A', '[91]']",0
1987-01-06,,streamflow,9291000,ft3/s,"['A', '[91]']",0
1987-01-07,7.6,streamflow,9291000,ft3/s,"['A', '[91]']",0
1987-01-08,7.6,streamflow,9291000,ft3/s,"['A', '[91]']",0
1987-01-09,7.891667,streamflow,9291000,ft3/s,"['A', '[91]']",0
1987-01-10,8.3,streamflow,9291000,ft3/s,"['A', '[91]']",0
1987-01-11,8.3,streamflow,9291000,ft3/s,"['A', '[91]']",0
1987-01-12,8.212501,streamflow,9291000,ft3/s,"['A', '[91]']",0
1987-01-13,7.7458334,streamflow,9291000,ft3/s,"['A', '[91]']",0
1987-01-14,7.9208336,streamflow,9291000,ft3/s,"['A', '[91]']",0
1987-01-15,8.3,streamflow,9291000,ft3/s,"['A', '[91]']",0
1987-01-16,7.7,streamflow,9291000,ft3/s,"['A', '[91]']",0
1987-01-17,,streamflow,9291000,ft3/s,"['A', '[91]']",0
1987-01-18,,streamflow,9291000,ft3/s,"['A', '[91]']",0
1987-01-19,,streamflow,9291000,ft3/s,"['A', '[91]']",0
1987-01-20,,streamflow,9291000,ft3/s,"['A', '[91]']",0
1987-01-21,,streamflow,9291000,ft3/s,"['A', '[91]']",0
1987-01-22,,streamflow,9291000,ft3/s,"['A', '[91]']",0
1987-01-23,,streamflow,9291000,ft3/s,"['A', '[91]']",0
1987-01-24,,streamflow,9291000,ft3/s,"['A', '[91]']",0
1987-01-25,,streamflow,9291000,ft3/s,"['A', '[91]']",0
1987-01-26,,streamflow,9291000,ft3/s,"['A', '[91]']",0
1987-01-27,,streamflow,9291000,ft3/s,"['A', '[91]']",0
1987-01-28,,streamflow,9291000,ft3/s,"['A', '[91]']",0
1987-01-29,,streamflow,9291000,ft3/s,"['A', '[91]']",0
1987-01-30,,streamflow,9291000,ft3/s,"['A', '[91]']",0
1987-01-31,,streamflow,9291000,ft3/s,"['A', '[91]']",0
1987-02-01,,streamflow,9291000,ft3/s,"['A', '[91]']",0
1987-02-02,,streamflow,9291000,ft3/s,"['A', '[91]']",0
1987-02-03,,streamflow,9291000,ft3/s,"['A', '[91]']",0
1987-02-04,,streamflow,9291000,ft3/s,"['A', '[91]']",0
1987-02-05,,streamflow,9291000,ft3/s,"['A', '[91]']",0
1987-02-06,,streamflow,9291000,ft3/s,"['A', '[91]']",0
1987-02-07,,streamflow,9291000,ft3/s,"['A', '[91]']",0
1987-02-08,,streamflow,9291000,ft3/s,"['A', '[91]']",0
1987-02-09,,streamflow,9291000,ft3/s,"['A', '[91]']",0
1987-02-10,,streamflow,9291000,ft3/s,"['A', '[91]']",0
1987-02-11,,streamflow,9291000,ft3/s,"['A', '[91]']",0
1987-02-12,,streamflow,9291000,ft3/s,"['A', '[91]']",0
1987-02-13,,streamflow,9291000,ft3/s,"['A', '[91]']",0
1987-02-14,,streamflow,9291000,ft3/s,"['A', '[91]']",0
1987-02-15,,streamflow,9291000,ft3/s,"['A', '[91]']",0
1987-02-16,,streamflow,9291000,ft3/s,"['A', '[91]']",0
1987-02-17,,streamflow,9291000,ft3/s,"['A', '[91]']",0
1987-02-18,,streamflow,9291000,ft3/s,"['A', '[91]']",0
1987-02-19,,streamflow,9291000,ft3/s,"['A', '[91]']",0
1987-02-20,,streamflow,9291000,ft3/s,"['A', '[91]']",0
1987-02-21,,streamflow,9291000,ft3/s,"['A', '[91]']",0
1987-02-22,,streamflow,9291000,ft3/s,"['A', '[91]']",0
1987-02-23,,streamflow,9291000,ft3/s,"['A', '[91]']",0
1987-02-24,,streamflow,9291000,ft3/s,"['A', '[91]']",0
1987-02-25,,streamflow,9291000,ft3/s,"['A', '[91]']",0
1987-02-26,,streamflow,9291000,ft3/s,"['A', '[91]']",0
1987-02-27,,streamflow,9291000,ft3/s,"['A', '[91]']",0
1987-02-28,,streamflow,9291000,ft3/s,"['A', '[91]']",0
1987-03-01,,streamflow,9291000,ft3/s,"['A', '[91]']",0
1987-03-02,,streamflow,9291000,ft3/s,"['A', '[91]']",0
1987-03-03,,streamflow,9291000,ft3/s,"['A', '[91]']",0
1987-03-04,,streamflow,9291000,ft3/s,"['A', '[91]']",0
1987-03-05,,streamflow,9291000,ft3/s,"['A', '[91]']",0
1987-03-06,,streamflow,9291000,ft3/s,"['A', '[91]']",0
1987-03-07,,streamflow,9291000,ft3/s,"['A', '[91]']",0
1987-03-08,,streamflow,9291000,ft3/s,"['A', '[91]']",0
1987-03-09,,streamflow,9291000,ft3/s,"['A', '[91]']",0
1987-03-10,,streamflow,9291000,ft3/s,"['A', '[91]']",0
1987-03-11,,streamflow,9291000,ft3/s,"['A', '[91]']",0
1987-03-12,,streamflow,9291000,ft3/s,"['A', '[91]']",0
1987-03-13,,streamflow,9291000,ft3/s,"['A', '[91]']",0
1987-03-14,,streamflow,9291000,ft3/s,"['A', '[91]']",0
1987-03-15,,streamflow,9291000,ft3/s,"['A', '[91]']",0
1987-03-16,,streamflow,9291000,ft3/s,"['A', '[91]']",0
1987-03-17,,streamflow,9291000,ft3/s,"['A', '[92]']",0
1987-03-18,,streamflow,9291000,ft3/s,"['A', '[92]']",0
1987-03-19,,streamflow,9291000,ft3/s,"['A', '[92]']",0
1987-03-20,,streamflow,9291000,ft3/s,"['A', '[92]']",0
1987-03-21,,streamflow,9291000,ft3/s,"['A', '[92]']",0
1987-03-22,,streamflow,9291000,ft3/s,"['A', '[92]']",0
1987-03-23,,streamflow,9291000,ft3/s,"['A', '[92]']",0
1987-03-24,,streamflow,9291000,ft3/s,"['A', '[92]']",0
1987-03-25,,streamflow,9291000,ft3/s,"['A', '[92]']",0
1987-03-26,,streamflow,9291000,ft3/s,"['A', '[92]']",0
1987-03-27,,streamflow,9291000,ft3/s,"['A', '[92]']",0
1987-03-28,,streamflow,9291000,ft3/s,"['A', '[92]']",0
1987-03-29,,streamflow,9291000,ft3/s,"['A', '[92]']",0
1987-03-30,,streamflow,9291000,ft3/s,"['A', '[92]']",0
1987-03-31,,streamflow,9291000,ft3/s,"['A', '[92]']",0
1987-04-01,,streamflow,9291000,ft3/s,"['A', '[92]']",0
1987-04-02,,streamflow,9291000,ft3/s,"['A', '[92]']",0
1987-04-03,,streamflow,9291000,ft3/s,"['A', '[92]']",0
1987-04-04,,streamflow,9291000,ft3/s,"['A', '[92]']",0
1987-04-05,,streamflow,9291000,ft3/s,"['A', '[92]']",0
1987-04-06,,streamflow,9291000,ft3/s,"['A', '[92]']",0
1987-04-07,,streamflow,9291000,ft3/s,"['A', '[92]']",0
1987-04-08,,streamflow,9291000,ft3/s,"['A', '[92]']",0
1987-04-09,,streamflow,9291000,ft3/s,"['A', '[92]']",0
1987-04-10,,streamflow,9291000,ft3/s,"['A', '[91]']",0
1987-04-11,,streamflow,9291000,ft3/s,"['A', '[91]']",0
1987-04-12,,streamflow,9291000,ft3/s,"['A', '[91]']",0
1987-04-13,,streamflow,9291000,ft3/s,"['A', '[91]']",0
1987-04-14,,streamflow,9291000,ft3/s,"['A', '[91]']",0
1987-04-15,,streamflow,9291000,ft3/s,"['A', '[91]']",0
1987-04-16,,streamflow,9291000,ft3/s,"['A', '[91]']",0
1987-04-17,,streamflow,9291000,ft3/s,"['A', '[91]']",0
1987-04-18,,streamflow,9291000,ft3/s,"['A', '[91]']",0
1987-04-19,,streamflow,9291000,ft3/s,"['A', '[91]']",0
1987-04-20,,streamflow,9291000,ft3/s,"['A', '[91]']",0
1987-04-21,,streamflow,9291000,ft3/s,"['A', '[91]']",0
1987-04-22,,streamflow,9291000,ft3/s,"['A', '[91]']",0
1987-04-23,,streamflow,9291000,ft3/s,"['A', '[91]']",0
1987-04-24,,streamflow,9291000,ft3/s,"['A', '[91]']",0
1987-04-25,,streamflow,9291000,ft3/s,"['A', '[91]']",0
1987-04-26,,streamflow,9291000,ft3/s,"['A', '[91]']",0
1987-04-27,,streamflow,9291000,ft3/s,"['A', '[91]']",0
1987-04-28,,streamflow,9291000,ft3/s,"['A', '[91]']",0
1987-04-29,464.44446,streamflow,9291000,ft3/s,"['A', '[91]']",0
1987-04-30,465.33334,streamflow,9291000,ft3/s,"['A', '[91]']",0
1987-05-01,468.79166,streamflow,9291000,ft3/s,"['A', '[91]']",0
1987-05-02,524.3333,streamflow,9291000,ft3/s,"['A', '[91]']",0
1987-05-03,523.4583,streamflow,9291000,ft3/s,"['A', '[91]']",0
1987-05-04,517.375,streamflow,9291000,ft3/s,"['A', '[91]']",0
1987-05-05,510.45834,streamflow,9291000,ft3/s,"['A', '[91]']",0
1987-05-06,515.4167,streamflow,9291000,ft3/s,"['A', '[91]']",0
1987-05-07,454.625,streamflow,9291000,ft3/s,"['A', '[91]']",0
1987-05-08,405.45834,streamflow,9291000,ft3/s,"['A', '[91]']",0
1987-05-09,405.875,streamflow,9291000,ft3/s,"['A', '[91]']",0
1987-05-10,407.5,streamflow,9291000,ft3/s,"['A', '[91]']",0
1987-05-11,323.25,streamflow,9291000,ft3/s,"['A', '[91]']",0
1987-05-12,302.375,streamflow,9291000,ft3/s,"['A', '[91]']",0
1987-05-13,277.375,streamflow,9291000,ft3/s,"['A', '[91]']",0
1987-05-14,269.08334,streamflow,9291000,ft3/s,"['A', '[91]']",0
1987-05-15,240.75,streamflow,9291000,ft3/s,"['A', '[91]']",0
1987-05-16,245.625,streamflow,9291000,ft3/s,"['A', '[91]']",0
1987-05-17,248.95833,streamflow,9291000,ft3/s,"['A', '[91]']",0
1987-05-18,251.5,streamflow,9291000,ft3/s,"['A', '[91]']",0
1987-05-19,251.125,streamflow,9291000,ft3/s,"['A', '[91]']",0
1987-05-20,249.58333,streamflow,9291000,ft3/s,"['A', '[91]']",0
1987-05-21,251.41667,streamflow,9291000,ft3/s,"['A', '[91]']",0
1987-05-22,254.41667,streamflow,9291000,ft3/s,"['A', '[91]']",0
1987-05-23,257.875,streamflow,9291000,ft3/s,"['A', '[91]']",0
1987-05-24,265.625,streamflow,9291000,ft3/s,"['A', '[91]']",0
1987-05-25,284.41666,streamflow,9291000,ft3/s,"['A', '[91]']",0
1987-05-26,390.58334,streamflow,9291000,ft3/s,"['A', '[91]']",0
1987-05-27,434.25,streamflow,9291000,ft3/s,"['A', '[91]']",0
1987-05-28,434.5,streamflow,9291000,ft3/s,"['A', '[91]']",0
1987-05-29,434.25,streamflow,9291000,ft3/s,"['A', '[91]']",0
1987-05-30,434.25,streamflow,9291000,ft3/s,"['A', '[91]']",0
1987-05-31,429.41666,streamflow,9291000,ft3/s,"['A', '[91]']",0
1987-06-01,428.95834,streamflow,9291000,ft3/s,"['A', '[91]']",0
1987-06-02,428.75,streamflow,9291000,ft3/s,"['A', '[91]']",0
1987-06-03,427.875,streamflow,9291000,ft3/s,"['A', '[91]']",0
1987-06-04,430.125,streamflow,9291000,ft3/s,"['A', '[91]']",0
1987-06-05,429.20834,streamflow,9291000,ft3/s,"['A', '[91]']",0
1987-06-06,482.25,streamflow,9291000,ft3/s,"['A', '[91]']",0
1987-06-07,763.2083,streamflow,9291000,ft3/s,"['A', '[91]']",0
1987-06-08,1103.6666,streamflow,9291000,ft3/s,"['A', '[91]']",0
1987-06-09,806.9167,streamflow,9291000,ft3/s,"['A', '[91]']",0
1987-06-10,379.5,streamflow,9291000,ft3/s,"['A', '[91]']",0
1987-06-11,686.6667,streamflow,9291000,ft3/s,"['A', '[91]']",0
1987-06-12,682.5417,streamflow,9291000,ft3/s,"['A', '[91]']",0
1987-06-13,659.5833,streamflow,9291000,ft3/s,"['A', '[91]']",0
1987-06-14,642.6667,streamflow,9291000,ft3/s,"['A', '[91]']",0
1987-06-15,560.5417,streamflow,9291000,ft3/s,"['A', '[91]']",0
1987-06-16,685.7917,streamflow,9291000,ft3/s,"['A', '[91]']",0
1987-06-17,514.0833,streamflow,9291000,ft3/s,"['A', '[91]']",0
1987-06-18,443.79166,streamflow,9291000,ft3/s,"['A', '[91]']",0
1987-06-19,414.91666,streamflow,9291000,ft3/s,"['A', '[91]']",0
1987-06-20,376.08334,streamflow,9291000,ft3/s,"['A', '[91]']",0
1987-06-21,365.66666,streamflow,9291000,ft3/s,"['A', '[91]']",0
1987-06-22,369.83334,streamflow,9291000,ft3/s,"['A', '[91]']",0
1987-06-23,321.08334,streamflow,9291000,ft3/s,"['A', '[91]']",0
1987-06-24,273.58334,streamflow,9291000,ft3/s,"['A', '[91]']",0
1987-06-25,264.70834,streamflow,9291000,ft3/s,"['A', '[91]']",0
1987-06-26,297.54166,streamflow,9291000,ft3/s,"['A', '[91]']",0
1987-06-27,339.79166,streamflow,9291000,ft3/s,"['A', '[91]']",0
1987-06-28,337.16666,streamflow,9291000,ft3/s,"['A', '[91]']",0
1987-06-29,330.16666,streamflow,9291000,ft3/s,"['A', '[91]']",0
1987-06-30,323.33334,streamflow,9291000,ft3/s,"['A', '[91]']",0
1987-07-01,317.875,streamflow,9291000,ft3/s,"['A', '[91]']",0
1987-07-02,307.58334,streamflow,9291000,ft3/s,"['A', '[91]']",0
1987-07-03,303.66666,streamflow,9291000,ft3/s,"['A', '[91]']",0
1987-07-04,299.20834,streamflow,9291000,ft3/s,"['A', '[91]']",0
1987-07-05,292.45834,streamflow,9291000,ft3/s,"['A', '[91]']",0
1987-07-06,289.25,streamflow,9291000,ft3/s,"['A', '[91]']",0
1987-07-07,343.95834,streamflow,9291000,ft3/s,"['A', '[91]']",0
1987-07-08,359.95834,streamflow,9291000,ft3/s,"['A', '[91]']",0
1987-07-09,374.83334,streamflow,9291000,ft3/s,"['A', '[91]']",0
1987-07-10,348.625,streamflow,9291000,ft3/s,"['A', '[91]']",0
1987-07-11,379.125,streamflow,9291000,ft3/s,"['A', '[91]']",0
1987-07-12,375.95834,streamflow,9291000,ft3/s,"['A', '[91]']",0
1987-07-13,368.83334,streamflow,9291000,ft3/s,"['A', '[91]']",0
1987-07-14,427.58334,streamflow,9291000,ft3/s,"['A', '[91]']",0
1987-07-15,424.91666,streamflow,9291000,ft3/s,"['A', '[91]']",0
1987-07-16,417.08334,streamflow,9291000,ft3/s,"['A', '[91]']",0
1987-07-17,410.95834,streamflow,9291000,ft3/s,"['A', '[91]']",0
1987-07-18,362.5,streamflow,9291000,ft3/s,"['A', '[91]']",0
1987-07-19,263.45834,streamflow,9291000,ft3/s,"['A', '[91]']",0
1987-07-20,262.58334,streamflow,9291000,ft3/s,"['A', '[91]']",0
1987-07-21,305.79166,streamflow,9291000,ft3/s,"['A', '[91]']",0
1987-07-22,244.83333,streamflow,9291000,ft3/s,"['A', '[91]']",0
1987-07-23,239.70833,streamflow,9291000,ft3/s,"['A', '[91]']",0
1987-07-24,293.95834,streamflow,9291000,ft3/s,"['A', '[91]']",0
1987-07-25,312.54166,streamflow,9291000,ft3/s,"['A', '[91]']",0
1987-07-26,343.83334,streamflow,9291000,ft3/s,"['A', '[91]']",0
1987-07-27,275.875,streamflow,9291000,ft3/s,"['A', '[91]']",0
1987-07-28,149.75,streamflow,9291000,ft3/s,"['A', '[91]']",0
1987-07-29,149.625,streamflow,9291000,ft3/s,"['A', '[91]']",0
1987-07-30,152.25,streamflow,9291000,ft3/s,"['A', '[91]']",0
1987-07-31,153.5,streamflow,9291000,ft3/s,"['A', '[91]']",0
1987-08-01,153.0,streamflow,9291000,ft3/s,"['A', '[91]']",0
1987-08-02,153.125,streamflow,9291000,ft3/s,"['A', '[91]']",0
1987-08-03,164.54167,streamflow,9291000,ft3/s,"['A', '[91]']",0
1987-08-04,228.04167,streamflow,9291000,ft3/s,"['A', '[91]']",0
1987-08-05,225.5,streamflow,9291000,ft3/s,"['A', '[91]']",0
1987-08-06,223.625,streamflow,9291000,ft3/s,"['A', '[91]']",0
1987-08-07,222.95833,streamflow,9291000,ft3/s,"['A', '[91]']",0
1987-08-08,235.66667,streamflow,9291000,ft3/s,"['A', '[91]']",0
1987-08-09,272.58334,streamflow,9291000,ft3/s,"['A', '[91]']",0
1987-08-10,333.75,streamflow,9291000,ft3/s,"['A', '[91]']",0
1987-08-11,357.16666,streamflow,9291000,ft3/s,"['A', '[91]']",0
1987-08-12,363.08334,streamflow,9291000,ft3/s,"['A', '[91]']",0
1987-08-13,379.16666,streamflow,9291000,ft3/s,"['A', '[91]']",0
1987-08-14,366.79166,streamflow,9291000,ft3/s,"['A', '[91]']",0
1987-08-15,328.625,streamflow,9291000,ft3/s,"['A', '[91]']",0
1987-08-16,297.16666,streamflow,9291000,ft3/s,"['A', '[91]']",0
1987-08-17,309.95834,streamflow,9291000,ft3/s,"['A', '[91]']",0
1987-08-18,308.08334,streamflow,9291000,ft3/s,"['A', '[91]']",0
1987-08-19,370.33334,streamflow,9291000,ft3/s,"['A', '[91]']",0
1987-08-20,383.375,streamflow,9291000,ft3/s,"['A', '[91]']",0
1987-08-21,358.33334,streamflow,9291000,ft3/s,"['A', '[91]']",0
1987-08-22,359.33334,streamflow,9291000,ft3/s,"['A', '[91]']",0
1987-08-23,360.33334,streamflow,9291000,ft3/s,"['A', '[91]']",0
1987-08-24,344.5,streamflow,9291000,ft3/s,"['A', '[91]']",0
1987-08-25,293.54166,streamflow,9291000,ft3/s,"['A', '[91]']",0
1987-08-26,324.29166,streamflow,9291000,ft3/s,"['A', '[91]']",0
1987-08-27,327.66666,streamflow,9291000,ft3/s,"['A', '[91]']",0
1987-08-28,327.0,streamflow,9291000,ft3/s,"['A', '[91]']",0
1987-08-29,336.0,streamflow,9291000,ft3/s,"['A', '[91]']",0
1987-08-30,360.83334,streamflow,9291000,ft3/s,"['A', '[91]']",0
1987-08-31,337.70834,streamflow,9291000,ft3/s,"['A', '[91]']",0
1987-09-01,281.54166,streamflow,9291000,ft3/s,"['A', '[91]']",0
1987-09-02,280.375,streamflow,9291000,ft3/s,"['A', '[91]']",0
1987-09-03,278.5,streamflow,9291000,ft3/s,"['A', '[91]']",0
1987-09-04,268.375,streamflow,9291000,ft3/s,"['A', '[91]']",0
1987-09-05,248.5,streamflow,9291000,ft3/s,"['A', '[91]']",0
1987-09-06,247.16667,streamflow,9291000,ft3/s,"['A', '[91]']",0
1987-09-07,263.08334,streamflow,9291000,ft3/s,"['A', '[91]']",0
1987-09-08,292.45834,streamflow,9291000,ft3/s,"['A', '[91]']",0
1987-09-09,293.20834,streamflow,9291000,ft3/s,"['A', '[91]']",0
1987-09-10,292.91666,streamflow,9291000,ft3/s,"['A', '[91]']",0
1987-09-11,311.83334,streamflow,9291000,ft3/s,"['A', '[91]']",0
1987-09-12,308.79166,streamflow,9291000,ft3/s,"['A', '[91]']",0
1987-09-13,308.83334,streamflow,9291000,ft3/s,"['A', '[91]']",0
1987-09-14,270.54166,streamflow,9291000,ft3/s,"['A', '[91]']",0
1987-09-15,217.54167,streamflow,9291000,ft3/s,"['A', '[91]']",0
1987-09-16,204.29167,streamflow,9291000,ft3/s,"['A', '[91]']",0
1987-09-17,193.95833,streamflow,9291000,ft3/s,"['A', '[91]']",0
1987-09-18,140.625,streamflow,9291000,ft3/s,"['A', '[91]']",0
1987-09-19,62.916668,streamflow,9291000,ft3/s,"['A', '[91]']",0
1987-09-20,62.833332,streamflow,9291000,ft3/s,"['A', '[91]']",0
1987-09-21,63.0,streamflow,9291000,ft3/s,"['A', '[91]']",0
1987-09-22,,streamflow,9291000,ft3/s,"['A', '[91]']",0
1987-09-23,,streamflow,9291000,ft3/s,"['A', '[91]']",0
1987-09-24,,streamflow,9291000,ft3/s,"['A', '[91]']",0
1987-09-25,,streamflow,9291000,ft3/s,"['A', '[91]']",0
1987-09-26,,streamflow,9291000,ft3/s,"['A', '[91]']",0
1987-09-27,,streamflow,9291000,ft3/s,"['A', '[91]']",0
1987-09-28,,streamflow,9291000,ft3/s,"['A', '[91]']",0
1987-09-29,,streamflow,9291000,ft3/s,"['A', '[91]']",0
1987-09-30,,streamflow,9291000,ft3/s,"['A', '[91]']",0
1987-10-01,,streamflow,9291000,ft3/s,"['A', '[91]']",0
1987-10-02,,streamflow,9291000,ft3/s,"['A', '[91]']",0
1987-10-03,,streamflow,9291000,ft3/s,"['A', '[91]']",0
1987-10-04,,streamflow,9291000,ft3/s,"['A', '[91]']",0
1987-10-05,,streamflow,9291000,ft3/s,"['A', '[91]']",0
1987-10-06,,streamflow,9291000,ft3/s,"['A', '[91]']",0
1987-10-07,,streamflow,9291000,ft3/s,"['A', '[91]']",0
1987-10-08,,streamflow,9291000,ft3/s,"['A', '[91]']",0
1987-10-09,,streamflow,9291000,ft3/s,"['A', '[91]']",0
1987-10-10,,streamflow,9291000,ft3/s,"['A', '[91]']",0
1987-10-11,,streamflow,9291000,ft3/s,"['A', '[91]']",0
1987-10-12,,streamflow,9291000,ft3/s,"['A', '[91]']",0
1987-10-13,112.05556,streamflow,9291000,ft3/s,"['A', '[91]']",0
1987-10-14,111.75,streamflow,9291000,ft3/s,"['A', '[91]']",0
1987-10-15,111.791664,streamflow,9291000,ft3/s,"['A', '[91]']",0
1987-10-16,111.916664,streamflow,9291000,ft3/s,"['A', '[91]']",0
1987-10-17,111.708336,streamflow,9291000,ft3/s,"['A', '[91]']",0
1987-10-18,111.958336,streamflow,9291000,ft3/s,"['A', '[91]']",0
1987-10-19,112.125,streamflow,9291000,ft3/s,"['A', '[92]']",0
1987-10-20,111.75,streamflow,9291000,ft3/s,"['A', '[92]']",0
1987-10-21,111.958336,streamflow,9291000,ft3/s,"['A', '[92]']",0
1987-10-22,112.041664,streamflow,9291000,ft3/s,"['A', '[92]']",0
1987-10-23,111.708336,streamflow,9291000,ft3/s,"['A', '[92]']",0
1987-10-24,111.833336,streamflow,9291000,ft3/s,"['A', '[92]']",0
1987-10-25,111.391304,streamflow,9291000,ft3/s,"['A', '[92]']",0
1987-10-26,110.28571,streamflow,9291000,ft3/s,"['A', '[92]']",0
1987-10-27,,streamflow,9291000,ft3/s,"['A', '[92]']",0
1987-10-28,,streamflow,9291000,ft3/s,"['A', '[92]']",0
1987-10-29,,streamflow,9291000,ft3/s,"['A', '[92]']",0
1987-10-30,,streamflow,9291000,ft3/s,"['A', '[92]']",0
1987-10-31,,streamflow,9291000,ft3/s,"['A', '[92]']",0
1987-11-01,,streamflow,9291000,ft3/s,"['A', '[92]']",0
1987-11-02,,streamflow,9291000,ft3/s,"['A', '[92]']",0
1987-11-03,,streamflow,9291000,ft3/s,"['A', '[92]']",0
1987-11-04,,streamflow,9291000,ft3/s,"['A', '[92]']",0
1987-11-05,,streamflow,9291000,ft3/s,"['A', '[92]']",0
1987-11-06,,streamflow,9291000,ft3/s,"['A', '[92]']",0
1987-11-07,,streamflow,9291000,ft3/s,"['A', '[92]']",0
1987-11-08,,streamflow,9291000,ft3/s,"['A', '[92]']",0
1987-11-09,,streamflow,9291000,ft3/s,"['A', '[92]']",0
1987-11-10,,streamflow,9291000,ft3/s,"['A', '[92]']",0
1987-11-11,,streamflow,9291000,ft3/s,"['A', '[92]']",0
1987-11-12,,streamflow,9291000,ft3/s,"['A', '[91]']",0
1987-11-13,,streamflow,9291000,ft3/s,"['A', '[91]']",0
1987-11-14,,streamflow,9291000,ft3/s,"['A', '[91]']",0
1987-11-15,,streamflow,9291000,ft3/s,"['A', '[91]']",0
1987-11-16,,streamflow,9291000,ft3/s,"['A', '[91]']",0
1987-11-17,,streamflow,9291000,ft3/s,"['A', '[91]']",0
1987-11-18,,streamflow,9291000,ft3/s,"['A', '[91]']",0
1987-11-19,,streamflow,9291000,ft3/s,"['A', '[91]']",0
1987-11-20,,streamflow,9291000,ft3/s,"['A', '[91]']",0
1987-11-21,,streamflow,9291000,ft3/s,"['A', '[91]']",0
1987-11-22,,streamflow,9291000,ft3/s,"['A', '[91]']",0
1987-11-23,,streamflow,9291000,ft3/s,"['A', '[91]']",0
1987-11-24,,streamflow,9291000,ft3/s,"['A', '[91]']",0
1987-11-25,,streamflow,9291000,ft3/s,"['A', '[91]']",0
1987-11-26,,streamflow,9291000,ft3/s,"['A', '[91]']",0
1987-11-27,,streamflow,9291000,ft3/s,"['A', '[91]']",0
1987-11-28,,streamflow,9291000,ft3/s,"['A', '[91]']",0
1987-11-29,,streamflow,9291000,ft3/s,"['A', '[91]']",0
1987-11-30,,streamflow,9291000,ft3/s,"['A', '[91]']",0
1987-12-01,,streamflow,9291000,ft3/s,"['A', '[91]']",0
1987-12-02,,streamflow,9291000,ft3/s,"['A', '[91]']",0
1987-12-03,,streamflow,9291000,ft3/s,"['A', '[91]']",0
1987-12-04,,streamflow,9291000,ft3/s,"['A', '[91]']",0
1987-12-05,,streamflow,9291000,ft3/s,"['A', '[91]']",0
1987-12-06,,streamflow,9291000,ft3/s,"['A', '[91]']",0
1987-12-07,,streamflow,9291000,ft3/s,"['A', '[91]']",0
1987-12-08,,streamflow,9291000,ft3/s,"['A', '[91]']",0
1987-12-09,,streamflow,9291000,ft3/s,"['A', '[91]']",0
1987-12-10,,streamflow,9291000,ft3/s,"['A', '[91]']",0
1987-12-11,,streamflow,9291000,ft3/s,"['A', '[91]']",0
1987-12-12,,streamflow,9291000,ft3/s,"['A', '[91]']",0
1987-12-13,,streamflow,9291000,ft3/s,"['A', '[91]']",0
1987-12-14,,streamflow,9291000,ft3/s,"['A', '[91]']",0
1987-12-15,,streamflow,9291000,ft3/s,"['A', '[91]']",0
1987-12-16,,streamflow,9291000,ft3/s,"['A', '[91]']",0
1987-12-17,,streamflow,9291000,ft3/s,"['A', '[91]']",0
1987-12-18,,streamflow,9291000,ft3/s,"['A', '[91]']",0
1987-12-19,,streamflow,9291000,ft3/s,"['A', '[91]']",0
1987-12-20,,streamflow,9291000,ft3/s,"['A', '[91]']",0
1987-12-21,,streamflow,9291000,ft3/s,"['A', '[91]']",0
1987-12-22,,streamflow,9291000,ft3/s,"['A', '[91]']",0
1987-12-23,,streamflow,9291000,ft3/s,"['A', '[91]']",0
1987-12-24,,streamflow,9291000,ft3/s,"['A', '[91]']",0
1987-12-25,,streamflow,9291000,ft3/s,"['A', '[91]']",0
1987-12-26,,streamflow,9291000,ft3/s,"['A', '[91]']",0
1987-12-27,,streamflow,9291000,ft3/s,"['A', '[91]']",0
1987-12-28,,streamflow,9291000,ft3/s,"['A', '[91]']",0
1987-12-29,,streamflow,9291000,ft3/s,"['A', '[91]']",0
1987-12-30,,streamflow,9291000,ft3/s,"['A', '[91]']",0
1987-12-31,,streamflow,9291000,ft3/s,"['A', '[91]']",0
1988-01-01,,streamflow,9291000,ft3/s,"['A', '[91]']",0
1988-01-02,,streamflow,9291000,ft3/s,"['A', '[91]']",0
1988-01-03,,streamflow,9291000,ft3/s,"['A', '[91]']",0
1988-01-04,,streamflow,9291000,ft3/s,"['A', '[91]']",0
1988-01-05,,streamflow,9291000,ft3/s,"['A', '[91]']",0
1988-01-06,,streamflow,9291000,ft3/s,"['A', '[91]']",0
1988-01-07,,streamflow,9291000,ft3/s,"['A', '[91]']",0
1988-01-08,,streamflow,9291000,ft3/s,"['A', '[91]']",0
1988-01-09,,streamflow,9291000,ft3/s,"['A', '[91]']",0
1988-01-10,,streamflow,9291000,ft3/s,"['A', '[91]']",0
1988-01-11,,streamflow,9291000,ft3/s,"['A', '[91]']",0
1988-01-12,,streamflow,9291000,ft3/s,"['A', '[91]']",0
1988-01-13,,streamflow,9291000,ft3/s,"['A', '[91]']",0
1988-01-14,,streamflow,9291000,ft3/s,"['A', '[91]']",0
1988-01-15,,streamflow,9291000,ft3/s,"['A', '[91]']",0
1988-01-16,,streamflow,9291000,ft3/s,"['A', '[91]']",0
1988-01-17,,streamflow,9291000,ft3/s,"['A', '[91]']",0
1988-01-18,,streamflow,9291000,ft3/s,"['A', '[91]']",0
1988-01-19,,streamflow,9291000,ft3/s,"['A', '[91]']",0
1988-01-20,,streamflow,9291000,ft3/s,"['A', '[91]']",0
1988-01-21,,streamflow,9291000,ft3/s,"['A', '[91]']",0
1988-01-22,,streamflow,9291000,ft3/s,"['A', '[91]']",0
1988-01-23,,streamflow,9291000,ft3/s,"['A', '[92]']",0
1988-01-24,,streamflow,9291000,ft3/s,"['A', '[92]']",0
1988-01-25,,streamflow,9291000,ft3/s,"['A', '[92]']",0
1988-01-26,,streamflow,9291000,ft3/s,"['A', '[92]']",0
1988-01-27,,streamflow,9291000,ft3/s,"['A', '[92]']",0
1988-01-28,,streamflow,9291000,ft3/s,"['A', '[92]']",0
1988-01-29,,streamflow,9291000,ft3/s,"['A', '[92]']",0
1988-01-30,,streamflow,9291000,ft3/s,"['A', '[92]']",0
1988-01-31,,streamflow,9291000,ft3/s,"['A', '[92]']",0
1988-02-01,,streamflow,9291000,ft3/s,"['A', '[92]']",0
1988-02-02,,streamflow,9291000,ft3/s,"['A', '[92]']",0
1988-02-03,,streamflow,9291000,ft3/s,"['A', '[92]']",0
1988-02-04,,streamflow,9291000,ft3/s,"['A', '[92]']",0
1988-02-05,,streamflow,9291000,ft3/s,"['A', '[92]']",0
1988-02-06,,streamflow,9291000,ft3/s,"['A', '[92]']",0
1988-02-07,,streamflow,9291000,ft3/s,"['A', '[92]']",0
1988-02-08,,streamflow,9291000,ft3/s,"['A', '[92]']",0
1988-02-09,,streamflow,9291000,ft3/s,"['A', '[92]']",0
1988-02-10,,streamflow,9291000,ft3/s,"['A', '[92]']",0
1988-02-11,,streamflow,9291000,ft3/s,"['A', '[92]']",0
1988-02-12,,streamflow,9291000,ft3/s,"['A', '[92]']",0
1988-02-13,,streamflow,9291000,ft3/s,"['A', '[92]']",0
1988-02-14,,streamflow,9291000,ft3/s,"['A', '[92]']",0
1988-02-15,,streamflow,9291000,ft3/s,"['A', '[92]']",0
1988-02-16,,streamflow,9291000,ft3/s,"['A', '[92]']",0
1988-02-17,,streamflow,9291000,ft3/s,"['A', '[92]']",0
1988-02-18,,streamflow,9291000,ft3/s,"['A', '[92]']",0
1988-02-19,,streamflow,9291000,ft3/s,"['A', '[92]']",0
1988-02-20,,streamflow,9291000,ft3/s,"['A', '[92]']",0
1988-02-21,,streamflow,9291000,ft3/s,"['A', '[92]']",0
1988-02-22,,streamflow,9291000,ft3/s,"['A', '[92]']",0
1988-02-23,,streamflow,9291000,ft3/s,"['A', '[92]']",0
1988-02-24,,streamflow,9291000,ft3/s,"['A', '[92]']",0
1988-02-25,,streamflow,9291000,ft3/s,"['A', '[92]']",0
1988-02-26,,streamflow,9291000,ft3/s,"['A', '[92]']",0
1988-02-27,,streamflow,9291000,ft3/s,"['A', '[92]']",0
1988-02-28,,streamflow,9291000,ft3/s,"['A', '[92]']",0
1988-02-29,,streamflow,9291000,ft3/s,"['A', '[92]']",0
1988-03-01,,streamflow,9291000,ft3/s,"['A', '[92]']",0
1988-03-02,,streamflow,9291000,ft3/s,"['A', '[92]']",0
1988-03-03,,streamflow,9291000,ft3/s,"['A', '[92]']",0
1988-03-04,,streamflow,9291000,ft3/s,"['A', '[92]']",0
1988-03-05,,streamflow,9291000,ft3/s,"['A', '[92]']",0
1988-03-06,,streamflow,9291000,ft3/s,"['A', '[92]']",0
1988-03-07,,streamflow,9291000,ft3/s,"['A', '[92]']",0
1988-03-08,,streamflow,9291000,ft3/s,"['A', '[92]']",0
1988-03-09,,streamflow,9291000,ft3/s,"['A', '[92]']",0
1988-03-10,,streamflow,9291000,ft3/s,"['A', '[92]']",0
1988-03-11,,streamflow,9291000,ft3/s,"['A', '[92]']",0
1988-03-12,,streamflow,9291000,ft3/s,"['A', '[92]']",0
1988-03-13,,streamflow,9291000,ft3/s,"['A', '[92]']",0
1988-03-14,,streamflow,9291000,ft3/s,"['A', '[92]']",0
1988-03-15,,streamflow,9291000,ft3/s,"['A', '[92]']",0
1988-03-16,,streamflow,9291000,ft3/s,"['A', '[92]']",0
1988-03-17,,streamflow,9291000,ft3/s,"['A', '[92]']",0
1988-03-18,,streamflow,9291000,ft3/s,"['A', '[92]']",0
1988-03-19,,streamflow,9291000,ft3/s,"['A', '[92]']",0
1988-03-20,,streamflow,9291000,ft3/s,"['A', '[92]']",0
1988-03-21,,streamflow,9291000,ft3/s,"['A', '[92]']",0
1988-03-22,,streamflow,9291000,ft3/s,"['A', '[92]']",0
1988-03-23,,streamflow,9291000,ft3/s,"['A', '[92]']",0
1988-03-24,,streamflow,9291000,ft3/s,"['A', '[92]']",0
1988-03-25,,streamflow,9291000,ft3/s,"['A', '[92]']",0
1988-03-26,,streamflow,9291000,ft3/s,"['A', '[92]']",0
1988-03-27,,streamflow,9291000,ft3/s,"['A', '[92]']",0
1988-03-28,,streamflow,9291000,ft3/s,"['A', '[92]']",0
1988-03-29,,streamflow,9291000,ft3/s,"['A', '[92]']",0
1988-03-30,,streamflow,9291000,ft3/s,"['A', '[92]']",0
1988-03-31,,streamflow,9291000,ft3/s,"['A', '[92]']",0
1988-04-01,,streamflow,9291000,ft3/s,"['A', '[92]']",0
1988-04-02,,streamflow,9291000,ft3/s,"['A', '[92]']",0
1988-04-03,,streamflow,9291000,ft3/s,"['A', '[92]']",0
1988-04-04,,streamflow,9291000,ft3/s,"['A', '[91]']",0
1988-04-05,,streamflow,9291000,ft3/s,"['A', '[91]']",0
1988-04-06,,streamflow,9291000,ft3/s,"['A', '[91]']",0
1988-04-07,,streamflow,9291000,ft3/s,"['A', '[91]']",0
1988-04-08,,streamflow,9291000,ft3/s,"['A', '[91]']",0
1988-04-09,,streamflow,9291000,ft3/s,"['A', '[91]']",0
1988-04-10,,streamflow,9291000,ft3/s,"['A', '[91]']",0
1988-04-11,,streamflow,9291000,ft3/s,"['A', '[91]']",0
1988-04-12,56.444443,streamflow,9291000,ft3/s,"['A', '[91]']",0
1988-04-13,56.916668,streamflow,9291000,ft3/s,"['A', '[91]']",0
1988-04-14,56.75,streamflow,9291000,ft3/s,"['A', '[91]']",0
1988-04-15,64.5,streamflow,9291000,ft3/s,"['A', '[91]']",0
1988-04-16,102.666664,streamflow,9291000,ft3/s,"['A', '[91]']",0
1988-04-17,102.75,streamflow,9291000,ft3/s,"['A', '[91]']",0
1988-04-18,102.833336,streamflow,9291000,ft3/s,"['A', '[91]']",0
1988-04-19,102.833336,streamflow,9291000,ft3/s,"['A', '[91]']",0
1988-04-20,102.916664,streamflow,9291000,ft3/s,"['A', '[91]']",0
1988-04-21,103.083336,streamflow,9291000,ft3/s,"['A', '[91]']",0
1988-04-22,103.0,streamflow,9291000,ft3/s,"['A', '[91]']",0
1988-04-23,103.333336,streamflow,9291000,ft3/s,"['A', '[91]']",0
1988-04-24,103.416664,streamflow,9291000,ft3/s,"['A', '[91]']",0
1988-04-25,193.125,streamflow,9291000,ft3/s,"['A', '[91]']",0
1988-04-26,194.125,streamflow,9291000,ft3/s,"['A', '[91]']",0
1988-04-27,192.25,streamflow,9291000,ft3/s,"['A', '[91]']",0
1988-04-28,190.625,streamflow,9291000,ft3/s,"['A', '[91]']",0
1988-04-29,190.5,streamflow,9291000,ft3/s,"['A', '[91]']",0
1988-04-30,190.75,streamflow,9291000,ft3/s,"['A', '[91]']",0
1988-05-01,190.0,streamflow,9291000,ft3/s,"['A', '[91]']",0
1988-05-02,191.625,streamflow,9291000,ft3/s,"['A', '[91]']",0
1988-05-03,189.5,streamflow,9291000,ft3/s,"['A', '[91]']",0
1988-05-04,174.29167,streamflow,9291000,ft3/s,"['A', '[91]']",0
1988-05-05,83.083336,streamflow,9291000,ft3/s,"['A', '[91]']",0
1988-05-06,169.41667,streamflow,9291000,ft3/s,"['A', '[91]']",0
1988-05-07,199.75,streamflow,9291000,ft3/s,"['A', '[91]']",0
1988-05-08,199.75,streamflow,9291000,ft3/s,"['A', '[91]']",0
1988-05-09,382.25,streamflow,9291000,ft3/s,"['A', '[91]']",0
1988-05-10,404.875,streamflow,9291000,ft3/s,"['A', '[91]']",0
1988-05-11,450.875,streamflow,9291000,ft3/s,"['A', '[91]']",0
1988-05-12,446.33334,streamflow,9291000,ft3/s,"['A', '[91]']",0
1988-05-13,439.25,streamflow,9291000,ft3/s,"['A', '[91]']",0
1988-05-14,384.875,streamflow,9291000,ft3/s,"['A', '[91]']",0
1988-05-15,357.375,streamflow,9291000,ft3/s,"['A', '[91]']",0
1988-05-16,231.41667,streamflow,9291000,ft3/s,"['A', '[91]']",0
1988-05-17,199.79167,streamflow,9291000,ft3/s,"['A', '[91]']",0
1988-05-18,155.65916,streamflow,9291000,ft3/s,"['A', '[91]']",0
1988-05-19,286.125,streamflow,9291000,ft3/s,"['A', '[91]']",0
1988-05-20,331.83334,streamflow,9291000,ft3/s,"['A', '[91]']",0
1988-05-21,374.91666,streamflow,9291000,ft3/s,"['A', '[91]']",0
1988-05-22,386.20834,streamflow,9291000,ft3/s,"['A', '[91]']",0
1988-05-23,299.45834,streamflow,9291000,ft3/s,"['A', '[91]']",0
1988-05-24,177.83333,streamflow,9291000,ft3/s,"['A', '[91]']",0
1988-05-25,182.33333,streamflow,9291000,ft3/s,"['A', '[91]']",0
1988-05-26,331.70834,streamflow,9291000,ft3/s,"['A', '[91]']",0
1988-05-27,354.16666,streamflow,9291000,ft3/s,"['A', '[91]']",0
1988-05-28,243.45833,streamflow,9291000,ft3/s,"['A', '[91]']",0
1988-05-29,233.70833,streamflow,9291000,ft3/s,"['A', '[91]']",0
1988-05-30,282.0,streamflow,9291000,ft3/s,"['A', '[91]']",0
1988-05-31,340.875,streamflow,9291000,ft3/s,"['A', '[91]']",0
1988-06-01,377.16666,streamflow,9291000,ft3/s,"['A', '[91]']",0
1988-06-02,375.54166,streamflow,9291000,ft3/s,"['A', '[91]']",0
1988-06-03,373.04166,streamflow,9291000,ft3/s,"['A', '[91]']",0
1988-06-04,354.41666,streamflow,9291000,ft3/s,"['A', '[91]']",0
1988-06-05,155.75,streamflow,9291000,ft3/s,"['A', '[91]']",0
1988-06-06,136.16667,streamflow,9291000,ft3/s,"['A', '[91]']",0
1988-06-07,187.20833,streamflow,9291000,ft3/s,"['A', '[91]']",0
1988-06-08,315.29166,streamflow,9291000,ft3/s,"['A', '[91]']",0
1988-06-09,336.5,streamflow,9291000,ft3/s,"['A', '[91]']",0
1988-06-10,335.33334,streamflow,9291000,ft3/s,"['A', '[91]']",0
1988-06-11,333.83334,streamflow,9291000,ft3/s,"['A', '[91]']",0
1988-06-12,333.0,streamflow,9291000,ft3/s,"['A', '[91]']",0
1988-06-13,341.16666,streamflow,9291000,ft3/s,"['A', '[91]']",0
1988-06-14,346.66666,streamflow,9291000,ft3/s,"['A', '[91]']",0
1988-06-15,310.45834,streamflow,9291000,ft3/s,"['A', '[91]']",0
1988-06-16,312.29166,streamflow,9291000,ft3/s,"['A', '[91]']",0
1988-06-17,331.33334,streamflow,9291000,ft3/s,"['A', '[91]']",0
1988-06-18,329.5,streamflow,9291000,ft3/s,"['A', '[91]']",0
1988-06-19,328.0,streamflow,9291000,ft3/s,"['A', '[91]']",0
1988-06-20,358.5,streamflow,9291000,ft3/s,"['A', '[91]']",0
1988-06-21,366.16666,streamflow,9291000,ft3/s,"['A', '[91]']",0
1988-06-22,365.16666,streamflow,9291000,ft3/s,"['A', '[91]']",0
1988-06-23,363.16666,streamflow,9291000,ft3/s,"['A', '[91]']",0
1988-06-24,363.0,streamflow,9291000,ft3/s,"['A', '[91]']",0
1988-06-25,366.33334,streamflow,9291000,ft3/s,"['A', '[91]']",0
1988-06-26,366.66666,streamflow,9291000,ft3/s,"['A', '[91]']",0
1988-06-27,380.20834,streamflow,9291000,ft3/s,"['A', '[91]']",0
1988-06-28,406.70834,streamflow,9291000,ft3/s,"['A', '[91]']",0
1988-06-29,408.25,streamflow,9291000,ft3/s,"['A', '[91]']",0
1988-06-30,404.66666,streamflow,9291000,ft3/s,"['A', '[91]']",0
1988-07-01,401.29166,streamflow,9291000,ft3/s,"['A', '[91]']",0
1988-07-02,431.20834,streamflow,9291000,ft3/s,"['A', '[91]']",0
1988-07-03,431.25,streamflow,9291000,ft3/s,"['A', '[91]']",0
1988-07-04,428.625,streamflow,9291000,ft3/s,"['A', '[91]']",0
1988-07-05,426.79166,streamflow,9291000,ft3/s,"['A', '[91]']",0
1988-07-06,346.54166,streamflow,9291000,ft3/s,"['A', '[91]']",0
1988-07-07,347.75,streamflow,9291000,ft3/s,"['A', '[91]']",0
1988-07-08,467.83334,streamflow,9291000,ft3/s,"['A', '[91]']",0
1988-07-09,483.54166,streamflow,9291000,ft3/s,"['A', '[91]']",0
1988-07-10,479.25,streamflow,9291000,ft3/s,"['A', '[91]']",0
1988-07-11,468.66666,streamflow,9291000,ft3/s,"['A', '[91]']",0
1988-07-12,337.79166,streamflow,9291000,ft3/s,"['A', '[91]']",0
1988-07-13,302.95834,streamflow,9291000,ft3/s,"['A', '[91]']",0
1988-07-14,263.83334,streamflow,9291000,ft3/s,"['A', '[91]']",0
1988-07-15,300.83334,streamflow,9291000,ft3/s,"['A', '[91]']",0
1988-07-16,302.58334,streamflow,9291000,ft3/s,"['A', '[91]']",0
1988-07-17,302.66666,streamflow,9291000,ft3/s,"['A', '[91]']",0
1988-07-18,299.625,streamflow,9291000,ft3/s,"['A', '[91]']",0
1988-07-19,296.375,streamflow,9291000,ft3/s,"['A', '[91]']",0
1988-07-20,291.08334,streamflow,9291000,ft3/s,"['A', '[91]']",0
1988-07-21,289.54166,streamflow,9291000,ft3/s,"['A', '[91]']",0
1988-07-22,241.0,streamflow,9291000,ft3/s,"['A', '[91]']",0
1988-07-23,223.75,streamflow,9291000,ft3/s,"['A', '[91]']",0
1988-07-24,231.79167,streamflow,9291000,ft3/s,"['A', '[91]']",0
1988-07-25,230.375,streamflow,9291000,ft3/s,"['A', '[91]']",0
1988-07-26,211.875,streamflow,9291000,ft3/s,"['A', '[91]']",0
1988-07-27,210.95833,streamflow,9291000,ft3/s,"['A', '[91]']",0
1988-07-28,209.83333,streamflow,9291000,ft3/s,"['A', '[91]']",0
1988-07-29,208.875,streamflow,9291000,ft3/s,"['A', '[91]']",0
1988-07-30,208.54167,streamflow,9291000,ft3/s,"['A', '[91]']",0
1988-07-31,207.58333,streamflow,9291000,ft3/s,"['A', '[91]']",0
1988-08-01,181.29167,streamflow,9291000,ft3/s,"['A', '[91]']",0
1988-08-02,108.833336,streamflow,9291000,ft3/s,"['A', '[91]']",0
1988-08-03,81.708336,streamflow,9291000,ft3/s,"['A', '[91]']",0
1988-08-04,26.0,streamflow,9291000,ft3/s,"['A', '[91]']",0
1988-08-05,26.0,streamflow,9291000,ft3/s,"['A', '[91]']",0
1988-08-06,26.0,streamflow,9291000,ft3/s,"['A', '[91]']",0
1988-08-07,26.0,streamflow,9291000,ft3/s,"['A', '[91]']",0
1988-08-08,84.541664,streamflow,9291000,ft3/s,"['A', '[91]']",0
1988-08-09,101.083336,streamflow,9291000,ft3/s,"['A', '[91]']",0
1988-08-10,100.875,streamflow,9291000,ft3/s,"['A', '[91]']",0
1988-08-11,102.916664,streamflow,9291000,ft3/s,"['A', '[91]']",0
1988-08-12,160.58333,streamflow,9291000,ft3/s,"['A', '[91]']",0
1988-08-13,171.08333,streamflow,9291000,ft3/s,"['A', '[91]']",0
1988-08-14,103.833336,streamflow,9291000,ft3/s,"['A', '[91]']",0
1988-08-15,103.833336,streamflow,9291000,ft3/s,"['A', '[91]']",0
1988-08-16,102.38,streamflow,9291000,ft3/s,"['A', '[91]']",0
1988-08-17,15.628333,streamflow,9291000,ft3/s,"['A', '[91]']",0
1988-08-18,123.333336,streamflow,9291000,ft3/s,"['A', '[91]']",0
1988-08-19,126.791664,streamflow,9291000,ft3/s,"['A', '[91]']",0
1988-08-20,126.333336,streamflow,9291000,ft3/s,"['A', '[91]']",0
1988-08-21,125.416664,streamflow,9291000,ft3/s,"['A', '[91]']",0
1988-08-22,179.58333,streamflow,9291000,ft3/s,"['A', '[91]']",0
1988-08-23,192.75,streamflow,9291000,ft3/s,"['A', '[91]']",0
1988-08-24,189.75,streamflow,9291000,ft3/s,"['A', '[91]']",0
1988-08-25,169.91667,streamflow,9291000,ft3/s,"['A', '[91]']",0
1988-08-26,89.458336,streamflow,9291000,ft3/s,"['A', '[91]']",0
1988-08-27,113.041664,streamflow,9291000,ft3/s,"['A', '[91]']",0
1988-08-28,112.791664,streamflow,9291000,ft3/s,"['A', '[91]']",0
1988-08-29,88.125,streamflow,9291000,ft3/s,"['A', '[91]']",0
1988-08-30,50.583332,streamflow,9291000,ft3/s,"['A', '[91]']",0
1988-08-31,50.833332,streamflow,9291000,ft3/s,"['A', '[91]']",0
1988-09-01,47.458332,streamflow,9291000,ft3/s,"['A', '[91]']",0
1988-09-02,37.25,streamflow,9291000,ft3/s,"['A', '[91]']",0
1988-09-03,37.541668,streamflow,9291000,ft3/s,"['A', '[91]']",0
1988-09-04,37.458332,streamflow,9291000,ft3/s,"['A', '[91]']",0
1988-09-05,30.916666,streamflow,9291000,ft3/s,"['A', '[91]']",0
1988-09-06,23.0,streamflow,9291000,ft3/s,"['A', '[91]']",0
1988-09-07,23.0,streamflow,9291000,ft3/s,"['A', '[91]']",0
1988-09-08,22.833334,streamflow,9291000,ft3/s,"['A', '[91]']",0
1988-09-09,18.125,streamflow,9291000,ft3/s,"['A', '[91]']",0
1988-09-10,11.0,streamflow,9291000,ft3/s,"['A', '[91]']",0
1988-09-11,11.0,streamflow,9291000,ft3/s,"['A', '[91]']",0
1988-09-12,66.833336,streamflow,9291000,ft3/s,"['A', '[91]']",0
1988-09-13,75.166664,streamflow,9291000,ft3/s,"['A', '[91]']",0
1988-09-14,75.0,streamflow,9291000,ft3/s,"['A', '[91]']",0
1988-09-15,74.916664,streamflow,9291000,ft3/s,"['A', '[91]']",0
1988-09-16,75.0,streamflow,9291000,ft3/s,"['A', '[91]']",0
1988-09-17,,streamflow,9291000,ft3/s,"['A', '[91]']",0
1988-09-18,,streamflow,9291000,ft3/s,"['A', '[91]']",0
1988-09-19,,streamflow,9291000,ft3/s,"['A', '[91]']",0
1988-09-20,,streamflow,9291000,ft3/s,"['A', '[91]']",0
1988-09-21,,streamflow,9291000,ft3/s,"['A', '[91]']",0
1988-09-22,,streamflow,9291000,ft3/s,"['A', '[91]']",0
1988-09-23,,streamflow,9291000,ft3/s,"['A', '[91]']",0
1988-09-24,,streamflow,9291000,ft3/s,"['A', '[91]']",0
1988-09-25,,streamflow,9291000,ft3/s,"['A', '[91]']",0
1988-09-26,,streamflow,9291000,ft3/s,"['A', '[91]']",0
1988-09-27,,streamflow,9291000,ft3/s,"['A', '[91]']",0
1988-09-28,,streamflow,9291000,ft3/s,"['A', '[91]']",0
1988-09-29,,streamflow,9291000,ft3/s,"['A', '[91]']",0
1988-09-30,,streamflow,9291000,ft3/s,"['A', '[91]']",0
1988-10-01,,streamflow,9291000,ft3/s,"['A', '[91]']",0
1988-10-02,,streamflow,9291000,ft3/s,"['A', '[91]']",0
1988-10-03,,streamflow,9291000,ft3/s,"['A', '[91]']",0
1988-10-04,,streamflow,9291000,ft3/s,"['A', '[91]']",0
1988-10-05,,streamflow,9291000,ft3/s,"['A', '[91]']",0
1988-10-06,,streamflow,9291000,ft3/s,"['A', '[91]']",0
1988-10-07,,streamflow,9291000,ft3/s,"['A', '[91]']",0
1988-10-08,,streamflow,9291000,ft3/s,"['A', '[91]']",0
1988-10-09,,streamflow,9291000,ft3/s,"['A', '[91]']",0
1988-10-10,,streamflow,9291000,ft3/s,"['A', '[91]']",0
1988-10-11,,streamflow,9291000,ft3/s,"['A', '[91]']",0
1988-10-12,,streamflow,9291000,ft3/s,"['A', '[91]']",0
1988-10-13,,streamflow,9291000,ft3/s,"['A', '[91]']",0
1988-10-14,,streamflow,9291000,ft3/s,"['A', '[91]']",0
1988-10-15,,streamflow,9291000,ft3/s,"['A', '[91]']",0
1988-10-16,,streamflow,9291000,ft3/s,"['A', '[91]']",0
1988-10-17,82.44444,streamflow,9291000,ft3/s,"['A', '[91]']",0
1988-10-18,82.666664,streamflow,9291000,ft3/s,"['A', '[91]']",0
1988-10-19,83.083336,streamflow,9291000,ft3/s,"['A', '[91]']",0
1988-10-20,82.833336,streamflow,9291000,ft3/s,"['A', '[91]']",0
1988-10-21,83.0,streamflow,9291000,ft3/s,"['A', '[91]']",0
1988-10-22,,streamflow,9291000,ft3/s,"['A', '[91]']",0
1988-10-23,,streamflow,9291000,ft3/s,"['A', '[91]']",0
1988-10-24,,streamflow,9291000,ft3/s,"['A', '[91]']",0
1988-10-25,,streamflow,9291000,ft3/s,"['A', '[91]']",0
1988-10-26,,streamflow,9291000,ft3/s,"['A', '[91]']",0
1988-10-27,,streamflow,9291000,ft3/s,"['A', '[91]']",0
1988-10-28,,streamflow,9291000,ft3/s,"['A', '[91]']",0
1988-10-29,,streamflow,9291000,ft3/s,"['A', '[91]']",0
1988-10-30,,streamflow,9291000,ft3/s,"['A', '[91]']",0
1988-10-31,,streamflow,9291000,ft3/s,"['A', '[91]']",0
1988-11-01,,streamflow,9291000,ft3/s,"['A', '[91]']",0
1988-11-02,,streamflow,9291000,ft3/s,"['A', '[91]']",0
1988-11-03,,streamflow,9291000,ft3/s,"['A', '[91]']",0
1988-11-04,,streamflow,9291000,ft3/s,"['A', '[91]']",0
1988-11-05,,streamflow,9291000,ft3/s,"['A', '[91]']",0
1988-11-06,,streamflow,9291000,ft3/s,"['A', '[91]']",0
1988-11-07,,streamflow,9291000,ft3/s,"['A', '[91]']",0
1988-11-08,,streamflow,9291000,ft3/s,"['A', '[91]']",0
1988-11-09,,streamflow,9291000,ft3/s,"['A', '[91]']",0
1988-11-10,,streamflow,9291000,ft3/s,"['A', '[91]']",0
1988-11-11,,streamflow,9291000,ft3/s,"['A', '[91]']",0
1988-11-12,,streamflow,9291000,ft3/s,"['A', '[91]']",0
1988-11-13,,streamflow,9291000,ft3/s,"['A', '[91]']",0
1988-11-14,,streamflow,9291000,ft3/s,"['A', '[91]']",0
1988-11-15,,streamflow,9291000,ft3/s,"['A', '[91]']",0
1988-11-16,,streamflow,9291000,ft3/s,"['A', '[91]']",0
1988-11-17,,streamflow,9291000,ft3/s,"['A', '[91]']",0
1988-11-18,,streamflow,9291000,ft3/s,"['A', '[91]']",0
1988-11-19,,streamflow,9291000,ft3/s,"['A', '[91]']",0
1988-11-20,,streamflow,9291000,ft3/s,"['A', '[91]']",0
1988-11-21,,streamflow,9291000,ft3/s,"['A', '[91]']",0
1988-11-22,,streamflow,9291000,ft3/s,"['A', '[91]']",0
1988-11-23,,streamflow,9291000,ft3/s,"['A', '[91]']",0
1988-11-24,,streamflow,9291000,ft3/s,"['A', '[91]']",0
1988-11-25,,streamflow,9291000,ft3/s,"['A', '[91]']",0
1988-11-26,,streamflow,9291000,ft3/s,"['A', '[91]']",0
1988-11-27,,streamflow,9291000,ft3/s,"['A', '[91]']",0
1988-11-28,,streamflow,9291000,ft3/s,"['A', '[91]']",0
1988-11-29,,streamflow,9291000,ft3/s,"['A', '[91]']",0
1988-11-30,,streamflow,9291000,ft3/s,"['A', '[91]']",0
1988-12-01,,streamflow,9291000,ft3/s,"['A', '[91]']",0
1988-12-02,,streamflow,9291000,ft3/s,"['A', '[91]']",0
1988-12-03,,streamflow,9291000,ft3/s,"['A', '[91]']",0
1988-12-04,,streamflow,9291000,ft3/s,"['A', '[91]']",0
1988-12-05,,streamflow,9291000,ft3/s,"['A', '[91]']",0
1988-12-06,,streamflow,9291000,ft3/s,"['A', '[91]']",0
1988-12-07,,streamflow,9291000,ft3/s,"['A', '[91]']",0
1988-12-08,,streamflow,9291000,ft3/s,"['A', '[91]']",0
1988-12-09,,streamflow,9291000,ft3/s,"['A', '[91]']",0
1988-12-10,,streamflow,9291000,ft3/s,"['A', '[91]']",0
1988-12-11,,streamflow,9291000,ft3/s,"['A', '[91]']",0
1988-12-12,,streamflow,9291000,ft3/s,"['A', '[91]']",0
1988-12-13,,streamflow,9291000,ft3/s,"['A', '[91]']",0
1988-12-14,,streamflow,9291000,ft3/s,"['A', '[91]']",0
1988-12-15,,streamflow,9291000,ft3/s,"['A', '[91]']",0
1988-12-16,,streamflow,9291000,ft3/s,"['A', '[91]']",0
1988-12-17,,streamflow,9291000,ft3/s,"['A', '[91]']",0
1988-12-18,,streamflow,9291000,ft3/s,"['A', '[91]']",0
1988-12-19,,streamflow,9291000,ft3/s,"['A', '[91]']",0
1988-12-20,,streamflow,9291000,ft3/s,"['A', '[91]']",0
1988-12-21,,streamflow,9291000,ft3/s,"['A', '[91]']",0
1988-12-22,,streamflow,9291000,ft3/s,"['A', '[91]']",0
1988-12-23,,streamflow,9291000,ft3/s,"['A', '[91]']",0
1988-12-24,,streamflow,9291000,ft3/s,"['A', '[91]']",0
1988-12-25,,streamflow,9291000,ft3/s,"['A', '[91]']",0
1988-12-26,,streamflow,9291000,ft3/s,"['A', '[91]']",0
1988-12-27,,streamflow,9291000,ft3/s,"['A', '[91]']",0
1988-12-28,,streamflow,9291000,ft3/s,"['A', '[91]']",0
1988-12-29,,streamflow,9291000,ft3/s,"['A', '[91]']",0
1988-12-30,,streamflow,9291000,ft3/s,"['A', '[91]']",0
1988-12-31,,streamflow,9291000,ft3/s,"['A', '[91]']",0
1989-01-01,,streamflow,9291000,ft3/s,"['A', '[91]']",0
1989-01-02,,streamflow,9291000,ft3/s,"['A', '[91]']",0
1989-01-03,,streamflow,9291000,ft3/s,"['A', '[91]']",0
1989-01-04,,streamflow,9291000,ft3/s,"['A', '[91]']",0
1989-01-05,,streamflow,9291000,ft3/s,"['A', '[91]']",0
1989-01-06,,streamflow,9291000,ft3/s,"['A', '[91]']",0
1989-01-07,,streamflow,9291000,ft3/s,"['A', '[91]']",0
1989-01-08,,streamflow,9291000,ft3/s,"['A', '[91]']",0
1989-01-09,,streamflow,9291000,ft3/s,"['A', '[91]']",0
1989-01-10,,streamflow,9291000,ft3/s,"['A', '[91]']",0
1989-01-11,,streamflow,9291000,ft3/s,"['A', '[91]']",0
1989-01-12,,streamflow,9291000,ft3/s,"['A', '[91]']",0
1989-01-13,,streamflow,9291000,ft3/s,"['A', '[91]']",0
1989-01-14,,streamflow,9291000,ft3/s,"['A', '[91]']",0
1989-01-15,,streamflow,9291000,ft3/s,"['A', '[91]']",0
1989-01-16,,streamflow,9291000,ft3/s,"['A', '[91]']",0
1989-01-17,,streamflow,9291000,ft3/s,"['A', '[91]']",0
1989-01-18,,streamflow,9291000,ft3/s,"['A', '[91]']",0
1989-01-19,,streamflow,9291000,ft3/s,"['A', '[91]']",0
1989-01-20,,streamflow,9291000,ft3/s,"['A', '[91]']",0
1989-01-21,,streamflow,9291000,ft3/s,"['A', '[91]']",0
1989-01-22,,streamflow,9291000,ft3/s,"['A', '[91]']",0
1989-01-23,,streamflow,9291000,ft3/s,"['A', '[91]']",0
1989-01-24,,streamflow,9291000,ft3/s,"['A', '[91]']",0
1989-01-25,,streamflow,9291000,ft3/s,"['A', '[91]']",0
1989-01-26,,streamflow,9291000,ft3/s,"['A', '[91]']",0
1989-01-27,,streamflow,9291000,ft3/s,"['A', '[91]']",0
1989-01-28,,streamflow,9291000,ft3/s,"['A', '[91]']",0
1989-01-29,,streamflow,9291000,ft3/s,"['A', '[91]']",0
1989-01-30,,streamflow,9291000,ft3/s,"['A', '[91]']",0
1989-01-31,,streamflow,9291000,ft3/s,"['A', '[91]']",0
1989-02-01,,streamflow,9291000,ft3/s,"['A', '[91]']",0
1989-02-02,,streamflow,9291000,ft3/s,"['A', '[91]']",0
1989-02-03,,streamflow,9291000,ft3/s,"['A', '[91]']",0
1989-02-04,,streamflow,9291000,ft3/s,"['A', '[91]']",0
1989-02-05,,streamflow,9291000,ft3/s,"['A', '[91]']",0
1989-02-06,,streamflow,9291000,ft3/s,"['A', '[91]']",0
1989-02-07,,streamflow,9291000,ft3/s,"['A', '[91]']",0
1989-02-08,,streamflow,9291000,ft3/s,"['A', '[91]']",0
1989-02-09,,streamflow,9291000,ft3/s,"['A', '[91]']",0
1989-02-10,,streamflow,9291000,ft3/s,"['A', '[91]']",0
1989-02-11,,streamflow,9291000,ft3/s,"['A', '[91]']",0
1989-02-12,,streamflow,9291000,ft3/s,"['A', '[91]']",0
1989-02-13,,streamflow,9291000,ft3/s,"['A', '[91]']",0
1989-02-14,,streamflow,9291000,ft3/s,"['A', '[91]']",0
1989-02-15,,streamflow,9291000,ft3/s,"['A', '[91]']",0
1989-02-16,,streamflow,9291000,ft3/s,"['A', '[91]']",0
1989-02-17,,streamflow,9291000,ft3/s,"['A', '[91]']",0
1989-02-18,,streamflow,9291000,ft3/s,"['A', '[91]']",0
1989-02-19,,streamflow,9291000,ft3/s,"['A', '[91]']",0
1989-02-20,,streamflow,9291000,ft3/s,"['A', '[91]']",0
1989-02-21,,streamflow,9291000,ft3/s,"['A', '[91]']",0
1989-02-22,,streamflow,9291000,ft3/s,"['A', '[91]']",0
1989-02-23,,streamflow,9291000,ft3/s,"['A', '[91]']",0
1989-02-24,,streamflow,9291000,ft3/s,"['A', '[91]']",0
1989-02-25,,streamflow,9291000,ft3/s,"['A', '[91]']",0
1989-02-26,,streamflow,9291000,ft3/s,"['A', '[91]']",0
1989-02-27,,streamflow,9291000,ft3/s,"['A', '[91]']",0
1989-02-28,,streamflow,9291000,ft3/s,"['A', '[91]']",0
1989-03-01,,streamflow,9291000,ft3/s,"['A', '[91]']",0
1989-03-02,,streamflow,9291000,ft3/s,"['A', '[91]']",0
1989-03-03,,streamflow,9291000,ft3/s,"['A', '[91]']",0
1989-03-04,,streamflow,9291000,ft3/s,"['A', '[91]']",0
1989-03-05,,streamflow,9291000,ft3/s,"['A', '[91]']",0
1989-03-06,,streamflow,9291000,ft3/s,"['A', '[91]']",0
1989-03-07,,streamflow,9291000,ft3/s,"['A', '[91]']",0
1989-03-08,,streamflow,9291000,ft3/s,"['A', '[91]']",0
1989-03-09,,streamflow,9291000,ft3/s,"['A', '[91]']",0
1989-03-10,,streamflow,9291000,ft3/s,"['A', '[91]']",0
1989-03-11,,streamflow,9291000,ft3/s,"['A', '[91]']",0
1989-03-12,,streamflow,9291000,ft3/s,"['A', '[91]']",0
1989-03-13,,streamflow,9291000,ft3/s,"['A', '[91]']",0
1989-03-14,,streamflow,9291000,ft3/s,"['A', '[91]']",0
1989-03-15,,streamflow,9291000,ft3/s,"['A', '[91]']",0
1989-03-16,,streamflow,9291000,ft3/s,"['A', '[91]']",0
1989-03-17,,streamflow,9291000,ft3/s,"['A', '[91]']",0
1989-03-18,,streamflow,9291000,ft3/s,"['A', '[91]']",0
1989-03-19,,streamflow,9291000,ft3/s,"['A', '[91]']",0
1989-03-20,,streamflow,9291000,ft3/s,"['A', '[91]']",0
1989-03-21,,streamflow,9291000,ft3/s,"['A', '[91]']",0
1989-03-22,,streamflow,9291000,ft3/s,"['A', '[91]']",0
1989-03-23,,streamflow,9291000,ft3/s,"['A', '[91]']",0
1989-03-24,,streamflow,9291000,ft3/s,"['A', '[91]']",0
1989-03-25,,streamflow,9291000,ft3/s,"['A', '[91]']",0
1989-03-26,,streamflow,9291000,ft3/s,"['A', '[91]']",0
1989-03-27,,streamflow,9291000,ft3/s,"['A', '[91]']",0
1989-03-28,,streamflow,9291000,ft3/s,"['A', '[91]']",0
1989-03-29,,streamflow,9291000,ft3/s,"['A', '[91]']",0
1989-03-30,,streamflow,9291000,ft3/s,"['A', '[91]']",0
1989-03-31,,streamflow,9291000,ft3/s,"['A', '[91]']",0
1989-04-01,,streamflow,9291000,ft3/s,"['A', '[91]']",0
1989-04-02,,streamflow,9291000,ft3/s,"['A', '[91]']",0
1989-04-03,,streamflow,9291000,ft3/s,"['A', '[91]']",0
1989-04-04,,streamflow,9291000,ft3/s,"['A', '[91]']",0
1989-04-05,,streamflow,9291000,ft3/s,"['A', '[91]']",0
1989-04-06,,streamflow,9291000,ft3/s,"['A', '[91]']",0
1989-04-07,,streamflow,9291000,ft3/s,"['A', '[91]']",0
1989-04-08,,streamflow,9291000,ft3/s,"['A', '[91]']",0
1989-04-09,,streamflow,9291000,ft3/s,"['A', '[91]']",0
1989-04-10,,streamflow,9291000,ft3/s,"['A', '[91]']",0
1989-04-11,,streamflow,9291000,ft3/s,"['A', '[91]']",0
1989-04-12,,streamflow,9291000,ft3/s,"['A', '[91]']",0
1989-04-13,,streamflow,9291000,ft3/s,"['A', '[91]']",0
1989-04-14,,streamflow,9291000,ft3/s,"['A', '[91]']",0
1989-04-15,,streamflow,9291000,ft3/s,"['A', '[91]']",0
1989-04-16,,streamflow,9291000,ft3/s,"['A', '[91]']",0
1989-04-17,,streamflow,9291000,ft3/s,"['A', '[91]']",0
1989-04-18,,streamflow,9291000,ft3/s,"['A', '[91]']",0
1989-04-19,,streamflow,9291000,ft3/s,"['A', '[91]']",0
1989-04-20,,streamflow,9291000,ft3/s,"['A', '[91]']",0
1989-04-21,,streamflow,9291000,ft3/s,"['A', '[91]']",0
1989-04-22,,streamflow,9291000,ft3/s,"['A', '[91]']",0
1989-04-23,,streamflow,9291000,ft3/s,"['A', '[91]']",0
1989-04-24,,streamflow,9291000,ft3/s,"['A', '[91]']",0
1989-04-25,,streamflow,9291000,ft3/s,"['A', '[91]']",0
1989-04-26,,streamflow,9291000,ft3/s,"['A', '[91]']",0
1989-04-27,,streamflow,9291000,ft3/s,"['A', '[91]']",0
1989-04-28,,streamflow,9291000,ft3/s,"['A', '[91]']",0
1989-04-29,,streamflow,9291000,ft3/s,"['A', '[91]']",0
1989-04-30,,streamflow,9291000,ft3/s,"['A', '[91]']",0
1989-05-01,289.44446,streamflow,9291000,ft3/s,"['A', '[91]']",0
1989-05-02,422.41666,streamflow,9291000,ft3/s,"['A', '[91]']",0
1989-05-03,373.70834,streamflow,9291000,ft3/s,"['A', '[91]']",0
1989-05-04,349.0,streamflow,9291000,ft3/s,"['A', '[91]']",0
1989-05-05,346.5,streamflow,9291000,ft3/s,"['A', '[91]']",0
1989-05-06,355.33334,streamflow,9291000,ft3/s,"['A', '[91]']",0
1989-05-07,363.83334,streamflow,9291000,ft3/s,"['A', '[91]']",0
1989-05-08,322.04166,streamflow,9291000,ft3/s,"['A', '[91]']",0
1989-05-09,278.375,streamflow,9291000,ft3/s,"['A', '[91]']",0
1989-05-10,245.375,streamflow,9291000,ft3/s,"['A', '[91]']",0
1989-05-11,221.58333,streamflow,9291000,ft3/s,"['A', '[91]']",0
1989-05-12,243.125,streamflow,9291000,ft3/s,"['A', '[91]']",0
1989-05-13,303.125,streamflow,9291000,ft3/s,"['A', '[91]']",0
1989-05-14,267.875,streamflow,9291000,ft3/s,"['A', '[91]']",0
1989-05-15,295.91666,streamflow,9291000,ft3/s,"['A', '[91]']",0
1989-05-16,291.45834,streamflow,9291000,ft3/s,"['A', '[91]']",0
1989-05-17,311.45834,streamflow,9291000,ft3/s,"['A', '[91]']",0
1989-05-18,310.75,streamflow,9291000,ft3/s,"['A', '[91]']",0
1989-05-19,308.25,streamflow,9291000,ft3/s,"['A', '[91]']",0
1989-05-20,294.66666,streamflow,9291000,ft3/s,"['A', '[91]']",0
1989-05-21,270.45834,streamflow,9291000,ft3/s,"['A', '[91]']",0
1989-05-22,252.04167,streamflow,9291000,ft3/s,"['A', '[91]']",0
1989-05-23,198.66667,streamflow,9291000,ft3/s,"['A', '[91]']",0
1989-05-24,170.875,streamflow,9291000,ft3/s,"['A', '[91]']",0
1989-05-25,207.66667,streamflow,9291000,ft3/s,"['A', '[91]']",0
1989-05-26,217.16667,streamflow,9291000,ft3/s,"['A', '[91]']",0
1989-05-27,227.79167,streamflow,9291000,ft3/s,"['A', '[91]']",0
1989-05-28,238.16667,streamflow,9291000,ft3/s,"['A', '[91]']",0
1989-05-29,244.5,streamflow,9291000,ft3/s,"['A', '[91]']",0
1989-05-30,247.16667,streamflow,9291000,ft3/s,"['A', '[91]']",0
1989-05-31,268.33334,streamflow,9291000,ft3/s,"['A', '[91]']",0
1989-06-01,291.04166,streamflow,9291000,ft3/s,"['A', '[91]']",0
1989-06-02,291.04166,streamflow,9291000,ft3/s,"['A', '[91]']",0
1989-06-03,289.875,streamflow,9291000,ft3/s,"['A', '[91]']",0
1989-06-04,289.25,streamflow,9291000,ft3/s,"['A', '[91]']",0
1989-06-05,281.625,streamflow,9291000,ft3/s,"['A', '[91]']",0
1989-06-06,268.875,streamflow,9291000,ft3/s,"['A', '[91]']",0
1989-06-07,267.33334,streamflow,9291000,ft3/s,"['A', '[91]']",0
1989-06-08,261.33334,streamflow,9291000,ft3/s,"['A', '[91]']",0
1989-06-09,236.04167,streamflow,9291000,ft3/s,"['A', '[91]']",0
1989-06-10,224.0,streamflow,9291000,ft3/s,"['A', '[91]']",0
1989-06-11,258.875,streamflow,9291000,ft3/s,"['A', '[91]']",0
1989-06-12,247.91667,streamflow,9291000,ft3/s,"['A', '[91]']",0
1989-06-13,235.58333,streamflow,9291000,ft3/s,"['A', '[91]']",0
1989-06-14,244.66667,streamflow,9291000,ft3/s,"['A', '[91]']",0
1989-06-15,260.875,streamflow,9291000,ft3/s,"['A', '[91]']",0
1989-06-16,296.29166,streamflow,9291000,ft3/s,"['A', '[91]']",0
1989-06-17,318.04166,streamflow,9291000,ft3/s,"['A', '[91]']",0
1989-06-18,291.04166,streamflow,9291000,ft3/s,"['A', '[91]']",0
1989-06-19,281.20834,streamflow,9291000,ft3/s,"['A', '[91]']",0
1989-06-20,275.0,streamflow,9291000,ft3/s,"['A', '[91]']",0
1989-06-21,305.58334,streamflow,9291000,ft3/s,"['A', '[91]']",0
1989-06-22,345.58334,streamflow,9291000,ft3/s,"['A', '[91]']",0
1989-06-23,391.04166,streamflow,9291000,ft3/s,"['A', '[91]']",0
1989-06-24,411.16666,streamflow,9291000,ft3/s,"['A', '[91]']",0
1989-06-25,405.875,streamflow,9291000,ft3/s,"['A', '[91]']",0
1989-06-26,250.33333,streamflow,9291000,ft3/s,"['A', '[91]']",0
1989-06-27,227.83333,streamflow,9291000,ft3/s,"['A', '[91]']",0
1989-06-28,226.08333,streamflow,9291000,ft3/s,"['A', '[91]']",0
1989-06-29,235.20833,streamflow,9291000,ft3/s,"['A', '[91]']",0
1989-06-30,250.83333,streamflow,9291000,ft3/s,"['A', '[91]']",0
1989-07-01,246.58333,streamflow,9291000,ft3/s,"['A', '[91]']",0
1989-07-02,255.29167,streamflow,9291000,ft3/s,"['A', '[91]']",0
1989-07-03,292.91666,streamflow,9291000,ft3/s,"['A', '[91]']",0
1989-07-04,299.0,streamflow,9291000,ft3/s,"['A', '[91]']",0
1989-07-05,296.04166,streamflow,9291000,ft3/s,"['A', '[91]']",0
1989-07-06,295.5,streamflow,9291000,ft3/s,"['A', '[91]']",0
1989-07-07,289.0,streamflow,9291000,ft3/s,"['A', '[91]']",0
1989-07-08,288.08334,streamflow,9291000,ft3/s,"['A', '[91]']",0
1989-07-09,284.375,streamflow,9291000,ft3/s,"['A', '[91]']",0
1989-07-10,243.20833,streamflow,9291000,ft3/s,"['A', '[91]']",0
1989-07-11,159.625,streamflow,9291000,ft3/s,"['A', '[91]']",0
1989-07-12,168.625,streamflow,9291000,ft3/s,"['A', '[91]']",0
1989-07-13,215.25,streamflow,9291000,ft3/s,"['A', '[91]']",0
1989-07-14,255.875,streamflow,9291000,ft3/s,"['A', '[91]']",0
1989-07-15,255.75,streamflow,9291000,ft3/s,"['A', '[91]']",0
1989-07-16,257.20834,streamflow,9291000,ft3/s,"['A', '[91]']",0
1989-07-17,211.75,streamflow,9291000,ft3/s,"['A', '[91]']",0
1989-07-18,197.625,streamflow,9291000,ft3/s,"['A', '[91]']",0
1989-07-19,219.79167,streamflow,9291000,ft3/s,"['A', '[91]']",0
1989-07-20,222.41667,streamflow,9291000,ft3/s,"['A', '[91]']",0
1989-07-21,146.54167,streamflow,9291000,ft3/s,"['A', '[91]']",0
1989-07-22,138.5,streamflow,9291000,ft3/s,"['A', '[91]']",0
1989-07-23,139.33333,streamflow,9291000,ft3/s,"['A', '[91]']",0
1989-07-24,93.75,streamflow,9291000,ft3/s,"['A', '[91]']",0
1989-07-25,89.25,streamflow,9291000,ft3/s,"['A', '[91]']",0
1989-07-26,90.875,streamflow,9291000,ft3/s,"['A', '[91]']",0
1989-07-27,92.0,streamflow,9291000,ft3/s,"['A', '[91]']",0
1989-07-28,91.833336,streamflow,9291000,ft3/s,"['A', '[91]']",0
1989-07-29,73.541664,streamflow,9291000,ft3/s,"['A', '[91]']",0
1989-07-30,72.5,streamflow,9291000,ft3/s,"['A', '[91]']",0
1989-07-31,74.916664,streamflow,9291000,ft3/s,"['A', '[91]']",0
1989-08-01,85.833336,streamflow,9291000,ft3/s,"['A', '[91]']",0
1989-08-02,82.666664,streamflow,9291000,ft3/s,"['A', '[91]']",0
1989-08-03,60.5,streamflow,9291000,ft3/s,"['A', '[91]']",0
1989-08-04,68.208336,streamflow,9291000,ft3/s,"['A', '[91]']",0
1989-08-05,84.0,streamflow,9291000,ft3/s,"['A', '[91]']",0
1989-08-06,83.083336,streamflow,9291000,ft3/s,"['A', '[91]']",0
1989-08-07,83.083336,streamflow,9291000,ft3/s,"['A', '[91]']",0
1989-08-08,82.833336,streamflow,9291000,ft3/s,"['A', '[91]']",0
1989-08-09,73.958336,streamflow,9291000,ft3/s,"['A', '[91]']",0
1989-08-10,92.208336,streamflow,9291000,ft3/s,"['A', '[91]']",0
1989-08-11,79.416664,streamflow,9291000,ft3/s,"['A', '[91]']",0
1989-08-12,19.625,streamflow,9291000,ft3/s,"['A', '[91]']",0
1989-08-13,14.541667,streamflow,9291000,ft3/s,"['A', '[91]']",0
1989-08-14,13.083333,streamflow,9291000,ft3/s,"['A', '[91]']",0
1989-08-15,12.541667,streamflow,9291000,ft3/s,"['A', '[91]']",0
1989-08-16,10.954166,streamflow,9291000,ft3/s,"['A', '[91]']",0
1989-08-17,10.816667,streamflow,9291000,ft3/s,"['A', '[91]']",0
1989-08-18,10.083333,streamflow,9291000,ft3/s,"['A', '[91]']",0
1989-08-19,,streamflow,9291000,ft3/s,"['A', '[91]']",0
1989-08-20,,streamflow,9291000,ft3/s,"['A', '[91]']",0
1989-08-21,,streamflow,9291000,ft3/s,"['A', '[91]']",0
1989-08-22,,streamflow,9291000,ft3/s,"['A', '[91]']",0
1989-08-23,,streamflow,9291000,ft3/s,"['A', '[91]']",0
1989-08-24,,streamflow,9291000,ft3/s,"['A', '[91]']",0
1989-08-25,,streamflow,9291000,ft3/s,"['A', '[91]']",0
1989-08-26,,streamflow,9291000,ft3/s,"['A', '[91]']",0
1989-08-27,,streamflow,9291000,ft3/s,"['A', '[91]']",0
1989-08-28,,streamflow,9291000,ft3/s,"['A', '[91]']",0
1989-08-29,,streamflow,9291000,ft3/s,"['A', '[91]']",0
1989-08-30,59.5,streamflow,9291000,ft3/s,"['A', '[91]']",0
1989-08-31,75.166664,streamflow,9291000,ft3/s,"['A', '[91]']",0
1989-09-01,75.833336,streamflow,9291000,ft3/s,"['A', '[91]']",0
1989-09-02,75.166664,streamflow,9291000,ft3/s,"['A', '[91]']",0
1989-09-03,92.833336,streamflow,9291000,ft3/s,"['A', '[91]']",0
1989-09-04,159.875,streamflow,9291000,ft3/s,"['A', '[91]']",0
1989-09-05,158.625,streamflow,9291000,ft3/s,"['A', '[91]']",0
1989-09-06,145.70833,streamflow,9291000,ft3/s,"['A', '[91]']",0
1989-09-07,113.708336,streamflow,9291000,ft3/s,"['A', '[91]']",0
1989-09-08,92.333336,streamflow,9291000,ft3/s,"['A', '[91]']",0
1989-09-09,92.333336,streamflow,9291000,ft3/s,"['A', '[91]']",0
1989-09-10,92.0,streamflow,9291000,ft3/s,"['A', '[91]']",0
1989-09-11,,streamflow,9291000,ft3/s,"['A', '[91]']",0
1989-09-12,,streamflow,9291000,ft3/s,"['A', '[91]']",0
1989-09-13,,streamflow,9291000,ft3/s,"['A', '[91]']",0
1989-09-14,,streamflow,9291000,ft3/s,"['A', '[91]']",0
1989-09-15,,streamflow,9291000,ft3/s,"['A', '[91]']",0
1989-09-16,,streamflow,9291000,ft3/s,"['A', '[91]']",0
1989-09-17,,streamflow,9291000,ft3/s,"['A', '[91]']",0
1989-09-18,,streamflow,9291000,ft3/s,"['A', '[91]']",0
1989-09-19,,streamflow,9291000,ft3/s,"['A', '[91]']",0
1989-09-20,,streamflow,9291000,ft3/s,"['A', '[91]']",0
1989-09-21,,streamflow,9291000,ft3/s,"['A', '[91]']",0
1989-09-22,,streamflow,9291000,ft3/s,"['A', '[91]']",0
1989-09-23,,streamflow,9291000,ft3/s,"['A', '[91]']",0
1989-09-24,,streamflow,9291000,ft3/s,"['A', '[91]']",0
1989-09-25,,streamflow,9291000,ft3/s,"['A', '[91]']",0
1989-09-26,,streamflow,9291000,ft3/s,"['A', '[91]']",0
1989-09-27,,streamflow,9291000,ft3/s,"['A', '[91]']",0
1989-09-28,,streamflow,9291000,ft3/s,"['A', '[91]']",0
1989-09-29,,streamflow,9291000,ft3/s,"['A', '[91]']",0
1989-09-30,,streamflow,9291000,ft3/s,"['A', '[91]']",0
1989-10-01,,streamflow,9291000,ft3/s,"['A', '[91]']",0
1989-10-02,,streamflow,9291000,ft3/s,"['A', '[91]']",0
1989-10-03,,streamflow,9291000,ft3/s,"['A', '[91]']",0
1989-10-04,,streamflow,9291000,ft3/s,"['A', '[91]']",0
1989-10-05,,streamflow,9291000,ft3/s,"['A', '[91]']",0
1989-10-06,,streamflow,9291000,ft3/s,"['A', '[91]']",0
1989-10-07,,streamflow,9291000,ft3/s,"['A', '[91]']",0
1989-10-08,,streamflow,9291000,ft3/s,"['A', '[91]']",0
1989-10-09,,streamflow,9291000,ft3/s,"['A', '[91]']",0
1989-10-10,,streamflow,9291000,ft3/s,"['A', '[91]']",0
1989-10-11,,streamflow,9291000,ft3/s,"['A', '[91]']",0
1989-10-12,,streamflow,9291000,ft3/s,"['A', '[91]']",0
1989-10-13,,streamflow,9291000,ft3/s,"['A', '[91]']",0
1989-10-14,,streamflow,9291000,ft3/s,"['A', '[91]']",0
1989-10-15,,streamflow,9291000,ft3/s,"['A', '[91]']",0
1989-10-16,41.900555,streamflow,9291000,ft3/s,"['A', '[91]']",0
1989-10-17,99.208336,streamflow,9291000,ft3/s,"['A', '[91]']",0
1989-10-18,86.166664,streamflow,9291000,ft3/s,"['A', '[91]']",0
1989-10-19,86.5,streamflow,9291000,ft3/s,"['A', '[91]']",0
1989-10-20,86.416664,streamflow,9291000,ft3/s,"['A', '[91]']",0
1989-10-21,85.333336,streamflow,9291000,ft3/s,"['A', '[91]']",0
1989-10-22,,streamflow,9291000,ft3/s,"['A', '[91]']",0
1989-10-23,,streamflow,9291000,ft3/s,"['A', '[91]']",0
1989-10-24,,streamflow,9291000,ft3/s,"['A', '[91]']",0
1989-10-25,,streamflow,9291000,ft3/s,"['A', '[91]']",0
1989-10-26,,streamflow,9291000,ft3/s,"['A', '[91]']",0
1989-10-27,,streamflow,9291000,ft3/s,"['A', '[91]']",0
1989-10-28,,streamflow,9291000,ft3/s,"['A', '[91]']",0
1989-10-29,,streamflow,9291000,ft3/s,"['A', '[91]']",0
1989-10-30,,streamflow,9291000,ft3/s,"['A', '[91]']",0
1989-10-31,,streamflow,9291000,ft3/s,"['A', '[91]']",0
1989-11-01,,streamflow,9291000,ft3/s,"['A', '[91]']",0
1989-11-02,,streamflow,9291000,ft3/s,"['A', '[91]']",0
1989-11-03,,streamflow,9291000,ft3/s,"['A', '[91]']",0
1989-11-04,,streamflow,9291000,ft3/s,"['A', '[91]']",0
1989-11-05,,streamflow,9291000,ft3/s,"['A', '[91]']",0
1989-11-06,,streamflow,9291000,ft3/s,"['A', '[91]']",0
1989-11-07,,streamflow,9291000,ft3/s,"['A', '[91]']",0
1989-11-08,,streamflow,9291000,ft3/s,"['A', '[91]']",0
1989-11-09,,streamflow,9291000,ft3/s,"['A', '[91]']",0
1989-11-10,,streamflow,9291000,ft3/s,"['A', '[91]']",0
1989-11-11,,streamflow,9291000,ft3/s,"['A', '[91]']",0
1989-11-12,,streamflow,9291000,ft3/s,"['A', '[91]']",0
1989-11-13,,streamflow,9291000,ft3/s,"['A', '[91]']",0
1989-11-14,,streamflow,9291000,ft3/s,"['A', '[91]']",0
1989-11-15,,streamflow,9291000,ft3/s,"['A', '[91]']",0
1989-11-16,,streamflow,9291000,ft3/s,"['A', '[91]']",0
1989-11-17,,streamflow,9291000,ft3/s,"['A', '[91]']",0
1989-11-18,,streamflow,9291000,ft3/s,"['A', '[91]']",0
1989-11-19,,streamflow,9291000,ft3/s,"['A', '[91]']",0
1989-11-20,,streamflow,9291000,ft3/s,"['A', '[91]']",0
1989-11-21,,streamflow,9291000,ft3/s,"['A', '[91]']",0
1989-11-22,,streamflow,9291000,ft3/s,"['A', '[91]']",0
1989-11-23,,streamflow,9291000,ft3/s,"['A', '[91]']",0
1989-11-24,,streamflow,9291000,ft3/s,"['A', '[91]']",0
1989-11-25,,streamflow,9291000,ft3/s,"['A', '[91]']",0
1989-11-26,,streamflow,9291000,ft3/s,"['A', '[91]']",0
1989-11-27,,streamflow,9291000,ft3/s,"['A', '[91]']",0
1989-11-28,,streamflow,9291000,ft3/s,"['A', '[91]']",0
1989-11-29,,streamflow,9291000,ft3/s,"['A', '[91]']",0
1989-11-30,,streamflow,9291000,ft3/s,"['A', '[91]']",0
1989-12-01,,streamflow,9291000,ft3/s,"['A', '[91]']",0
1989-12-02,,streamflow,9291000,ft3/s,"['A', '[91]']",0
1989-12-03,,streamflow,9291000,ft3/s,"['A', '[91]']",0
1989-12-04,,streamflow,9291000,ft3/s,"['A', '[91]']",0
1989-12-05,,streamflow,9291000,ft3/s,"['A', '[91]']",0
1989-12-06,,streamflow,9291000,ft3/s,"['A', '[91]']",0
1989-12-07,,streamflow,9291000,ft3/s,"['A', '[91]']",0
1989-12-08,,streamflow,9291000,ft3/s,"['A', '[91]']",0
1989-12-09,,streamflow,9291000,ft3/s,"['A', '[91]']",0
1989-12-10,,streamflow,9291000,ft3/s,"['A', '[91]']",0
1989-12-11,,streamflow,9291000,ft3/s,"['A', '[91]']",0
1989-12-12,,streamflow,9291000,ft3/s,"['A', '[91]']",0
1989-12-13,,streamflow,9291000,ft3/s,"['A', '[91]']",0
1989-12-14,,streamflow,9291000,ft3/s,"['A', '[91]']",0
1989-12-15,,streamflow,9291000,ft3/s,"['A', '[91]']",0
1989-12-16,,streamflow,9291000,ft3/s,"['A', '[91]']",0
1989-12-17,,streamflow,9291000,ft3/s,"['A', '[91]']",0
1989-12-18,,streamflow,9291000,ft3/s,"['A', '[91]']",0
1989-12-19,,streamflow,9291000,ft3/s,"['A', '[91]']",0
1989-12-20,,streamflow,9291000,ft3/s,"['A', '[91]']",0
1989-12-21,,streamflow,9291000,ft3/s,"['A', '[91]']",0
1989-12-22,,streamflow,9291000,ft3/s,"['A', '[91]']",0
1989-12-23,,streamflow,9291000,ft3/s,"['A', '[91]']",0
1989-12-24,,streamflow,9291000,ft3/s,"['A', '[91]']",0
1989-12-25,,streamflow,9291000,ft3/s,"['A', '[91]']",0
1989-12-26,,streamflow,9291000,ft3/s,"['A', '[91]']",0
1989-12-27,,streamflow,9291000,ft3/s,"['A', '[91]']",0
1989-12-28,,streamflow,9291000,ft3/s,"['A', '[91]']",0
1989-12-29,,streamflow,9291000,ft3/s,"['A', '[91]']",0
1989-12-30,,streamflow,9291000,ft3/s,"['A', '[91]']",0
1989-12-31,,streamflow,9291000,ft3/s,"['A', '[91]']",0
1990-01-01,,streamflow,9291000,ft3/s,"['A', '[91]']",0
1990-01-02,,streamflow,9291000,ft3/s,"['A', '[91]']",0
1990-01-03,,streamflow,9291000,ft3/s,"['A', '[91]']",0
1990-01-04,,streamflow,9291000,ft3/s,"['A', '[91]']",0
1990-01-05,,streamflow,9291000,ft3/s,"['A', '[91]']",0
1990-01-06,,streamflow,9291000,ft3/s,"['A', '[91]']",0
1990-01-07,,streamflow,9291000,ft3/s,"['A', '[91]']",0
1990-01-08,,streamflow,9291000,ft3/s,"['A', '[91]']",0
1990-01-09,,streamflow,9291000,ft3/s,"['A', '[91]']",0
1990-01-10,,streamflow,9291000,ft3/s,"['A', '[91]']",0
1990-01-11,,streamflow,9291000,ft3/s,"['A', '[91]']",0
1990-01-12,,streamflow,9291000,ft3/s,"['A', '[91]']",0
1990-01-13,,streamflow,9291000,ft3/s,"['A', '[91]']",0
1990-01-14,,streamflow,9291000,ft3/s,"['A', '[91]']",0
1990-01-15,,streamflow,9291000,ft3/s,"['A', '[91]']",0
1990-01-16,,streamflow,9291000,ft3/s,"['A', '[91]']",0
1990-01-17,,streamflow,9291000,ft3/s,"['A', '[91]']",0
1990-01-18,,streamflow,9291000,ft3/s,"['A', '[91]']",0
1990-01-19,,streamflow,9291000,ft3/s,"['A', '[91]']",0
1990-01-20,,streamflow,9291000,ft3/s,"['A', '[91]']",0
1990-01-21,,streamflow,9291000,ft3/s,"['A', '[91]']",0
1990-01-22,,streamflow,9291000,ft3/s,"['A', '[91]']",0
1990-01-23,,streamflow,9291000,ft3/s,"['A', '[91]']",0
1990-01-24,,streamflow,9291000,ft3/s,"['A', '[91]']",0
1990-01-25,,streamflow,9291000,ft3/s,"['A', '[91]']",0
1990-01-26,,streamflow,9291000,ft3/s,"['A', '[91]']",0
1990-01-27,,streamflow,9291000,ft3/s,"['A', '[91]']",0
1990-01-28,,streamflow,9291000,ft3/s,"['A', '[91]']",0
1990-01-29,,streamflow,9291000,ft3/s,"['A', '[91]']",0
1990-01-30,,streamflow,9291000,ft3/s,"['A', '[91]']",0
1990-01-31,,streamflow,9291000,ft3/s,"['A', '[91]']",0
1990-02-01,,streamflow,9291000,ft3/s,"['A', '[91]']",0
1990-02-02,,streamflow,9291000,ft3/s,"['A', '[91]']",0
1990-02-03,,streamflow,9291000,ft3/s,"['A', '[91]']",0
1990-02-04,,streamflow,9291000,ft3/s,"['A', '[91]']",0
1990-02-05,,streamflow,9291000,ft3/s,"['A', '[91]']",0
1990-02-06,,streamflow,9291000,ft3/s,"['A', '[91]']",0
1990-02-07,,streamflow,9291000,ft3/s,"['A', '[91]']",0
1990-02-08,,streamflow,9291000,ft3/s,"['A', '[91]']",0
1990-02-09,,streamflow,9291000,ft3/s,"['A', '[91]']",0
1990-02-10,,streamflow,9291000,ft3/s,"['A', '[91]']",0
1990-02-11,,streamflow,9291000,ft3/s,"['A', '[91]']",0
1990-02-12,,streamflow,9291000,ft3/s,"['A', '[91]']",0
1990-02-13,,streamflow,9291000,ft3/s,"['A', '[91]']",0
1990-02-14,,streamflow,9291000,ft3/s,"['A', '[91]']",0
1990-02-15,,streamflow,9291000,ft3/s,"['A', '[91]']",0
1990-02-16,,streamflow,9291000,ft3/s,"['A', '[91]']",0
1990-02-17,,streamflow,9291000,ft3/s,"['A', '[91]']",0
1990-02-18,,streamflow,9291000,ft3/s,"['A', '[91]']",0
1990-02-19,,streamflow,9291000,ft3/s,"['A', '[91]']",0
1990-02-20,,streamflow,9291000,ft3/s,"['A', '[91]']",0
1990-02-21,,streamflow,9291000,ft3/s,"['A', '[91]']",0
1990-02-22,,streamflow,9291000,ft3/s,"['A', '[91]']",0
1990-02-23,,streamflow,9291000,ft3/s,"['A', '[91]']",0
1990-02-24,,streamflow,9291000,ft3/s,"['A', '[91]']",0
1990-02-25,,streamflow,9291000,ft3/s,"['A', '[91]']",0
1990-02-26,,streamflow,9291000,ft3/s,"['A', '[91]']",0
1990-02-27,,streamflow,9291000,ft3/s,"['A', '[91]']",0
1990-02-28,,streamflow,9291000,ft3/s,"['A', '[91]']",0
1990-03-01,,streamflow,9291000,ft3/s,"['A', '[91]']",0
1990-03-02,,streamflow,9291000,ft3/s,"['A', '[91]']",0
1990-03-03,,streamflow,9291000,ft3/s,"['A', '[91]']",0
1990-03-04,,streamflow,9291000,ft3/s,"['A', '[91]']",0
1990-03-05,,streamflow,9291000,ft3/s,"['A', '[91]']",0
1990-03-06,,streamflow,9291000,ft3/s,"['A', '[91]']",0
1990-03-07,,streamflow,9291000,ft3/s,"['A', '[91]']",0
1990-03-08,,streamflow,9291000,ft3/s,"['A', '[91]']",0
1990-03-09,,streamflow,9291000,ft3/s,"['A', '[91]']",0
1990-03-10,,streamflow,9291000,ft3/s,"['A', '[91]']",0
1990-03-11,,streamflow,9291000,ft3/s,"['A', '[91]']",0
1990-03-12,,streamflow,9291000,ft3/s,"['A', '[91]']",0
1990-03-13,,streamflow,9291000,ft3/s,"['A', '[91]']",0
1990-03-14,,streamflow,9291000,ft3/s,"['A', '[91]']",0
1990-03-15,,streamflow,9291000,ft3/s,"['A', '[91]']",0
1990-03-16,,streamflow,9291000,ft3/s,"['A', '[91]']",0
1990-03-17,,streamflow,9291000,ft3/s,"['A', '[91]']",0
1990-03-18,,streamflow,9291000,ft3/s,"['A', '[91]']",0
1990-03-19,,streamflow,9291000,ft3/s,"['A', '[91]']",0
1990-03-20,,streamflow,9291000,ft3/s,"['A', '[91]']",0
1990-03-21,,streamflow,9291000,ft3/s,"['A', '[91]']",0
1990-03-22,,streamflow,9291000,ft3/s,"['A', '[91]']",0
1990-03-23,,streamflow,9291000,ft3/s,"['A', '[91]']",0
1990-03-24,,streamflow,9291000,ft3/s,"['A', '[91]']",0
1990-03-25,,streamflow,9291000,ft3/s,"['A', '[91]']",0
1990-03-26,,streamflow,9291000,ft3/s,"['A', '[91]']",0
1990-03-27,,streamflow,9291000,ft3/s,"['A', '[91]']",0
1990-03-28,,streamflow,9291000,ft3/s,"['A', '[91]']",0
1990-03-29,,streamflow,9291000,ft3/s,"['A', '[91]']",0
1990-03-30,,streamflow,9291000,ft3/s,"['A', '[91]']",0
1990-03-31,,streamflow,9291000,ft3/s,"['A', '[91]']",0
1990-04-01,,streamflow,9291000,ft3/s,"['A', '[91]']",0
1990-04-02,,streamflow,9291000,ft3/s,"['A', '[91]']",0
1990-04-03,,streamflow,9291000,ft3/s,"['A', '[91]']",0
1990-04-04,,streamflow,9291000,ft3/s,"['A', '[91]']",0
1990-04-05,,streamflow,9291000,ft3/s,"['A', '[91]']",0
1990-04-06,,streamflow,9291000,ft3/s,"['A', '[91]']",0
1990-04-07,,streamflow,9291000,ft3/s,"['A', '[91]']",0
1990-04-08,,streamflow,9291000,ft3/s,"['A', '[91]']",0
1990-04-09,,streamflow,9291000,ft3/s,"['A', '[91]']",0
1990-04-10,,streamflow,9291000,ft3/s,"['A', '[91]']",0
1990-04-11,,streamflow,9291000,ft3/s,"['A', '[91]']",0
1990-04-12,,streamflow,9291000,ft3/s,"['A', '[91]']",0
1990-04-13,,streamflow,9291000,ft3/s,"['A', '[91]']",0
1990-04-14,,streamflow,9291000,ft3/s,"['A', '[91]']",0
1990-04-15,,streamflow,9291000,ft3/s,"['A', '[91]']",0
1990-04-16,,streamflow,9291000,ft3/s,"['A', '[91]']",0
1990-04-17,,streamflow,9291000,ft3/s,"['A', '[91]']",0
1990-04-18,,streamflow,9291000,ft3/s,"['A', '[91]']",0
1990-04-19,,streamflow,9291000,ft3/s,"['A', '[91]']",0
1990-04-20,,streamflow,9291000,ft3/s,"['A', '[91]']",0
1990-04-21,,streamflow,9291000,ft3/s,"['A', '[91]']",0
1990-04-22,,streamflow,9291000,ft3/s,"['A', '[91]']",0
1990-04-23,,streamflow,9291000,ft3/s,"['A', '[91]']",0
1990-04-24,,streamflow,9291000,ft3/s,"['A', '[91]']",0
1990-04-25,,streamflow,9291000,ft3/s,"['A', '[91]']",0
1990-04-26,,streamflow,9291000,ft3/s,"['A', '[91]']",0
1990-04-27,,streamflow,9291000,ft3/s,"['A', '[91]']",0
1990-04-28,74.44444,streamflow,9291000,ft3/s,"['A', '[91]']",0
1990-04-29,104.416664,streamflow,9291000,ft3/s,"['A', '[91]']",0
1990-04-30,160.54167,streamflow,9291000,ft3/s,"['A', '[91]']",0
1990-05-01,275.625,streamflow,9291000,ft3/s,"['A', '[91]']",0
1990-05-02,286.375,streamflow,9291000,ft3/s,"['A', '[91]']",0
1990-05-03,377.58334,streamflow,9291000,ft3/s,"['A', '[91]']",0
1990-05-04,375.08334,streamflow,9291000,ft3/s,"['A', '[91]']",0
1990-05-05,369.5,streamflow,9291000,ft3/s,"['A', '[91]']",0
1990-05-06,367.375,streamflow,9291000,ft3/s,"['A', '[91]']",0
1990-05-07,364.16666,streamflow,9291000,ft3/s,"['A', '[91]']",0
1990-05-08,362.0,streamflow,9291000,ft3/s,"['A', '[91]']",0
1990-05-09,356.04166,streamflow,9291000,ft3/s,"['A', '[91]']",0
1990-05-10,361.0,streamflow,9291000,ft3/s,"['A', '[91]']",0
1990-05-11,361.0,streamflow,9291000,ft3/s,"['A', '[91]']",0
1990-05-12,358.5,streamflow,9291000,ft3/s,"['A', '[91]']",0
1990-05-13,355.16666,streamflow,9291000,ft3/s,"['A', '[91]']",0
1990-05-14,374.79166,streamflow,9291000,ft3/s,"['A', '[91]']",0
1990-05-15,387.66666,streamflow,9291000,ft3/s,"['A', '[91]']",0
1990-05-16,386.66666,streamflow,9291000,ft3/s,"['A', '[91]']",0
1990-05-17,392.29166,streamflow,9291000,ft3/s,"['A', '[91]']",0
1990-05-18,391.66666,streamflow,9291000,ft3/s,"['A', '[91]']",0
1990-05-19,392.25,streamflow,9291000,ft3/s,"['A', '[91]']",0
1990-05-20,351.5,streamflow,9291000,ft3/s,"['A', '[91]']",0
1990-05-21,342.16666,streamflow,9291000,ft3/s,"['A', '[91]']",0
1990-05-22,340.83334,streamflow,9291000,ft3/s,"['A', '[91]']",0
1990-05-23,313.58334,streamflow,9291000,ft3/s,"['A', '[91]']",0
1990-05-24,231.08333,streamflow,9291000,ft3/s,"['A', '[91]']",0
1990-05-25,192.75,streamflow,9291000,ft3/s,"['A', '[91]']",0
1990-05-26,205.91667,streamflow,9291000,ft3/s,"['A', '[91]']",0
1990-05-27,209.08333,streamflow,9291000,ft3/s,"['A', '[91]']",0
1990-05-28,218.79167,streamflow,9291000,ft3/s,"['A', '[91]']",0
1990-05-29,221.25,streamflow,9291000,ft3/s,"['A', '[91]']",0
1990-05-30,198.08333,streamflow,9291000,ft3/s,"['A', '[91]']",0
1990-05-31,226.20833,streamflow,9291000,ft3/s,"['A', '[91]']",0
1990-06-01,273.0,streamflow,9291000,ft3/s,"['A', '[91]']",0
1990-06-02,273.66666,streamflow,9291000,ft3/s,"['A', '[91]']",0
1990-06-03,268.41666,streamflow,9291000,ft3/s,"['A', '[91]']",0
1990-06-04,248.0,streamflow,9291000,ft3/s,"['A', '[91]']",0
1990-06-05,158.45833,streamflow,9291000,ft3/s,"['A', '[91]']",0
1990-06-06,147.54167,streamflow,9291000,ft3/s,"['A', '[91]']",0
1990-06-07,204.91667,streamflow,9291000,ft3/s,"['A', '[91]']",0
1990-06-08,210.125,streamflow,9291000,ft3/s,"['A', '[91]']",0
1990-06-09,204.875,streamflow,9291000,ft3/s,"['A', '[91]']",0
1990-06-10,156.625,streamflow,9291000,ft3/s,"['A', '[91]']",0
1990-06-11,176.625,streamflow,9291000,ft3/s,"['A', '[91]']",0
1990-06-12,186.125,streamflow,9291000,ft3/s,"['A', '[91]']",0
1990-06-13,203.20833,streamflow,9291000,ft3/s,"['A', '[91]']",0
1990-06-14,210.54167,streamflow,9291000,ft3/s,"['A', '[91]']",0
1990-06-15,203.875,streamflow,9291000,ft3/s,"['A', '[91]']",0
1990-06-16,204.75,streamflow,9291000,ft3/s,"['A', '[91]']",0
1990-06-17,197.125,streamflow,9291000,ft3/s,"['A', '[91]']",0
1990-06-18,196.5,streamflow,9291000,ft3/s,"['A', '[91]']",0
1990-06-19,198.875,streamflow,9291000,ft3/s,"['A', '[91]']",0
1990-06-20,199.625,streamflow,9291000,ft3/s,"['A', '[91]']",0
1990-06-21,200.75,streamflow,9291000,ft3/s,"['A', '[91]']",0
1990-06-22,197.5,streamflow,9291000,ft3/s,"['A', '[91]']",0
1990-06-23,197.0,streamflow,9291000,ft3/s,"['A', '[91]']",0
1990-06-24,194.5,streamflow,9291000,ft3/s,"['A', '[91]']",0
1990-06-25,193.625,streamflow,9291000,ft3/s,"['A', '[91]']",0
1990-06-26,193.0,streamflow,9291000,ft3/s,"['A', '[91]']",0
1990-06-27,208.79167,streamflow,9291000,ft3/s,"['A', '[91]']",0
1990-06-28,210.375,streamflow,9291000,ft3/s,"['A', '[91]']",0
1990-06-29,211.25,streamflow,9291000,ft3/s,"['A', '[91]']",0
1990-06-30,210.875,streamflow,9291000,ft3/s,"['A', '[91]']",0
1990-07-01,211.20833,streamflow,9291000,ft3/s,"['A', '[91]']",0
1990-07-02,211.08333,streamflow,9291000,ft3/s,"['A', '[91]']",0
1990-07-03,209.95833,streamflow,9291000,ft3/s,"['A', '[91]']",0
1990-07-04,211.125,streamflow,9291000,ft3/s,"['A', '[91]']",0
1990-07-05,210.83333,streamflow,9291000,ft3/s,"['A', '[91]']",0
1990-07-06,294.95834,streamflow,9291000,ft3/s,"['A', '[91]']",0
1990-07-07,355.0,streamflow,9291000,ft3/s,"['A', '[91]']",0
1990-07-08,400.375,streamflow,9291000,ft3/s,"['A', '[91]']",0
1990-07-09,411.70834,streamflow,9291000,ft3/s,"['A', '[91]']",0
1990-07-10,424.45834,streamflow,9291000,ft3/s,"['A', '[91]']",0
1990-07-11,465.75,streamflow,9291000,ft3/s,"['A', '[91]']",0
1990-07-12,480.41666,streamflow,9291000,ft3/s,"['A', '[91]']",0
1990-07-13,512.0417,streamflow,9291000,ft3/s,"['A', '[91]']",0
1990-07-14,509.29166,streamflow,9291000,ft3/s,"['A', '[91]']",0
1990-07-15,498.66666,streamflow,9291000,ft3/s,"['A', '[91]']",0
1990-07-16,493.20834,streamflow,9291000,ft3/s,"['A', '[91]']",0
1990-07-17,491.5,streamflow,9291000,ft3/s,"['A', '[91]']",0
1990-07-18,489.5,streamflow,9291000,ft3/s,"['A', '[91]']",0
1990-07-19,479.91666,streamflow,9291000,ft3/s,"['A', '[91]']",0
1990-07-20,476.04166,streamflow,9291000,ft3/s,"['A', '[91]']",0
1990-07-21,469.75,streamflow,9291000,ft3/s,"['A', '[91]']",0
1990-07-22,465.79166,streamflow,9291000,ft3/s,"['A', '[91]']",0
1990-07-23,452.33334,streamflow,9291000,ft3/s,"['A', '[91]']",0
1990-07-24,413.79166,streamflow,9291000,ft3/s,"['A', '[91]']",0
1990-07-25,356.5,streamflow,9291000,ft3/s,"['A', '[91]']",0
1990-07-26,355.16666,streamflow,9291000,ft3/s,"['A', '[91]']",0
1990-07-27,351.5,streamflow,9291000,ft3/s,"['A', '[91]']",0
1990-07-28,346.83334,streamflow,9291000,ft3/s,"['A', '[91]']",0
1990-07-29,349.83334,streamflow,9291000,ft3/s,"['A', '[91]']",0
1990-07-30,366.66666,streamflow,9291000,ft3/s,"['A', '[91]']",0
1990-07-31,432.04166,streamflow,9291000,ft3/s,"['A', '[91]']",0
1990-08-01,454.08334,streamflow,9291000,ft3/s,"['A', '[91]']",0
1990-08-02,449.29166,streamflow,9291000,ft3/s,"['A', '[91]']",0
1990-08-03,443.125,streamflow,9291000,ft3/s,"['A', '[91]']",0
1990-08-04,434.0,streamflow,9291000,ft3/s,"['A', '[91]']",0
1990-08-05,430.41666,streamflow,9291000,ft3/s,"['A', '[91]']",0
1990-08-06,424.91666,streamflow,9291000,ft3/s,"['A', '[91]']",0
1990-08-07,417.58334,streamflow,9291000,ft3/s,"['A', '[91]']",0
1990-08-08,409.75,streamflow,9291000,ft3/s,"['A', '[91]']",0
1990-08-09,330.45834,streamflow,9291000,ft3/s,"['A', '[91]']",0
1990-08-10,371.45834,streamflow,9291000,ft3/s,"['A', '[91]']",0
1990-08-11,370.16666,streamflow,9291000,ft3/s,"['A', '[91]']",0
1990-08-12,362.83334,streamflow,9291000,ft3/s,"['A', '[91]']",0
1990-08-13,350.5,streamflow,9291000,ft3/s,"['A', '[91]']",0
1990-08-14,281.5,streamflow,9291000,ft3/s,"['A', '[91]']",0
1990-08-15,250.08333,streamflow,9291000,ft3/s,"['A', '[91]']",0
1990-08-16,243.29167,streamflow,9291000,ft3/s,"['A', '[91]']",0
1990-08-17,240.20833,streamflow,9291000,ft3/s,"['A', '[91]']",0
1990-08-18,241.5,streamflow,9291000,ft3/s,"['A', '[91]']",0
1990-08-19,239.875,streamflow,9291000,ft3/s,"['A', '[91]']",0
1990-08-20,234.83333,streamflow,9291000,ft3/s,"['A', '[91]']",0
1990-08-21,235.04167,streamflow,9291000,ft3/s,"['A', '[91]']",0
1990-08-22,233.83333,streamflow,9291000,ft3/s,"['A', '[91]']",0
1990-08-23,233.625,streamflow,9291000,ft3/s,"['A', '[91]']",0
1990-08-24,227.79167,streamflow,9291000,ft3/s,"['A', '[91]']",0
1990-08-25,227.125,streamflow,9291000,ft3/s,"['A', '[91]']",0
1990-08-26,227.08333,streamflow,9291000,ft3/s,"['A', '[91]']",0
1990-08-27,222.125,streamflow,9291000,ft3/s,"['A', '[91]']",0
1990-08-28,186.33333,streamflow,9291000,ft3/s,"['A', '[91]']",0
1990-08-29,87.791664,streamflow,9291000,ft3/s,"['A', '[91]']",0
1990-08-30,81.083336,streamflow,9291000,ft3/s,"['A', '[91]']",0
1990-08-31,81.166664,streamflow,9291000,ft3/s,"['A', '[91]']",0
1990-09-01,81.25,streamflow,9291000,ft3/s,"['A', '[91]']",0
1990-09-02,81.166664,streamflow,9291000,ft3/s,"['A', '[91]']",0
1990-09-03,81.5,streamflow,9291000,ft3/s,"['A', '[91]']",0
1990-09-04,81.25,streamflow,9291000,ft3/s,"['A', '[91]']",0
1990-09-05,72.416664,streamflow,9291000,ft3/s,"['A', '[91]']",0
1990-09-06,54.0,streamflow,9291000,ft3/s,"['A', '[91]']",0
1990-09-07,56.083332,streamflow,9291000,ft3/s,"['A', '[91]']",0
1990-09-08,60.0,streamflow,9291000,ft3/s,"['A', '[91]']",0
1990-09-09,,streamflow,9291000,ft3/s,"['A', '[91]']",0
1990-09-10,,streamflow,9291000,ft3/s,"['A', '[91]']",0
1990-09-11,,streamflow,9291000,ft3/s,"['A', '[91]']",0
1990-09-12,,streamflow,9291000,ft3/s,"['A', '[91]']",0
1990-09-13,,streamflow,9291000,ft3/s,"['A', '[91]']",0
1990-09-14,,streamflow,9291000,ft3/s,"['A', '[91]']",0
1990-09-15,,streamflow,9291000,ft3/s,"['A', '[91]']",0
1990-09-16,,streamflow,9291000,ft3/s,"['A', '[91]']",0
1990-09-17,,streamflow,9291000,ft3/s,"['A', '[91]']",0
1990-09-18,,streamflow,9291000,ft3/s,"['A', '[91]']",0
1990-09-19,41.333332,streamflow,9291000,ft3/s,"['A', '[91]']",0
1990-09-20,28.791666,streamflow,9291000,ft3/s,"['A', '[91]']",0
1990-09-21,27.0,streamflow,9291000,ft3/s,"['A', '[91]']",0
1990-09-22,26.0,streamflow,9291000,ft3/s,"['A', '[91]']",0
1990-09-23,25.958334,streamflow,9291000,ft3/s,"['A', '[91]']",0
1990-09-24,98.291664,streamflow,9291000,ft3/s,"['A', '[91]']",0
1990-09-25,103.0,streamflow,9291000,ft3/s,"['A', '[91]']",0
1990-09-26,102.416664,streamflow,9291000,ft3/s,"['A', '[91]']",0
1990-09-27,102.5,streamflow,9291000,ft3/s,"['A', '[91]']",0
1990-09-28,102.25,streamflow,9291000,ft3/s,"['A', '[91]']",0
1990-09-29,101.833336,streamflow,9291000,ft3/s,"['A', '[91]']",0
1991-04-17,135.0,streamflow,9291000,ft3/s,"['A', '[91]']",0
1991-04-18,139.41667,streamflow,9291000,ft3/s,"['A', '[91]']",0
1991-04-19,138.04167,streamflow,9291000,ft3/s,"['A', '[91]']",0
1991-04-20,137.58333,streamflow,9291000,ft3/s,"['A', '[91]']",0
1991-04-21,137.91667,streamflow,9291000,ft3/s,"['A', '[91]']",0
1991-04-22,148.91667,streamflow,9291000,ft3/s,"['A', '[91]']",0
1991-04-23,148.58333,streamflow,9291000,ft3/s,"['A', '[91]']",0
1991-04-24,142.54167,streamflow,9291000,ft3/s,"['A', '[91]']",0
1991-04-25,149.5,streamflow,9291000,ft3/s,"['A', '[91]']",0
1991-04-26,150.375,streamflow,9291000,ft3/s,"['A', '[91]']",0
1991-04-27,149.625,streamflow,9291000,ft3/s,"['A', '[91]']",0
1991-04-28,149.625,streamflow,9291000,ft3/s,"['A', '[91]']",0
1991-04-29,175.375,streamflow,9291000,ft3/s,"['A', '[91]']",0
1991-04-30,177.0,streamflow,9291000,ft3/s,"['A', '[91]']",0
1991-05-01,180.5,streamflow,9291000,ft3/s,"['A', '[91]']",0
1991-05-02,182.875,streamflow,9291000,ft3/s,"['A', '[91]']",0
1991-05-03,196.0,streamflow,9291000,ft3/s,"['A', '[91]']",0
1991-05-04,195.125,streamflow,9291000,ft3/s,"['A', '[91]']",0
1991-05-05,194.75,streamflow,9291000,ft3/s,"['A', '[91]']",0
1991-05-06,104.625,streamflow,9291000,ft3/s,"['A', '[91]']",0
1991-05-07,142.625,streamflow,9291000,ft3/s,"['A', '[91]']",0
1991-05-08,384.625,streamflow,9291000,ft3/s,"['A', '[91]']",0
1991-05-09,394.66666,streamflow,9291000,ft3/s,"['A', '[91]']",0
1991-05-10,391.375,streamflow,9291000,ft3/s,"['A', '[91]']",0
1991-05-11,390.70834,streamflow,9291000,ft3/s,"['A', '[91]']",0
1991-05-12,377.70834,streamflow,9291000,ft3/s,"['A', '[91]']",0
1991-05-13,383.75,streamflow,9291000,ft3/s,"['A', '[91]']",0
1991-05-14,393.54166,streamflow,9291000,ft3/s,"['A', '[91]']",0
1991-05-15,391.33334,streamflow,9291000,ft3/s,"['A', '[91]']",0
1991-05-16,371.41666,streamflow,9291000,ft3/s,"['A', '[91]']",0
1991-05-17,343.16666,streamflow,9291000,ft3/s,"['A', '[91]']",0
1991-05-18,324.0,streamflow,9291000,ft3/s,"['A', '[91]']",0
1991-05-19,275.875,streamflow,9291000,ft3/s,"['A', '[91]']",0
1991-05-20,245.20833,streamflow,9291000,ft3/s,"['A', '[91]']",0
1991-05-21,274.70834,streamflow,9291000,ft3/s,"['A', '[91]']",0
1991-05-22,290.33334,streamflow,9291000,ft3/s,"['A', '[91]']",0
1991-05-23,254.33333,streamflow,9291000,ft3/s,"['A', '[91]']",0
1991-05-24,287.79166,streamflow,9291000,ft3/s,"['A', '[91]']",0
1991-05-25,289.95834,streamflow,9291000,ft3/s,"['A', '[91]']",0
1991-05-26,235.625,streamflow,9291000,ft3/s,"['A', '[91]']",0
1991-05-27,209.04167,streamflow,9291000,ft3/s,"['A', '[91]']",0
1991-05-28,271.125,streamflow,9291000,ft3/s,"['A', '[91]']",0
1991-05-29,290.91666,streamflow,9291000,ft3/s,"['A', '[91]']",0
1991-05-30,288.625,streamflow,9291000,ft3/s,"['A', '[91]']",0
1991-05-31,290.45834,streamflow,9291000,ft3/s,"['A', '[91]']",0
1991-06-01,289.91666,streamflow,9291000,ft3/s,"['A', '[91]']",0
1991-06-02,288.75,streamflow,9291000,ft3/s,"['A', '[91]']",0
1991-06-03,287.33334,streamflow,9291000,ft3/s,"['A', '[91]']",0
1991-06-04,267.58334,streamflow,9291000,ft3/s,"['A', '[91]']",0
1991-06-05,203.83333,streamflow,9291000,ft3/s,"['A', '[91]']",0
1991-06-06,142.91667,streamflow,9291000,ft3/s,"['A', '[91]']",0
1991-06-07,150.79167,streamflow,9291000,ft3/s,"['A', '[91]']",0
1991-06-08,153.875,streamflow,9291000,ft3/s,"['A', '[91]']",0
1991-06-09,156.125,streamflow,9291000,ft3/s,"['A', '[91]']",0
1991-06-10,160.66667,streamflow,9291000,ft3/s,"['A', '[91]']",0
1991-06-11,164.625,streamflow,9291000,ft3/s,"['A', '[91]']",0
1991-06-12,169.25,streamflow,9291000,ft3/s,"['A', '[91]']",0
1991-06-13,178.0,streamflow,9291000,ft3/s,"['A', '[91]']",0
1991-06-14,190.875,streamflow,9291000,ft3/s,"['A', '[91]']",0
1991-06-15,194.375,streamflow,9291000,ft3/s,"['A', '[91]']",0
1991-06-16,196.25,streamflow,9291000,ft3/s,"['A', '[91]']",0
1991-06-17,197.75,streamflow,9291000,ft3/s,"['A', '[91]']",0
1991-06-18,199.0,streamflow,9291000,ft3/s,"['A', '[91]']",0
1991-06-19,176.5,streamflow,9291000,ft3/s,"['A', '[91]']",0
1991-06-20,139.33333,streamflow,9291000,ft3/s,"['A', '[91]']",0
1991-06-21,140.83333,streamflow,9291000,ft3/s,"['A', '[91]']",0
1991-06-22,141.45833,streamflow,9291000,ft3/s,"['A', '[91]']",0
1991-06-23,145.29167,streamflow,9291000,ft3/s,"['A', '[91]']",0
1991-06-24,139.625,streamflow,9291000,ft3/s,"['A', '[91]']",0
1991-06-25,126.083336,streamflow,9291000,ft3/s,"['A', '[91]']",0
1991-06-26,128.41667,streamflow,9291000,ft3/s,"['A', '[91]']",0
1991-06-27,144.5,streamflow,9291000,ft3/s,"['A', '[91]']",0
1991-06-28,186.75,streamflow,9291000,ft3/s,"['A', '[91]']",0
1991-06-29,186.25,streamflow,9291000,ft3/s,"['A', '[91]']",0
1991-06-30,184.75,streamflow,9291000,ft3/s,"['A', '[91]']",0
1991-07-01,182.5,streamflow,9291000,ft3/s,"['A', '[91]']",0
1991-07-02,181.0,streamflow,9291000,ft3/s,"['A', '[91]']",0
1991-07-03,178.875,streamflow,9291000,ft3/s,"['A', '[91]']",0
1991-07-04,179.75,streamflow,9291000,ft3/s,"['A', '[91]']",0
1991-07-05,179.5,streamflow,9291000,ft3/s,"['A', '[91]']",0
1991-07-06,179.25,streamflow,9291000,ft3/s,"['A', '[91]']",0
1991-07-07,179.75,streamflow,9291000,ft3/s,"['A', '[91]']",0
1991-07-08,179.625,streamflow,9291000,ft3/s,"['A', '[91]']",0
1991-07-09,208.41667,streamflow,9291000,ft3/s,"['A', '[91]']",0
1991-07-10,177.125,streamflow,9291000,ft3/s,"['A', '[91]']",0
1991-07-11,178.125,streamflow,9291000,ft3/s,"['A', '[91]']",0
1991-07-12,189.91667,streamflow,9291000,ft3/s,"['A', '[91]']",0
1991-07-13,220.04167,streamflow,9291000,ft3/s,"['A', '[91]']",0
1991-07-14,275.75,streamflow,9291000,ft3/s,"['A', '[91]']",0
1991-07-15,274.20834,streamflow,9291000,ft3/s,"['A', '[91]']",0
1991-07-16,284.875,streamflow,9291000,ft3/s,"['A', '[91]']",0
1991-07-17,311.5,streamflow,9291000,ft3/s,"['A', '[91]']",0
1991-07-18,310.54166,streamflow,9291000,ft3/s,"['A', '[91]']",0
1991-07-19,347.875,streamflow,9291000,ft3/s,"['A', '[91]']",0
1991-07-20,368.58334,streamflow,9291000,ft3/s,"['A', '[91]']",0
1991-07-21,399.20834,streamflow,9291000,ft3/s,"['A', '[91]']",0
1991-07-22,446.375,streamflow,9291000,ft3/s,"['A', '[91]']",0
1991-07-23,443.29166,streamflow,9291000,ft3/s,"['A', '[91]']",0
1991-07-24,440.41666,streamflow,9291000,ft3/s,"['A', '[91]']",0
1991-07-25,438.0,streamflow,9291000,ft3/s,"['A', '[91]']",0
1991-07-26,434.33334,streamflow,9291000,ft3/s,"['A', '[91]']",0
1991-07-27,433.91666,streamflow,9291000,ft3/s,"['A', '[91]']",0
1991-07-28,427.91666,streamflow,9291000,ft3/s,"['A', '[91]']",0
1991-07-29,423.54166,streamflow,9291000,ft3/s,"['A', '[91]']",0
1991-07-30,424.79166,streamflow,9291000,ft3/s,"['A', '[91]']",0
1991-07-31,421.25,streamflow,9291000,ft3/s,"['A', '[91]']",0
1991-08-01,416.79166,streamflow,9291000,ft3/s,"['A', '[91]']",0
1991-08-02,417.04166,streamflow,9291000,ft3/s,"['A', '[91]']",0
1991-08-03,426.20834,streamflow,9291000,ft3/s,"['A', '[91]']",0
1991-08-04,423.08334,streamflow,9291000,ft3/s,"['A', '[91]']",0
1991-08-05,419.45834,streamflow,9291000,ft3/s,"['A', '[91]']",0
1991-08-06,415.91666,streamflow,9291000,ft3/s,"['A', '[91]']",0
1991-08-07,310.75,streamflow,9291000,ft3/s,"['A', '[91]']",0
1991-08-08,298.66666,streamflow,9291000,ft3/s,"['A', '[91]']",0
1991-08-09,298.5,streamflow,9291000,ft3/s,"['A', '[91]']",0
1991-08-10,295.0,streamflow,9291000,ft3/s,"['A', '[91]']",0
1991-08-11,294.0,streamflow,9291000,ft3/s,"['A', '[91]']",0
1991-08-12,303.625,streamflow,9291000,ft3/s,"['A', '[91]']",0
1991-08-13,302.33334,streamflow,9291000,ft3/s,"['A', '[91]']",0
1991-08-14,300.83334,streamflow,9291000,ft3/s,"['A', '[91]']",0
1991-08-15,270.33334,streamflow,9291000,ft3/s,"['A', '[91]']",0
1991-08-16,223.45833,streamflow,9291000,ft3/s,"['A', '[91]']",0
1991-08-17,222.04167,streamflow,9291000,ft3/s,"['A', '[91]']",0
1991-08-18,220.58333,streamflow,9291000,ft3/s,"['A', '[91]']",0
1991-08-19,198.29167,streamflow,9291000,ft3/s,"['A', '[91]']",0
1991-08-20,64.458336,streamflow,9291000,ft3/s,"['A', '[91]']",0
1991-08-21,60.0,streamflow,9291000,ft3/s,"['A', '[91]']",0
1991-08-22,60.0,streamflow,9291000,ft3/s,"['A', '[91]']",0
1991-08-23,64.583336,streamflow,9291000,ft3/s,"['A', '[91]']",0
1991-08-24,205.16667,streamflow,9291000,ft3/s,"['A', '[91]']",0
1991-08-25,204.125,streamflow,9291000,ft3/s,"['A', '[91]']",0
1991-08-26,203.83333,streamflow,9291000,ft3/s,"['A', '[91]']",0
1991-08-27,203.75,streamflow,9291000,ft3/s,"['A', '[91]']",0
1991-08-28,203.79167,streamflow,9291000,ft3/s,"['A', '[91]']",0
1991-08-29,204.29167,streamflow,9291000,ft3/s,"['A', '[91]']",0
1991-08-30,208.66667,streamflow,9291000,ft3/s,"['A', '[91]']",0
1991-08-31,236.91667,streamflow,9291000,ft3/s,"['A', '[91]']",0
1991-09-01,238.66667,streamflow,9291000,ft3/s,"['A', '[91]']",0
1991-09-02,280.95834,streamflow,9291000,ft3/s,"['A', '[91]']",0
1991-09-03,366.875,streamflow,9291000,ft3/s,"['A', '[91]']",0
1991-09-04,261.20834,streamflow,9291000,ft3/s,"['A', '[91]']",0
1991-09-05,235.95833,streamflow,9291000,ft3/s,"['A', '[91]']",0
1991-09-06,234.83333,streamflow,9291000,ft3/s,"['A', '[91]']",0
1991-09-07,144.58333,streamflow,9291000,ft3/s,"['A', '[91]']",0
1991-09-08,140.29167,streamflow,9291000,ft3/s,"['A', '[91]']",0
1991-09-09,119.083336,streamflow,9291000,ft3/s,"['A', '[91]']",0
1991-09-10,67.083336,streamflow,9291000,ft3/s,"['A', '[91]']",0
1991-09-11,67.0,streamflow,9291000,ft3/s,"['A', '[91]']",0
1991-09-12,,streamflow,9291000,ft3/s,"['A', '[91]']",0
1991-09-13,,streamflow,9291000,ft3/s,"['A', '[91]']",0
1991-09-14,,streamflow,9291000,ft3/s,"['A', '[91]']",0
1991-09-15,,streamflow,9291000,ft3/s,"['A', '[91]']",0
1991-09-16,,streamflow,9291000,ft3/s,"['A', '[91]']",0
1991-09-17,,streamflow,9291000,ft3/s,"['A', '[91]']",0
1991-09-18,,streamflow,9291000,ft3/s,"['A', '[91]']",0
1991-09-19,,streamflow,9291000,ft3/s,"['A', '[91]']",0
1991-09-20,,streamflow,9291000,ft3/s,"['A', '[91]']",0
1991-09-21,,streamflow,9291000,ft3/s,"['A', '[91]']",0
1991-09-22,,streamflow,9291000,ft3/s,"['A', '[91]']",0
1991-09-23,,streamflow,9291000,ft3/s,"['A', '[91]']",0
1991-09-24,,streamflow,9291000,ft3/s,"['A', '[91]']",0
1991-09-25,,streamflow,9291000,ft3/s,"['A', '[91]']",0
1991-09-26,,streamflow,9291000,ft3/s,"['A', '[91]']",0
1991-09-27,,streamflow,9291000,ft3/s,"['A', '[91]']",0
1991-09-28,,streamflow,9291000,ft3/s,"['A', '[91]']",0
1991-09-29,,streamflow,9291000,ft3/s,"['A', '[91]']",0
1991-09-30,,streamflow,9291000,ft3/s,"['A', '[91]']",0
1991-10-01,0.0,streamflow,9291000,ft3/s,"['A', '[91]']",0
1991-10-02,0.0,streamflow,9291000,ft3/s,"['A', '[91]']",0
1991-10-03,0.0,streamflow,9291000,ft3/s,"['A', '[91]']",0
1991-10-04,0.0,streamflow,9291000,ft3/s,"['A', '[91]']",0
1991-10-05,0.0,streamflow,9291000,ft3/s,"['A', '[91]']",0
1991-10-06,0.0,streamflow,9291000,ft3/s,"['A', '[91]']",0
1991-10-07,0.0,streamflow,9291000,ft3/s,"['A', '[91]']",0
1991-10-08,0.0,streamflow,9291000,ft3/s,"['A', '[91]']",0
1991-10-09,0.0,streamflow,9291000,ft3/s,"['A', '[91]']",0
1991-10-10,0.0,streamflow,9291000,ft3/s,"['A', '[91]']",0
1991-10-11,0.0,streamflow,9291000,ft3/s,"['A', '[91]']",0
1991-10-12,0.0,streamflow,9291000,ft3/s,"['A', '[91]']",0
1991-10-13,0.0,streamflow,9291000,ft3/s,"['A', '[91]']",0
1991-10-14,132.33333,streamflow,9291000,ft3/s,"['A', '[91]']",0
1991-10-15,145.875,streamflow,9291000,ft3/s,"['A', '[91]']",0
1991-10-16,146.0,streamflow,9291000,ft3/s,"['A', '[91]']",0
1991-10-17,6.3708334,streamflow,9291000,ft3/s,"['A', '[91]']",0
1991-10-18,0.0,streamflow,9291000,ft3/s,"['A', '[91]']",0
1991-10-19,0.0,streamflow,9291000,ft3/s,"['A', '[91]']",0
1991-10-20,0.0,streamflow,9291000,ft3/s,"['A', '[91]']",0
1991-10-21,0.0,streamflow,9291000,ft3/s,"['A', '[91]']",0
1991-10-22,0.0,streamflow,9291000,ft3/s,"['A', '[91]']",0
1991-10-23,0.0,streamflow,9291000,ft3/s,"['A', '[91]']",0
1991-10-24,0.0,streamflow,9291000,ft3/s,"['A', '[91]']",0
1991-10-25,0.0,streamflow,9291000,ft3/s,"['A', '[91]']",0
1991-10-26,0.0,streamflow,9291000,ft3/s,"['A', '[91]']",0
1991-10-27,0.0,streamflow,9291000,ft3/s,"['A', '[91]']",0
1991-10-28,0.0,streamflow,9291000,ft3/s,"['A', '[91]']",0
1991-10-29,0.0,streamflow,9291000,ft3/s,"['A', '[91]']",0
1991-10-30,0.0,streamflow,9291000,ft3/s,"['A', '[91]']",0
1991-10-31,0.0,streamflow,9291000,ft3/s,"['A', '[91]']",0
1991-11-01,0.0,streamflow,9291000,ft3/s,"['A', '[91]']",0
1991-11-02,0.0,streamflow,9291000,ft3/s,"['A', '[91]']",0
1991-11-03,0.0,streamflow,9291000,ft3/s,"['A', '[91]']",0
1991-11-04,0.0,streamflow,9291000,ft3/s,"['A', '[91]']",0
1991-11-05,0.0,streamflow,9291000,ft3/s,"['A', '[91]']",0
1991-11-06,0.0,streamflow,9291000,ft3/s,"['A', '[91]']",0
1991-11-07,0.0,streamflow,9291000,ft3/s,"['A', '[91]']",0
1991-11-08,0.0,streamflow,9291000,ft3/s,"['A', '[91]']",0
1991-11-09,0.0,streamflow,9291000,ft3/s,"['A', '[91]']",0
1991-11-10,0.0,streamflow,9291000,ft3/s,"['A', '[91]']",0
1991-11-11,0.0,streamflow,9291000,ft3/s,"['A', '[91]']",0
1991-11-12,0.0,streamflow,9291000,ft3/s,"['A', '[91]']",0
1991-11-13,0.0,streamflow,9291000,ft3/s,"['A', '[91]']",0
1991-11-14,0.0,streamflow,9291000,ft3/s,"['A', '[91]']",0
1991-11-15,0.0,streamflow,9291000,ft3/s,"['A', '[91]']",0
1991-11-16,0.0,streamflow,9291000,ft3/s,"['A', '[91]']",0
1991-11-17,0.0,streamflow,9291000,ft3/s,"['A', '[91]']",0
1991-11-18,0.0,streamflow,9291000,ft3/s,"['A', '[91]']",0
1991-11-19,0.0,streamflow,9291000,ft3/s,"['A', '[91]']",0
1991-11-20,0.0,streamflow,9291000,ft3/s,"['A', '[91]']",0
1991-11-21,,streamflow,9291000,ft3/s,"['A', '[91]']",0
1991-11-22,,streamflow,9291000,ft3/s,"['A', '[91]']",0
1991-11-23,,streamflow,9291000,ft3/s,"['A', '[91]']",0
1991-11-24,,streamflow,9291000,ft3/s,"['A', '[91]']",0
1991-11-25,,streamflow,9291000,ft3/s,"['A', '[91]']",0
1991-11-26,,streamflow,9291000,ft3/s,"['A', '[91]']",0
1991-11-27,,streamflow,9291000,ft3/s,"['A', '[91]']",0
1991-11-28,,streamflow,9291000,ft3/s,"['A', '[91]']",0
1991-11-29,,streamflow,9291000,ft3/s,"['A', '[91]']",0
1991-11-30,,streamflow,9291000,ft3/s,"['A', '[91]']",0
1991-12-01,,streamflow,9291000,ft3/s,"['A', '[91]']",0
1991-12-02,,streamflow,9291000,ft3/s,"['A', '[91]']",0
1991-12-03,,streamflow,9291000,ft3/s,"['A', '[91]']",0
1991-12-04,,streamflow,9291000,ft3/s,"['A', '[91]']",0
1991-12-05,,streamflow,9291000,ft3/s,"['A', '[91]']",0
1991-12-06,,streamflow,9291000,ft3/s,"['A', '[91]']",0
1991-12-07,,streamflow,9291000,ft3/s,"['A', '[91]']",0
1991-12-08,,streamflow,9291000,ft3/s,"['A', '[91]']",0
1991-12-09,,streamflow,9291000,ft3/s,"['A', '[91]']",0
1991-12-10,,streamflow,9291000,ft3/s,"['A', '[91]']",0
1991-12-11,,streamflow,9291000,ft3/s,"['A', '[91]']",0
1991-12-12,,streamflow,9291000,ft3/s,"['A', '[91]']",0
1991-12-13,,streamflow,9291000,ft3/s,"['A', '[91]']",0
1991-12-14,,streamflow,9291000,ft3/s,"['A', '[91]']",0
1991-12-15,,streamflow,9291000,ft3/s,"['A', '[91]']",0
1991-12-16,,streamflow,9291000,ft3/s,"['A', '[91]']",0
1991-12-17,,streamflow,9291000,ft3/s,"['A', '[91]']",0
1991-12-18,,streamflow,9291000,ft3/s,"['A', '[91]']",0
1991-12-19,,streamflow,9291000,ft3/s,"['A', '[91]']",0
1991-12-20,,streamflow,9291000,ft3/s,"['A', '[91]']",0
1991-12-21,,streamflow,9291000,ft3/s,"['A', '[91]']",0
1991-12-22,,streamflow,9291000,ft3/s,"['A', '[91]']",0
1991-12-23,,streamflow,9291000,ft3/s,"['A', '[91]']",0
1991-12-24,,streamflow,9291000,ft3/s,"['A', '[91]']",0
1991-12-25,,streamflow,9291000,ft3/s,"['A', '[91]']",0
1991-12-26,,streamflow,9291000,ft3/s,"['A', '[91]']",0
1991-12-27,,streamflow,9291000,ft3/s,"['A', '[91]']",0
1991-12-28,,streamflow,9291000,ft3/s,"['A', '[91]']",0
1991-12-29,,streamflow,9291000,ft3/s,"['A', '[91]']",0
1991-12-30,,streamflow,9291000,ft3/s,"['A', '[91]']",0
1991-12-31,,streamflow,9291000,ft3/s,"['A', '[91]']",0
1992-01-01,,streamflow,9291000,ft3/s,"['A', '[91]']",0
1992-01-02,,streamflow,9291000,ft3/s,"['A', '[91]']",0
1992-01-03,,streamflow,9291000,ft3/s,"['A', '[91]']",0
1992-01-04,,streamflow,9291000,ft3/s,"['A', '[91]']",0
1992-01-05,,streamflow,9291000,ft3/s,"['A', '[91]']",0
1992-01-06,,streamflow,9291000,ft3/s,"['A', '[91]']",0
1992-01-07,,streamflow,9291000,ft3/s,"['A', '[91]']",0
1992-01-08,,streamflow,9291000,ft3/s,"['A', '[91]']",0
1992-01-09,,streamflow,9291000,ft3/s,"['A', '[91]']",0
1992-01-10,,streamflow,9291000,ft3/s,"['A', '[91]']",0
1992-01-11,,streamflow,9291000,ft3/s,"['A', '[91]']",0
1992-01-12,,streamflow,9291000,ft3/s,"['A', '[91]']",0
1992-01-13,,streamflow,9291000,ft3/s,"['A', '[91]']",0
1992-01-14,,streamflow,9291000,ft3/s,"['A', '[91]']",0
1992-01-15,,streamflow,9291000,ft3/s,"['A', '[91]']",0
1992-01-16,,streamflow,9291000,ft3/s,"['A', '[91]']",0
1992-01-17,,streamflow,9291000,ft3/s,"['A', '[91]']",0
1992-01-18,,streamflow,9291000,ft3/s,"['A', '[91]']",0
1992-01-19,,streamflow,9291000,ft3/s,"['A', '[91]']",0
1992-01-20,,streamflow,9291000,ft3/s,"['A', '[91]']",0
1992-01-21,,streamflow,9291000,ft3/s,"['A', '[91]']",0
1992-01-22,,streamflow,9291000,ft3/s,"['A', '[91]']",0
1992-01-23,,streamflow,9291000,ft3/s,"['A', '[91]']",0
1992-01-24,,streamflow,9291000,ft3/s,"['A', '[91]']",0
1992-01-25,,streamflow,9291000,ft3/s,"['A', '[91]']",0
1992-01-26,,streamflow,9291000,ft3/s,"['A', '[91]']",0
1992-01-27,,streamflow,9291000,ft3/s,"['A', '[91]']",0
1992-01-28,,streamflow,9291000,ft3/s,"['A', '[91]']",0
1992-01-29,,streamflow,9291000,ft3/s,"['A', '[91]']",0
1992-01-30,,streamflow,9291000,ft3/s,"['A', '[91]']",0
1992-01-31,,streamflow,9291000,ft3/s,"['A', '[91]']",0
1992-02-01,,streamflow,9291000,ft3/s,"['A', '[91]']",0
1992-02-02,,streamflow,9291000,ft3/s,"['A', '[91]']",0
1992-02-03,,streamflow,9291000,ft3/s,"['A', '[91]']",0
1992-02-04,,streamflow,9291000,ft3/s,"['A', '[91]']",0
1992-02-05,,streamflow,9291000,ft3/s,"['A', '[91]']",0
1992-02-06,,streamflow,9291000,ft3/s,"['A', '[91]']",0
1992-02-07,,streamflow,9291000,ft3/s,"['A', '[91]']",0
1992-02-08,,streamflow,9291000,ft3/s,"['A', '[91]']",0
1992-02-09,,streamflow,9291000,ft3/s,"['A', '[91]']",0
1992-02-10,,streamflow,9291000,ft3/s,"['A', '[91]']",0
1992-02-11,,streamflow,9291000,ft3/s,"['A', '[91]']",0
1992-02-12,,streamflow,9291000,ft3/s,"['A', '[91]']",0
1992-02-13,,streamflow,9291000,ft3/s,"['A', '[91]']",0
1992-02-14,,streamflow,9291000,ft3/s,"['A', '[91]']",0
1992-02-15,,streamflow,9291000,ft3/s,"['A', '[91]']",0
1992-02-16,,streamflow,9291000,ft3/s,"['A', '[91]']",0
1992-02-17,,streamflow,9291000,ft3/s,"['A', '[91]']",0
1992-02-18,,streamflow,9291000,ft3/s,"['A', '[91]']",0
1992-02-19,,streamflow,9291000,ft3/s,"['A', '[91]']",0
1992-02-20,,streamflow,9291000,ft3/s,"['A', '[91]']",0
1992-02-21,,streamflow,9291000,ft3/s,"['A', '[91]']",0
1992-02-22,,streamflow,9291000,ft3/s,"['A', '[91]']",0
1992-02-23,,streamflow,9291000,ft3/s,"['A', '[91]']",0
1992-02-24,,streamflow,9291000,ft3/s,"['A', '[91]']",0
1992-02-25,,streamflow,9291000,ft3/s,"['A', '[91]']",0
1992-02-26,,streamflow,9291000,ft3/s,"['A', '[91]']",0
1992-02-27,,streamflow,9291000,ft3/s,"['A', '[91]']",0
1992-02-28,,streamflow,9291000,ft3/s,"['A', '[91]']",0
1992-02-29,,streamflow,9291000,ft3/s,"['A', '[91]']",0
1992-03-01,,streamflow,9291000,ft3/s,"['A', '[91]']",0
1992-03-02,,streamflow,9291000,ft3/s,"['A', '[91]']",0
1992-03-03,,streamflow,9291000,ft3/s,"['A', '[91]']",0
1992-03-04,,streamflow,9291000,ft3/s,"['A', '[91]']",0
1992-03-05,,streamflow,9291000,ft3/s,"['A', '[91]']",0
1992-03-06,,streamflow,9291000,ft3/s,"['A', '[91]']",0
1992-03-07,,streamflow,9291000,ft3/s,"['A', '[91]']",0
1992-03-08,,streamflow,9291000,ft3/s,"['A', '[91]']",0
1992-03-09,,streamflow,9291000,ft3/s,"['A', '[91]']",0
1992-03-10,,streamflow,9291000,ft3/s,"['A', '[91]']",0
1992-03-11,,streamflow,9291000,ft3/s,"['A', '[91]']",0
1992-03-12,0.0,streamflow,9291000,ft3/s,"['A', '[91]']",0
1992-03-13,0.0,streamflow,9291000,ft3/s,"['A', '[91]']",0
1992-03-14,0.0,streamflow,9291000,ft3/s,"['A', '[91]']",0
1992-03-15,0.0,streamflow,9291000,ft3/s,"['A', '[91]']",0
1992-03-16,0.0,streamflow,9291000,ft3/s,"['A', '[91]']",0
1992-03-17,0.0,streamflow,9291000,ft3/s,"['A', '[91]']",0
1992-03-18,0.0,streamflow,9291000,ft3/s,"['A', '[91]']",0
1992-03-19,0.0,streamflow,9291000,ft3/s,"['A', '[91]']",0
1992-03-20,0.0,streamflow,9291000,ft3/s,"['A', '[91]']",0
1992-03-21,0.0,streamflow,9291000,ft3/s,"['A', '[91]']",0
1992-03-22,0.0,streamflow,9291000,ft3/s,"['A', '[91]']",0
1992-03-23,0.0,streamflow,9291000,ft3/s,"['A', '[91]']",0
1992-03-24,0.0,streamflow,9291000,ft3/s,"['A', '[91]']",0
1992-03-25,0.0,streamflow,9291000,ft3/s,"['A', '[91]']",0
1992-03-26,0.0,streamflow,9291000,ft3/s,"['A', '[91]']",0
1992-03-27,0.0,streamflow,9291000,ft3/s,"['A', '[91]']",0
1992-03-28,0.0,streamflow,9291000,ft3/s,"['A', '[91]']",0
1992-03-29,0.0,streamflow,9291000,ft3/s,"['A', '[91]']",0
1992-03-30,0.0,streamflow,9291000,ft3/s,"['A', '[91]']",0
1992-03-31,0.0,streamflow,9291000,ft3/s,"['A', '[91]']",0
1992-04-01,0.0,streamflow,9291000,ft3/s,"['A', '[91]']",0
1992-04-02,0.0,streamflow,9291000,ft3/s,"['A', '[91]']",0
1992-04-03,0.0,streamflow,9291000,ft3/s,"['A', '[91]']",0
1992-04-04,0.0,streamflow,9291000,ft3/s,"['A', '[91]']",0
1992-04-05,0.0,streamflow,9291000,ft3/s,"['A', '[91]']",0
1992-04-06,0.0,streamflow,9291000,ft3/s,"['A', '[91]']",0
1992-04-07,0.0,streamflow,9291000,ft3/s,"['A', '[91]']",0
1992-04-08,0.0,streamflow,9291000,ft3/s,"['A', '[91]']",0
1992-04-09,0.0,streamflow,9291000,ft3/s,"['A', '[91]']",0
1992-04-10,0.0,streamflow,9291000,ft3/s,"['A', '[91]']",0
1992-04-11,0.0,streamflow,9291000,ft3/s,"['A', '[91]']",0
1992-04-12,0.0,streamflow,9291000,ft3/s,"['A', '[91]']",0
1992-04-13,0.0,streamflow,9291000,ft3/s,"['A', '[91]']",0
1992-04-14,0.0,streamflow,9291000,ft3/s,"['A', '[91]']",0
1992-04-15,0.0,streamflow,9291000,ft3/s,"['A', '[91]']",0
1992-04-16,0.0,streamflow,9291000,ft3/s,"['A', '[91]']",0
1992-04-17,0.0,streamflow,9291000,ft3/s,"['A', '[91]']",0
1992-04-18,0.0,streamflow,9291000,ft3/s,"['A', '[91]']",0
1992-04-19,0.0,streamflow,9291000,ft3/s,"['A', '[91]']",0
1992-04-20,0.0,streamflow,9291000,ft3/s,"['A', '[91]']",0
1992-04-21,0.0,streamflow,9291000,ft3/s,"['A', '[91]']",0
1992-04-22,0.0,streamflow,9291000,ft3/s,"['A', '[91]']",0
1992-04-23,0.0,streamflow,9291000,ft3/s,"['A', '[91]']",0
1992-04-24,0.0,streamflow,9291000,ft3/s,"['A', '[91]']",0
1992-04-25,0.0,streamflow,9291000,ft3/s,"['A', '[91]']",0
1992-04-26,0.0,streamflow,9291000,ft3/s,"['A', '[91]']",0
1992-04-27,35.333332,streamflow,9291000,ft3/s,"['A', '[91]']",0
1992-04-28,126.916664,streamflow,9291000,ft3/s,"['A', '[91]']",0
1992-04-29,198.25,streamflow,9291000,ft3/s,"['A', '[91]']",0
1992-04-30,218.0,streamflow,9291000,ft3/s,"['A', '[91]']",0
1992-05-01,394.25,streamflow,9291000,ft3/s,"['A', '[91]']",0
1992-05-02,404.79166,streamflow,9291000,ft3/s,"['A', '[91]']",0
1992-05-03,402.66666,streamflow,9291000,ft3/s,"['A', '[91]']",0
1992-05-04,395.91666,streamflow,9291000,ft3/s,"['A', '[91]']",0
1992-05-05,349.0,streamflow,9291000,ft3/s,"['A', '[91]']",0
1992-05-06,349.83334,streamflow,9291000,ft3/s,"['A', '[91]']",0
1992-05-07,329.95834,streamflow,9291000,ft3/s,"['A', '[91]']",0
1992-05-08,282.25,streamflow,9291000,ft3/s,"['A', '[91]']",0
1992-05-09,240.91667,streamflow,9291000,ft3/s,"['A', '[91]']",0
1992-05-10,301.875,streamflow,9291000,ft3/s,"['A', '[91]']",0
1992-05-11,316.5,streamflow,9291000,ft3/s,"['A', '[91]']",0
1992-05-12,353.66666,streamflow,9291000,ft3/s,"['A', '[91]']",0
1992-05-13,325.0,streamflow,9291000,ft3/s,"['A', '[91]']",0
1992-05-14,285.83334,streamflow,9291000,ft3/s,"['A', '[91]']",0
1992-05-15,255.45833,streamflow,9291000,ft3/s,"['A', '[91]']",0
1992-05-16,185.875,streamflow,9291000,ft3/s,"['A', '[91]']",0
1992-05-17,186.375,streamflow,9291000,ft3/s,"['A', '[91]']",0
1992-05-18,186.375,streamflow,9291000,ft3/s,"['A', '[91]']",0
1992-05-19,186.625,streamflow,9291000,ft3/s,"['A', '[91]']",0
1992-05-20,184.58333,streamflow,9291000,ft3/s,"['A', '[91]']",0
1992-05-21,129.20833,streamflow,9291000,ft3/s,"['A', '[91]']",0
1992-05-22,143.0,streamflow,9291000,ft3/s,"['A', '[91]']",0
1992-05-23,144.375,streamflow,9291000,ft3/s,"['A', '[91]']",0
1992-05-24,144.125,streamflow,9291000,ft3/s,"['A', '[91]']",0
1992-05-25,145.5,streamflow,9291000,ft3/s,"['A', '[91]']",0
1992-05-26,146.0,streamflow,9291000,ft3/s,"['A', '[91]']",0
1992-05-27,146.58333,streamflow,9291000,ft3/s,"['A', '[91]']",0
1992-05-28,147.79167,streamflow,9291000,ft3/s,"['A', '[91]']",0
1992-05-29,147.625,streamflow,9291000,ft3/s,"['A', '[91]']",0
1992-05-30,149.16667,streamflow,9291000,ft3/s,"['A', '[91]']",0
1992-05-31,156.08333,streamflow,9291000,ft3/s,"['A', '[91]']",0
1992-06-01,176.5,streamflow,9291000,ft3/s,"['A', '[91]']",0
1992-06-02,201.625,streamflow,9291000,ft3/s,"['A', '[91]']",0
1992-06-03,207.79167,streamflow,9291000,ft3/s,"['A', '[91]']",0
1992-06-04,221.0,streamflow,9291000,ft3/s,"['A', '[91]']",0
1992-06-05,202.5,streamflow,9291000,ft3/s,"['A', '[91]']",0
1992-06-06,208.54167,streamflow,9291000,ft3/s,"['A', '[91]']",0
1992-06-07,219.875,streamflow,9291000,ft3/s,"['A', '[91]']",0
1992-06-08,253.45833,streamflow,9291000,ft3/s,"['A', '[91]']",0
1992-06-09,282.83334,streamflow,9291000,ft3/s,"['A', '[91]']",0
1992-06-10,358.83334,streamflow,9291000,ft3/s,"['A', '[91]']",0
1992-06-11,354.5,streamflow,9291000,ft3/s,"['A', '[91]']",0
1992-06-12,368.5,streamflow,9291000,ft3/s,"['A', '[91]']",0
1992-06-13,392.79166,streamflow,9291000,ft3/s,"['A', '[91]']",0
1992-06-14,392.54166,streamflow,9291000,ft3/s,"['A', '[91]']",0
1992-06-15,416.58334,streamflow,9291000,ft3/s,"['A', '[91]']",0
1992-06-16,460.41666,streamflow,9291000,ft3/s,"['A', '[91]']",0
1992-06-17,457.75,streamflow,9291000,ft3/s,"['A', '[91]']",0
1992-06-18,473.79166,streamflow,9291000,ft3/s,"['A', '[91]']",0
1992-06-19,487.66666,streamflow,9291000,ft3/s,"['A', '[91]']",0
1992-06-20,514.8333,streamflow,9291000,ft3/s,"['A', '[91]']",0
1992-06-21,509.25,streamflow,9291000,ft3/s,"['A', '[91]']",0
1992-06-22,499.91666,streamflow,9291000,ft3/s,"['A', '[91]']",0
1992-06-23,497.54166,streamflow,9291000,ft3/s,"['A', '[91]']",0
1992-06-24,495.16666,streamflow,9291000,ft3/s,"['A', '[91]']",0
1992-06-25,482.625,streamflow,9291000,ft3/s,"['A', '[91]']",0
1992-06-26,455.125,streamflow,9291000,ft3/s,"['A', '[91]']",0
1992-06-27,429.0,streamflow,9291000,ft3/s,"['A', '[91]']",0
1992-06-28,426.41666,streamflow,9291000,ft3/s,"['A', '[91]']",0
1992-06-29,424.0,streamflow,9291000,ft3/s,"['A', '[91]']",0
1992-06-30,420.45834,streamflow,9291000,ft3/s,"['A', '[91]']",0
1992-07-01,431.91666,streamflow,9291000,ft3/s,"['A', '[91]']",0
1992-07-02,436.33334,streamflow,9291000,ft3/s,"['A', '[91]']",0
1992-07-03,427.41666,streamflow,9291000,ft3/s,"['A', '[91]']",0
1992-07-04,443.5,streamflow,9291000,ft3/s,"['A', '[91]']",0
1992-07-05,444.70834,streamflow,9291000,ft3/s,"['A', '[91]']",0
1992-07-06,440.54166,streamflow,9291000,ft3/s,"['A', '[91]']",0
1992-07-07,435.58334,streamflow,9291000,ft3/s,"['A', '[91]']",0
1992-07-08,356.875,streamflow,9291000,ft3/s,"['A', '[91]']",0
1992-07-09,334.5,streamflow,9291000,ft3/s,"['A', '[91]']",0
1992-07-10,215.25,streamflow,9291000,ft3/s,"['A', '[91]']",0
1992-07-11,186.54167,streamflow,9291000,ft3/s,"['A', '[91]']",0
1992-07-12,185.625,streamflow,9291000,ft3/s,"['A', '[91]']",0
1992-07-13,185.75,streamflow,9291000,ft3/s,"['A', '[91]']",0
1992-07-14,184.875,streamflow,9291000,ft3/s,"['A', '[91]']",0
1992-07-15,184.5,streamflow,9291000,ft3/s,"['A', '[91]']",0
1992-07-16,183.875,streamflow,9291000,ft3/s,"['A', '[91]']",0
1992-07-17,183.5,streamflow,9291000,ft3/s,"['A', '[91]']",0
1992-07-18,182.375,streamflow,9291000,ft3/s,"['A', '[91]']",0
1992-07-19,181.875,streamflow,9291000,ft3/s,"['A', '[91]']",0
1992-07-20,181.375,streamflow,9291000,ft3/s,"['A', '[91]']",0
1992-07-21,180.125,streamflow,9291000,ft3/s,"['A', '[91]']",0
1992-07-22,245.875,streamflow,9291000,ft3/s,"['A', '[91]']",0
1992-07-23,222.0,streamflow,9291000,ft3/s,"['A', '[91]']",0
1992-07-24,321.66666,streamflow,9291000,ft3/s,"['A', '[91]']",0
1992-07-25,313.54166,streamflow,9291000,ft3/s,"['A', '[91]']",0
1992-07-26,305.66666,streamflow,9291000,ft3/s,"['A', '[91]']",0
1992-07-27,301.5,streamflow,9291000,ft3/s,"['A', '[91]']",0
1992-07-28,295.83334,streamflow,9291000,ft3/s,"['A', '[91]']",0
1992-07-29,291.20834,streamflow,9291000,ft3/s,"['A', '[91]']",0
1992-07-30,293.58334,streamflow,9291000,ft3/s,"['A', '[91]']",0
1992-07-31,309.375,streamflow,9291000,ft3/s,"['A', '[91]']",0
1992-08-01,302.0,streamflow,9291000,ft3/s,"['A', '[91]']",0
1992-08-02,293.91666,streamflow,9291000,ft3/s,"['A', '[91]']",0
1992-08-03,284.5,streamflow,9291000,ft3/s,"['A', '[91]']",0
1992-08-04,206.375,streamflow,9291000,ft3/s,"['A', '[91]']",0
1992-08-05,131.95833,streamflow,9291000,ft3/s,"['A', '[91]']",0
1992-08-06,100.625,streamflow,9291000,ft3/s,"['A', '[91]']",0
1992-08-07,86.791664,streamflow,9291000,ft3/s,"['A', '[91]']",0
1992-08-08,80.333336,streamflow,9291000,ft3/s,"['A', '[91]']",0
1992-08-09,78.916664,streamflow,9291000,ft3/s,"['A', '[91]']",0
1992-08-10,61.345833,streamflow,9291000,ft3/s,"['A', '[91]']",0
1992-08-11,76.75,streamflow,9291000,ft3/s,"['A', '[91]']",0
1992-08-12,65.166664,streamflow,9291000,ft3/s,"['A', '[91]']",0
1992-08-13,61.833332,streamflow,9291000,ft3/s,"['A', '[91]']",0
1992-08-14,60.166668,streamflow,9291000,ft3/s,"['A', '[91]']",0
1992-08-15,59.0,streamflow,9291000,ft3/s,"['A', '[91]']",0
1992-08-16,58.666668,streamflow,9291000,ft3/s,"['A', '[91]']",0
1992-08-17,57.5,streamflow,9291000,ft3/s,"['A', '[91]']",0
1992-08-18,57.416668,streamflow,9291000,ft3/s,"['A', '[91]']",0
1992-08-19,55.708332,streamflow,9291000,ft3/s,"['A', '[91]']",0
1992-08-20,55.208332,streamflow,9291000,ft3/s,"['A', '[91]']",0
1992-08-21,47.954166,streamflow,9291000,ft3/s,"['A', '[91]']",0
1992-08-22,0.87083334,streamflow,9291000,ft3/s,"['A', '[91]']",0
1992-08-23,0.0,streamflow,9291000,ft3/s,"['A', '[91]']",0
1992-08-24,0.0,streamflow,9291000,ft3/s,"['A', '[91]']",0
1992-08-25,0.0,streamflow,9291000,ft3/s,"['A', '[91]']",0
1992-08-26,0.0,streamflow,9291000,ft3/s,"['A', '[91]']",0
1992-08-27,0.0,streamflow,9291000,ft3/s,"['A', '[91]']",0
1992-08-28,0.0,streamflow,9291000,ft3/s,"['A', '[91]']",0
1992-08-29,0.0,streamflow,9291000,ft3/s,"['A', '[91]']",0
1992-08-30,0.0,streamflow,9291000,ft3/s,"['A', '[91]']",0
1992-08-31,0.0,streamflow,9291000,ft3/s,"['A', '[91]']",0
1992-09-01,0.0,streamflow,9291000,ft3/s,"['A', '[91]']",0
1992-09-02,0.0,streamflow,9291000,ft3/s,"['A', '[91]']",0
1992-09-03,0.0,streamflow,9291000,ft3/s,"['A', '[91]']",0
1992-09-04,0.0,streamflow,9291000,ft3/s,"['A', '[91]']",0
1992-09-05,0.0,streamflow,9291000,ft3/s,"['A', '[91]']",0
1992-09-06,0.0,streamflow,9291000,ft3/s,"['A', '[91]']",0
1992-09-07,0.0,streamflow,9291000,ft3/s,"['A', '[91]']",0
1992-09-08,0.0,streamflow,9291000,ft3/s,"['A', '[91]']",0
1992-09-09,0.0,streamflow,9291000,ft3/s,"['A', '[91]']",0
1992-09-10,0.0,streamflow,9291000,ft3/s,"['A', '[91]']",0
1992-09-11,0.0,streamflow,9291000,ft3/s,"['A', '[91]']",0
1992-09-12,0.0,streamflow,9291000,ft3/s,"['A', '[91]']",0
1992-09-13,0.0,streamflow,9291000,ft3/s,"['A', '[91]']",0
1992-09-14,0.0,streamflow,9291000,ft3/s,"['A', '[91]']",0
1992-09-15,0.0,streamflow,9291000,ft3/s,"['A', '[91]']",0
1992-09-16,0.0,streamflow,9291000,ft3/s,"['A', '[91]']",0
1992-09-17,0.0,streamflow,9291000,ft3/s,"['A', '[91]']",0
1992-09-18,0.0,streamflow,9291000,ft3/s,"['A', '[91]']",0
1992-09-19,0.0,streamflow,9291000,ft3/s,"['A', '[91]']",0
1992-09-20,0.0,streamflow,9291000,ft3/s,"['A', '[91]']",0
1992-09-21,0.0,streamflow,9291000,ft3/s,"['A', '[91]']",0
1992-09-22,0.0,streamflow,9291000,ft3/s,"['A', '[91]']",0
1992-09-23,0.0,streamflow,9291000,ft3/s,"['A', '[91]']",0
1992-09-24,0.0,streamflow,9291000,ft3/s,"['A', '[91]']",0
1992-09-25,0.0,streamflow,9291000,ft3/s,"['A', '[91]']",0
1992-09-26,0.0,streamflow,9291000,ft3/s,"['A', '[91]']",0
1992-09-27,0.0,streamflow,9291000,ft3/s,"['A', '[91]']",0
1992-09-28,0.0,streamflow,9291000,ft3/s,"['A', '[91]']",0
1992-09-29,0.0,streamflow,9291000,ft3/s,"['A', '[91]']",0
1992-09-30,0.0,streamflow,9291000,ft3/s,"['A', '[91]']",0
1992-10-01,0.0,streamflow,9291000,ft3/s,"['A', '[91]']",0
1992-10-02,0.0,streamflow,9291000,ft3/s,"['A', '[91]']",0
1992-10-03,0.0,streamflow,9291000,ft3/s,"['A', '[91]']",0
1992-10-04,0.0,streamflow,9291000,ft3/s,"['A', '[91]']",0
1992-10-05,0.0,streamflow,9291000,ft3/s,"['A', '[91]']",0
1992-10-06,0.0,streamflow,9291000,ft3/s,"['A', '[91]']",0
1992-10-07,0.0,streamflow,9291000,ft3/s,"['A', '[91]']",0
1992-10-08,0.0,streamflow,9291000,ft3/s,"['A', '[91]']",0
1992-10-09,0.0,streamflow,9291000,ft3/s,"['A', '[91]']",0
1992-10-10,0.0,streamflow,9291000,ft3/s,"['A', '[91]']",0
1992-10-11,0.0,streamflow,9291000,ft3/s,"['A', '[91]']",0
1992-10-12,0.0,streamflow,9291000,ft3/s,"['A', '[91]']",0
1992-10-13,0.0,streamflow,9291000,ft3/s,"['A', '[91]']",0
1992-10-14,0.0,streamflow,9291000,ft3/s,"['A', '[91]']",0
1992-10-15,0.0,streamflow,9291000,ft3/s,"['A', '[91]']",0
1992-10-16,0.0,streamflow,9291000,ft3/s,"['A', '[91]']",0
1992-10-17,0.0,streamflow,9291000,ft3/s,"['A', '[91]']",0
1992-10-18,0.0,streamflow,9291000,ft3/s,"['A', '[91]']",0
1992-10-19,110.25,streamflow,9291000,ft3/s,"['A', '[91]']",0
1992-10-20,109.833336,streamflow,9291000,ft3/s,"['A', '[91]']",0
1992-10-21,105.416664,streamflow,9291000,ft3/s,"['A', '[91]']",0
1992-10-22,109.583336,streamflow,9291000,ft3/s,"['A', '[91]']",0
1992-10-23,0.47291666,streamflow,9291000,ft3/s,"['A', '[91]']",0
1992-10-24,0.0,streamflow,9291000,ft3/s,"['A', '[91]']",0
1992-10-25,0.0,streamflow,9291000,ft3/s,"['A', '[91]']",0
1992-10-26,0.0,streamflow,9291000,ft3/s,"['A', '[91]']",0
1992-10-27,0.0,streamflow,9291000,ft3/s,"['A', '[91]']",0
1992-10-28,0.0,streamflow,9291000,ft3/s,"['A', '[91]']",0
1992-10-29,0.0,streamflow,9291000,ft3/s,"['A', '[91]']",0
1992-10-30,0.0,streamflow,9291000,ft3/s,"['A', '[91]']",0
1992-10-31,0.0,streamflow,9291000,ft3/s,"['A', '[91]']",0
1992-11-01,0.0,streamflow,9291000,ft3/s,"['A', '[91]']",0
1992-11-02,0.0,streamflow,9291000,ft3/s,"['A', '[91]']",0
1992-11-03,0.0,streamflow,9291000,ft3/s,"['A', '[91]']",0
1992-11-04,0.0,streamflow,9291000,ft3/s,"['A', '[91]']",0
1992-11-05,0.0,streamflow,9291000,ft3/s,"['A', '[91]']",0
1992-11-06,0.0,streamflow,9291000,ft3/s,"['A', '[91]']",0
1992-11-07,0.0,streamflow,9291000,ft3/s,"['A', '[91]']",0
1992-11-08,0.0,streamflow,9291000,ft3/s,"['A', '[91]']",0
1992-11-09,0.0,streamflow,9291000,ft3/s,"['A', '[91]']",0
1992-11-10,0.0,streamflow,9291000,ft3/s,"['A', '[91]']",0
1992-11-11,0.0,streamflow,9291000,ft3/s,"['A', '[91]']",0
1992-11-12,0.0,streamflow,9291000,ft3/s,"['A', '[91]']",0
1992-11-13,0.0,streamflow,9291000,ft3/s,"['A', '[91]']",0
1992-11-14,0.0,streamflow,9291000,ft3/s,"['A', '[91]']",0
1992-11-15,0.0,streamflow,9291000,ft3/s,"['A', '[91]']",0
1992-11-16,0.0,streamflow,9291000,ft3/s,"['A', '[91]']",0
1992-11-17,0.0,streamflow,9291000,ft3/s,"['A', '[91]']",0
1992-11-18,0.0,streamflow,9291000,ft3/s,"['A', '[91]']",0
1992-11-19,0.0,streamflow,9291000,ft3/s,"['A', '[91]']",0
1992-11-20,0.0,streamflow,9291000,ft3/s,"['A', '[91]']",0
1992-11-21,0.0,streamflow,9291000,ft3/s,"['A', '[91]']",0
1992-11-22,0.0,streamflow,9291000,ft3/s,"['A', '[91]']",0
1992-11-23,0.0,streamflow,9291000,ft3/s,"['A', '[91]']",0
1992-11-24,0.0,streamflow,9291000,ft3/s,"['A', '[91]']",0
1992-11-25,0.0,streamflow,9291000,ft3/s,"['A', '[91]']",0
1992-11-26,0.0,streamflow,9291000,ft3/s,"['A', '[91]']",0
1992-11-27,0.0,streamflow,9291000,ft3/s,"['A', '[91]']",0
1992-11-28,0.0,streamflow,9291000,ft3/s,"['A', '[91]']",0
1992-11-29,0.0,streamflow,9291000,ft3/s,"['A', '[91]']",0
1992-11-30,0.0,streamflow,9291000,ft3/s,"['A', '[91]']",0
1992-12-01,0.0,streamflow,9291000,ft3/s,"['A', '[91]']",0
1992-12-02,0.0,streamflow,9291000,ft3/s,"['A', '[91]']",0
1992-12-03,0.0,streamflow,9291000,ft3/s,"['A', '[91]']",0
1992-12-04,0.0,streamflow,9291000,ft3/s,"['A', '[91]']",0
1992-12-05,0.0,streamflow,9291000,ft3/s,"['A', '[91]']",0
1992-12-06,0.0,streamflow,9291000,ft3/s,"['A', '[91]']",0
1992-12-07,0.0,streamflow,9291000,ft3/s,"['A', '[91]']",0
1992-12-08,0.0,streamflow,9291000,ft3/s,"['A', '[91]']",0
1992-12-09,0.0,streamflow,9291000,ft3/s,"['A', '[91]']",0
1992-12-10,0.0,streamflow,9291000,ft3/s,"['A', '[91]']",0
1992-12-11,0.0,streamflow,9291000,ft3/s,"['A', '[91]']",0
1992-12-12,0.0,streamflow,9291000,ft3/s,"['A', '[91]']",0
1992-12-13,0.0,streamflow,9291000,ft3/s,"['A', '[91]']",0
1992-12-14,0.0,streamflow,9291000,ft3/s,"['A', '[91]']",0
1992-12-15,0.0,streamflow,9291000,ft3/s,"['A', '[91]']",0
1992-12-16,0.0,streamflow,9291000,ft3/s,"['A', '[91]']",0
1992-12-17,0.0,streamflow,9291000,ft3/s,"['A', '[91]']",0
1992-12-18,0.0,streamflow,9291000,ft3/s,"['A', '[91]']",0
1992-12-19,0.0,streamflow,9291000,ft3/s,"['A', '[91]']",0
1992-12-20,0.0,streamflow,9291000,ft3/s,"['A', '[91]']",0
1992-12-21,0.0,streamflow,9291000,ft3/s,"['A', '[91]']",0
1992-12-22,0.0,streamflow,9291000,ft3/s,"['A', '[91]']",0
1992-12-23,0.0,streamflow,9291000,ft3/s,"['A', '[91]']",0
1992-12-24,0.0,streamflow,9291000,ft3/s,"['A', '[91]']",0
1992-12-25,0.0,streamflow,9291000,ft3/s,"['A', '[91]']",0
1992-12-26,0.0,streamflow,9291000,ft3/s,"['A', '[91]']",0
1992-12-27,0.0,streamflow,9291000,ft3/s,"['A', '[91]']",0
1992-12-28,0.0,streamflow,9291000,ft3/s,"['A', '[91]']",0
1992-12-29,0.0,streamflow,9291000,ft3/s,"['A', '[91]']",0
1992-12-30,0.0,streamflow,9291000,ft3/s,"['A', '[91]']",0
1992-12-31,0.0,streamflow,9291000,ft3/s,"['A', '[91]']",0
1993-01-01,0.0,streamflow,9291000,ft3/s,"['A', '[91]']",0
1993-01-02,0.0,streamflow,9291000,ft3/s,"['A', '[91]']",0
1993-01-03,0.0,streamflow,9291000,ft3/s,"['A', '[91]']",0
1993-01-04,0.0,streamflow,9291000,ft3/s,"['A', '[91]']",0
1993-01-05,0.0,streamflow,9291000,ft3/s,"['A', '[91]']",0
1993-01-06,0.0,streamflow,9291000,ft3/s,"['A', '[91]']",0
1993-01-07,0.0,streamflow,9291000,ft3/s,"['A', '[91]']",0
1993-01-08,0.0,streamflow,9291000,ft3/s,"['A', '[91]']",0
1993-01-09,0.0,streamflow,9291000,ft3/s,"['A', '[91]']",0
1993-01-10,0.0,streamflow,9291000,ft3/s,"['A', '[91]']",0
1993-01-11,0.0,streamflow,9291000,ft3/s,"['A', '[91]']",0
1993-01-12,0.0,streamflow,9291000,ft3/s,"['A', '[91]']",0
1993-01-13,0.0,streamflow,9291000,ft3/s,"['A', '[91]']",0
1993-01-14,0.0,streamflow,9291000,ft3/s,"['A', '[91]']",0
1993-01-15,0.0,streamflow,9291000,ft3/s,"['A', '[91]']",0
1993-01-16,0.0,streamflow,9291000,ft3/s,"['A', '[91]']",0
1993-01-17,0.0,streamflow,9291000,ft3/s,"['A', '[91]']",0
1993-01-18,0.0,streamflow,9291000,ft3/s,"['A', '[91]']",0
1993-01-19,0.0,streamflow,9291000,ft3/s,"['A', '[91]']",0
1993-01-20,0.0,streamflow,9291000,ft3/s,"['A', '[91]']",0
1993-01-21,0.0,streamflow,9291000,ft3/s,"['A', '[91]']",0
1993-01-22,0.0,streamflow,9291000,ft3/s,"['A', '[91]']",0
1993-01-23,0.0,streamflow,9291000,ft3/s,"['A', '[91]']",0
1993-01-24,0.0,streamflow,9291000,ft3/s,"['A', '[91]']",0
1993-01-25,0.0,streamflow,9291000,ft3/s,"['A', '[91]']",0
1993-01-26,0.0,streamflow,9291000,ft3/s,"['A', '[91]']",0
1993-01-27,0.0,streamflow,9291000,ft3/s,"['A', '[91]']",0
1993-01-28,0.0,streamflow,9291000,ft3/s,"['A', '[91]']",0
1993-01-29,0.0,streamflow,9291000,ft3/s,"['A', '[91]']",0
1993-01-30,0.0,streamflow,9291000,ft3/s,"['A', '[91]']",0
1993-01-31,0.0,streamflow,9291000,ft3/s,"['A', '[91]']",0
1993-02-01,0.0,streamflow,9291000,ft3/s,"['A', '[91]']",0
1993-02-02,0.0,streamflow,9291000,ft3/s,"['A', '[91]']",0
1993-02-03,0.0,streamflow,9291000,ft3/s,"['A', '[91]']",0
1993-02-04,0.0,streamflow,9291000,ft3/s,"['A', '[91]']",0
1993-02-05,0.0,streamflow,9291000,ft3/s,"['A', '[91]']",0
1993-02-06,0.0,streamflow,9291000,ft3/s,"['A', '[91]']",0
1993-02-07,0.0,streamflow,9291000,ft3/s,"['A', '[91]']",0
1993-02-08,0.0,streamflow,9291000,ft3/s,"['A', '[91]']",0
1993-02-09,0.0,streamflow,9291000,ft3/s,"['A', '[91]']",0
1993-02-10,0.0,streamflow,9291000,ft3/s,"['A', '[91]']",0
1993-02-11,0.0,streamflow,9291000,ft3/s,"['A', '[91]']",0
1993-02-12,0.0,streamflow,9291000,ft3/s,"['A', '[91]']",0
1993-02-13,0.0,streamflow,9291000,ft3/s,"['A', '[91]']",0
1993-02-14,0.0,streamflow,9291000,ft3/s,"['A', '[91]']",0
1993-02-15,0.0,streamflow,9291000,ft3/s,"['A', '[91]']",0
1993-02-16,0.0,streamflow,9291000,ft3/s,"['A', '[91]']",0
1993-02-17,0.0,streamflow,9291000,ft3/s,"['A', '[91]']",0
1993-02-18,0.0,streamflow,9291000,ft3/s,"['A', '[91]']",0
1993-02-19,0.0,streamflow,9291000,ft3/s,"['A', '[91]']",0
1993-02-20,0.0,streamflow,9291000,ft3/s,"['A', '[91]']",0
1993-02-21,0.0,streamflow,9291000,ft3/s,"['A', '[91]']",0
1993-02-22,0.0,streamflow,9291000,ft3/s,"['A', '[91]']",0
1993-02-23,0.0,streamflow,9291000,ft3/s,"['A', '[91]']",0
1993-02-24,0.0,streamflow,9291000,ft3/s,"['A', '[91]']",0
1993-02-25,0.0,streamflow,9291000,ft3/s,"['A', '[91]']",0
1993-02-26,0.0,streamflow,9291000,ft3/s,"['A', '[91]']",0
1993-02-27,0.0,streamflow,9291000,ft3/s,"['A', '[91]']",0
1993-02-28,0.0,streamflow,9291000,ft3/s,"['A', '[91]']",0
1993-03-01,0.0,streamflow,9291000,ft3/s,"['A', '[91]']",0
1993-03-02,0.0,streamflow,9291000,ft3/s,"['A', '[91]']",0
1993-03-03,0.0,streamflow,9291000,ft3/s,"['A', '[91]']",0
1993-03-04,0.0,streamflow,9291000,ft3/s,"['A', '[91]']",0
1993-03-05,0.0,streamflow,9291000,ft3/s,"['A', '[91]']",0
1993-03-06,0.0,streamflow,9291000,ft3/s,"['A', '[91]']",0
1993-03-07,0.0,streamflow,9291000,ft3/s,"['A', '[91]']",0
1993-03-08,0.0,streamflow,9291000,ft3/s,"['A', '[91]']",0
1993-03-09,0.0,streamflow,9291000,ft3/s,"['A', '[91]']",0
1993-03-10,0.0,streamflow,9291000,ft3/s,"['A', '[91]']",0
1993-03-11,0.0,streamflow,9291000,ft3/s,"['A', '[91]']",0
1993-03-12,0.0,streamflow,9291000,ft3/s,"['A', '[91]']",0
1993-03-13,0.0,streamflow,9291000,ft3/s,"['A', '[91]']",0
1993-03-14,0.0,streamflow,9291000,ft3/s,"['A', '[91]']",0
1993-03-15,0.0,streamflow,9291000,ft3/s,"['A', '[91]']",0
1993-03-16,0.0,streamflow,9291000,ft3/s,"['A', '[91]']",0
1993-03-17,0.0,streamflow,9291000,ft3/s,"['A', '[91]']",0
1993-03-18,0.0,streamflow,9291000,ft3/s,"['A', '[91]']",0
1993-03-19,0.0,streamflow,9291000,ft3/s,"['A', '[91]']",0
1993-03-20,0.0,streamflow,9291000,ft3/s,"['A', '[91]']",0
1993-03-21,0.0,streamflow,9291000,ft3/s,"['A', '[91]']",0
1993-03-22,0.0,streamflow,9291000,ft3/s,"['A', '[91]']",0
1993-03-23,0.0,streamflow,9291000,ft3/s,"['A', '[91]']",0
1993-03-24,0.0,streamflow,9291000,ft3/s,"['A', '[91]']",0
1993-03-25,0.0,streamflow,9291000,ft3/s,"['A', '[91]']",0
1993-03-26,0.0,streamflow,9291000,ft3/s,"['A', '[91]']",0
1993-03-27,0.0,streamflow,9291000,ft3/s,"['A', '[91]']",0
1993-03-28,0.0,streamflow,9291000,ft3/s,"['A', '[91]']",0
1993-03-29,0.0,streamflow,9291000,ft3/s,"['A', '[91]']",0
1993-03-30,0.0,streamflow,9291000,ft3/s,"['A', '[91]']",0
1993-03-31,0.0,streamflow,9291000,ft3/s,"['A', '[91]']",0
1993-04-01,0.0,streamflow,9291000,ft3/s,"['A', '[91]']",0
1993-04-02,0.0,streamflow,9291000,ft3/s,"['A', '[91]']",0
1993-04-03,0.0,streamflow,9291000,ft3/s,"['A', '[91]']",0
1993-04-04,0.0,streamflow,9291000,ft3/s,"['A', '[91]']",0
1993-04-05,0.0,streamflow,9291000,ft3/s,"['A', '[91]']",0
1993-04-06,0.0,streamflow,9291000,ft3/s,"['A', '[91]']",0
1993-04-07,0.0,streamflow,9291000,ft3/s,"['A', '[91]']",0
1993-04-08,0.0,streamflow,9291000,ft3/s,"['A', '[91]']",0
1993-04-09,0.0,streamflow,9291000,ft3/s,"['A', '[91]']",0
1993-04-10,0.0,streamflow,9291000,ft3/s,"['A', '[91]']",0
1993-04-11,0.0,streamflow,9291000,ft3/s,"['A', '[91]']",0
1993-04-12,0.0,streamflow,9291000,ft3/s,"['A', '[91]']",0
1993-04-13,0.0,streamflow,9291000,ft3/s,"['A', '[91]']",0
1993-04-14,0.0,streamflow,9291000,ft3/s,"['A', '[91]']",0
1993-04-15,0.0,streamflow,9291000,ft3/s,"['A', '[91]']",0
1993-04-16,0.0,streamflow,9291000,ft3/s,"['A', '[91]']",0
1993-04-17,0.0,streamflow,9291000,ft3/s,"['A', '[91]']",0
1993-04-18,0.0,streamflow,9291000,ft3/s,"['A', '[91]']",0
1993-04-19,0.0,streamflow,9291000,ft3/s,"['A', '[91]']",0
1993-04-20,0.0,streamflow,9291000,ft3/s,"['A', '[91]']",0
1993-04-21,0.0,streamflow,9291000,ft3/s,"['A', '[91]']",0
1993-04-22,1.375,streamflow,9291000,ft3/s,"['A', '[91]']",0
1993-04-23,3.775,streamflow,9291000,ft3/s,"['A', '[91]']",0
1993-04-24,4.5,streamflow,9291000,ft3/s,"['A', '[91]']",0
1993-04-25,5.3125,streamflow,9291000,ft3/s,"['A', '[91]']",0
1993-04-26,44.666668,streamflow,9291000,ft3/s,"['A', '[91]']",0
1993-04-27,120.416664,streamflow,9291000,ft3/s,"['A', '[91]']",0
1993-04-28,71.0,streamflow,9291000,ft3/s,"['A', '[91]']",0
1993-04-29,86.833336,streamflow,9291000,ft3/s,"['A', '[91]']",0
1993-04-30,86.916664,streamflow,9291000,ft3/s,"['A', '[91]']",0
1993-05-01,186.04167,streamflow,9291000,ft3/s,"['A', '[91]']",0
1993-05-02,223.875,streamflow,9291000,ft3/s,"['A', '[91]']",0
1993-05-03,293.33334,streamflow,9291000,ft3/s,"['A', '[91]']",0
1993-05-04,369.41666,streamflow,9291000,ft3/s,"['A', '[91]']",0
1993-05-05,388.91666,streamflow,9291000,ft3/s,"['A', '[91]']",0
1993-05-06,384.79166,streamflow,9291000,ft3/s,"['A', '[91]']",0
1993-05-07,382.0,streamflow,9291000,ft3/s,"['A', '[91]']",0
1993-05-08,397.54166,streamflow,9291000,ft3/s,"['A', '[91]']",0
1993-05-09,393.08334,streamflow,9291000,ft3/s,"['A', '[91]']",0
1993-05-10,388.58334,streamflow,9291000,ft3/s,"['A', '[91]']",0
1993-05-11,382.04166,streamflow,9291000,ft3/s,"['A', '[91]']",0
1993-05-12,375.20834,streamflow,9291000,ft3/s,"['A', '[91]']",0
1993-05-13,371.16666,streamflow,9291000,ft3/s,"['A', '[91]']",0
1993-05-14,369.0,streamflow,9291000,ft3/s,"['A', '[91]']",0
1993-05-15,368.0,streamflow,9291000,ft3/s,"['A', '[91]']",0
1993-05-16,365.16666,streamflow,9291000,ft3/s,"['A', '[91]']",0
1993-05-17,389.75,streamflow,9291000,ft3/s,"['A', '[91]']",0
1993-05-18,386.66666,streamflow,9291000,ft3/s,"['A', '[91]']",0
1993-05-19,308.95834,streamflow,9291000,ft3/s,"['A', '[91]']",0
1993-05-20,240.375,streamflow,9291000,ft3/s,"['A', '[91]']",0
1993-05-21,231.66667,streamflow,9291000,ft3/s,"['A', '[91]']",0
1993-05-22,202.125,streamflow,9291000,ft3/s,"['A', '[91]']",0
1993-05-23,205.20833,streamflow,9291000,ft3/s,"['A', '[91]']",0
1993-05-24,208.125,streamflow,9291000,ft3/s,"['A', '[91]']",0
1993-05-25,211.625,streamflow,9291000,ft3/s,"['A', '[91]']",0
1993-05-26,219.5,streamflow,9291000,ft3/s,"['A', '[91]']",0
1993-05-27,229.41667,streamflow,9291000,ft3/s,"['A', '[91]']",0
1993-05-28,233.75,streamflow,9291000,ft3/s,"['A', '[91]']",0
1993-05-29,237.58333,streamflow,9291000,ft3/s,"['A', '[91]']",0
1993-05-30,239.125,streamflow,9291000,ft3/s,"['A', '[91]']",0
1993-05-31,242.41667,streamflow,9291000,ft3/s,"['A', '[91]']",0
1993-06-01,245.625,streamflow,9291000,ft3/s,"['A', '[91]']",0
1993-06-02,249.45833,streamflow,9291000,ft3/s,"['A', '[91]']",0
1993-06-03,253.08333,streamflow,9291000,ft3/s,"['A', '[91]']",0
1993-06-04,255.54167,streamflow,9291000,ft3/s,"['A', '[91]']",0
1993-06-05,254.875,streamflow,9291000,ft3/s,"['A', '[91]']",0
1993-06-06,256.83334,streamflow,9291000,ft3/s,"['A', '[91]']",0
1993-06-07,257.25,streamflow,9291000,ft3/s,"['A', '[91]']",0
1993-06-08,257.0,streamflow,9291000,ft3/s,"['A', '[91]']",0
1993-06-09,257.5,streamflow,9291000,ft3/s,"['A', '[91]']",0
1993-06-10,257.16666,streamflow,9291000,ft3/s,"['A', '[91]']",0
1993-06-11,255.45833,streamflow,9291000,ft3/s,"['A', '[91]']",0
1993-06-12,243.75,streamflow,9291000,ft3/s,"['A', '[91]']",0
1993-06-13,245.375,streamflow,9291000,ft3/s,"['A', '[91]']",0
1993-06-14,249.125,streamflow,9291000,ft3/s,"['A', '[91]']",0
1993-06-15,250.79167,streamflow,9291000,ft3/s,"['A', '[91]']",0
1993-06-16,256.45834,streamflow,9291000,ft3/s,"['A', '[91]']",0
1993-06-17,255.08333,streamflow,9291000,ft3/s,"['A', '[91]']",0
1993-06-18,259.83334,streamflow,9291000,ft3/s,"['A', '[91]']",0
1993-06-19,260.83334,streamflow,9291000,ft3/s,"['A', '[91]']",0
1993-06-20,263.75,streamflow,9291000,ft3/s,"['A', '[91]']",0
1993-06-21,262.33334,streamflow,9291000,ft3/s,"['A', '[91]']",0
1993-06-22,262.625,streamflow,9291000,ft3/s,"['A', '[91]']",0
1993-06-23,257.58334,streamflow,9291000,ft3/s,"['A', '[91]']",0
1993-06-24,246.79167,streamflow,9291000,ft3/s,"['A', '[91]']",0
1993-06-25,282.0,streamflow,9291000,ft3/s,"['A', '[91]']",0
1993-06-26,639.4167,streamflow,9291000,ft3/s,"['A', '[91]']",0
1993-06-27,563.0417,streamflow,9291000,ft3/s,"['A', '[91]']",0
1993-06-28,593.75,streamflow,9291000,ft3/s,"['A', '[91]']",0
1993-06-29,594.125,streamflow,9291000,ft3/s,"['A', '[91]']",0
1993-06-30,511.58334,streamflow,9291000,ft3/s,"['A', '[91]']",0
1993-07-01,427.83334,streamflow,9291000,ft3/s,"['A', '[91]']",0
1993-07-02,379.95834,streamflow,9291000,ft3/s,"['A', '[91]']",0
1993-07-03,511.33334,streamflow,9291000,ft3/s,"['A', '[91]']",0
1993-07-04,336.83334,streamflow,9291000,ft3/s,"['A', '[91]']",0
1993-07-05,238.95833,streamflow,9291000,ft3/s,"['A', '[91]']",0
1993-07-06,245.66667,streamflow,9291000,ft3/s,"['A', '[91]']",0
1993-07-07,257.08334,streamflow,9291000,ft3/s,"['A', '[91]']",0
1993-07-08,292.16666,streamflow,9291000,ft3/s,"['A', '[91]']",0
1993-07-09,271.75,streamflow,9291000,ft3/s,"['A', '[91]']",0
1993-07-10,255.58333,streamflow,9291000,ft3/s,"['A', '[91]']",0
1993-07-11,246.625,streamflow,9291000,ft3/s,"['A', '[91]']",0
1993-07-12,237.58333,streamflow,9291000,ft3/s,"['A', '[91]']",0
1993-07-13,307.20834,streamflow,9291000,ft3/s,"['A', '[91]']",0
1993-07-14,302.41666,streamflow,9291000,ft3/s,"['A', '[91]']",0
1993-07-15,307.95834,streamflow,9291000,ft3/s,"['A', '[91]']",0
1993-07-16,325.16666,streamflow,9291000,ft3/s,"['A', '[91]']",0
1993-07-17,320.66666,streamflow,9291000,ft3/s,"['A', '[91]']",0
1993-07-18,319.83334,streamflow,9291000,ft3/s,"['A', '[91]']",0
1993-07-19,321.5,streamflow,9291000,ft3/s,"['A', '[91]']",0
1993-07-20,328.0,streamflow,9291000,ft3/s,"['A', '[91]']",0
1993-07-21,323.5,streamflow,9291000,ft3/s,"['A', '[91]']",0
1993-07-22,345.33334,streamflow,9291000,ft3/s,"['A', '[91]']",0
1993-07-23,344.83334,streamflow,9291000,ft3/s,"['A', '[91]']",0
1993-07-24,341.66666,streamflow,9291000,ft3/s,"['A', '[91]']",0
1993-07-25,340.5,streamflow,9291000,ft3/s,"['A', '[91]']",0
1993-07-26,339.16666,streamflow,9291000,ft3/s,"['A', '[91]']",0
1993-07-27,336.33334,streamflow,9291000,ft3/s,"['A', '[91]']",0
1993-07-28,332.16666,streamflow,9291000,ft3/s,"['A', '[91]']",0
1993-07-29,329.83334,streamflow,9291000,ft3/s,"['A', '[91]']",0
1993-07-30,326.83334,streamflow,9291000,ft3/s,"['A', '[91]']",0
1993-07-31,275.41666,streamflow,9291000,ft3/s,"['A', '[91]']",0
1993-08-01,275.0,streamflow,9291000,ft3/s,"['A', '[91]']",0
1993-08-02,281.625,streamflow,9291000,ft3/s,"['A', '[91]']",0
1993-08-03,302.875,streamflow,9291000,ft3/s,"['A', '[91]']",0
1993-08-04,306.29166,streamflow,9291000,ft3/s,"['A', '[91]']",0
1993-08-05,289.41666,streamflow,9291000,ft3/s,"['A', '[91]']",0
1993-08-06,361.29166,streamflow,9291000,ft3/s,"['A', '[91]']",0
1993-08-07,373.58334,streamflow,9291000,ft3/s,"['A', '[91]']",0
1993-08-08,370.83334,streamflow,9291000,ft3/s,"['A', '[91]']",0
1993-08-09,323.0,streamflow,9291000,ft3/s,"['A', '[91]']",0
1993-08-10,117.375,streamflow,9291000,ft3/s,"['A', '[91]']",0
1993-08-11,27.25,streamflow,9291000,ft3/s,"['A', '[91]']",0
1993-08-12,27.0,streamflow,9291000,ft3/s,"['A', '[91]']",0
1993-08-13,28.333334,streamflow,9291000,ft3/s,"['A', '[91]']",0
1993-08-14,29.0,streamflow,9291000,ft3/s,"['A', '[91]']",0
1993-08-15,28.916666,streamflow,9291000,ft3/s,"['A', '[91]']",0
1993-08-16,91.166664,streamflow,9291000,ft3/s,"['A', '[91]']",0
1993-08-17,245.0,streamflow,9291000,ft3/s,"['A', '[91]']",0
1993-08-18,454.33334,streamflow,9291000,ft3/s,"['A', '[91]']",0
1993-08-19,464.125,streamflow,9291000,ft3/s,"['A', '[91]']",0
1993-08-20,443.70834,streamflow,9291000,ft3/s,"['A', '[91]']",0
1993-08-21,359.5,streamflow,9291000,ft3/s,"['A', '[91]']",0
1993-08-22,358.16666,streamflow,9291000,ft3/s,"['A', '[91]']",0
1993-08-23,352.5,streamflow,9291000,ft3/s,"['A', '[91]']",0
1993-08-24,346.5,streamflow,9291000,ft3/s,"['A', '[91]']",0
1993-08-25,341.66666,streamflow,9291000,ft3/s,"['A', '[91]']",0
1993-08-26,336.16666,streamflow,9291000,ft3/s,"['A', '[91]']",0
1993-08-27,329.33334,streamflow,9291000,ft3/s,"['A', '[91]']",0
1993-08-28,329.5,streamflow,9291000,ft3/s,"['A', '[91]']",0
1993-08-29,328.5,streamflow,9291000,ft3/s,"['A', '[91]']",0
1993-08-30,329.33334,streamflow,9291000,ft3/s,"['A', '[91]']",0
1993-08-31,352.83334,streamflow,9291000,ft3/s,"['A', '[91]']",0
1993-09-01,349.83334,streamflow,9291000,ft3/s,"['A', '[91]']",0
1993-09-02,345.16666,streamflow,9291000,ft3/s,"['A', '[91]']",0
1993-09-03,344.33334,streamflow,9291000,ft3/s,"['A', '[91]']",0
1993-09-04,343.83334,streamflow,9291000,ft3/s,"['A', '[91]']",0
1993-09-05,340.66666,streamflow,9291000,ft3/s,"['A', '[91]']",0
1993-09-06,345.16666,streamflow,9291000,ft3/s,"['A', '[91]']",0
1993-09-07,361.16666,streamflow,9291000,ft3/s,"['A', '[91]']",0
1993-09-08,359.5,streamflow,9291000,ft3/s,"['A', '[91]']",0
1993-09-09,353.83334,streamflow,9291000,ft3/s,"['A', '[91]']",0
1993-09-10,351.33334,streamflow,9291000,ft3/s,"['A', '[91]']",0
1993-09-11,350.33334,streamflow,9291000,ft3/s,"['A', '[91]']",0
1993-09-12,345.83334,streamflow,9291000,ft3/s,"['A', '[91]']",0
1993-09-13,307.16666,streamflow,9291000,ft3/s,"['A', '[91]']",0
1993-09-14,243.66667,streamflow,9291000,ft3/s,"['A', '[91]']",0
1993-09-15,243.08333,streamflow,9291000,ft3/s,"['A', '[91]']",0
1993-09-16,242.08333,streamflow,9291000,ft3/s,"['A', '[91]']",0
1993-09-17,241.75,streamflow,9291000,ft3/s,"['A', '[91]']",0
1993-09-18,238.20833,streamflow,9291000,ft3/s,"['A', '[91]']",0
1993-09-19,234.45833,streamflow,9291000,ft3/s,"['A', '[91]']",0
1993-09-20,60.166668,streamflow,9291000,ft3/s,"['A', '[91]']",0
1993-09-21,27.32,streamflow,9291000,ft3/s,"['A', '[91]']",0
1993-09-22,0.39,streamflow,9291000,ft3/s,"['A', '[91]']",0
1993-09-23,0.10208333,streamflow,9291000,ft3/s,"['A', '[91]']",0
1993-09-24,0.0,streamflow,9291000,ft3/s,"['A', '[91]']",0
1993-09-25,0.0,streamflow,9291000,ft3/s,"['A', '[91]']",0
1993-09-26,0.0,streamflow,9291000,ft3/s,"['A', '[91]']",0
1993-09-27,0.0,streamflow,9291000,ft3/s,"['A', '[91]']",0
1993-09-28,0.0,streamflow,9291000,ft3/s,"['A', '[91]']",0
1993-09-29,0.0,streamflow,9291000,ft3/s,"['A', '[91]']",0
1993-09-30,0.0,streamflow,9291000,ft3/s,"['A', '[91]']",0
1993-10-01,0.0,streamflow,9291000,ft3/s,"['A', '[91]']",0
1993-10-02,0.0,streamflow,9291000,ft3/s,"['A', '[91]']",0
1993-10-03,0.0,streamflow,9291000,ft3/s,"['A', '[91]']",0
1993-10-04,0.0,streamflow,9291000,ft3/s,"['A', '[91]']",0
1993-10-05,0.0,streamflow,9291000,ft3/s,"['A', '[91]']",0
1993-10-06,,streamflow,9291000,ft3/s,"['A', '[91]']",0
1993-10-07,,streamflow,9291000,ft3/s,"['A', '[91]']",0
1993-10-08,,streamflow,9291000,ft3/s,"['A', '[91]']",0
1993-10-09,,streamflow,9291000,ft3/s,"['A', '[91]']",0
1993-10-10,,streamflow,9291000,ft3/s,"['A', '[91]']",0
1993-10-11,,streamflow,9291000,ft3/s,"['A', '[91]']",0
1993-10-12,,streamflow,9291000,ft3/s,"['A', '[91]']",0
1993-10-13,,streamflow,9291000,ft3/s,"['A', '[91]']",0
1993-10-14,,streamflow,9291000,ft3/s,"['A', '[91]']",0
1993-10-15,,streamflow,9291000,ft3/s,"['A', '[91]']",0
1993-10-16,,streamflow,9291000,ft3/s,"['A', '[91]']",0
1993-10-17,,streamflow,9291000,ft3/s,"['A', '[91]']",0
1993-10-18,,streamflow,9291000,ft3/s,"['A', '[91]']",0
1993-10-19,,streamflow,9291000,ft3/s,"['A', '[91]']",0
1993-10-20,,streamflow,9291000,ft3/s,"['A', '[91]']",0
1993-10-21,,streamflow,9291000,ft3/s,"['A', '[91]']",0
1993-10-22,,streamflow,9291000,ft3/s,"['A', '[91]']",0
1993-10-23,,streamflow,9291000,ft3/s,"['A', '[91]']",0
1993-10-24,,streamflow,9291000,ft3/s,"['A', '[91]']",0
1993-10-25,,streamflow,9291000,ft3/s,"['A', '[91]']",0
1993-10-26,,streamflow,9291000,ft3/s,"['A', '[91]']",0
1993-10-27,,streamflow,9291000,ft3/s,"['A', '[91]']",0
1993-10-28,,streamflow,9291000,ft3/s,"['A', '[91]']",0
1993-10-29,,streamflow,9291000,ft3/s,"['A', '[91]']",0
1993-10-30,,streamflow,9291000,ft3/s,"['A', '[91]']",0
1993-10-31,,streamflow,9291000,ft3/s,"['A', '[91]']",0
1993-11-01,,streamflow,9291000,ft3/s,"['A', '[91]']",0
1993-11-02,,streamflow,9291000,ft3/s,"['A', '[91]']",0
1993-11-03,,streamflow,9291000,ft3/s,"['A', '[91]']",0
1993-11-04,,streamflow,9291000,ft3/s,"['A', '[91]']",0
1993-11-05,,streamflow,9291000,ft3/s,"['A', '[91]']",0
1993-11-06,,streamflow,9291000,ft3/s,"['A', '[91]']",0
1993-11-07,,streamflow,9291000,ft3/s,"['A', '[91]']",0
1993-11-08,,streamflow,9291000,ft3/s,"['A', '[91]']",0
1993-11-09,,streamflow,9291000,ft3/s,"['A', '[91]']",0
1993-11-10,,streamflow,9291000,ft3/s,"['A', '[91]']",0
1993-11-11,132.27777,streamflow,9291000,ft3/s,"['A', '[91]']",0
1993-11-12,0.176,streamflow,9291000,ft3/s,"['A', '[91]']",0
1993-11-13,0.0,streamflow,9291000,ft3/s,"['A', '[91]']",0
1993-11-14,0.0,streamflow,9291000,ft3/s,"['A', '[91]']",0
1993-11-15,0.0,streamflow,9291000,ft3/s,"['A', '[91]']",0
1993-11-16,0.0,streamflow,9291000,ft3/s,"['A', '[91]']",0
1993-11-17,0.0,streamflow,9291000,ft3/s,"['A', '[91]']",0
1993-11-18,,streamflow,9291000,ft3/s,"['A', '[91]']",0
1993-11-19,,streamflow,9291000,ft3/s,"['A', '[91]']",0
1993-11-20,,streamflow,9291000,ft3/s,"['A', '[91]']",0
1993-11-21,,streamflow,9291000,ft3/s,"['A', '[91]']",0
1993-11-22,,streamflow,9291000,ft3/s,"['A', '[91]']",0
1993-11-23,,streamflow,9291000,ft3/s,"['A', '[91]']",0
1993-11-24,,streamflow,9291000,ft3/s,"['A', '[91]']",0
1993-11-25,,streamflow,9291000,ft3/s,"['A', '[91]']",0
1993-11-26,,streamflow,9291000,ft3/s,"['A', '[91]']",0
1993-11-27,,streamflow,9291000,ft3/s,"['A', '[91]']",0
1993-11-28,,streamflow,9291000,ft3/s,"['A', '[91]']",0
1993-11-29,,streamflow,9291000,ft3/s,"['A', '[91]']",0
1993-11-30,,streamflow,9291000,ft3/s,"['A', '[91]']",0
1993-12-01,,streamflow,9291000,ft3/s,"['A', '[91]']",0
1993-12-02,,streamflow,9291000,ft3/s,"['A', '[91]']",0
1993-12-03,,streamflow,9291000,ft3/s,"['A', '[91]']",0
1993-12-04,,streamflow,9291000,ft3/s,"['A', '[91]']",0
1993-12-05,,streamflow,9291000,ft3/s,"['A', '[91]']",0
1993-12-06,,streamflow,9291000,ft3/s,"['A', '[91]']",0
1993-12-07,,streamflow,9291000,ft3/s,"['A', '[91]']",0
1993-12-08,,streamflow,9291000,ft3/s,"['A', '[91]']",0
1993-12-09,,streamflow,9291000,ft3/s,"['A', '[91]']",0
1993-12-10,,streamflow,9291000,ft3/s,"['A', '[91]']",0
1993-12-11,,streamflow,9291000,ft3/s,"['A', '[91]']",0
1993-12-12,,streamflow,9291000,ft3/s,"['A', '[91]']",0
1993-12-13,,streamflow,9291000,ft3/s,"['A', '[91]']",0
1993-12-14,,streamflow,9291000,ft3/s,"['A', '[91]']",0
1993-12-15,,streamflow,9291000,ft3/s,"['A', '[91]']",0
1993-12-16,,streamflow,9291000,ft3/s,"['A', '[91]']",0
1993-12-17,,streamflow,9291000,ft3/s,"['A', '[91]']",0
1993-12-18,,streamflow,9291000,ft3/s,"['A', '[91]']",0
1993-12-19,,streamflow,9291000,ft3/s,"['A', '[91]']",0
1993-12-20,,streamflow,9291000,ft3/s,"['A', '[91]']",0
1993-12-21,,streamflow,9291000,ft3/s,"['A', '[91]']",0
1993-12-22,,streamflow,9291000,ft3/s,"['A', '[91]']",0
1993-12-23,,streamflow,9291000,ft3/s,"['A', '[91]']",0
1993-12-24,,streamflow,9291000,ft3/s,"['A', '[91]']",0
1993-12-25,,streamflow,9291000,ft3/s,"['A', '[91]']",0
1993-12-26,,streamflow,9291000,ft3/s,"['A', '[91]']",0
1993-12-27,,streamflow,9291000,ft3/s,"['A', '[91]']",0
1993-12-28,,streamflow,9291000,ft3/s,"['A', '[91]']",0
1993-12-29,,streamflow,9291000,ft3/s,"['A', '[91]']",0
1993-12-30,,streamflow,9291000,ft3/s,"['A', '[91]']",0
1993-12-31,,streamflow,9291000,ft3/s,"['A', '[91]']",0
1994-01-01,,streamflow,9291000,ft3/s,"['A', '[91]']",0
1994-01-02,,streamflow,9291000,ft3/s,"['A', '[91]']",0
1994-01-03,,streamflow,9291000,ft3/s,"['A', '[91]']",0
1994-01-04,,streamflow,9291000,ft3/s,"['A', '[91]']",0
1994-01-05,,streamflow,9291000,ft3/s,"['A', '[91]']",0
1994-01-06,,streamflow,9291000,ft3/s,"['A', '[91]']",0
1994-01-07,,streamflow,9291000,ft3/s,"['A', '[91]']",0
1994-01-08,,streamflow,9291000,ft3/s,"['A', '[91]']",0
1994-01-09,,streamflow,9291000,ft3/s,"['A', '[91]']",0
1994-01-10,,streamflow,9291000,ft3/s,"['A', '[91]']",0
1994-01-11,,streamflow,9291000,ft3/s,"['A', '[91]']",0
1994-01-12,,streamflow,9291000,ft3/s,"['A', '[91]']",0
1994-01-13,,streamflow,9291000,ft3/s,"['A', '[91]']",0
1994-01-14,,streamflow,9291000,ft3/s,"['A', '[91]']",0
1994-01-15,,streamflow,9291000,ft3/s,"['A', '[91]']",0
1994-01-16,,streamflow,9291000,ft3/s,"['A', '[91]']",0
1994-01-17,,streamflow,9291000,ft3/s,"['A', '[91]']",0
1994-01-18,,streamflow,9291000,ft3/s,"['A', '[91]']",0
1994-01-19,,streamflow,9291000,ft3/s,"['A', '[91]']",0
1994-01-20,,streamflow,9291000,ft3/s,"['A', '[91]']",0
1994-01-21,,streamflow,9291000,ft3/s,"['A', '[91]']",0
1994-01-22,,streamflow,9291000,ft3/s,"['A', '[91]']",0
1994-01-23,,streamflow,9291000,ft3/s,"['A', '[91]']",0
1994-01-24,,streamflow,9291000,ft3/s,"['A', '[91]']",0
1994-01-25,,streamflow,9291000,ft3/s,"['A', '[91]']",0
1994-01-26,,streamflow,9291000,ft3/s,"['A', '[91]']",0
1994-01-27,,streamflow,9291000,ft3/s,"['A', '[91]']",0
1994-01-28,,streamflow,9291000,ft3/s,"['A', '[91]']",0
1994-01-29,,streamflow,9291000,ft3/s,"['A', '[91]']",0
1994-01-30,,streamflow,9291000,ft3/s,"['A', '[91]']",0
1994-01-31,,streamflow,9291000,ft3/s,"['A', '[91]']",0
1994-02-01,,streamflow,9291000,ft3/s,"['A', '[91]']",0
1994-02-02,,streamflow,9291000,ft3/s,"['A', '[91]']",0
1994-02-03,,streamflow,9291000,ft3/s,"['A', '[91]']",0
1994-02-04,,streamflow,9291000,ft3/s,"['A', '[91]']",0
1994-02-05,,streamflow,9291000,ft3/s,"['A', '[91]']",0
1994-02-06,,streamflow,9291000,ft3/s,"['A', '[91]']",0
1994-02-07,,streamflow,9291000,ft3/s,"['A', '[91]']",0
1994-02-08,,streamflow,9291000,ft3/s,"['A', '[91]']",0
1994-02-09,,streamflow,9291000,ft3/s,"['A', '[91]']",0
1994-02-10,,streamflow,9291000,ft3/s,"['A', '[91]']",0
1994-02-11,,streamflow,9291000,ft3/s,"['A', '[91]']",0
1994-02-12,,streamflow,9291000,ft3/s,"['A', '[91]']",0
1994-02-13,,streamflow,9291000,ft3/s,"['A', '[91]']",0
1994-02-14,,streamflow,9291000,ft3/s,"['A', '[91]']",0
1994-02-15,,streamflow,9291000,ft3/s,"['A', '[91]']",0
1994-02-16,,streamflow,9291000,ft3/s,"['A', '[91]']",0
1994-02-17,,streamflow,9291000,ft3/s,"['A', '[91]']",0
1994-02-18,,streamflow,9291000,ft3/s,"['A', '[91]']",0
1994-02-19,,streamflow,9291000,ft3/s,"['A', '[91]']",0
1994-02-20,,streamflow,9291000,ft3/s,"['A', '[91]']",0
1994-02-21,,streamflow,9291000,ft3/s,"['A', '[91]']",0
1994-02-22,,streamflow,9291000,ft3/s,"['A', '[91]']",0
1994-02-23,,streamflow,9291000,ft3/s,"['A', '[91]']",0
1994-02-24,,streamflow,9291000,ft3/s,"['A', '[91]']",0
1994-02-25,,streamflow,9291000,ft3/s,"['A', '[91]']",0
1994-02-26,,streamflow,9291000,ft3/s,"['A', '[91]']",0
1994-02-27,,streamflow,9291000,ft3/s,"['A', '[91]']",0
1994-02-28,,streamflow,9291000,ft3/s,"['A', '[91]']",0
1994-03-01,,streamflow,9291000,ft3/s,"['A', '[91]']",0
1994-03-02,,streamflow,9291000,ft3/s,"['A', '[91]']",0
1994-03-03,,streamflow,9291000,ft3/s,"['A', '[91]']",0
1994-03-04,,streamflow,9291000,ft3/s,"['A', '[91]']",0
1994-03-05,,streamflow,9291000,ft3/s,"['A', '[91]']",0
1994-03-06,,streamflow,9291000,ft3/s,"['A', '[91]']",0
1994-03-07,,streamflow,9291000,ft3/s,"['A', '[91]']",0
1994-03-08,,streamflow,9291000,ft3/s,"['A', '[91]']",0
1994-03-09,,streamflow,9291000,ft3/s,"['A', '[91]']",0
1994-03-10,,streamflow,9291000,ft3/s,"['A', '[91]']",0
1994-03-11,,streamflow,9291000,ft3/s,"['A', '[91]']",0
1994-03-12,,streamflow,9291000,ft3/s,"['A', '[91]']",0
1994-03-13,,streamflow,9291000,ft3/s,"['A', '[91]']",0
1994-03-14,,streamflow,9291000,ft3/s,"['A', '[91]']",0
1994-03-15,,streamflow,9291000,ft3/s,"['A', '[91]']",0
1994-03-16,,streamflow,9291000,ft3/s,"['A', '[91]']",0
1994-03-17,,streamflow,9291000,ft3/s,"['A', '[91]']",0
1994-03-18,,streamflow,9291000,ft3/s,"['A', '[91]']",0
1994-03-19,,streamflow,9291000,ft3/s,"['A', '[91]']",0
1994-03-20,,streamflow,9291000,ft3/s,"['A', '[91]']",0
1994-03-21,,streamflow,9291000,ft3/s,"['A', '[91]']",0
1994-03-22,,streamflow,9291000,ft3/s,"['A', '[91]']",0
1994-03-23,,streamflow,9291000,ft3/s,"['A', '[91]']",0
1994-03-24,,streamflow,9291000,ft3/s,"['A', '[91]']",0
1994-03-25,,streamflow,9291000,ft3/s,"['A', '[91]']",0
1994-03-26,,streamflow,9291000,ft3/s,"['A', '[91]']",0
1994-03-27,,streamflow,9291000,ft3/s,"['A', '[91]']",0
1994-03-28,,streamflow,9291000,ft3/s,"['A', '[91]']",0
1994-03-29,,streamflow,9291000,ft3/s,"['A', '[91]']",0
1994-03-30,,streamflow,9291000,ft3/s,"['A', '[91]']",0
1994-03-31,,streamflow,9291000,ft3/s,"['A', '[91]']",0
1994-04-01,,streamflow,9291000,ft3/s,"['A', '[91]']",0
1994-04-02,,streamflow,9291000,ft3/s,"['A', '[91]']",0
1994-04-03,,streamflow,9291000,ft3/s,"['A', '[91]']",0
1994-04-04,,streamflow,9291000,ft3/s,"['A', '[91]']",0
1994-04-05,,streamflow,9291000,ft3/s,"['A', '[91]']",0
1994-04-06,,streamflow,9291000,ft3/s,"['A', '[91]']",0
1994-04-07,,streamflow,9291000,ft3/s,"['A', '[91]']",0
1994-04-08,,streamflow,9291000,ft3/s,"['A', '[91]']",0
1994-04-09,,streamflow,9291000,ft3/s,"['A', '[91]']",0
1994-04-10,,streamflow,9291000,ft3/s,"['A', '[91]']",0
1994-04-11,,streamflow,9291000,ft3/s,"['A', '[91]']",0
1994-04-12,,streamflow,9291000,ft3/s,"['A', '[91]']",0
1994-04-13,,streamflow,9291000,ft3/s,"['A', '[91]']",0
1994-04-14,,streamflow,9291000,ft3/s,"['A', '[91]']",0
1994-04-15,,streamflow,9291000,ft3/s,"['A', '[91]']",0
1994-04-16,,streamflow,9291000,ft3/s,"['A', '[91]']",0
1994-04-17,,streamflow,9291000,ft3/s,"['A', '[91]']",0
1994-04-18,,streamflow,9291000,ft3/s,"['A', '[91]']",0
1994-04-19,,streamflow,9291000,ft3/s,"['A', '[91]']",0
1994-04-20,125.5,streamflow,9291000,ft3/s,"['A', '[91]']",0
1994-04-21,125.916664,streamflow,9291000,ft3/s,"['A', '[91]']",0
1994-04-22,125.791664,streamflow,9291000,ft3/s,"['A', '[91]']",0
1994-04-23,126.0,streamflow,9291000,ft3/s,"['A', '[91]']",0
1994-04-24,126.458336,streamflow,9291000,ft3/s,"['A', '[91]']",0
1994-04-25,126.666664,streamflow,9291000,ft3/s,"['A', '[91]']",0
1994-04-26,126.791664,streamflow,9291000,ft3/s,"['A', '[91]']",0
1994-04-27,127.12,streamflow,9291000,ft3/s,"['A', '[91]']",0
1994-04-28,126.64,streamflow,9291000,ft3/s,"['A', '[91]']",0
1994-04-29,126.68,streamflow,9291000,ft3/s,"['A', '[91]']",0
1994-04-30,126.8,streamflow,9291000,ft3/s,"['A', '[91]']",0
1994-05-01,126.76,streamflow,9291000,ft3/s,"['A', '[91]']",0
1994-05-02,160.4,streamflow,9291000,ft3/s,"['A', '[91]']",0
1994-05-03,162.6,streamflow,9291000,ft3/s,"['A', '[91]']",0
1994-05-04,161.88,streamflow,9291000,ft3/s,"['A', '[91]']",0
1994-05-05,161.44,streamflow,9291000,ft3/s,"['A', '[91]']",0
1994-05-06,166.12,streamflow,9291000,ft3/s,"['A', '[91]']",0
1994-05-07,177.36,streamflow,9291000,ft3/s,"['A', '[91]']",0
1994-05-08,197.12,streamflow,9291000,ft3/s,"['A', '[91]']",0
1994-05-09,410.12,streamflow,9291000,ft3/s,"['A', '[91]']",0
1994-05-10,417.48,streamflow,9291000,ft3/s,"['A', '[91]']",0
1994-05-11,416.24,streamflow,9291000,ft3/s,"['A', '[91]']",0
1994-05-12,244.48,streamflow,9291000,ft3/s,"['A', '[91]']",0
1994-05-13,155.6,streamflow,9291000,ft3/s,"['A', '[91]']",0
1994-05-14,192.48,streamflow,9291000,ft3/s,"['A', '[91]']",0
1994-05-15,193.92,streamflow,9291000,ft3/s,"['A', '[91]']",0
1994-05-16,175.76,streamflow,9291000,ft3/s,"['A', '[91]']",0
1994-05-17,145.84,streamflow,9291000,ft3/s,"['A', '[91]']",0
1994-05-18,226.32,streamflow,9291000,ft3/s,"['A', '[91]']",0
1994-05-19,371.4,streamflow,9291000,ft3/s,"['A', '[91]']",0
1994-05-20,377.52,streamflow,9291000,ft3/s,"['A', '[91]']",0
1994-05-21,374.04,streamflow,9291000,ft3/s,"['A', '[91]']",0
1994-05-22,375.88,streamflow,9291000,ft3/s,"['A', '[91]']",0
1994-05-23,349.12,streamflow,9291000,ft3/s,"['A', '[91]']",0
1994-05-24,285.16,streamflow,9291000,ft3/s,"['A', '[91]']",0
1994-05-25,287.32,streamflow,9291000,ft3/s,"['A', '[91]']",0
1994-05-26,156.95833,streamflow,9291000,ft3/s,"['A', '[91]']",0
1994-05-27,170.16667,streamflow,9291000,ft3/s,"['A', '[91]']",0
1994-05-28,260.32,streamflow,9291000,ft3/s,"['A', '[91]']",0
1994-05-29,218.36,streamflow,9291000,ft3/s,"['A', '[91]']",0
1994-05-30,163.72,streamflow,9291000,ft3/s,"['A', '[91]']",0
1994-05-31,118.8,streamflow,9291000,ft3/s,"['A', '[91]']",0
1994-06-01,119.64,streamflow,9291000,ft3/s,"['A', '[91]']",0
1994-06-02,207.08,streamflow,9291000,ft3/s,"['A', '[91]']",0
1994-06-03,228.28,streamflow,9291000,ft3/s,"['A', '[91]']",0
1994-06-04,193.2,streamflow,9291000,ft3/s,"['A', '[91]']",0
1994-06-05,130.0,streamflow,9291000,ft3/s,"['A', '[91]']",0
1994-06-06,200.68,streamflow,9291000,ft3/s,"['A', '[91]']",0
1994-06-07,252.12,streamflow,9291000,ft3/s,"['A', '[91]']",0
1994-06-08,285.72,streamflow,9291000,ft3/s,"['A', '[91]']",0
1994-06-09,319.44,streamflow,9291000,ft3/s,"['A', '[91]']",0
1994-06-10,332.44,streamflow,9291000,ft3/s,"['A', '[91]']",0
1994-06-11,359.4,streamflow,9291000,ft3/s,"['A', '[91]']",0
1994-06-12,359.56,streamflow,9291000,ft3/s,"['A', '[91]']",0
1994-06-13,359.16,streamflow,9291000,ft3/s,"['A', '[91]']",0
1994-06-14,357.4,streamflow,9291000,ft3/s,"['A', '[91]']",0
1994-06-15,358.36,streamflow,9291000,ft3/s,"['A', '[91]']",0
1994-06-16,355.76,streamflow,9291000,ft3/s,"['A', '[91]']",0
1994-06-17,369.16,streamflow,9291000,ft3/s,"['A', '[91]']",0
1994-06-18,403.12,streamflow,9291000,ft3/s,"['A', '[91]']",0
1994-06-19,401.96,streamflow,9291000,ft3/s,"['A', '[91]']",0
1994-06-20,399.2,streamflow,9291000,ft3/s,"['A', '[91]']",0
1994-06-21,397.56,streamflow,9291000,ft3/s,"['A', '[91]']",0
1994-06-22,393.8,streamflow,9291000,ft3/s,"['A', '[91]']",0
1994-06-23,408.36,streamflow,9291000,ft3/s,"['A', '[91]']",0
1994-06-24,442.04,streamflow,9291000,ft3/s,"['A', '[91]']",0
1994-06-25,475.08,streamflow,9291000,ft3/s,"['A', '[91]']",0
1994-06-26,486.12,streamflow,9291000,ft3/s,"['A', '[91]']",0
1994-06-27,493.04,streamflow,9291000,ft3/s,"['A', '[91]']",0
1994-06-28,509.92,streamflow,9291000,ft3/s,"['A', '[91]']",0
1994-06-29,506.8,streamflow,9291000,ft3/s,"['A', '[91]']",0
1994-06-30,536.0,streamflow,9291000,ft3/s,"['A', '[91]']",0
1994-07-01,534.2917,streamflow,9291000,ft3/s,"['A', '[91]']",0
1994-07-02,528.04,streamflow,9291000,ft3/s,"['A', '[91]']",0
1994-07-03,524.4,streamflow,9291000,ft3/s,"['A', '[91]']",0
1994-07-04,517.36,streamflow,9291000,ft3/s,"['A', '[91]']",0
1994-07-05,513.64,streamflow,9291000,ft3/s,"['A', '[91]']",0
1994-07-06,507.88,streamflow,9291000,ft3/s,"['A', '[91]']",0
1994-07-07,505.08,streamflow,9291000,ft3/s,"['A', '[91]']",0
1994-07-08,494.8,streamflow,9291000,ft3/s,"['A', '[91]']",0
1994-07-09,493.0,streamflow,9291000,ft3/s,"['A', '[91]']",0
1994-07-10,483.32,streamflow,9291000,ft3/s,"['A', '[91]']",0
1994-07-11,478.2,streamflow,9291000,ft3/s,"['A', '[91]']",0
1994-07-12,470.8,streamflow,9291000,ft3/s,"['A', '[91]']",0
1994-07-13,466.88,streamflow,9291000,ft3/s,"['A', '[91]']",0
1994-07-14,458.84,streamflow,9291000,ft3/s,"['A', '[91]']",0
1994-07-15,454.24,streamflow,9291000,ft3/s,"['A', '[91]']",0
1994-07-16,445.76,streamflow,9291000,ft3/s,"['A', '[91]']",0
1994-07-17,439.0,streamflow,9291000,ft3/s,"['A', '[91]']",0
1994-07-18,309.2,streamflow,9291000,ft3/s,"['A', '[91]']",0
1994-07-19,256.92,streamflow,9291000,ft3/s,"['A', '[91]']",0
1994-07-20,254.84,streamflow,9291000,ft3/s,"['A', '[91]']",0
1994-07-21,253.4,streamflow,9291000,ft3/s,"['A', '[91]']",0
1994-07-22,251.8,streamflow,9291000,ft3/s,"['A', '[91]']",0
1994-07-23,248.32,streamflow,9291000,ft3/s,"['A', '[91]']",0
1994-07-24,246.08,streamflow,9291000,ft3/s,"['A', '[91]']",0
1994-07-25,244.92,streamflow,9291000,ft3/s,"['A', '[91]']",0
1994-07-26,242.44,streamflow,9291000,ft3/s,"['A', '[91]']",0
1994-07-27,239.92,streamflow,9291000,ft3/s,"['A', '[91]']",0
1994-07-28,236.36,streamflow,9291000,ft3/s,"['A', '[91]']",0
1994-07-29,233.48,streamflow,9291000,ft3/s,"['A', '[91]']",0
1994-07-30,232.28,streamflow,9291000,ft3/s,"['A', '[91]']",0
1994-07-31,228.8,streamflow,9291000,ft3/s,"['A', '[91]']",0
1994-08-01,221.8,streamflow,9291000,ft3/s,"['A', '[91]']",0
1994-08-02,196.0,streamflow,9291000,ft3/s,"['A', '[91]']",0
1994-08-03,194.16,streamflow,9291000,ft3/s,"['A', '[91]']",0
1994-08-04,191.92,streamflow,9291000,ft3/s,"['A', '[91]']",0
1994-08-05,190.96,streamflow,9291000,ft3/s,"['A', '[91]']",0
1994-08-06,188.2,streamflow,9291000,ft3/s,"['A', '[91]']",0
1994-08-07,156.0,streamflow,9291000,ft3/s,"['A', '[91]']",0
1994-08-08,98.96,streamflow,9291000,ft3/s,"['A', '[91]']",0
1994-08-09,84.24,streamflow,9291000,ft3/s,"['A', '[91]']",0
1994-08-10,86.84,streamflow,9291000,ft3/s,"['A', '[91]']",0
1994-08-11,84.72,streamflow,9291000,ft3/s,"['A', '[91]']",0
1994-08-12,80.56,streamflow,9291000,ft3/s,"['A', '[91]']",0
1994-08-13,76.2,streamflow,9291000,ft3/s,"['A', '[91]']",0
1994-08-14,75.0,streamflow,9291000,ft3/s,"['A', '[91]']",0
1994-08-15,74.52,streamflow,9291000,ft3/s,"['A', '[91]']",0
1994-08-16,70.2,streamflow,9291000,ft3/s,"['A', '[91]']",0
1994-08-17,68.84,streamflow,9291000,ft3/s,"['A', '[91]']",0
1994-08-18,51.125,streamflow,9291000,ft3/s,"['A', '[91]']",0
1994-08-19,13.64,streamflow,9291000,ft3/s,"['A', '[91]']",0
1994-08-20,12.04,streamflow,9291000,ft3/s,"['A', '[91]']",0
1994-08-21,12.0,streamflow,9291000,ft3/s,"['A', '[91]']",0
1994-08-22,12.0,streamflow,9291000,ft3/s,"['A', '[91]']",0
1994-08-23,11.24,streamflow,9291000,ft3/s,"['A', '[91]']",0
1994-08-24,11.0,streamflow,9291000,ft3/s,"['A', '[91]']",0
1994-08-25,11.0,streamflow,9291000,ft3/s,"['A', '[91]']",0
1994-08-26,11.0,streamflow,9291000,ft3/s,"['A', '[91]']",0
1994-08-27,11.44,streamflow,9291000,ft3/s,"['A', '[91]']",0
1994-08-28,11.44,streamflow,9291000,ft3/s,"['A', '[91]']",0
1994-08-29,11.12,streamflow,9291000,ft3/s,"['A', '[91]']",0
1994-08-30,11.56,streamflow,9291000,ft3/s,"['A', '[91]']",0
1994-08-31,11.84,streamflow,9291000,ft3/s,"['A', '[91]']",0
1994-09-01,11.8,streamflow,9291000,ft3/s,"['A', '[91]']",0
1994-09-02,11.8,streamflow,9291000,ft3/s,"['A', '[91]']",0
1994-09-03,11.84,streamflow,9291000,ft3/s,"['A', '[91]']",0
1994-09-04,11.96,streamflow,9291000,ft3/s,"['A', '[91]']",0
1994-09-05,12.0,streamflow,9291000,ft3/s,"['A', '[91]']",0
1994-09-06,12.0,streamflow,9291000,ft3/s,"['A', '[91]']",0
1994-09-07,12.0,streamflow,9291000,ft3/s,"['A', '[91]']",0
1994-09-08,12.0,streamflow,9291000,ft3/s,"['A', '[91]']",0
1994-09-09,12.0,streamflow,9291000,ft3/s,"['A', '[91]']",0
1994-09-10,12.0,streamflow,9291000,ft3/s,"['A', '[91]']",0
1994-09-11,20.2,streamflow,9291000,ft3/s,"['A', '[91]']",0
1994-09-12,46.32,streamflow,9291000,ft3/s,"['A', '[91]']",0
1994-09-13,47.52,streamflow,9291000,ft3/s,"['A', '[91]']",0
1994-09-14,47.28,streamflow,9291000,ft3/s,"['A', '[91]']",0
1994-09-15,46.84,streamflow,9291000,ft3/s,"['A', '[91]']",0
1994-09-16,46.32,streamflow,9291000,ft3/s,"['A', '[91]']",0
1994-09-17,46.44,streamflow,9291000,ft3/s,"['A', '[91]']",0
1994-09-18,46.48,streamflow,9291000,ft3/s,"['A', '[91]']",0
1994-09-19,36.5596,streamflow,9291000,ft3/s,"['A', '[91]']",0
1994-09-20,0.0044,streamflow,9291000,ft3/s,"['A', '[91]']",0
1994-09-21,0.0,streamflow,9291000,ft3/s,"['A', '[91]']",0
1994-09-22,0.0,streamflow,9291000,ft3/s,"['A', '[91]']",0
1994-09-23,0.0,streamflow,9291000,ft3/s,"['A', '[91]']",0
1994-09-24,0.0,streamflow,9291000,ft3/s,"['A', '[91]']",0
1994-09-25,0.0,streamflow,9291000,ft3/s,"['A', '[91]']",0
1994-09-26,0.0,streamflow,9291000,ft3/s,"['A', '[91]']",0
1994-09-27,0.0,streamflow,9291000,ft3/s,"['A', '[91]']",0
1994-09-28,0.0,streamflow,9291000,ft3/s,"['A', '[91]']",0
1994-09-29,0.0,streamflow,9291000,ft3/s,"['A', '[91]']",0
1994-09-30,0.0,streamflow,9291000,ft3/s,"['A', '[91]']",0
1994-10-01,0.0,streamflow,9291000,ft3/s,"['A', '[91]']",0
1994-10-02,0.0,streamflow,9291000,ft3/s,"['A', '[91]']",0
1994-10-03,0.0,streamflow,9291000,ft3/s,"['A', '[91]']",0
1994-10-04,0.0,streamflow,9291000,ft3/s,"['A', '[91]']",0
1994-10-05,0.0,streamflow,9291000,ft3/s,"['A', '[91]']",0
1994-10-06,0.0,streamflow,9291000,ft3/s,"['A', '[91]']",0
1994-10-07,0.0,streamflow,9291000,ft3/s,"['A', '[91]']",0
1994-10-08,0.0,streamflow,9291000,ft3/s,"['A', '[91]']",0
1994-10-09,0.0,streamflow,9291000,ft3/s,"['A', '[91]']",0
1994-10-10,0.0,streamflow,9291000,ft3/s,"['A', '[91]']",0
1994-10-11,0.0,streamflow,9291000,ft3/s,"['A', '[91]']",0
1994-10-12,0.0,streamflow,9291000,ft3/s,"['A', '[91]']",0
1994-10-13,0.0,streamflow,9291000,ft3/s,"['A', '[91]']",0
1994-10-14,0.0,streamflow,9291000,ft3/s,"['A', '[91]']",0
1994-10-15,0.0,streamflow,9291000,ft3/s,"['A', '[91]']",0
1994-10-16,0.0,streamflow,9291000,ft3/s,"['A', '[91]']",0
1994-10-17,0.0,streamflow,9291000,ft3/s,"['A', '[91]']",0
1994-10-18,0.0,streamflow,9291000,ft3/s,"['A', '[91]']",0
1994-10-19,0.0,streamflow,9291000,ft3/s,"['A', '[91]']",0
1994-10-20,0.0,streamflow,9291000,ft3/s,"['A', '[91]']",0
1994-10-21,0.0,streamflow,9291000,ft3/s,"['A', '[91]']",0
1994-10-22,0.0,streamflow,9291000,ft3/s,"['A', '[91]']",0
1994-10-23,0.0,streamflow,9291000,ft3/s,"['A', '[91]']",0
1994-10-24,0.0,streamflow,9291000,ft3/s,"['A', '[91]']",0
1994-10-25,0.0,streamflow,9291000,ft3/s,"['A', '[91]']",0
1994-10-26,0.0,streamflow,9291000,ft3/s,"['A', '[91]']",0
1994-10-27,0.0,streamflow,9291000,ft3/s,"['A', '[91]']",0
1994-10-28,0.0,streamflow,9291000,ft3/s,"['A', '[91]']",0
1994-10-29,0.0,streamflow,9291000,ft3/s,"['A', '[91]']",0
1994-10-30,0.0,streamflow,9291000,ft3/s,"['A', '[91]']",0
1994-10-31,0.0,streamflow,9291000,ft3/s,"['A', '[91]']",0
1994-11-01,0.0,streamflow,9291000,ft3/s,"['A', '[91]']",0
1994-11-02,0.0,streamflow,9291000,ft3/s,"['A', '[91]']",0
1994-11-03,0.0,streamflow,9291000,ft3/s,"['A', '[91]']",0
1994-11-04,0.0,streamflow,9291000,ft3/s,"['A', '[91]']",0
1994-11-05,0.0,streamflow,9291000,ft3/s,"['A', '[91]']",0
1994-11-06,0.0,streamflow,9291000,ft3/s,"['A', '[91]']",0
1994-11-07,0.0,streamflow,9291000,ft3/s,"['A', '[91]']",0
1994-11-08,0.0,streamflow,9291000,ft3/s,"['A', '[91]']",0
1994-11-09,0.0,streamflow,9291000,ft3/s,"['A', '[91]']",0
1994-11-10,0.0,streamflow,9291000,ft3/s,"['A', '[91]']",0
1994-11-11,0.0,streamflow,9291000,ft3/s,"['A', '[91]']",0
1994-11-12,0.0,streamflow,9291000,ft3/s,"['A', '[91]']",0
1994-11-13,0.0,streamflow,9291000,ft3/s,"['A', '[91]']",0
1994-11-14,0.0,streamflow,9291000,ft3/s,"['A', '[91]']",0
1994-11-15,0.0,streamflow,9291000,ft3/s,"['A', '[91]']",0
1994-11-16,0.0,streamflow,9291000,ft3/s,"['A', '[91]']",0
1994-11-17,,streamflow,9291000,ft3/s,"['A', '[91]']",0
1994-11-18,,streamflow,9291000,ft3/s,"['A', '[91]']",0
1994-11-19,,streamflow,9291000,ft3/s,"['A', '[91]']",0
1994-11-20,,streamflow,9291000,ft3/s,"['A', '[91]']",0
1994-11-21,,streamflow,9291000,ft3/s,"['A', '[91]']",0
1994-11-22,,streamflow,9291000,ft3/s,"['A', '[91]']",0
1994-11-23,,streamflow,9291000,ft3/s,"['A', '[91]']",0
1994-11-24,,streamflow,9291000,ft3/s,"['A', '[91]']",0
1994-11-25,,streamflow,9291000,ft3/s,"['A', '[91]']",0
1994-11-26,,streamflow,9291000,ft3/s,"['A', '[91]']",0
1994-11-27,,streamflow,9291000,ft3/s,"['A', '[91]']",0
1994-11-28,,streamflow,9291000,ft3/s,"['A', '[91]']",0
1994-11-29,,streamflow,9291000,ft3/s,"['A', '[91]']",0
1994-11-30,,streamflow,9291000,ft3/s,"['A', '[91]']",0
1994-12-01,,streamflow,9291000,ft3/s,"['A', '[91]']",0
1994-12-02,,streamflow,9291000,ft3/s,"['A', '[91]']",0
1994-12-03,,streamflow,9291000,ft3/s,"['A', '[91]']",0
1994-12-04,,streamflow,9291000,ft3/s,"['A', '[91]']",0
1994-12-05,,streamflow,9291000,ft3/s,"['A', '[91]']",0
1994-12-06,,streamflow,9291000,ft3/s,"['A', '[91]']",0
1994-12-07,,streamflow,9291000,ft3/s,"['A', '[91]']",0
1994-12-08,,streamflow,9291000,ft3/s,"['A', '[91]']",0
1994-12-09,,streamflow,9291000,ft3/s,"['A', '[91]']",0
1994-12-10,,streamflow,9291000,ft3/s,"['A', '[91]']",0
1994-12-11,,streamflow,9291000,ft3/s,"['A', '[91]']",0
1994-12-12,,streamflow,9291000,ft3/s,"['A', '[91]']",0
1994-12-13,,streamflow,9291000,ft3/s,"['A', '[91]']",0
1994-12-14,,streamflow,9291000,ft3/s,"['A', '[91]']",0
1994-12-15,,streamflow,9291000,ft3/s,"['A', '[91]']",0
1994-12-16,0.0,streamflow,9291000,ft3/s,"['A', '[91]']",0
1994-12-17,0.0,streamflow,9291000,ft3/s,"['A', '[91]']",0
1994-12-18,0.0,streamflow,9291000,ft3/s,"['A', '[91]']",0
1994-12-19,0.0,streamflow,9291000,ft3/s,"['A', '[91]']",0
1994-12-20,0.0,streamflow,9291000,ft3/s,"['A', '[91]']",0
1994-12-21,0.0,streamflow,9291000,ft3/s,"['A', '[91]']",0
1994-12-22,0.0,streamflow,9291000,ft3/s,"['A', '[91]']",0
1994-12-23,0.0,streamflow,9291000,ft3/s,"['A', '[91]']",0
1994-12-24,0.0,streamflow,9291000,ft3/s,"['A', '[91]']",0
1994-12-25,0.0,streamflow,9291000,ft3/s,"['A', '[91]']",0
1994-12-26,0.0,streamflow,9291000,ft3/s,"['A', '[91]']",0
1994-12-27,0.0,streamflow,9291000,ft3/s,"['A', '[91]']",0
1994-12-28,0.0,streamflow,9291000,ft3/s,"['A', '[91]']",0
1994-12-29,0.0,streamflow,9291000,ft3/s,"['A', '[91]']",0
1994-12-30,0.0,streamflow,9291000,ft3/s,"['A', '[91]']",0
1994-12-31,0.0,streamflow,9291000,ft3/s,"['A', '[91]']",0
1995-01-01,0.0,streamflow,9291000,ft3/s,"['A', '[91]']",0
1995-01-02,0.0,streamflow,9291000,ft3/s,"['A', '[91]']",0
1995-01-03,0.0,streamflow,9291000,ft3/s,"['A', '[91]']",0
1995-01-04,0.0,streamflow,9291000,ft3/s,"['A', '[91]']",0
1995-01-05,0.0,streamflow,9291000,ft3/s,"['A', '[91]']",0
1995-01-06,0.0,streamflow,9291000,ft3/s,"['A', '[91]']",0
1995-01-07,0.0,streamflow,9291000,ft3/s,"['A', '[91]']",0
1995-01-08,0.0,streamflow,9291000,ft3/s,"['A', '[91]']",0
1995-01-09,0.0,streamflow,9291000,ft3/s,"['A', '[91]']",0
1995-01-10,0.0,streamflow,9291000,ft3/s,"['A', '[91]']",0
1995-01-11,0.0,streamflow,9291000,ft3/s,"['A', '[91]']",0
1995-01-12,0.0,streamflow,9291000,ft3/s,"['A', '[91]']",0
1995-01-13,0.0,streamflow,9291000,ft3/s,"['A', '[91]']",0
1995-01-14,0.0,streamflow,9291000,ft3/s,"['A', '[91]']",0
1995-01-15,0.0,streamflow,9291000,ft3/s,"['A', '[91]']",0
1995-01-16,0.0,streamflow,9291000,ft3/s,"['A', '[91]']",0
1995-01-17,0.0,streamflow,9291000,ft3/s,"['A', '[91]']",0
1995-01-18,0.0,streamflow,9291000,ft3/s,"['A', '[91]']",0
1995-01-19,0.0,streamflow,9291000,ft3/s,"['A', '[91]']",0
1995-01-20,0.0,streamflow,9291000,ft3/s,"['A', '[91]']",0
1995-01-21,0.0,streamflow,9291000,ft3/s,"['A', '[91]']",0
1995-01-22,0.0,streamflow,9291000,ft3/s,"['A', '[91]']",0
1995-01-23,0.0,streamflow,9291000,ft3/s,"['A', '[91]']",0
1995-01-24,0.0,streamflow,9291000,ft3/s,"['A', '[91]']",0
1995-01-25,0.0,streamflow,9291000,ft3/s,"['A', '[91]']",0
1995-01-26,0.0,streamflow,9291000,ft3/s,"['A', '[91]']",0
1995-01-27,0.0,streamflow,9291000,ft3/s,"['A', '[91]']",0
1995-01-28,0.0,streamflow,9291000,ft3/s,"['A', '[91]']",0
1995-01-29,0.0,streamflow,9291000,ft3/s,"['A', '[91]']",0
1995-01-30,0.0,streamflow,9291000,ft3/s,"['A', '[91]']",0
1995-01-31,0.0,streamflow,9291000,ft3/s,"['A', '[91]']",0
1995-02-01,0.0,streamflow,9291000,ft3/s,"['A', '[91]']",0
1995-02-02,0.0,streamflow,9291000,ft3/s,"['A', '[91]']",0
1995-02-03,0.0,streamflow,9291000,ft3/s,"['A', '[91]']",0
1995-02-04,0.0,streamflow,9291000,ft3/s,"['A', '[91]']",0
1995-02-05,0.0,streamflow,9291000,ft3/s,"['A', '[91]']",0
1995-02-06,0.0,streamflow,9291000,ft3/s,"['A', '[91]']",0
1995-02-07,0.0,streamflow,9291000,ft3/s,"['A', '[91]']",0
1995-02-08,0.0,streamflow,9291000,ft3/s,"['A', '[91]']",0
1995-02-09,0.0,streamflow,9291000,ft3/s,"['A', '[91]']",0
1995-02-10,0.0,streamflow,9291000,ft3/s,"['A', '[91]']",0
1995-02-11,0.0,streamflow,9291000,ft3/s,"['A', '[91]']",0
1995-02-12,0.0,streamflow,9291000,ft3/s,"['A', '[91]']",0
1995-02-13,0.0,streamflow,9291000,ft3/s,"['A', '[91]']",0
1995-02-14,0.0,streamflow,9291000,ft3/s,"['A', '[91]']",0
1995-02-15,0.0,streamflow,9291000,ft3/s,"['A', '[91]']",0
1995-02-16,0.0,streamflow,9291000,ft3/s,"['A', '[91]']",0
1995-02-17,0.0,streamflow,9291000,ft3/s,"['A', '[91]']",0
1995-02-18,0.0,streamflow,9291000,ft3/s,"['A', '[91]']",0
1995-02-19,0.0,streamflow,9291000,ft3/s,"['A', '[91]']",0
1995-02-20,0.0,streamflow,9291000,ft3/s,"['A', '[91]']",0
1995-02-21,0.0,streamflow,9291000,ft3/s,"['A', '[91]']",0
1995-02-22,0.0,streamflow,9291000,ft3/s,"['A', '[91]']",0
1995-02-23,0.0,streamflow,9291000,ft3/s,"['A', '[91]']",0
1995-02-24,0.0,streamflow,9291000,ft3/s,"['A', '[91]']",0
1995-02-25,0.0,streamflow,9291000,ft3/s,"['A', '[91]']",0
1995-02-26,0.0,streamflow,9291000,ft3/s,"['A', '[91]']",0
1995-02-27,0.0,streamflow,9291000,ft3/s,"['A', '[91]']",0
1995-02-28,0.0,streamflow,9291000,ft3/s,"['A', '[91]']",0
1995-03-01,0.0,streamflow,9291000,ft3/s,"['A', '[91]']",0
1995-03-02,0.0,streamflow,9291000,ft3/s,"['A', '[91]']",0
1995-03-03,0.0,streamflow,9291000,ft3/s,"['A', '[91]']",0
1995-03-04,0.0,streamflow,9291000,ft3/s,"['A', '[91]']",0
1995-03-05,0.0,streamflow,9291000,ft3/s,"['A', '[91]']",0
1995-03-06,0.0,streamflow,9291000,ft3/s,"['A', '[91]']",0
1995-03-07,0.0,streamflow,9291000,ft3/s,"['A', '[91]']",0
1995-03-08,0.0,streamflow,9291000,ft3/s,"['A', '[91]']",0
1995-03-09,0.0,streamflow,9291000,ft3/s,"['A', '[91]']",0
1995-03-10,0.0,streamflow,9291000,ft3/s,"['A', '[91]']",0
1995-03-11,0.0,streamflow,9291000,ft3/s,"['A', '[91]']",0
1995-03-12,0.0,streamflow,9291000,ft3/s,"['A', '[91]']",0
1995-03-13,0.0,streamflow,9291000,ft3/s,"['A', '[91]']",0
1995-03-14,0.0,streamflow,9291000,ft3/s,"['A', '[91]']",0
1995-03-15,0.0,streamflow,9291000,ft3/s,"['A', '[91]']",0
1995-03-16,0.0,streamflow,9291000,ft3/s,"['A', '[91]']",0
1995-03-17,0.0,streamflow,9291000,ft3/s,"['A', '[91]']",0
1995-03-18,0.0,streamflow,9291000,ft3/s,"['A', '[91]']",0
1995-03-19,0.0,streamflow,9291000,ft3/s,"['A', '[91]']",0
1995-03-20,0.0,streamflow,9291000,ft3/s,"['A', '[91]']",0
1995-03-21,0.0,streamflow,9291000,ft3/s,"['A', '[91]']",0
1995-03-22,0.0,streamflow,9291000,ft3/s,"['A', '[91]']",0
1995-03-23,0.0,streamflow,9291000,ft3/s,"['A', '[91]']",0
1995-03-24,0.0,streamflow,9291000,ft3/s,"['A', '[91]']",0
1995-03-25,0.0,streamflow,9291000,ft3/s,"['A', '[91]']",0
1995-03-26,0.0,streamflow,9291000,ft3/s,"['A', '[91]']",0
1995-03-27,0.0,streamflow,9291000,ft3/s,"['A', '[91]']",0
1995-03-28,0.0,streamflow,9291000,ft3/s,"['A', '[91]']",0
1995-03-29,0.0,streamflow,9291000,ft3/s,"['A', '[91]']",0
1995-03-30,0.0,streamflow,9291000,ft3/s,"['A', '[91]']",0
1995-03-31,0.0,streamflow,9291000,ft3/s,"['A', '[91]']",0
1995-04-01,0.0,streamflow,9291000,ft3/s,"['A', '[91]']",0
1995-04-02,0.0,streamflow,9291000,ft3/s,"['A', '[91]']",0
1995-04-03,0.0,streamflow,9291000,ft3/s,"['A', '[91]']",0
1995-04-04,0.0,streamflow,9291000,ft3/s,"['A', '[91]']",0
1995-04-05,0.0,streamflow,9291000,ft3/s,"['A', '[91]']",0
1995-04-06,0.0,streamflow,9291000,ft3/s,"['A', '[91]']",0
1995-04-07,0.0,streamflow,9291000,ft3/s,"['A', '[91]']",0
1995-04-08,0.0,streamflow,9291000,ft3/s,"['A', '[91]']",0
1995-04-09,0.0,streamflow,9291000,ft3/s,"['A', '[91]']",0
1995-04-10,0.0,streamflow,9291000,ft3/s,"['A', '[91]']",0
1995-04-11,0.0,streamflow,9291000,ft3/s,"['A', '[91]']",0
1995-04-12,0.0,streamflow,9291000,ft3/s,"['A', '[91]']",0
1995-04-13,0.0,streamflow,9291000,ft3/s,"['A', '[91]']",0
1995-04-14,0.0,streamflow,9291000,ft3/s,"['A', '[91]']",0
1995-04-15,0.0,streamflow,9291000,ft3/s,"['A', '[91]']",0
1995-04-16,0.0,streamflow,9291000,ft3/s,"['A', '[91]']",0
1995-04-17,10.25,streamflow,9291000,ft3/s,"['A', '[91]']",0
1995-04-18,64.25,streamflow,9291000,ft3/s,"['A', '[91]']",0
1995-04-19,64.666664,streamflow,9291000,ft3/s,"['A', '[91]']",0
1995-04-20,78.625,streamflow,9291000,ft3/s,"['A', '[91]']",0
1995-04-21,104.875,streamflow,9291000,ft3/s,"['A', '[91]']",0
1995-04-22,104.75,streamflow,9291000,ft3/s,"['A', '[91]']",0
1995-04-23,104.416664,streamflow,9291000,ft3/s,"['A', '[91]']",0
1995-04-24,156.375,streamflow,9291000,ft3/s,"['A', '[91]']",0
1995-04-25,193.375,streamflow,9291000,ft3/s,"['A', '[91]']",0
1995-04-26,191.25,streamflow,9291000,ft3/s,"['A', '[91]']",0
1995-04-27,189.25,streamflow,9291000,ft3/s,"['A', '[91]']",0
1995-04-28,187.5,streamflow,9291000,ft3/s,"['A', '[91]']",0
1995-04-29,222.5,streamflow,9291000,ft3/s,"['A', '[91]']",0
1995-04-30,225.625,streamflow,9291000,ft3/s,"['A', '[91]']",0
1995-05-01,431.33334,streamflow,9291000,ft3/s,"['A', '[91]']",0
1995-05-02,403.0,streamflow,9291000,ft3/s,"['A', '[91]']",0
1995-05-03,400.375,streamflow,9291000,ft3/s,"['A', '[91]']",0
1995-05-04,394.54166,streamflow,9291000,ft3/s,"['A', '[91]']",0
1995-05-05,373.70834,streamflow,9291000,ft3/s,"['A', '[91]']",0
1995-05-06,388.58334,streamflow,9291000,ft3/s,"['A', '[91]']",0
1995-05-07,384.125,streamflow,9291000,ft3/s,"['A', '[91]']",0
1995-05-08,380.16666,streamflow,9291000,ft3/s,"['A', '[91]']",0
1995-05-09,377.25,streamflow,9291000,ft3/s,"['A', '[91]']",0
1995-05-10,372.70834,streamflow,9291000,ft3/s,"['A', '[91]']",0
1995-05-11,370.70834,streamflow,9291000,ft3/s,"['A', '[91]']",0
1995-05-12,366.33334,streamflow,9291000,ft3/s,"['A', '[91]']",0
1995-05-13,362.5,streamflow,9291000,ft3/s,"['A', '[91]']",0
1995-05-14,359.0,streamflow,9291000,ft3/s,"['A', '[91]']",0
1995-05-15,367.0,streamflow,9291000,ft3/s,"['A', '[91]']",0
1995-05-16,387.0,streamflow,9291000,ft3/s,"['A', '[91]']",0
1995-05-17,378.91666,streamflow,9291000,ft3/s,"['A', '[91]']",0
1995-05-18,376.45834,streamflow,9291000,ft3/s,"['A', '[91]']",0
1995-05-19,372.70834,streamflow,9291000,ft3/s,"['A', '[91]']",0
1995-05-20,368.83334,streamflow,9291000,ft3/s,"['A', '[91]']",0
1995-05-21,364.83334,streamflow,9291000,ft3/s,"['A', '[91]']",0
1995-05-22,360.16666,streamflow,9291000,ft3/s,"['A', '[91]']",0
1995-05-23,350.16666,streamflow,9291000,ft3/s,"['A', '[91]']",0
1995-05-24,305.95834,streamflow,9291000,ft3/s,"['A', '[91]']",0
1995-05-25,192.83333,streamflow,9291000,ft3/s,"['A', '[91]']",0
1995-05-26,143.08333,streamflow,9291000,ft3/s,"['A', '[91]']",0
1995-05-27,167.125,streamflow,9291000,ft3/s,"['A', '[91]']",0
1995-05-28,167.75,streamflow,9291000,ft3/s,"['A', '[91]']",0
1995-05-29,167.375,streamflow,9291000,ft3/s,"['A', '[91]']",0
1995-05-30,167.25,streamflow,9291000,ft3/s,"['A', '[91]']",0
1995-05-31,284.08334,streamflow,9291000,ft3/s,"['A', '[91]']",0
1995-06-01,271.83334,streamflow,9291000,ft3/s,"['A', '[91]']",0
1995-06-02,225.54167,streamflow,9291000,ft3/s,"['A', '[91]']",0
1995-06-03,181.75,streamflow,9291000,ft3/s,"['A', '[91]']",0
1995-06-04,169.375,streamflow,9291000,ft3/s,"['A', '[91]']",0
1995-06-05,177.54167,streamflow,9291000,ft3/s,"['A', '[91]']",0
1995-06-06,195.875,streamflow,9291000,ft3/s,"['A', '[91]']",0
1995-06-07,197.875,streamflow,9291000,ft3/s,"['A', '[91]']",0
1995-06-08,199.375,streamflow,9291000,ft3/s,"['A', '[91]']",0
1995-06-09,200.875,streamflow,9291000,ft3/s,"['A', '[91]']",0
1995-06-10,202.0,streamflow,9291000,ft3/s,"['A', '[91]']",0
1995-06-11,201.75,streamflow,9291000,ft3/s,"['A', '[91]']",0
1995-06-12,202.25,streamflow,9291000,ft3/s,"['A', '[91]']",0
1995-06-13,205.0,streamflow,9291000,ft3/s,"['A', '[91]']",0
1995-06-14,210.875,streamflow,9291000,ft3/s,"['A', '[91]']",0
1995-06-15,212.625,streamflow,9291000,ft3/s,"['A', '[91]']",0
1995-06-16,209.375,streamflow,9291000,ft3/s,"['A', '[91]']",0
1995-06-17,207.41667,streamflow,9291000,ft3/s,"['A', '[91]']",0
1995-06-18,197.375,streamflow,9291000,ft3/s,"['A', '[91]']",0
1995-06-19,198.625,streamflow,9291000,ft3/s,"['A', '[91]']",0
1995-06-20,201.79167,streamflow,9291000,ft3/s,"['A', '[91]']",0
1995-06-21,211.04167,streamflow,9291000,ft3/s,"['A', '[91]']",0
1995-06-22,235.91667,streamflow,9291000,ft3/s,"['A', '[91]']",0
1995-06-23,246.83333,streamflow,9291000,ft3/s,"['A', '[91]']",0
1995-06-24,361.20834,streamflow,9291000,ft3/s,"['A', '[91]']",0
1995-06-25,598.4583,streamflow,9291000,ft3/s,"['A', '[91]']",0
1995-06-26,802.4167,streamflow,9291000,ft3/s,"['A', '[91]']",0
1995-06-27,1053.8334,streamflow,9291000,ft3/s,"['A', '[91]']",0
1995-06-28,1216.25,streamflow,9291000,ft3/s,"['A', '[91]']",0
1995-06-29,1400.4166,streamflow,9291000,ft3/s,"['A', '[91]']",0
1995-06-30,1446.25,streamflow,9291000,ft3/s,"['A', '[91]']",0
1995-07-01,1332.9166,streamflow,9291000,ft3/s,"['A', '[91]']",0
1995-07-02,981.375,streamflow,9291000,ft3/s,"['A', '[91]']",0
1995-07-03,881.75,streamflow,9291000,ft3/s,"['A', '[91]']",0
1995-07-04,895.6667,streamflow,9291000,ft3/s,"['A', '[91]']",0
1995-07-05,889.7083,streamflow,9291000,ft3/s,"['A', '[91]']",0
1995-07-06,854.25,streamflow,9291000,ft3/s,"['A', '[91]']",0
1995-07-07,880.2917,streamflow,9291000,ft3/s,"['A', '[91]']",0
1995-07-08,1221.9166,streamflow,9291000,ft3/s,"['A', '[91]']",0
1995-07-09,987.8333,streamflow,9291000,ft3/s,"['A', '[91]']",0
1995-07-10,1001.2083,streamflow,9291000,ft3/s,"['A', '[91]']",0
1995-07-11,1253.3334,streamflow,9291000,ft3/s,"['A', '[91]']",0
1995-07-12,1236.6666,streamflow,9291000,ft3/s,"['A', '[91]']",0
1995-07-13,1143.875,streamflow,9291000,ft3/s,"['A', '[91]']",0
1995-07-14,856.625,streamflow,9291000,ft3/s,"['A', '[91]']",0
1995-07-15,610.0417,streamflow,9291000,ft3/s,"['A', '[91]']",0
1995-07-16,521.0833,streamflow,9291000,ft3/s,"['A', '[91]']",0
1995-07-17,577.5417,streamflow,9291000,ft3/s,"['A', '[91]']",0
1995-07-18,715.2917,streamflow,9291000,ft3/s,"['A', '[91]']",0
1995-07-19,706.5833,streamflow,9291000,ft3/s,"['A', '[91]']",0
1995-07-20,690.125,streamflow,9291000,ft3/s,"['A', '[91]']",0
1995-07-21,633.0833,streamflow,9291000,ft3/s,"['A', '[91]']",0
1995-07-22,466.54166,streamflow,9291000,ft3/s,"['A', '[91]']",0
1995-07-23,355.16666,streamflow,9291000,ft3/s,"['A', '[91]']",0
1995-07-24,288.20834,streamflow,9291000,ft3/s,"['A', '[91]']",0
1995-07-25,390.45834,streamflow,9291000,ft3/s,"['A', '[91]']",0
1995-07-26,387.08334,streamflow,9291000,ft3/s,"['A', '[91]']",0
1995-07-27,370.91666,streamflow,9291000,ft3/s,"['A', '[91]']",0
1995-07-28,351.5,streamflow,9291000,ft3/s,"['A', '[91]']",0
1995-07-29,346.83334,streamflow,9291000,ft3/s,"['A', '[91]']",0
1995-07-30,343.66666,streamflow,9291000,ft3/s,"['A', '[91]']",0
1995-07-31,340.5,streamflow,9291000,ft3/s,"['A', '[91]']",0
1995-08-01,336.0,streamflow,9291000,ft3/s,"['A', '[91]']",0
1995-08-02,329.33334,streamflow,9291000,ft3/s,"['A', '[91]']",0
1995-08-03,326.0,streamflow,9291000,ft3/s,"['A', '[91]']",0
1995-08-04,321.5,streamflow,9291000,ft3/s,"['A', '[91]']",0
1995-08-05,319.83334,streamflow,9291000,ft3/s,"['A', '[91]']",0
1995-08-06,315.33334,streamflow,9291000,ft3/s,"['A', '[91]']",0
1995-08-07,268.54166,streamflow,9291000,ft3/s,"['A', '[91]']",0
1995-08-08,227.375,streamflow,9291000,ft3/s,"['A', '[91]']",0
1995-08-09,245.95833,streamflow,9291000,ft3/s,"['A', '[91]']",0
1995-08-10,239.0,streamflow,9291000,ft3/s,"['A', '[91]']",0
1995-08-11,203.875,streamflow,9291000,ft3/s,"['A', '[91]']",0
1995-08-12,202.79167,streamflow,9291000,ft3/s,"['A', '[91]']",0
1995-08-13,201.5,streamflow,9291000,ft3/s,"['A', '[91]']",0
1995-08-14,200.875,streamflow,9291000,ft3/s,"['A', '[91]']",0
1995-08-15,199.375,streamflow,9291000,ft3/s,"['A', '[91]']",0
1995-08-16,199.0,streamflow,9291000,ft3/s,"['A', '[91]']",0
1995-08-17,197.875,streamflow,9291000,ft3/s,"['A', '[91]']",0
1995-08-18,195.0,streamflow,9291000,ft3/s,"['A', '[91]']",0
1995-08-19,194.125,streamflow,9291000,ft3/s,"['A', '[91]']",0
1995-08-20,194.125,streamflow,9291000,ft3/s,"['A', '[91]']",0
1995-08-21,163.45833,streamflow,9291000,ft3/s,"['A', '[91]']",0
1995-08-22,98.166664,streamflow,9291000,ft3/s,"['A', '[91]']",0
1995-08-23,102.333336,streamflow,9291000,ft3/s,"['A', '[91]']",0
1995-08-24,102.916664,streamflow,9291000,ft3/s,"['A', '[91]']",0
1995-08-25,102.583336,streamflow,9291000,ft3/s,"['A', '[91]']",0
1995-08-26,115.791664,streamflow,9291000,ft3/s,"['A', '[91]']",0
1995-08-27,138.54167,streamflow,9291000,ft3/s,"['A', '[91]']",0
1995-08-28,139.875,streamflow,9291000,ft3/s,"['A', '[91]']",0
1995-08-29,171.0,streamflow,9291000,ft3/s,"['A', '[91]']",0
1995-08-30,186.75,streamflow,9291000,ft3/s,"['A', '[91]']",0
1995-08-31,184.25,streamflow,9291000,ft3/s,"['A', '[91]']",0
1995-09-01,192.375,streamflow,9291000,ft3/s,"['A', '[91]']",0
1995-09-02,273.16666,streamflow,9291000,ft3/s,"['A', '[91]']",0
1995-09-03,273.125,streamflow,9291000,ft3/s,"['A', '[91]']",0
1995-09-04,265.66666,streamflow,9291000,ft3/s,"['A', '[91]']",0
1995-09-05,263.58334,streamflow,9291000,ft3/s,"['A', '[91]']",0
1995-09-06,262.08334,streamflow,9291000,ft3/s,"['A', '[91]']",0
1995-09-07,260.83334,streamflow,9291000,ft3/s,"['A', '[91]']",0
1995-09-08,258.54166,streamflow,9291000,ft3/s,"['A', '[91]']",0
1995-09-09,252.91667,streamflow,9291000,ft3/s,"['A', '[91]']",0
1995-09-10,254.58333,streamflow,9291000,ft3/s,"['A', '[91]']",0
1995-09-11,264.0,streamflow,9291000,ft3/s,"['A', '[91]']",0
1995-09-12,299.33334,streamflow,9291000,ft3/s,"['A', '[91]']",0
1995-09-13,297.0,streamflow,9291000,ft3/s,"['A', '[91]']",0
1995-09-14,294.75,streamflow,9291000,ft3/s,"['A', '[91]']",0
1995-09-15,291.79166,streamflow,9291000,ft3/s,"['A', '[91]']",0
1995-09-16,284.08334,streamflow,9291000,ft3/s,"['A', '[91]']",0
1995-09-17,277.5,streamflow,9291000,ft3/s,"['A', '[91]']",0
1995-09-18,309.45834,streamflow,9291000,ft3/s,"['A', '[91]']",0
1995-09-19,311.54166,streamflow,9291000,ft3/s,"['A', '[91]']",0
1995-09-20,315.0,streamflow,9291000,ft3/s,"['A', '[91]']",0
1995-09-21,309.58334,streamflow,9291000,ft3/s,"['A', '[91]']",0
1995-09-22,311.08334,streamflow,9291000,ft3/s,"['A', '[91]']",0
1995-09-23,310.125,streamflow,9291000,ft3/s,"['A', '[91]']",0
1995-09-24,318.04166,streamflow,9291000,ft3/s,"['A', '[91]']",0
1995-09-25,318.33334,streamflow,9291000,ft3/s,"['A', '[91]']",0
1995-09-26,316.04166,streamflow,9291000,ft3/s,"['A', '[91]']",0
1995-09-27,313.45834,streamflow,9291000,ft3/s,"['A', '[91]']",0
1995-09-28,307.58334,streamflow,9291000,ft3/s,"['A', '[91]']",0
1995-09-29,304.75,streamflow,9291000,ft3/s,"['A', '[91]']",0
1995-09-30,298.83334,streamflow,9291000,ft3/s,"['A', '[91]']",0
1995-10-01,304.83334,streamflow,9291000,ft3/s,"['A', '[91]']",0
1995-10-02,231.0,streamflow,9291000,ft3/s,"['A', '[91]']",0
1995-10-03,103.916664,streamflow,9291000,ft3/s,"['A', '[91]']",0
1995-10-04,104.041664,streamflow,9291000,ft3/s,"['A', '[91]']",0
1995-10-05,103.916664,streamflow,9291000,ft3/s,"['A', '[91]']",0
1995-10-06,104.583336,streamflow,9291000,ft3/s,"['A', '[91]']",0
1995-10-07,104.25,streamflow,9291000,ft3/s,"['A', '[91]']",0
1995-10-08,104.083336,streamflow,9291000,ft3/s,"['A', '[91]']",0
1995-10-09,104.25,streamflow,9291000,ft3/s,"['A', '[91]']",0
1995-10-10,103.916664,streamflow,9291000,ft3/s,"['A', '[91]']",0
1995-10-11,104.333336,streamflow,9291000,ft3/s,"['A', '[91]']",0
1995-10-12,104.166664,streamflow,9291000,ft3/s,"['A', '[91]']",0
1995-10-13,104.5,streamflow,9291000,ft3/s,"['A', '[91]']",0
1995-10-14,104.416664,streamflow,9291000,ft3/s,"['A', '[91]']",0
1995-10-15,104.75,streamflow,9291000,ft3/s,"['A', '[91]']",0
1995-10-16,104.25,streamflow,9291000,ft3/s,"['A', '[91]']",0
1995-10-17,104.166664,streamflow,9291000,ft3/s,"['A', '[91]']",0
1995-10-18,103.666664,streamflow,9291000,ft3/s,"['A', '[91]']",0
1995-10-19,95.57917,streamflow,9291000,ft3/s,"['A', '[91]']",0
1995-10-20,0.0,streamflow,9291000,ft3/s,"['A', '[91]']",0
1995-10-21,0.0,streamflow,9291000,ft3/s,"['A', '[91]']",0
1995-10-22,0.0,streamflow,9291000,ft3/s,"['A', '[91]']",0
1995-10-23,0.0,streamflow,9291000,ft3/s,"['A', '[91]']",0
1995-10-24,0.0,streamflow,9291000,ft3/s,"['A', '[91]']",0
1995-10-25,0.0,streamflow,9291000,ft3/s,"['A', '[91]']",0
1995-10-26,0.0,streamflow,9291000,ft3/s,"['A', '[91]']",0
1995-10-27,0.0,streamflow,9291000,ft3/s,"['A', '[91]']",0
1995-10-28,0.0,streamflow,9291000,ft3/s,"['A', '[91]']",0
1995-10-29,0.0,streamflow,9291000,ft3/s,"['A', '[91]']",0
1995-10-30,0.0,streamflow,9291000,ft3/s,"['A', '[91]']",0
1995-10-31,0.0,streamflow,9291000,ft3/s,"['A', '[91]']",0
1995-11-01,0.0,streamflow,9291000,ft3/s,"['A', '[91]']",0
1995-11-02,0.0,streamflow,9291000,ft3/s,"['A', '[91]']",0
1995-11-03,0.0,streamflow,9291000,ft3/s,"['A', '[91]']",0
1995-11-04,0.0,streamflow,9291000,ft3/s,"['A', '[91]']",0
1995-11-05,0.0,streamflow,9291000,ft3/s,"['A', '[91]']",0
1995-11-06,0.0,streamflow,9291000,ft3/s,"['A', '[91]']",0
1995-11-07,0.0,streamflow,9291000,ft3/s,"['A', '[91]']",0
1995-11-08,0.0,streamflow,9291000,ft3/s,"['A', '[91]']",0
1995-11-09,0.0,streamflow,9291000,ft3/s,"['A', '[91]']",0
1995-11-10,0.0,streamflow,9291000,ft3/s,"['A', '[91]']",0
1995-11-11,0.0,streamflow,9291000,ft3/s,"['A', '[91]']",0
1995-11-12,0.0,streamflow,9291000,ft3/s,"['A', '[91]']",0
1995-11-13,0.0,streamflow,9291000,ft3/s,"['A', '[91]']",0
1995-11-14,0.0,streamflow,9291000,ft3/s,"['A', '[91]']",0
1995-11-15,0.0,streamflow,9291000,ft3/s,"['A', '[91]']",0
1995-11-16,0.0,streamflow,9291000,ft3/s,"['A', '[91]']",0
1995-11-17,0.0,streamflow,9291000,ft3/s,"['A', '[91]']",0
1995-11-18,0.0,streamflow,9291000,ft3/s,"['A', '[91]']",0
1995-11-19,0.0,streamflow,9291000,ft3/s,"['A', '[91]']",0
1995-11-20,0.0,streamflow,9291000,ft3/s,"['A', '[91]']",0
1995-11-21,0.0,streamflow,9291000,ft3/s,"['A', '[91]']",0
1995-11-22,0.0,streamflow,9291000,ft3/s,"['A', '[91]']",0
1995-11-23,0.0,streamflow,9291000,ft3/s,"['A', '[91]']",0
1995-11-24,0.0,streamflow,9291000,ft3/s,"['A', '[91]']",0
1995-11-25,0.0,streamflow,9291000,ft3/s,"['A', '[91]']",0
1995-11-26,0.0,streamflow,9291000,ft3/s,"['A', '[91]']",0
1995-11-27,0.0,streamflow,9291000,ft3/s,"['A', '[91]']",0
1995-11-28,0.0,streamflow,9291000,ft3/s,"['A', '[91]']",0
1995-11-29,0.0,streamflow,9291000,ft3/s,"['A', '[91]']",0
1995-11-30,0.0,streamflow,9291000,ft3/s,"['A', '[91]']",0
1995-12-01,0.0,streamflow,9291000,ft3/s,"['A', '[91]']",0
1995-12-02,0.0,streamflow,9291000,ft3/s,"['A', '[91]']",0
1995-12-03,0.0,streamflow,9291000,ft3/s,"['A', '[91]']",0
1995-12-04,0.0,streamflow,9291000,ft3/s,"['A', '[91]']",0
1995-12-05,0.0,streamflow,9291000,ft3/s,"['A', '[91]']",0
1995-12-06,0.0,streamflow,9291000,ft3/s,"['A', '[91]']",0
1995-12-07,0.0,streamflow,9291000,ft3/s,"['A', '[91]']",0
1995-12-08,0.0,streamflow,9291000,ft3/s,"['A', '[91]']",0
1995-12-09,0.0,streamflow,9291000,ft3/s,"['A', '[91]']",0
1995-12-10,0.0,streamflow,9291000,ft3/s,"['A', '[91]']",0
1995-12-11,0.0,streamflow,9291000,ft3/s,"['A', '[91]']",0
1995-12-12,0.0,streamflow,9291000,ft3/s,"['A', '[91]']",0
1995-12-13,0.0,streamflow,9291000,ft3/s,"['A', '[91]']",0
1995-12-14,0.0,streamflow,9291000,ft3/s,"['A', '[91]']",0
1995-12-15,0.0,streamflow,9291000,ft3/s,"['A', '[91]']",0
1995-12-16,0.0,streamflow,9291000,ft3/s,"['A', '[91]']",0
1995-12-17,0.0,streamflow,9291000,ft3/s,"['A', '[91]']",0
1995-12-18,0.0,streamflow,9291000,ft3/s,"['A', '[91]']",0
1995-12-19,0.0,streamflow,9291000,ft3/s,"['A', '[91]']",0
1995-12-20,0.0,streamflow,9291000,ft3/s,"['A', '[91]']",0
1995-12-21,0.0,streamflow,9291000,ft3/s,"['A', '[91]']",0
1995-12-22,0.0,streamflow,9291000,ft3/s,"['A', '[91]']",0
1995-12-23,0.0,streamflow,9291000,ft3/s,"['A', '[91]']",0
1995-12-24,0.0,streamflow,9291000,ft3/s,"['A', '[91]']",0
1995-12-25,0.0,streamflow,9291000,ft3/s,"['A', '[91]']",0
1995-12-26,0.0,streamflow,9291000,ft3/s,"['A', '[91]']",0
1995-12-27,0.0,streamflow,9291000,ft3/s,"['A', '[91]']",0
1995-12-28,0.0,streamflow,9291000,ft3/s,"['A', '[91]']",0
1995-12-29,0.0,streamflow,9291000,ft3/s,"['A', '[91]']",0
1995-12-30,0.0,streamflow,9291000,ft3/s,"['A', '[91]']",0
1995-12-31,0.0,streamflow,9291000,ft3/s,"['A', '[91]']",0
1996-01-01,0.0,streamflow,9291000,ft3/s,"['A', '[91]']",0
1996-01-02,0.0,streamflow,9291000,ft3/s,"['A', '[91]']",0
1996-01-03,0.0,streamflow,9291000,ft3/s,"['A', '[91]']",0
1996-01-04,0.0,streamflow,9291000,ft3/s,"['A', '[91]']",0
1996-01-05,0.0,streamflow,9291000,ft3/s,"['A', '[91]']",0
1996-01-06,0.0,streamflow,9291000,ft3/s,"['A', '[91]']",0
1996-01-07,0.0,streamflow,9291000,ft3/s,"['A', '[91]']",0
1996-01-08,0.0,streamflow,9291000,ft3/s,"['A', '[91]']",0
1996-01-09,0.0,streamflow,9291000,ft3/s,"['A', '[91]']",0
1996-01-10,0.0,streamflow,9291000,ft3/s,"['A', '[91]']",0
1996-01-11,0.0,streamflow,9291000,ft3/s,"['A', '[91]']",0
1996-01-12,0.0,streamflow,9291000,ft3/s,"['A', '[91]']",0
1996-01-13,0.0,streamflow,9291000,ft3/s,"['A', '[91]']",0
1996-01-14,0.0,streamflow,9291000,ft3/s,"['A', '[91]']",0
1996-01-15,0.0,streamflow,9291000,ft3/s,"['A', '[91]']",0
1996-01-16,0.0,streamflow,9291000,ft3/s,"['A', '[91]']",0
1996-01-17,0.0,streamflow,9291000,ft3/s,"['A', '[91]']",0
1996-01-18,0.0,streamflow,9291000,ft3/s,"['A', '[91]']",0
1996-01-19,0.0,streamflow,9291000,ft3/s,"['A', '[91]']",0
1996-01-20,0.0,streamflow,9291000,ft3/s,"['A', '[91]']",0
1996-01-21,0.0,streamflow,9291000,ft3/s,"['A', '[91]']",0
1996-01-22,0.0,streamflow,9291000,ft3/s,"['A', '[91]']",0
1996-01-23,0.0,streamflow,9291000,ft3/s,"['A', '[91]']",0
1996-01-24,0.0,streamflow,9291000,ft3/s,"['A', '[91]']",0
1996-01-25,0.0,streamflow,9291000,ft3/s,"['A', '[91]']",0
1996-01-26,0.0,streamflow,9291000,ft3/s,"['A', '[91]']",0
1996-01-27,0.0,streamflow,9291000,ft3/s,"['A', '[91]']",0
1996-01-28,0.0,streamflow,9291000,ft3/s,"['A', '[91]']",0
1996-01-29,0.0,streamflow,9291000,ft3/s,"['A', '[91]']",0
1996-01-30,0.0,streamflow,9291000,ft3/s,"['A', '[91]']",0
1996-01-31,0.0,streamflow,9291000,ft3/s,"['A', '[91]']",0
1996-02-01,0.0,streamflow,9291000,ft3/s,"['A', '[91]']",0
1996-02-02,0.0,streamflow,9291000,ft3/s,"['A', '[91]']",0
1996-02-03,0.0,streamflow,9291000,ft3/s,"['A', '[91]']",0
1996-02-04,0.0,streamflow,9291000,ft3/s,"['A', '[91]']",0
1996-02-05,0.0,streamflow,9291000,ft3/s,"['A', '[91]']",0
1996-02-06,0.0,streamflow,9291000,ft3/s,"['A', '[91]']",0
1996-02-07,0.0,streamflow,9291000,ft3/s,"['A', '[91]']",0
1996-02-08,0.0,streamflow,9291000,ft3/s,"['A', '[91]']",0
1996-02-09,0.0,streamflow,9291000,ft3/s,"['A', '[91]']",0
1996-02-10,0.0,streamflow,9291000,ft3/s,"['A', '[91]']",0
1996-02-11,0.0,streamflow,9291000,ft3/s,"['A', '[91]']",0
1996-02-12,0.0,streamflow,9291000,ft3/s,"['A', '[91]']",0
1996-02-13,0.0,streamflow,9291000,ft3/s,"['A', '[91]']",0
1996-02-14,0.0,streamflow,9291000,ft3/s,"['A', '[91]']",0
1996-02-15,0.0,streamflow,9291000,ft3/s,"['A', '[91]']",0
1996-02-16,0.0,streamflow,9291000,ft3/s,"['A', '[91]']",0
1996-02-17,0.0,streamflow,9291000,ft3/s,"['A', '[91]']",0
1996-02-18,0.0,streamflow,9291000,ft3/s,"['A', '[91]']",0
1996-02-19,0.0,streamflow,9291000,ft3/s,"['A', '[91]']",0
1996-02-20,0.0,streamflow,9291000,ft3/s,"['A', '[91]']",0
1996-02-21,0.0,streamflow,9291000,ft3/s,"['A', '[91]']",0
1996-02-22,0.0,streamflow,9291000,ft3/s,"['A', '[91]']",0
1996-02-23,0.0,streamflow,9291000,ft3/s,"['A', '[91]']",0
1996-02-24,0.0,streamflow,9291000,ft3/s,"['A', '[91]']",0
1996-02-25,0.0,streamflow,9291000,ft3/s,"['A', '[91]']",0
1996-02-26,0.0,streamflow,9291000,ft3/s,"['A', '[91]']",0
1996-02-27,0.0,streamflow,9291000,ft3/s,"['A', '[91]']",0
1996-02-28,0.0,streamflow,9291000,ft3/s,"['A', '[91]']",0
1996-02-29,0.0,streamflow,9291000,ft3/s,"['A', '[91]']",0
1996-03-01,0.0,streamflow,9291000,ft3/s,"['A', '[91]']",0
1996-03-02,0.0,streamflow,9291000,ft3/s,"['A', '[91]']",0
1996-03-03,0.0,streamflow,9291000,ft3/s,"['A', '[91]']",0
1996-03-04,0.0,streamflow,9291000,ft3/s,"['A', '[91]']",0
1996-03-05,0.0,streamflow,9291000,ft3/s,"['A', '[91]']",0
1996-03-06,0.0,streamflow,9291000,ft3/s,"['A', '[91]']",0
1996-03-07,0.0,streamflow,9291000,ft3/s,"['A', '[91]']",0
1996-03-08,0.0,streamflow,9291000,ft3/s,"['A', '[91]']",0
1996-03-09,0.0,streamflow,9291000,ft3/s,"['A', '[91]']",0
1996-03-10,0.0,streamflow,9291000,ft3/s,"['A', '[91]']",0
1996-03-11,0.0,streamflow,9291000,ft3/s,"['A', '[91]']",0
1996-03-12,0.0,streamflow,9291000,ft3/s,"['A', '[91]']",0
1996-03-13,0.0,streamflow,9291000,ft3/s,"['A', '[91]']",0
1996-03-14,0.0,streamflow,9291000,ft3/s,"['A', '[91]']",0
1996-03-15,0.0,streamflow,9291000,ft3/s,"['A', '[91]']",0
1996-03-16,0.0,streamflow,9291000,ft3/s,"['A', '[91]']",0
1996-03-17,0.0,streamflow,9291000,ft3/s,"['A', '[91]']",0
1996-03-18,0.0,streamflow,9291000,ft3/s,"['A', '[91]']",0
1996-03-19,0.0,streamflow,9291000,ft3/s,"['A', '[91]']",0
1996-03-20,0.0,streamflow,9291000,ft3/s,"['A', '[91]']",0
1996-03-21,0.0,streamflow,9291000,ft3/s,"['A', '[91]']",0
1996-03-22,0.0,streamflow,9291000,ft3/s,"['A', '[91]']",0
1996-03-23,0.0,streamflow,9291000,ft3/s,"['A', '[91]']",0
1996-03-24,0.0,streamflow,9291000,ft3/s,"['A', '[91]']",0
1996-03-25,0.0,streamflow,9291000,ft3/s,"['A', '[91]']",0
1996-03-26,0.0,streamflow,9291000,ft3/s,"['A', '[91]']",0
1996-03-27,0.0,streamflow,9291000,ft3/s,"['A', '[91]']",0
1996-03-28,0.0,streamflow,9291000,ft3/s,"['A', '[91]']",0
1996-03-29,0.0,streamflow,9291000,ft3/s,"['A', '[91]']",0
1996-03-30,0.0,streamflow,9291000,ft3/s,"['A', '[91]']",0
1996-03-31,0.0,streamflow,9291000,ft3/s,"['A', '[91]']",0
1996-04-01,0.0,streamflow,9291000,ft3/s,"['A', '[91]']",0
1996-04-02,0.0,streamflow,9291000,ft3/s,"['A', '[91]']",0
1996-04-03,0.0,streamflow,9291000,ft3/s,"['A', '[91]']",0
1996-04-04,0.0,streamflow,9291000,ft3/s,"['A', '[91]']",0
1996-04-05,0.0,streamflow,9291000,ft3/s,"['A', '[91]']",0
1996-04-06,0.0,streamflow,9291000,ft3/s,"['A', '[91]']",0
1996-04-07,0.0,streamflow,9291000,ft3/s,"['A', '[91]']",0
1996-04-08,0.0,streamflow,9291000,ft3/s,"['A', '[91]']",0
1996-04-09,0.0,streamflow,9291000,ft3/s,"['A', '[91]']",0
1996-04-10,0.0,streamflow,9291000,ft3/s,"['A', '[91]']",0
1996-04-11,0.0,streamflow,9291000,ft3/s,"['A', '[91]']",0
1996-04-12,0.0,streamflow,9291000,ft3/s,"['A', '[91]']",0
1996-04-13,0.0,streamflow,9291000,ft3/s,"['A', '[91]']",0
1996-04-14,0.0,streamflow,9291000,ft3/s,"['A', '[91]']",0
1996-04-15,0.0,streamflow,9291000,ft3/s,"['A', '[91]']",0
1996-04-16,0.0,streamflow,9291000,ft3/s,"['A', '[91]']",0
1996-04-17,13.497916,streamflow,9291000,ft3/s,"['A', '[91]']",0
1996-04-18,55.166668,streamflow,9291000,ft3/s,"['A', '[91]']",0
1996-04-19,56.0,streamflow,9291000,ft3/s,"['A', '[91]']",0
1996-04-20,56.0,streamflow,9291000,ft3/s,"['A', '[91]']",0
1996-04-21,55.75,streamflow,9291000,ft3/s,"['A', '[91]']",0
1996-04-22,54.5,streamflow,9291000,ft3/s,"['A', '[91]']",0
1996-04-23,54.0,streamflow,9291000,ft3/s,"['A', '[91]']",0
1996-04-24,54.0,streamflow,9291000,ft3/s,"['A', '[91]']",0
1996-04-25,54.0,streamflow,9291000,ft3/s,"['A', '[91]']",0
1996-04-26,54.0,streamflow,9291000,ft3/s,"['A', '[91]']",0
1996-04-27,85.583336,streamflow,9291000,ft3/s,"['A', '[91]']",0
1996-04-28,91.25,streamflow,9291000,ft3/s,"['A', '[91]']",0
1996-04-29,321.83334,streamflow,9291000,ft3/s,"['A', '[91]']",0
1996-04-30,316.83334,streamflow,9291000,ft3/s,"['A', '[91]']",0
1996-05-01,323.66666,streamflow,9291000,ft3/s,"['A', '[91]']",0
1996-05-02,344.33334,streamflow,9291000,ft3/s,"['A', '[91]']",0
1996-05-03,,streamflow,9291000,ft3/s,"['A', '[91]']",0
1996-05-04,,streamflow,9291000,ft3/s,"['A', '[91]']",0
1996-05-05,,streamflow,9291000,ft3/s,"['A', '[91]']",0
1996-05-06,,streamflow,9291000,ft3/s,"['A', '[91]']",0
1996-05-07,,streamflow,9291000,ft3/s,"['A', '[91]']",0
1996-05-08,,streamflow,9291000,ft3/s,"['A', '[91]']",0
1996-05-09,,streamflow,9291000,ft3/s,"['A', '[91]']",0
1996-05-10,,streamflow,9291000,ft3/s,"['A', '[91]']",0
1996-05-11,,streamflow,9291000,ft3/s,"['A', '[91]']",0
1996-05-12,,streamflow,9291000,ft3/s,"['A', '[91]']",0
1996-05-13,,streamflow,9291000,ft3/s,"['A', '[91]']",0
1996-05-14,,streamflow,9291000,ft3/s,"['A', '[91]']",0
1996-05-15,,streamflow,9291000,ft3/s,"['A', '[91]']",0
1996-05-16,,streamflow,9291000,ft3/s,"['A', '[91]']",0
1996-05-17,,streamflow,9291000,ft3/s,"['A', '[91]']",0
1996-05-18,,streamflow,9291000,ft3/s,"['A', '[91]']",0
1996-05-19,,streamflow,9291000,ft3/s,"['A', '[91]']",0
1996-05-20,,streamflow,9291000,ft3/s,"['A', '[91]']",0
1996-05-21,,streamflow,9291000,ft3/s,"['A', '[91]']",0
1996-05-22,,streamflow,9291000,ft3/s,"['A', '[91]']",0
1996-05-23,292.16666,streamflow,9291000,ft3/s,"['A', '[91]']",0
1996-05-24,292.625,streamflow,9291000,ft3/s,"['A', '[91]']",0
1996-05-25,291.625,streamflow,9291000,ft3/s,"['A', '[91]']",0
1996-05-26,288.79166,streamflow,9291000,ft3/s,"['A', '[91]']",0
1996-05-27,282.66666,streamflow,9291000,ft3/s,"['A', '[91]']",0
1996-05-28,261.75,streamflow,9291000,ft3/s,"['A', '[91]']",0
1996-05-29,259.375,streamflow,9291000,ft3/s,"['A', '[91]']",0
1996-05-30,256.75,streamflow,9291000,ft3/s,"['A', '[91]']",0
1996-05-31,250.70833,streamflow,9291000,ft3/s,"['A', '[91]']",0
1996-06-01,246.33333,streamflow,9291000,ft3/s,"['A', '[91]']",0
1996-06-02,245.91667,streamflow,9291000,ft3/s,"['A', '[91]']",0
1996-06-03,244.375,streamflow,9291000,ft3/s,"['A', '[91]']",0
1996-06-04,244.41667,streamflow,9291000,ft3/s,"['A', '[91]']",0
1996-06-05,138.875,streamflow,9291000,ft3/s,"['A', '[91]']",0
1996-06-06,142.5,streamflow,9291000,ft3/s,"['A', '[91]']",0
1996-06-07,129.41667,streamflow,9291000,ft3/s,"['A', '[91]']",0
1996-06-08,96.75,streamflow,9291000,ft3/s,"['A', '[91]']",0
1996-06-09,98.458336,streamflow,9291000,ft3/s,"['A', '[91]']",0
1996-06-10,105.291664,streamflow,9291000,ft3/s,"['A', '[91]']",0
1996-06-11,694.125,streamflow,9291000,ft3/s,"['A', '[91]']",0
1996-06-12,674.375,streamflow,9291000,ft3/s,"['A', '[91]']",0
1996-06-13,667.5833,streamflow,9291000,ft3/s,"['A', '[91]']",0
1996-06-14,586.125,streamflow,9291000,ft3/s,"['A', '[91]']",0
1996-06-15,577.0417,streamflow,9291000,ft3/s,"['A', '[91]']",0
1996-06-16,476.375,streamflow,9291000,ft3/s,"['A', '[91]']",0
1996-06-17,493.375,streamflow,9291000,ft3/s,"['A', '[91]']",0
1996-06-18,557.7917,streamflow,9291000,ft3/s,"['A', '[91]']",0
1996-06-19,445.91666,streamflow,9291000,ft3/s,"['A', '[91]']",0
1996-06-20,447.25,streamflow,9291000,ft3/s,"['A', '[91]']",0
1996-06-21,426.45834,streamflow,9291000,ft3/s,"['A', '[91]']",0
1996-06-22,652.75,streamflow,9291000,ft3/s,"['A', '[91]']",0
1996-06-23,399.58334,streamflow,9291000,ft3/s,"['A', '[91]']",0
1996-06-24,339.0,streamflow,9291000,ft3/s,"['A', '[91]']",0
1996-06-25,342.66666,streamflow,9291000,ft3/s,"['A', '[91]']",0
1996-06-26,341.0,streamflow,9291000,ft3/s,"['A', '[91]']",0
1996-06-27,354.08334,streamflow,9291000,ft3/s,"['A', '[91]']",0
1996-06-28,818.875,streamflow,9291000,ft3/s,"['A', '[91]']",0
1996-06-29,527.6667,streamflow,9291000,ft3/s,"['A', '[91]']",0
1996-06-30,243.0,streamflow,9291000,ft3/s,"['A', '[91]']",0
1996-07-01,363.33334,streamflow,9291000,ft3/s,"['A', '[91]']",0
1996-07-02,345.95834,streamflow,9291000,ft3/s,"['A', '[91]']",0
1996-07-03,292.95834,streamflow,9291000,ft3/s,"['A', '[91]']",0
1996-07-04,278.08334,streamflow,9291000,ft3/s,"['A', '[91]']",0
1996-07-05,302.91666,streamflow,9291000,ft3/s,"['A', '[91]']",0
1996-07-06,316.875,streamflow,9291000,ft3/s,"['A', '[91]']",0
1996-07-07,290.16666,streamflow,9291000,ft3/s,"['A', '[91]']",0
1996-07-08,248.54167,streamflow,9291000,ft3/s,"['A', '[91]']",0
1996-07-09,282.875,streamflow,9291000,ft3/s,"['A', '[91]']",0
1996-07-10,301.66666,streamflow,9291000,ft3/s,"['A', '[91]']",0
1996-07-11,302.125,streamflow,9291000,ft3/s,"['A', '[91]']",0
1996-07-12,330.375,streamflow,9291000,ft3/s,"['A', '[91]']",0
1996-07-13,378.70834,streamflow,9291000,ft3/s,"['A', '[91]']",0
1996-07-14,372.375,streamflow,9291000,ft3/s,"['A', '[91]']",0
1996-07-15,383.29166,streamflow,9291000,ft3/s,"['A', '[91]']",0
1996-07-16,373.08334,streamflow,9291000,ft3/s,"['A', '[91]']",0
1996-07-17,365.66666,streamflow,9291000,ft3/s,"['A', '[91]']",0
1996-07-18,361.5,streamflow,9291000,ft3/s,"['A', '[91]']",0
1996-07-19,363.75,streamflow,9291000,ft3/s,"['A', '[91]']",0
1996-07-20,379.54166,streamflow,9291000,ft3/s,"['A', '[91]']",0
1996-07-21,386.83334,streamflow,9291000,ft3/s,"['A', '[91]']",0
1996-07-22,382.0,streamflow,9291000,ft3/s,"['A', '[91]']",0
1996-07-23,374.125,streamflow,9291000,ft3/s,"['A', '[91]']",0
1996-07-24,373.125,streamflow,9291000,ft3/s,"['A', '[91]']",0
1996-07-25,372.83334,streamflow,9291000,ft3/s,"['A', '[91]']",0
1996-07-26,369.0,streamflow,9291000,ft3/s,"['A', '[91]']",0
1996-07-27,364.0,streamflow,9291000,ft3/s,"['A', '[91]']",0
1996-07-28,359.5,streamflow,9291000,ft3/s,"['A', '[91]']",0
1996-07-29,355.83334,streamflow,9291000,ft3/s,"['A', '[91]']",0
1996-07-30,351.33334,streamflow,9291000,ft3/s,"['A', '[91]']",0
1996-07-31,327.16666,streamflow,9291000,ft3/s,"['A', '[91]']",0
1996-08-01,291.04166,streamflow,9291000,ft3/s,"['A', '[91]']",0
1996-08-02,296.66666,streamflow,9291000,ft3/s,"['A', '[91]']",0
1996-08-03,292.58334,streamflow,9291000,ft3/s,"['A', '[91]']",0
1996-08-04,288.79166,streamflow,9291000,ft3/s,"['A', '[91]']",0
1996-08-05,284.75,streamflow,9291000,ft3/s,"['A', '[91]']",0
1996-08-06,291.70834,streamflow,9291000,ft3/s,"['A', '[91]']",0
1996-08-07,288.25,streamflow,9291000,ft3/s,"['A', '[91]']",0
1996-08-08,321.5,streamflow,9291000,ft3/s,"['A', '[91]']",0
1996-08-09,347.0,streamflow,9291000,ft3/s,"['A', '[91]']",0
1996-08-10,345.0,streamflow,9291000,ft3/s,"['A', '[91]']",0
1996-08-11,342.66666,streamflow,9291000,ft3/s,"['A', '[91]']",0
1996-08-12,344.83334,streamflow,9291000,ft3/s,"['A', '[91]']",0
1996-08-13,350.16666,streamflow,9291000,ft3/s,"['A', '[91]']",0
1996-08-14,347.16666,streamflow,9291000,ft3/s,"['A', '[91]']",0
1996-08-15,352.33334,streamflow,9291000,ft3/s,"['A', '[91]']",0
1996-08-16,360.5,streamflow,9291000,ft3/s,"['A', '[91]']",0
1996-08-17,377.16666,streamflow,9291000,ft3/s,"['A', '[91]']",0
1996-08-18,374.91666,streamflow,9291000,ft3/s,"['A', '[91]']",0
1996-08-19,371.58334,streamflow,9291000,ft3/s,"['A', '[91]']",0
1996-08-20,369.16666,streamflow,9291000,ft3/s,"['A', '[91]']",0
1996-08-21,365.66666,streamflow,9291000,ft3/s,"['A', '[91]']",0
1996-08-22,362.66666,streamflow,9291000,ft3/s,"['A', '[91]']",0
1996-08-23,358.66666,streamflow,9291000,ft3/s,"['A', '[91]']",0
1996-08-24,349.83334,streamflow,9291000,ft3/s,"['A', '[91]']",0
1996-08-25,349.83334,streamflow,9291000,ft3/s,"['A', '[91]']",0
1996-08-26,350.0,streamflow,9291000,ft3/s,"['A', '[91]']",0
1996-08-27,347.5,streamflow,9291000,ft3/s,"['A', '[91]']",0
1996-08-28,343.0,streamflow,9291000,ft3/s,"['A', '[91]']",0
1996-08-29,340.66666,streamflow,9291000,ft3/s,"['A', '[91]']",0
1996-08-30,337.5,streamflow,9291000,ft3/s,"['A', '[91]']",0
1996-08-31,335.66666,streamflow,9291000,ft3/s,"['A', '[91]']",0
1996-09-01,332.5,streamflow,9291000,ft3/s,"['A', '[91]']",0
1996-09-02,200.5,streamflow,9291000,ft3/s,"['A', '[91]']",0
1996-09-03,118.5,streamflow,9291000,ft3/s,"['A', '[91]']",0
1996-09-04,108.0,streamflow,9291000,ft3/s,"['A', '[91]']",0
1996-09-05,145.33333,streamflow,9291000,ft3/s,"['A', '[91]']",0
1996-09-06,229.95833,streamflow,9291000,ft3/s,"['A', '[91]']",0
1996-09-07,345.5,streamflow,9291000,ft3/s,"['A', '[91]']",0
1996-09-08,344.33334,streamflow,9291000,ft3/s,"['A', '[91]']",0
1996-09-09,134.5,streamflow,9291000,ft3/s,"['A', '[91]']",0
1996-09-10,123.958336,streamflow,9291000,ft3/s,"['A', '[91]']",0
1996-09-11,211.875,streamflow,9291000,ft3/s,"['A', '[91]']",0
1996-09-12,212.875,streamflow,9291000,ft3/s,"['A', '[91]']",0
1996-09-13,217.08333,streamflow,9291000,ft3/s,"['A', '[91]']",0
1996-09-14,165.54167,streamflow,9291000,ft3/s,"['A', '[91]']",0
1996-09-15,0.0,streamflow,9291000,ft3/s,"['A', '[91]']",0
1996-09-16,0.0,streamflow,9291000,ft3/s,"['A', '[91]']",0
1996-09-17,0.0,streamflow,9291000,ft3/s,"['A', '[91]']",0
1996-09-18,0.0,streamflow,9291000,ft3/s,"['A', '[91]']",0
1996-09-19,0.0,streamflow,9291000,ft3/s,"['A', '[91]']",0
1996-09-20,0.0,streamflow,9291000,ft3/s,"['A', '[91]']",0
1996-09-21,0.0,streamflow,9291000,ft3/s,"['A', '[91]']",0
1996-09-22,0.0,streamflow,9291000,ft3/s,"['A', '[91]']",0
1996-09-23,0.0,streamflow,9291000,ft3/s,"['A', '[91]']",0
1996-09-24,0.0,streamflow,9291000,ft3/s,"['A', '[91]']",0
1996-09-25,0.0,streamflow,9291000,ft3/s,"['A', '[91]']",0
1996-09-26,0.0,streamflow,9291000,ft3/s,"['A', '[91]']",0
1996-09-27,0.0,streamflow,9291000,ft3/s,"['A', '[91]']",0
1996-09-28,0.0,streamflow,9291000,ft3/s,"['A', '[91]']",0
1996-09-29,0.0,streamflow,9291000,ft3/s,"['A', '[91]']",0
1996-09-30,0.0,streamflow,9291000,ft3/s,"['A', '[91]']",0
1996-10-01,0.0,streamflow,9291000,ft3/s,"['A', '[91]']",0
1996-10-02,0.0,streamflow,9291000,ft3/s,"['A', '[91]']",0
1996-10-03,0.0,streamflow,9291000,ft3/s,"['A', '[91]']",0
1996-10-04,0.0,streamflow,9291000,ft3/s,"['A', '[91]']",0
1996-10-05,0.0,streamflow,9291000,ft3/s,"['A', '[91]']",0
1996-10-06,0.0,streamflow,9291000,ft3/s,"['A', '[91]']",0
1996-10-07,0.0,streamflow,9291000,ft3/s,"['A', '[91]']",0
1996-10-08,0.0,streamflow,9291000,ft3/s,"['A', '[91]']",0
1996-10-09,0.0,streamflow,9291000,ft3/s,"['A', '[91]']",0
1996-10-10,0.0,streamflow,9291000,ft3/s,"['A', '[91]']",0
1996-10-11,0.0,streamflow,9291000,ft3/s,"['A', '[91]']",0
1996-10-12,0.0,streamflow,9291000,ft3/s,"['A', '[91]']",0
1996-10-13,0.0,streamflow,9291000,ft3/s,"['A', '[91]']",0
1996-10-14,0.0,streamflow,9291000,ft3/s,"['A', '[91]']",0
1996-10-15,0.0,streamflow,9291000,ft3/s,"['A', '[91]']",0
1996-10-16,0.0,streamflow,9291000,ft3/s,"['A', '[91]']",0
1996-10-17,0.0,streamflow,9291000,ft3/s,"['A', '[91]']",0
1996-10-18,0.0,streamflow,9291000,ft3/s,"['A', '[91]']",0
1996-10-19,0.0,streamflow,9291000,ft3/s,"['A', '[91]']",0
1996-10-20,0.0,streamflow,9291000,ft3/s,"['A', '[91]']",0
1996-10-21,0.0,streamflow,9291000,ft3/s,"['A', '[91]']",0
1996-10-22,0.0,streamflow,9291000,ft3/s,"['A', '[91]']",0
1996-10-23,0.0,streamflow,9291000,ft3/s,"['A', '[91]']",0
1996-10-24,0.0,streamflow,9291000,ft3/s,"['A', '[91]']",0
1996-10-25,0.0,streamflow,9291000,ft3/s,"['A', '[91]']",0
1996-10-26,0.0,streamflow,9291000,ft3/s,"['A', '[91]']",0
1996-10-27,0.0,streamflow,9291000,ft3/s,"['A', '[91]']",0
1996-10-28,0.0,streamflow,9291000,ft3/s,"['A', '[91]']",0
1996-10-29,0.0,streamflow,9291000,ft3/s,"['A', '[91]']",0
1996-10-30,0.0,streamflow,9291000,ft3/s,"['A', '[91]']",0
1996-10-31,0.0,streamflow,9291000,ft3/s,"['A', '[91]']",0
1996-11-01,0.0,streamflow,9291000,ft3/s,"['A', '[91]']",0
1996-11-02,0.0,streamflow,9291000,ft3/s,"['A', '[91]']",0
1996-11-03,0.0,streamflow,9291000,ft3/s,"['A', '[91]']",0
1996-11-04,0.0,streamflow,9291000,ft3/s,"['A', '[91]']",0
1996-11-05,0.0,streamflow,9291000,ft3/s,"['A', '[91]']",0
1996-11-06,0.0,streamflow,9291000,ft3/s,"['A', '[91]']",0
1996-11-07,0.0,streamflow,9291000,ft3/s,"['A', '[91]']",0
1996-11-08,0.0,streamflow,9291000,ft3/s,"['A', '[91]']",0
1996-11-09,0.0,streamflow,9291000,ft3/s,"['A', '[91]']",0
1996-11-10,0.0,streamflow,9291000,ft3/s,"['A', '[91]']",0
1996-11-11,0.0,streamflow,9291000,ft3/s,"['A', '[91]']",0
1996-11-12,0.0,streamflow,9291000,ft3/s,"['A', '[91]']",0
1996-11-13,0.0,streamflow,9291000,ft3/s,"['A', '[91]']",0
1996-11-14,0.0,streamflow,9291000,ft3/s,"['A', '[91]']",0
1996-11-15,0.0,streamflow,9291000,ft3/s,"['A', '[91]']",0
1996-11-16,0.0,streamflow,9291000,ft3/s,"['A', '[91]']",0
1996-11-17,0.0,streamflow,9291000,ft3/s,"['A', '[91]']",0
1996-11-18,0.0,streamflow,9291000,ft3/s,"['A', '[91]']",0
1996-11-19,0.0,streamflow,9291000,ft3/s,"['A', '[91]']",0
1996-11-20,0.0,streamflow,9291000,ft3/s,"['A', '[91]']",0
1996-11-21,0.0,streamflow,9291000,ft3/s,"['A', '[91]']",0
1996-11-22,0.0,streamflow,9291000,ft3/s,"['A', '[91]']",0
1996-11-23,0.0,streamflow,9291000,ft3/s,"['A', '[91]']",0
1996-11-24,0.0,streamflow,9291000,ft3/s,"['A', '[91]']",0
1996-11-25,0.0,streamflow,9291000,ft3/s,"['A', '[91]']",0
1996-11-26,0.0,streamflow,9291000,ft3/s,"['A', '[91]']",0
1996-11-27,0.0,streamflow,9291000,ft3/s,"['A', '[91]']",0
1996-11-28,0.0,streamflow,9291000,ft3/s,"['A', '[91]']",0
1996-11-29,0.0,streamflow,9291000,ft3/s,"['A', '[91]']",0
1996-11-30,0.0,streamflow,9291000,ft3/s,"['A', '[91]']",0
1996-12-01,0.0,streamflow,9291000,ft3/s,"['A', '[91]']",0
1996-12-02,0.0,streamflow,9291000,ft3/s,"['A', '[91]']",0
1996-12-03,0.0,streamflow,9291000,ft3/s,"['A', '[91]']",0
1996-12-04,0.0,streamflow,9291000,ft3/s,"['A', '[91]']",0
1996-12-05,0.0,streamflow,9291000,ft3/s,"['A', '[91]']",0
1996-12-06,0.0,streamflow,9291000,ft3/s,"['A', '[91]']",0
1996-12-07,0.0,streamflow,9291000,ft3/s,"['A', '[91]']",0
1996-12-08,0.0,streamflow,9291000,ft3/s,"['A', '[91]']",0
1996-12-09,0.0,streamflow,9291000,ft3/s,"['A', '[91]']",0
1996-12-10,0.0,streamflow,9291000,ft3/s,"['A', '[91]']",0
1996-12-11,0.0,streamflow,9291000,ft3/s,"['A', '[91]']",0
1996-12-12,0.0,streamflow,9291000,ft3/s,"['A', '[91]']",0
1996-12-13,0.0,streamflow,9291000,ft3/s,"['A', '[91]']",0
1996-12-14,0.0,streamflow,9291000,ft3/s,"['A', '[91]']",0
1996-12-15,0.0,streamflow,9291000,ft3/s,"['A', '[91]']",0
1996-12-16,0.0,streamflow,9291000,ft3/s,"['A', '[91]']",0
1996-12-17,0.0,streamflow,9291000,ft3/s,"['A', '[91]']",0
1996-12-18,0.0,streamflow,9291000,ft3/s,"['A', '[91]']",0
1996-12-19,0.0,streamflow,9291000,ft3/s,"['A', '[91]']",0
1996-12-20,0.0,streamflow,9291000,ft3/s,"['A', '[91]']",0
1996-12-21,0.0,streamflow,9291000,ft3/s,"['A', '[91]']",0
1996-12-22,0.0,streamflow,9291000,ft3/s,"['A', '[91]']",0
1996-12-23,0.0,streamflow,9291000,ft3/s,"['A', '[91]']",0
1996-12-24,0.0,streamflow,9291000,ft3/s,"['A', '[91]']",0
1996-12-25,0.0,streamflow,9291000,ft3/s,"['A', '[91]']",0
1996-12-26,0.0,streamflow,9291000,ft3/s,"['A', '[91]']",0
1996-12-27,0.0,streamflow,9291000,ft3/s,"['A', '[91]']",0
1996-12-28,0.0,streamflow,9291000,ft3/s,"['A', '[91]']",0
1996-12-29,0.0,streamflow,9291000,ft3/s,"['A', '[91]']",0
1996-12-30,0.0,streamflow,9291000,ft3/s,"['A', '[91]']",0
1996-12-31,0.0,streamflow,9291000,ft3/s,"['A', '[91]']",0
1997-01-01,0.0,streamflow,9291000,ft3/s,"['A', '[91]']",0
1997-01-02,0.0,streamflow,9291000,ft3/s,"['A', '[91]']",0
1997-01-03,0.0,streamflow,9291000,ft3/s,"['A', '[91]']",0
1997-01-04,0.0,streamflow,9291000,ft3/s,"['A', '[91]']",0
1997-01-05,0.0,streamflow,9291000,ft3/s,"['A', '[91]']",0
1997-01-06,0.0,streamflow,9291000,ft3/s,"['A', '[91]']",0
1997-01-07,0.0,streamflow,9291000,ft3/s,"['A', '[91]']",0
1997-01-08,0.0,streamflow,9291000,ft3/s,"['A', '[91]']",0
1997-01-09,0.0,streamflow,9291000,ft3/s,"['A', '[91]']",0
1997-01-10,0.0,streamflow,9291000,ft3/s,"['A', '[91]']",0
1997-01-11,0.0,streamflow,9291000,ft3/s,"['A', '[91]']",0
1997-01-12,0.0,streamflow,9291000,ft3/s,"['A', '[91]']",0
1997-01-13,0.0,streamflow,9291000,ft3/s,"['A', '[91]']",0
1997-01-14,0.0,streamflow,9291000,ft3/s,"['A', '[91]']",0
1997-01-15,0.0,streamflow,9291000,ft3/s,"['A', '[91]']",0
1997-01-16,0.0,streamflow,9291000,ft3/s,"['A', '[91]']",0
1997-01-17,0.0,streamflow,9291000,ft3/s,"['A', '[91]']",0
1997-01-18,0.0,streamflow,9291000,ft3/s,"['A', '[91]']",0
1997-01-19,0.0,streamflow,9291000,ft3/s,"['A', '[91]']",0
1997-01-20,0.0,streamflow,9291000,ft3/s,"['A', '[91]']",0
1997-01-21,0.0,streamflow,9291000,ft3/s,"['A', '[91]']",0
1997-01-22,0.0,streamflow,9291000,ft3/s,"['A', '[91]']",0
1997-01-23,0.0,streamflow,9291000,ft3/s,"['A', '[91]']",0
1997-01-24,0.0,streamflow,9291000,ft3/s,"['A', '[91]']",0
1997-01-25,0.0,streamflow,9291000,ft3/s,"['A', '[91]']",0
1997-01-26,0.0,streamflow,9291000,ft3/s,"['A', '[91]']",0
1997-01-27,0.0,streamflow,9291000,ft3/s,"['A', '[91]']",0
1997-01-28,0.0,streamflow,9291000,ft3/s,"['A', '[91]']",0
1997-01-29,0.0,streamflow,9291000,ft3/s,"['A', '[91]']",0
1997-01-30,0.0,streamflow,9291000,ft3/s,"['A', '[91]']",0
1997-01-31,0.0,streamflow,9291000,ft3/s,"['A', '[91]']",0
1997-02-01,0.0,streamflow,9291000,ft3/s,"['A', '[91]']",0
1997-02-02,0.0,streamflow,9291000,ft3/s,"['A', '[91]']",0
1997-02-03,0.0,streamflow,9291000,ft3/s,"['A', '[91]']",0
1997-02-04,0.0,streamflow,9291000,ft3/s,"['A', '[91]']",0
1997-02-05,0.0,streamflow,9291000,ft3/s,"['A', '[91]']",0
1997-02-06,0.0,streamflow,9291000,ft3/s,"['A', '[91]']",0
1997-02-07,0.0,streamflow,9291000,ft3/s,"['A', '[91]']",0
1997-02-08,0.0,streamflow,9291000,ft3/s,"['A', '[91]']",0
1997-02-09,0.0,streamflow,9291000,ft3/s,"['A', '[91]']",0
1997-02-10,0.0,streamflow,9291000,ft3/s,"['A', '[91]']",0
1997-02-11,0.0,streamflow,9291000,ft3/s,"['A', '[91]']",0
1997-02-12,0.0,streamflow,9291000,ft3/s,"['A', '[91]']",0
1997-02-13,0.0,streamflow,9291000,ft3/s,"['A', '[91]']",0
1997-02-14,0.0,streamflow,9291000,ft3/s,"['A', '[91]']",0
1997-02-15,0.0,streamflow,9291000,ft3/s,"['A', '[91]']",0
1997-02-16,0.0,streamflow,9291000,ft3/s,"['A', '[91]']",0
1997-02-17,0.0,streamflow,9291000,ft3/s,"['A', '[91]']",0
1997-02-18,0.0,streamflow,9291000,ft3/s,"['A', '[91]']",0
1997-02-19,0.0,streamflow,9291000,ft3/s,"['A', '[91]']",0
1997-02-20,0.0,streamflow,9291000,ft3/s,"['A', '[91]']",0
1997-02-21,0.0,streamflow,9291000,ft3/s,"['A', '[91]']",0
1997-02-22,0.0,streamflow,9291000,ft3/s,"['A', '[91]']",0
1997-02-23,0.0,streamflow,9291000,ft3/s,"['A', '[91]']",0
1997-02-24,0.0,streamflow,9291000,ft3/s,"['A', '[91]']",0
1997-02-25,0.0,streamflow,9291000,ft3/s,"['A', '[91]']",0
1997-02-26,0.0,streamflow,9291000,ft3/s,"['A', '[91]']",0
1997-02-27,0.0,streamflow,9291000,ft3/s,"['A', '[91]']",0
1997-02-28,0.0,streamflow,9291000,ft3/s,"['A', '[91]']",0
1997-03-01,0.0,streamflow,9291000,ft3/s,"['A', '[91]']",0
1997-03-02,0.0,streamflow,9291000,ft3/s,"['A', '[91]']",0
1997-03-03,0.0,streamflow,9291000,ft3/s,"['A', '[91]']",0
1997-03-04,0.0,streamflow,9291000,ft3/s,"['A', '[91]']",0
1997-03-05,0.0,streamflow,9291000,ft3/s,"['A', '[91]']",0
1997-03-06,0.0,streamflow,9291000,ft3/s,"['A', '[91]']",0
1997-03-07,0.0,streamflow,9291000,ft3/s,"['A', '[91]']",0
1997-03-08,0.0,streamflow,9291000,ft3/s,"['A', '[91]']",0
1997-03-09,0.0,streamflow,9291000,ft3/s,"['A', '[91]']",0
1997-03-10,0.0,streamflow,9291000,ft3/s,"['A', '[91]']",0
1997-03-11,0.0,streamflow,9291000,ft3/s,"['A', '[91]']",0
1997-03-12,0.0,streamflow,9291000,ft3/s,"['A', '[91]']",0
1997-03-13,0.0,streamflow,9291000,ft3/s,"['A', '[91]']",0
1997-03-14,0.0,streamflow,9291000,ft3/s,"['A', '[91]']",0
1997-03-15,0.0,streamflow,9291000,ft3/s,"['A', '[91]']",0
1997-03-16,0.0,streamflow,9291000,ft3/s,"['A', '[91]']",0
1997-03-17,0.0,streamflow,9291000,ft3/s,"['A', '[91]']",0
1997-03-18,0.0,streamflow,9291000,ft3/s,"['A', '[91]']",0
1997-03-19,0.0,streamflow,9291000,ft3/s,"['A', '[91]']",0
1997-03-20,0.0,streamflow,9291000,ft3/s,"['A', '[91]']",0
1997-03-21,0.0,streamflow,9291000,ft3/s,"['A', '[91]']",0
1997-03-22,0.0,streamflow,9291000,ft3/s,"['A', '[91]']",0
1997-03-23,0.0,streamflow,9291000,ft3/s,"['A', '[91]']",0
1997-03-24,0.0,streamflow,9291000,ft3/s,"['A', '[91]']",0
1997-03-25,0.0,streamflow,9291000,ft3/s,"['A', '[91]']",0
1997-03-26,0.0,streamflow,9291000,ft3/s,"['A', '[91]']",0
1997-03-27,0.0,streamflow,9291000,ft3/s,"['A', '[91]']",0
1997-03-28,0.0,streamflow,9291000,ft3/s,"['A', '[91]']",0
1997-03-29,0.0,streamflow,9291000,ft3/s,"['A', '[91]']",0
1997-03-30,0.0,streamflow,9291000,ft3/s,"['A', '[91]']",0
1997-03-31,0.0,streamflow,9291000,ft3/s,"['A', '[91]']",0
1997-04-01,0.0,streamflow,9291000,ft3/s,"['A', '[91]']",0
1997-04-02,0.0,streamflow,9291000,ft3/s,"['A', '[91]']",0
1997-04-03,0.0,streamflow,9291000,ft3/s,"['A', '[91]']",0
1997-04-04,0.0,streamflow,9291000,ft3/s,"['A', '[91]']",0
1997-04-05,0.0,streamflow,9291000,ft3/s,"['A', '[91]']",0
1997-04-06,0.0,streamflow,9291000,ft3/s,"['A', '[91]']",0
1997-04-07,0.0,streamflow,9291000,ft3/s,"['A', '[91]']",0
1997-04-08,0.0,streamflow,9291000,ft3/s,"['A', '[91]']",0
1997-04-09,0.0,streamflow,9291000,ft3/s,"['A', '[91]']",0
1997-04-10,0.0,streamflow,9291000,ft3/s,"['A', '[91]']",0
1997-04-11,0.0,streamflow,9291000,ft3/s,"['A', '[91]']",0
1997-04-12,0.0,streamflow,9291000,ft3/s,"['A', '[91]']",0
1997-04-13,0.0,streamflow,9291000,ft3/s,"['A', '[91]']",0
1997-04-14,0.0,streamflow,9291000,ft3/s,"['A', '[91]']",0
1997-04-15,0.0,streamflow,9291000,ft3/s,"['A', '[91]']",0
1997-04-16,0.0,streamflow,9291000,ft3/s,"['A', '[91]']",0
1997-04-17,0.0,streamflow,9291000,ft3/s,"['A', '[91]']",0
1997-04-18,0.0,streamflow,9291000,ft3/s,"['A', '[91]']",0
1997-04-19,0.0,streamflow,9291000,ft3/s,"['A', '[91]']",0
1997-04-20,0.0,streamflow,9291000,ft3/s,"['A', '[91]']",0
1997-04-21,0.0,streamflow,9291000,ft3/s,"['A', '[91]']",0
1997-04-22,0.0,streamflow,9291000,ft3/s,"['A', '[91]']",0
1997-04-23,0.0,streamflow,9291000,ft3/s,"['A', '[91]']",0
1997-04-24,0.0,streamflow,9291000,ft3/s,"['A', '[91]']",0
1997-04-25,0.0,streamflow,9291000,ft3/s,"['A', '[91]']",0
1997-04-26,0.0,streamflow,9291000,ft3/s,"['A', '[91]']",0
1997-04-27,0.0,streamflow,9291000,ft3/s,"['A', '[91]']",0
1997-04-28,0.0,streamflow,9291000,ft3/s,"['A', '[91]']",0
1997-04-29,0.0,streamflow,9291000,ft3/s,"['A', '[91]']",0
1997-04-30,0.0,streamflow,9291000,ft3/s,"['A', '[91]']",0
1997-05-01,0.0,streamflow,9291000,ft3/s,"['A', '[91]']",0
1997-05-02,0.0,streamflow,9291000,ft3/s,"['A', '[91]']",0
1997-05-03,0.0,streamflow,9291000,ft3/s,"['A', '[91]']",0
1997-05-04,32.333332,streamflow,9291000,ft3/s,"['A', '[91]']",0
1997-05-05,274.08334,streamflow,9291000,ft3/s,"['A', '[91]']",0
1997-05-06,400.20834,streamflow,9291000,ft3/s,"['A', '[91]']",0
1997-05-07,313.79166,streamflow,9291000,ft3/s,"['A', '[91]']",0
1997-05-08,302.29166,streamflow,9291000,ft3/s,"['A', '[91]']",0
1997-05-09,293.29166,streamflow,9291000,ft3/s,"['A', '[91]']",0
1997-05-10,287.66666,streamflow,9291000,ft3/s,"['A', '[91]']",0
1997-05-11,287.25,streamflow,9291000,ft3/s,"['A', '[91]']",0
1997-05-12,290.41666,streamflow,9291000,ft3/s,"['A', '[91]']",0
1997-05-13,306.375,streamflow,9291000,ft3/s,"['A', '[91]']",0
1997-05-14,338.58334,streamflow,9291000,ft3/s,"['A', '[91]']",0
1997-05-15,406.125,streamflow,9291000,ft3/s,"['A', '[91]']",0
1997-05-16,420.625,streamflow,9291000,ft3/s,"['A', '[91]']",0
1997-05-17,437.29166,streamflow,9291000,ft3/s,"['A', '[91]']",0
1997-05-18,463.625,streamflow,9291000,ft3/s,"['A', '[91]']",0
1997-05-19,463.83334,streamflow,9291000,ft3/s,"['A', '[91]']",0
1997-05-20,430.875,streamflow,9291000,ft3/s,"['A', '[91]']",0
1997-05-21,447.0,streamflow,9291000,ft3/s,"['A', '[91]']",0
1997-05-22,463.375,streamflow,9291000,ft3/s,"['A', '[91]']",0
1997-05-23,479.125,streamflow,9291000,ft3/s,"['A', '[91]']",0
1997-05-24,492.875,streamflow,9291000,ft3/s,"['A', '[91]']",0
1997-05-25,497.625,streamflow,9291000,ft3/s,"['A', '[91]']",0
1997-05-26,501.20834,streamflow,9291000,ft3/s,"['A', '[91]']",0
1997-05-27,463.41666,streamflow,9291000,ft3/s,"['A', '[91]']",0
1997-05-28,375.875,streamflow,9291000,ft3/s,"['A', '[91]']",0
1997-05-29,359.33334,streamflow,9291000,ft3/s,"['A', '[91]']",0
1997-05-30,328.0,streamflow,9291000,ft3/s,"['A', '[91]']",0
1997-05-31,339.16666,streamflow,9291000,ft3/s,"['A', '[91]']",0
1997-06-01,495.33334,streamflow,9291000,ft3/s,"['A', '[91]']",0
1997-06-02,1328.3334,streamflow,9291000,ft3/s,"['A', '[91]']",0
1997-06-03,1076.1666,streamflow,9291000,ft3/s,"['A', '[91]']",0
1997-06-04,929.7083,streamflow,9291000,ft3/s,"['A', '[91]']",0
1997-06-05,1243.125,streamflow,9291000,ft3/s,"['A', '[91]']",0
1997-06-06,1131.7916,streamflow,9291000,ft3/s,"['A', '[91]']",0
1997-06-07,1030.1666,streamflow,9291000,ft3/s,"['A', '[91]']",0
1997-06-08,971.5,streamflow,9291000,ft3/s,"['A', '[91]']",0
1997-06-09,1189.4166,streamflow,9291000,ft3/s,"['A', '[91]']",0
1997-06-10,1234.3334,streamflow,9291000,ft3/s,"['A', '[91]']",0
1997-06-11,1057.5,streamflow,9291000,ft3/s,"['A', '[91]']",0
1997-06-12,835.5,streamflow,9291000,ft3/s,"['A', '[91]']",0
1997-06-13,718.125,streamflow,9291000,ft3/s,"['A', '[91]']",0
1997-06-14,659.3333,streamflow,9291000,ft3/s,"['A', '[91]']",0
1997-06-15,645.1667,streamflow,9291000,ft3/s,"['A', '[91]']",0
1997-06-16,624.625,streamflow,9291000,ft3/s,"['A', '[91]']",0
1997-06-17,619.1667,streamflow,9291000,ft3/s,"['A', '[91]']",0
1997-06-18,621.4167,streamflow,9291000,ft3/s,"['A', '[91]']",0
1997-06-19,739.5833,streamflow,9291000,ft3/s,"['A', '[91]']",0
1997-06-20,870.4167,streamflow,9291000,ft3/s,"['A', '[91]']",0
1997-06-21,791.8333,streamflow,9291000,ft3/s,"['A', '[91]']",0
1997-06-22,756.2917,streamflow,9291000,ft3/s,"['A', '[91]']",0
1997-06-23,673.9167,streamflow,9291000,ft3/s,"['A', '[91]']",0
1997-06-24,640.125,streamflow,9291000,ft3/s,"['A', '[91]']",0
1997-06-25,626.25,streamflow,9291000,ft3/s,"['A', '[91]']",0
1997-06-26,515.0,streamflow,9291000,ft3/s,"['A', '[91]']",0
1997-06-27,260.79166,streamflow,9291000,ft3/s,"['A', '[91]']",0
1997-06-28,272.58334,streamflow,9291000,ft3/s,"['A', '[91]']",0
1997-06-29,340.375,streamflow,9291000,ft3/s,"['A', '[91]']",0
1997-06-30,347.83334,streamflow,9291000,ft3/s,"['A', '[91]']",0
1997-07-01,341.0,streamflow,9291000,ft3/s,"['A', '[91]']",0
1997-07-02,323.83334,streamflow,9291000,ft3/s,"['A', '[91]']",0
1997-07-03,303.91666,streamflow,9291000,ft3/s,"['A', '[91]']",0
1997-07-04,339.5,streamflow,9291000,ft3/s,"['A', '[91]']",0
1997-07-05,342.16666,streamflow,9291000,ft3/s,"['A', '[91]']",0
1997-07-06,337.83334,streamflow,9291000,ft3/s,"['A', '[91]']",0
1997-07-07,335.83334,streamflow,9291000,ft3/s,"['A', '[91]']",0
1997-07-08,353.875,streamflow,9291000,ft3/s,"['A', '[91]']",0
1997-07-09,386.125,streamflow,9291000,ft3/s,"['A', '[91]']",0
1997-07-10,384.20834,streamflow,9291000,ft3/s,"['A', '[91]']",0
1997-07-11,369.91666,streamflow,9291000,ft3/s,"['A', '[91]']",0
1997-07-12,339.66666,streamflow,9291000,ft3/s,"['A', '[91]']",0
1997-07-13,337.0,streamflow,9291000,ft3/s,"['A', '[91]']",0
1997-07-14,335.83334,streamflow,9291000,ft3/s,"['A', '[91]']",0
1997-07-15,354.16666,streamflow,9291000,ft3/s,"['A', '[91]']",0
1997-07-16,351.0,streamflow,9291000,ft3/s,"['A', '[91]']",0
1997-07-17,348.66666,streamflow,9291000,ft3/s,"['A', '[91]']",0
1997-07-18,358.04166,streamflow,9291000,ft3/s,"['A', '[91]']",0
1997-07-19,376.04166,streamflow,9291000,ft3/s,"['A', '[91]']",0
1997-07-20,374.54166,streamflow,9291000,ft3/s,"['A', '[91]']",0
1997-07-21,370.5,streamflow,9291000,ft3/s,"['A', '[91]']",0
1997-07-22,369.54166,streamflow,9291000,ft3/s,"['A', '[91]']",0
1997-07-23,368.66666,streamflow,9291000,ft3/s,"['A', '[91]']",0
1997-07-24,366.66666,streamflow,9291000,ft3/s,"['A', '[91]']",0
1997-07-25,367.20834,streamflow,9291000,ft3/s,"['A', '[91]']",0
1997-07-26,364.66666,streamflow,9291000,ft3/s,"['A', '[91]']",0
1997-07-27,362.33334,streamflow,9291000,ft3/s,"['A', '[91]']",0
1997-07-28,346.33334,streamflow,9291000,ft3/s,"['A', '[91]']",0
1997-07-29,343.5,streamflow,9291000,ft3/s,"['A', '[91]']",0
1997-07-30,340.83334,streamflow,9291000,ft3/s,"['A', '[91]']",0
1997-07-31,340.16666,streamflow,9291000,ft3/s,"['A', '[91]']",0
1997-08-01,339.83334,streamflow,9291000,ft3/s,"['A', '[91]']",0
1997-08-02,337.83334,streamflow,9291000,ft3/s,"['A', '[91]']",0
1997-08-03,337.5,streamflow,9291000,ft3/s,"['A', '[91]']",0
1997-08-04,336.16666,streamflow,9291000,ft3/s,"['A', '[91]']",0
1997-08-05,314.45834,streamflow,9291000,ft3/s,"['A', '[91]']",0
1997-08-06,259.91666,streamflow,9291000,ft3/s,"['A', '[91]']",0
1997-08-07,261.20834,streamflow,9291000,ft3/s,"['A', '[91]']",0
1997-08-08,259.125,streamflow,9291000,ft3/s,"['A', '[91]']",0
1997-08-09,282.75,streamflow,9291000,ft3/s,"['A', '[91]']",0
1997-08-10,286.875,streamflow,9291000,ft3/s,"['A', '[91]']",0
1997-08-11,266.95834,streamflow,9291000,ft3/s,"['A', '[91]']",0
1997-08-12,168.66667,streamflow,9291000,ft3/s,"['A', '[91]']",0
1997-08-13,68.916664,streamflow,9291000,ft3/s,"['A', '[91]']",0
1997-08-14,2.5375,streamflow,9291000,ft3/s,"['A', '[91]']",0
1997-08-15,0.0,streamflow,9291000,ft3/s,"['A', '[91]']",0
1997-08-16,0.0,streamflow,9291000,ft3/s,"['A', '[91]']",0
1997-08-17,0.0,streamflow,9291000,ft3/s,"['A', '[91]']",0
1997-08-18,4.2083335,streamflow,9291000,ft3/s,"['A', '[91]']",0
1997-08-19,225.16667,streamflow,9291000,ft3/s,"['A', '[91]']",0
1997-08-20,339.33334,streamflow,9291000,ft3/s,"['A', '[91]']",0
1997-08-21,360.5,streamflow,9291000,ft3/s,"['A', '[91]']",0
1997-08-22,349.33334,streamflow,9291000,ft3/s,"['A', '[91]']",0
1997-08-23,329.83334,streamflow,9291000,ft3/s,"['A', '[91]']",0
1997-08-24,329.0,streamflow,9291000,ft3/s,"['A', '[91]']",0
1997-08-25,325.25,streamflow,9291000,ft3/s,"['A', '[91]']",0
1997-08-26,306.79166,streamflow,9291000,ft3/s,"['A', '[91]']",0
1997-08-27,306.58334,streamflow,9291000,ft3/s,"['A', '[91]']",0
1997-08-28,305.91666,streamflow,9291000,ft3/s,"['A', '[91]']",0
1997-08-29,304.125,streamflow,9291000,ft3/s,"['A', '[91]']",0
1997-08-30,303.79166,streamflow,9291000,ft3/s,"['A', '[91]']",0
1997-08-31,303.41666,streamflow,9291000,ft3/s,"['A', '[91]']",0
1997-09-01,303.5,streamflow,9291000,ft3/s,"['A', '[91]']",0
1997-09-02,288.625,streamflow,9291000,ft3/s,"['A', '[91]']",0
1997-09-03,254.16667,streamflow,9291000,ft3/s,"['A', '[91]']",0
1997-09-04,232.66667,streamflow,9291000,ft3/s,"['A', '[91]']",0
1997-09-05,232.04167,streamflow,9291000,ft3/s,"['A', '[91]']",0
1997-09-06,232.08333,streamflow,9291000,ft3/s,"['A', '[91]']",0
1997-09-07,231.0,streamflow,9291000,ft3/s,"['A', '[91]']",0
1997-09-08,231.29167,streamflow,9291000,ft3/s,"['A', '[91]']",0
1997-09-09,231.33333,streamflow,9291000,ft3/s,"['A', '[91]']",0
1997-09-10,230.20833,streamflow,9291000,ft3/s,"['A', '[91]']",0
1997-09-11,231.20833,streamflow,9291000,ft3/s,"['A', '[91]']",0
1997-09-12,230.375,streamflow,9291000,ft3/s,"['A', '[91]']",0
1997-09-13,230.33333,streamflow,9291000,ft3/s,"['A', '[91]']",0
1997-09-14,230.125,streamflow,9291000,ft3/s,"['A', '[91]']",0
1997-09-15,1.7129166,streamflow,9291000,ft3/s,"['A', '[91]']",0
1997-09-16,0.0,streamflow,9291000,ft3/s,"['A', '[91]']",0
1997-09-17,0.0,streamflow,9291000,ft3/s,"['A', '[91]']",0
1997-09-18,0.0,streamflow,9291000,ft3/s,"['A', '[91]']",0
1997-09-19,0.0,streamflow,9291000,ft3/s,"['A', '[91]']",0
1997-09-20,0.0,streamflow,9291000,ft3/s,"['A', '[91]']",0
1997-09-21,0.0,streamflow,9291000,ft3/s,"['A', '[91]']",0
1997-09-22,0.0,streamflow,9291000,ft3/s,"['A', '[91]']",0
1997-09-23,0.0,streamflow,9291000,ft3/s,"['A', '[91]']",0
1997-09-24,0.0,streamflow,9291000,ft3/s,"['A', '[91]']",0
1997-09-25,0.0,streamflow,9291000,ft3/s,"['A', '[91]']",0
1997-09-26,0.0,streamflow,9291000,ft3/s,"['A', '[91]']",0
1997-09-27,0.0,streamflow,9291000,ft3/s,"['A', '[91]']",0
1997-09-28,0.0,streamflow,9291000,ft3/s,"['A', '[91]']",0
1997-09-29,0.0,streamflow,9291000,ft3/s,"['A', '[91]']",0
1997-09-30,0.0,streamflow,9291000,ft3/s,"['A', '[91]']",0
1997-10-01,0.0,streamflow,9291000,ft3/s,"['A', '[91]']",0
1997-10-02,9.98875,streamflow,9291000,ft3/s,"['A', '[91]']",0
1997-10-03,144.95833,streamflow,9291000,ft3/s,"['A', '[91]']",0
1997-10-04,173.125,streamflow,9291000,ft3/s,"['A', '[91]']",0
1997-10-05,172.875,streamflow,9291000,ft3/s,"['A', '[91]']",0
1997-10-06,173.625,streamflow,9291000,ft3/s,"['A', '[91]']",0
1997-10-07,172.875,streamflow,9291000,ft3/s,"['A', '[91]']",0
1997-10-08,172.875,streamflow,9291000,ft3/s,"['A', '[91]']",0
1997-10-09,182.83333,streamflow,9291000,ft3/s,"['A', '[91]']",0
1997-10-10,296.33334,streamflow,9291000,ft3/s,"['A', '[91]']",0
1997-10-11,295.83334,streamflow,9291000,ft3/s,"['A', '[91]']",0
1997-10-12,296.16666,streamflow,9291000,ft3/s,"['A', '[91]']",0
1997-10-13,294.375,streamflow,9291000,ft3/s,"['A', '[91]']",0
1997-10-14,292.58334,streamflow,9291000,ft3/s,"['A', '[91]']",0
1997-10-15,290.33334,streamflow,9291000,ft3/s,"['A', '[91]']",0
1997-10-16,290.25,streamflow,9291000,ft3/s,"['A', '[91]']",0
1997-10-17,289.08334,streamflow,9291000,ft3/s,"['A', '[91]']",0
1997-10-18,248.33333,streamflow,9291000,ft3/s,"['A', '[91]']",0
1997-10-19,96.5,streamflow,9291000,ft3/s,"['A', '[91]']",0
1997-10-20,81.129166,streamflow,9291000,ft3/s,"['A', '[91]']",0
1997-10-21,34.631668,streamflow,9291000,ft3/s,"['A', '[91]']",0
1997-10-22,0.080416664,streamflow,9291000,ft3/s,"['A', '[91]']",0
1997-10-23,0.0,streamflow,9291000,ft3/s,"['A', '[91]']",0
1997-10-24,0.0,streamflow,9291000,ft3/s,"['A', '[91]']",0
1997-10-25,0.0,streamflow,9291000,ft3/s,"['A', '[91]']",0
1997-10-26,0.0,streamflow,9291000,ft3/s,"['A', '[91]']",0
1997-10-27,0.0,streamflow,9291000,ft3/s,"['A', '[91]']",0
1997-10-28,0.0,streamflow,9291000,ft3/s,"['A', '[91]']",0
1997-10-29,0.0,streamflow,9291000,ft3/s,"['A', '[91]']",0
1997-10-30,0.0,streamflow,9291000,ft3/s,"['A', '[91]']",0
1997-10-31,0.0,streamflow,9291000,ft3/s,"['A', '[91]']",0
1997-11-01,0.0,streamflow,9291000,ft3/s,"['A', '[91]']",0
1997-11-02,0.0,streamflow,9291000,ft3/s,"['A', '[91]']",0
1997-11-03,0.0,streamflow,9291000,ft3/s,"['A', '[91]']",0
1997-11-04,0.0,streamflow,9291000,ft3/s,"['A', '[91]']",0
1997-11-05,0.0,streamflow,9291000,ft3/s,"['A', '[91]']",0
1997-11-06,0.0,streamflow,9291000,ft3/s,"['A', '[91]']",0
1997-11-07,0.0,streamflow,9291000,ft3/s,"['A', '[91]']",0
1997-11-08,0.0,streamflow,9291000,ft3/s,"['A', '[91]']",0
1997-11-09,0.0,streamflow,9291000,ft3/s,"['A', '[91]']",0
1997-11-10,0.0,streamflow,9291000,ft3/s,"['A', '[91]']",0
1997-11-11,0.0,streamflow,9291000,ft3/s,"['A', '[91]']",0
1997-11-12,0.0,streamflow,9291000,ft3/s,"['A', '[91]']",0
1997-11-13,0.0,streamflow,9291000,ft3/s,"['A', '[91]']",0
1997-11-14,0.0,streamflow,9291000,ft3/s,"['A', '[91]']",0
1997-11-15,0.0,streamflow,9291000,ft3/s,"['A', '[91]']",0
1997-11-16,0.0,streamflow,9291000,ft3/s,"['A', '[91]']",0
1997-11-17,0.0,streamflow,9291000,ft3/s,"['A', '[91]']",0
1997-11-18,0.0,streamflow,9291000,ft3/s,"['A', '[91]']",0
1997-11-19,0.0,streamflow,9291000,ft3/s,"['A', '[91]']",0
1997-11-20,0.0,streamflow,9291000,ft3/s,"['A', '[91]']",0
1997-11-21,0.0,streamflow,9291000,ft3/s,"['A', '[91]']",0
1997-11-22,0.0,streamflow,9291000,ft3/s,"['A', '[91]']",0
1997-11-23,0.0,streamflow,9291000,ft3/s,"['A', '[91]']",0
1997-11-24,0.0,streamflow,9291000,ft3/s,"['A', '[91]']",0
1997-11-25,0.0,streamflow,9291000,ft3/s,"['A', '[91]']",0
1997-11-26,0.0,streamflow,9291000,ft3/s,"['A', '[91]']",0
1997-11-27,0.0,streamflow,9291000,ft3/s,"['A', '[91]']",0
1997-11-28,0.0,streamflow,9291000,ft3/s,"['A', '[91]']",0
1997-11-29,0.0,streamflow,9291000,ft3/s,"['A', '[91]']",0
1997-11-30,0.0,streamflow,9291000,ft3/s,"['A', '[91]']",0
1997-12-01,0.0,streamflow,9291000,ft3/s,"['A', '[91]']",0
1997-12-02,0.0,streamflow,9291000,ft3/s,"['A', '[91]']",0
1997-12-03,0.0,streamflow,9291000,ft3/s,"['A', '[91]']",0
1997-12-04,0.0,streamflow,9291000,ft3/s,"['A', '[91]']",0
1997-12-05,0.0,streamflow,9291000,ft3/s,"['A', '[91]']",0
1997-12-06,0.0,streamflow,9291000,ft3/s,"['A', '[91]']",0
1997-12-07,0.0,streamflow,9291000,ft3/s,"['A', '[91]']",0
1997-12-08,0.0,streamflow,9291000,ft3/s,"['A', '[91]']",0
1997-12-09,0.0,streamflow,9291000,ft3/s,"['A', '[91]']",0
1997-12-10,0.0,streamflow,9291000,ft3/s,"['A', '[91]']",0
1997-12-11,0.0,streamflow,9291000,ft3/s,"['A', '[91]']",0
1997-12-12,0.0,streamflow,9291000,ft3/s,"['A', '[91]']",0
1997-12-13,0.0,streamflow,9291000,ft3/s,"['A', '[91]']",0
1997-12-14,0.0,streamflow,9291000,ft3/s,"['A', '[91]']",0
1997-12-15,0.0,streamflow,9291000,ft3/s,"['A', '[91]']",0
1997-12-16,0.0,streamflow,9291000,ft3/s,"['A', '[91]']",0
1997-12-17,0.0,streamflow,9291000,ft3/s,"['A', '[91]']",0
1997-12-18,0.0,streamflow,9291000,ft3/s,"['A', '[91]']",0
1997-12-19,0.0,streamflow,9291000,ft3/s,"['A', '[91]']",0
1997-12-20,0.0,streamflow,9291000,ft3/s,"['A', '[91]']",0
1997-12-21,0.0,streamflow,9291000,ft3/s,"['A', '[91]']",0
1997-12-22,0.0,streamflow,9291000,ft3/s,"['A', '[91]']",0
1997-12-23,0.0,streamflow,9291000,ft3/s,"['A', '[91]']",0
1997-12-24,0.0,streamflow,9291000,ft3/s,"['A', '[91]']",0
1997-12-25,0.0,streamflow,9291000,ft3/s,"['A', '[91]']",0
1997-12-26,0.0,streamflow,9291000,ft3/s,"['A', '[91]']",0
1997-12-27,0.0,streamflow,9291000,ft3/s,"['A', '[91]']",0
1997-12-28,0.0,streamflow,9291000,ft3/s,"['A', '[91]']",0
1997-12-29,0.0,streamflow,9291000,ft3/s,"['A', '[91]']",0
1997-12-30,0.0,streamflow,9291000,ft3/s,"['A', '[91]']",0
1997-12-31,0.0,streamflow,9291000,ft3/s,"['A', '[91]']",0
1998-01-01,0.0,streamflow,9291000,ft3/s,"['A', '[91]']",0
1998-01-02,0.0,streamflow,9291000,ft3/s,"['A', '[91]']",0
1998-01-03,0.0,streamflow,9291000,ft3/s,"['A', '[91]']",0
1998-01-04,0.0,streamflow,9291000,ft3/s,"['A', '[91]']",0
1998-01-05,0.0,streamflow,9291000,ft3/s,"['A', '[91]']",0
1998-01-06,0.0,streamflow,9291000,ft3/s,"['A', '[91]']",0
1998-01-07,0.0,streamflow,9291000,ft3/s,"['A', '[91]']",0
1998-01-08,0.0,streamflow,9291000,ft3/s,"['A', '[91]']",0
1998-01-09,0.0,streamflow,9291000,ft3/s,"['A', '[91]']",0
1998-01-10,0.0,streamflow,9291000,ft3/s,"['A', '[91]']",0
1998-01-11,0.0,streamflow,9291000,ft3/s,"['A', '[91]']",0
1998-01-12,0.0,streamflow,9291000,ft3/s,"['A', '[91]']",0
1998-01-13,0.0,streamflow,9291000,ft3/s,"['A', '[91]']",0
1998-01-14,0.0,streamflow,9291000,ft3/s,"['A', '[91]']",0
1998-01-15,0.0,streamflow,9291000,ft3/s,"['A', '[91]']",0
1998-01-16,0.0,streamflow,9291000,ft3/s,"['A', '[91]']",0
1998-01-17,0.0,streamflow,9291000,ft3/s,"['A', '[91]']",0
1998-01-18,0.0,streamflow,9291000,ft3/s,"['A', '[91]']",0
1998-01-19,0.0,streamflow,9291000,ft3/s,"['A', '[91]']",0
1998-01-20,0.0,streamflow,9291000,ft3/s,"['A', '[91]']",0
1998-01-21,0.0,streamflow,9291000,ft3/s,"['A', '[91]']",0
1998-01-22,0.0,streamflow,9291000,ft3/s,"['A', '[91]']",0
1998-01-23,0.0,streamflow,9291000,ft3/s,"['A', '[91]']",0
1998-01-24,0.0,streamflow,9291000,ft3/s,"['A', '[91]']",0
1998-01-25,0.0,streamflow,9291000,ft3/s,"['A', '[91]']",0
1998-01-26,0.0,streamflow,9291000,ft3/s,"['A', '[91]']",0
1998-01-27,0.0,streamflow,9291000,ft3/s,"['A', '[91]']",0
1998-01-28,0.0,streamflow,9291000,ft3/s,"['A', '[91]']",0
1998-01-29,0.0,streamflow,9291000,ft3/s,"['A', '[91]']",0
1998-01-30,0.0,streamflow,9291000,ft3/s,"['A', '[91]']",0
1998-01-31,0.0,streamflow,9291000,ft3/s,"['A', '[91]']",0
1998-02-01,0.0,streamflow,9291000,ft3/s,"['A', '[91]']",0
1998-02-02,,streamflow,9291000,ft3/s,"['A', '[91]']",0
1998-02-03,,streamflow,9291000,ft3/s,"['A', '[91]']",0
1998-02-04,,streamflow,9291000,ft3/s,"['A', '[91]']",0
1998-02-05,,streamflow,9291000,ft3/s,"['A', '[91]']",0
1998-02-06,,streamflow,9291000,ft3/s,"['A', '[91]']",0
1998-02-07,,streamflow,9291000,ft3/s,"['A', '[91]']",0
1998-02-08,,streamflow,9291000,ft3/s,"['A', '[91]']",0
1998-02-09,,streamflow,9291000,ft3/s,"['A', '[91]']",0
1998-02-10,,streamflow,9291000,ft3/s,"['A', '[91]']",0
1998-02-11,,streamflow,9291000,ft3/s,"['A', '[91]']",0
1998-02-12,,streamflow,9291000,ft3/s,"['A', '[91]']",0
1998-02-13,,streamflow,9291000,ft3/s,"['A', '[91]']",0
1998-02-14,,streamflow,9291000,ft3/s,"['A', '[91]']",0
1998-02-15,,streamflow,9291000,ft3/s,"['A', '[91]']",0
1998-02-16,,streamflow,9291000,ft3/s,"['A', '[91]']",0
1998-02-17,,streamflow,9291000,ft3/s,"['A', '[91]']",0
1998-02-18,,streamflow,9291000,ft3/s,"['A', '[91]']",0
1998-02-19,,streamflow,9291000,ft3/s,"['A', '[91]']",0
1998-02-20,,streamflow,9291000,ft3/s,"['A', '[91]']",0
1998-02-21,,streamflow,9291000,ft3/s,"['A', '[91]']",0
1998-02-22,,streamflow,9291000,ft3/s,"['A', '[91]']",0
1998-02-23,,streamflow,9291000,ft3/s,"['A', '[91]']",0
1998-02-24,,streamflow,9291000,ft3/s,"['A', '[91]']",0
1998-02-25,,streamflow,9291000,ft3/s,"['A', '[91]']",0
1998-02-26,,streamflow,9291000,ft3/s,"['A', '[91]']",0
1998-02-27,,streamflow,9291000,ft3/s,"['A', '[91]']",0
1998-02-28,,streamflow,9291000,ft3/s,"['A', '[91]']",0
1998-03-01,,streamflow,9291000,ft3/s,"['A', '[91]']",0
1998-03-02,,streamflow,9291000,ft3/s,"['A', '[91]']",0
1998-03-03,,streamflow,9291000,ft3/s,"['A', '[91]']",0
1998-03-04,,streamflow,9291000,ft3/s,"['A', '[91]']",0
1998-03-05,,streamflow,9291000,ft3/s,"['A', '[91]']",0
1998-03-06,,streamflow,9291000,ft3/s,"['A', '[91]']",0
1998-03-07,,streamflow,9291000,ft3/s,"['A', '[91]']",0
1998-03-08,,streamflow,9291000,ft3/s,"['A', '[91]']",0
1998-03-09,,streamflow,9291000,ft3/s,"['A', '[91]']",0
1998-03-10,,streamflow,9291000,ft3/s,"['A', '[91]']",0
1998-03-11,,streamflow,9291000,ft3/s,"['A', '[91]']",0
1998-03-12,35.941177,streamflow,9291000,ft3/s,"['A', '[91]']",0
1998-03-13,36.0,streamflow,9291000,ft3/s,"['A', '[91]']",0
1998-03-14,36.125,streamflow,9291000,ft3/s,"['A', '[91]']",0
1998-03-15,36.958332,streamflow,9291000,ft3/s,"['A', '[91]']",0
1998-03-16,37.0,streamflow,9291000,ft3/s,"['A', '[91]']",0
1998-03-17,37.083332,streamflow,9291000,ft3/s,"['A', '[91]']",0
1998-03-18,37.541668,streamflow,9291000,ft3/s,"['A', '[91]']",0
1998-03-19,37.916668,streamflow,9291000,ft3/s,"['A', '[91]']",0
1998-03-20,37.75,streamflow,9291000,ft3/s,"['A', '[91]']",0
1998-03-21,38.0,streamflow,9291000,ft3/s,"['A', '[91]']",0
1998-03-22,38.0,streamflow,9291000,ft3/s,"['A', '[91]']",0
1998-03-23,38.0,streamflow,9291000,ft3/s,"['A', '[91]']",0
1998-03-24,38.0,streamflow,9291000,ft3/s,"['A', '[91]']",0
1998-03-25,38.583332,streamflow,9291000,ft3/s,"['A', '[91]']",0
1998-03-26,39.666668,streamflow,9291000,ft3/s,"['A', '[91]']",0
1998-03-27,39.5,streamflow,9291000,ft3/s,"['A', '[91]']",0
1998-03-28,40.0,streamflow,9291000,ft3/s,"['A', '[91]']",0
1998-03-29,39.916668,streamflow,9291000,ft3/s,"['A', '[91]']",0
1998-03-30,39.666668,streamflow,9291000,ft3/s,"['A', '[91]']",0
1998-03-31,39.5,streamflow,9291000,ft3/s,"['A', '[91]']",0
1998-04-01,40.0,streamflow,9291000,ft3/s,"['A', '[91]']",0
1998-04-02,40.0,streamflow,9291000,ft3/s,"['A', '[91]']",0
1998-04-03,39.833332,streamflow,9291000,ft3/s,"['A', '[91]']",0
1998-04-04,38.833332,streamflow,9291000,ft3/s,"['A', '[91]']",0
1998-04-05,38.75,streamflow,9291000,ft3/s,"['A', '[91]']",0
1998-04-06,38.916668,streamflow,9291000,ft3/s,"['A', '[91]']",0
1998-04-07,39.666668,streamflow,9291000,ft3/s,"['A', '[91]']",0
1998-04-08,39.833332,streamflow,9291000,ft3/s,"['A', '[91]']",0
1998-04-09,39.916668,streamflow,9291000,ft3/s,"['A', '[91]']",0
1998-04-10,39.916668,streamflow,9291000,ft3/s,"['A', '[91]']",0
1998-04-11,39.666668,streamflow,9291000,ft3/s,"['A', '[91]']",0
1998-04-12,39.75,streamflow,9291000,ft3/s,"['A', '[91]']",0
1998-04-13,38.041668,streamflow,9291000,ft3/s,"['A', '[91]']",0
1998-04-14,23.0,streamflow,9291000,ft3/s,"['A', '[91]']",0
1998-04-15,28.166666,streamflow,9291000,ft3/s,"['A', '[91]']",0
1998-04-16,40.958332,streamflow,9291000,ft3/s,"['A', '[91]']",0
1998-04-17,40.958332,streamflow,9291000,ft3/s,"['A', '[91]']",0
1998-04-18,40.958332,streamflow,9291000,ft3/s,"['A', '[91]']",0
1998-04-19,40.916668,streamflow,9291000,ft3/s,"['A', '[91]']",0
1998-04-20,44.583332,streamflow,9291000,ft3/s,"['A', '[91]']",0
1998-04-21,53.666668,streamflow,9291000,ft3/s,"['A', '[91]']",0
1998-04-22,53.875,streamflow,9291000,ft3/s,"['A', '[91]']",0
1998-04-23,54.916668,streamflow,9291000,ft3/s,"['A', '[91]']",0
1998-04-24,55.25,streamflow,9291000,ft3/s,"['A', '[91]']",0
1998-04-25,55.833332,streamflow,9291000,ft3/s,"['A', '[91]']",0
1998-04-26,65.416664,streamflow,9291000,ft3/s,"['A', '[91]']",0
1998-04-27,128.75,streamflow,9291000,ft3/s,"['A', '[91]']",0
1998-04-28,221.95833,streamflow,9291000,ft3/s,"['A', '[91]']",0
1998-04-29,273.25,streamflow,9291000,ft3/s,"['A', '[91]']",0
1998-04-30,272.66666,streamflow,9291000,ft3/s,"['A', '[91]']",0
1998-05-01,272.29166,streamflow,9291000,ft3/s,"['A', '[91]']",0
1998-05-02,297.125,streamflow,9291000,ft3/s,"['A', '[91]']",0
1998-05-03,304.91666,streamflow,9291000,ft3/s,"['A', '[91]']",0
1998-05-04,438.45834,streamflow,9291000,ft3/s,"['A', '[91]']",0
1998-05-05,460.08334,streamflow,9291000,ft3/s,"['A', '[91]']",0
1998-05-06,438.83334,streamflow,9291000,ft3/s,"['A', '[91]']",0
1998-05-07,435.125,streamflow,9291000,ft3/s,"['A', '[91]']",0
1998-05-08,431.45834,streamflow,9291000,ft3/s,"['A', '[91]']",0
1998-05-09,430.45834,streamflow,9291000,ft3/s,"['A', '[91]']",0
1998-05-10,428.25,streamflow,9291000,ft3/s,"['A', '[91]']",0
1998-05-11,425.5,streamflow,9291000,ft3/s,"['A', '[91]']",0
1998-05-12,424.25,streamflow,9291000,ft3/s,"['A', '[91]']",0
1998-05-13,421.0,streamflow,9291000,ft3/s,"['A', '[91]']",0
1998-05-14,416.75,streamflow,9291000,ft3/s,"['A', '[91]']",0
1998-05-15,418.25,streamflow,9291000,ft3/s,"['A', '[91]']",0
1998-05-16,415.5,streamflow,9291000,ft3/s,"['A', '[91]']",0
1998-05-17,410.75,streamflow,9291000,ft3/s,"['A', '[91]']",0
1998-05-18,406.25,streamflow,9291000,ft3/s,"['A', '[91]']",0
1998-05-19,403.29166,streamflow,9291000,ft3/s,"['A', '[91]']",0
1998-05-20,404.04166,streamflow,9291000,ft3/s,"['A', '[91]']",0
1998-05-21,404.75,streamflow,9291000,ft3/s,"['A', '[91]']",0
1998-05-22,349.58334,streamflow,9291000,ft3/s,"['A', '[91]']",0
1998-05-23,271.29166,streamflow,9291000,ft3/s,"['A', '[91]']",0
1998-05-24,271.54166,streamflow,9291000,ft3/s,"['A', '[91]']",0
1998-05-25,272.79166,streamflow,9291000,ft3/s,"['A', '[91]']",0
1998-05-26,252.20833,streamflow,9291000,ft3/s,"['A', '[91]']",0
1998-05-27,204.08333,streamflow,9291000,ft3/s,"['A', '[91]']",0
1998-05-28,204.83333,streamflow,9291000,ft3/s,"['A', '[91]']",0
1998-05-29,206.16667,streamflow,9291000,ft3/s,"['A', '[91]']",0
1998-05-30,187.83333,streamflow,9291000,ft3/s,"['A', '[91]']",0
1998-05-31,153.875,streamflow,9291000,ft3/s,"['A', '[91]']",0
1998-06-01,155.5,streamflow,9291000,ft3/s,"['A', '[91]']",0
1998-06-02,255.04167,streamflow,9291000,ft3/s,"['A', '[91]']",0
1998-06-03,484.0,streamflow,9291000,ft3/s,"['A', '[91]']",0
1998-06-04,506.41666,streamflow,9291000,ft3/s,"['A', '[91]']",0
1998-06-05,647.1667,streamflow,9291000,ft3/s,"['A', '[91]']",0
1998-06-06,678.125,streamflow,9291000,ft3/s,"['A', '[91]']",0
1998-06-07,674.1667,streamflow,9291000,ft3/s,"['A', '[91]']",0
1998-06-08,593.5,streamflow,9291000,ft3/s,"['A', '[91]']",0
1998-06-09,412.25,streamflow,9291000,ft3/s,"['A', '[91]']",0
1998-06-10,413.25,streamflow,9291000,ft3/s,"['A', '[91]']",0
1998-06-11,414.25,streamflow,9291000,ft3/s,"['A', '[91]']",0
1998-06-12,412.5,streamflow,9291000,ft3/s,"['A', '[91]']",0
1998-06-13,355.08334,streamflow,9291000,ft3/s,"['A', '[91]']",0
1998-06-14,262.25,streamflow,9291000,ft3/s,"['A', '[91]']",0
1998-06-15,268.66666,streamflow,9291000,ft3/s,"['A', '[91]']",0
1998-06-16,274.875,streamflow,9291000,ft3/s,"['A', '[91]']",0
1998-06-17,284.66666,streamflow,9291000,ft3/s,"['A', '[91]']",0
1998-06-18,291.08334,streamflow,9291000,ft3/s,"['A', '[91]']",0
1998-06-19,295.70834,streamflow,9291000,ft3/s,"['A', '[91]']",0
1998-06-20,301.625,streamflow,9291000,ft3/s,"['A', '[91]']",0
1998-06-21,303.875,streamflow,9291000,ft3/s,"['A', '[91]']",0
1998-06-22,315.54166,streamflow,9291000,ft3/s,"['A', '[91]']",0
1998-06-23,363.20834,streamflow,9291000,ft3/s,"['A', '[91]']",0
1998-06-24,799.2083,streamflow,9291000,ft3/s,"['A', '[91]']",0
1998-06-25,854.7917,streamflow,9291000,ft3/s,"['A', '[91]']",0
1998-06-26,1012.6667,streamflow,9291000,ft3/s,"['A', '[91]']",0
1998-06-27,1091.7084,streamflow,9291000,ft3/s,"['A', '[91]']",0
1998-06-28,968.5417,streamflow,9291000,ft3/s,"['A', '[91]']",0
1998-06-29,1047.5834,streamflow,9291000,ft3/s,"['A', '[91]']",0
1998-06-30,1063.1666,streamflow,9291000,ft3/s,"['A', '[91]']",0
1998-07-01,1029.0416,streamflow,9291000,ft3/s,"['A', '[91]']",0
1998-07-02,1023.875,streamflow,9291000,ft3/s,"['A', '[91]']",0
1998-07-03,993.0,streamflow,9291000,ft3/s,"['A', '[91]']",0
1998-07-04,941.75,streamflow,9291000,ft3/s,"['A', '[91]']",0
1998-07-05,922.9167,streamflow,9291000,ft3/s,"['A', '[91]']",0
1998-07-06,754.8333,streamflow,9291000,ft3/s,"['A', '[91]']",0
1998-07-07,708.2917,streamflow,9291000,ft3/s,"['A', '[91]']",0
1998-07-08,678.3333,streamflow,9291000,ft3/s,"['A', '[91]']",0
1998-07-09,680.9167,streamflow,9291000,ft3/s,"['A', '[91]']",0
1998-07-10,589.4583,streamflow,9291000,ft3/s,"['A', '[91]']",0
1998-07-11,584.5,streamflow,9291000,ft3/s,"['A', '[91]']",0
1998-07-12,591.8333,streamflow,9291000,ft3/s,"['A', '[91]']",0
1998-07-13,490.08334,streamflow,9291000,ft3/s,"['A', '[91]']",0
1998-07-14,479.91666,streamflow,9291000,ft3/s,"['A', '[91]']",0
1998-07-15,464.41666,streamflow,9291000,ft3/s,"['A', '[91]']",0
1998-07-16,575.0833,streamflow,9291000,ft3/s,"['A', '[91]']",0
1998-07-17,357.1125,streamflow,9291000,ft3/s,"['A', '[91]']",0
1998-07-18,197.79167,streamflow,9291000,ft3/s,"['A', '[91]']",0
1998-07-19,194.70833,streamflow,9291000,ft3/s,"['A', '[91]']",0
1998-07-20,197.25,streamflow,9291000,ft3/s,"['A', '[91]']",0
1998-07-21,241.04167,streamflow,9291000,ft3/s,"['A', '[91]']",0
1998-07-22,240.83333,streamflow,9291000,ft3/s,"['A', '[91]']",0
1998-07-23,239.5,streamflow,9291000,ft3/s,"['A', '[91]']",0
1998-07-24,247.0,streamflow,9291000,ft3/s,"['A', '[91]']",0
1998-07-25,252.66667,streamflow,9291000,ft3/s,"['A', '[91]']",0
1998-07-26,345.70834,streamflow,9291000,ft3/s,"['A', '[91]']",0
1998-07-27,333.0,streamflow,9291000,ft3/s,"['A', '[91]']",0
1998-07-28,204.54167,streamflow,9291000,ft3/s,"['A', '[91]']",0
1998-07-29,252.95833,streamflow,9291000,ft3/s,"['A', '[91]']",0
1998-07-30,251.375,streamflow,9291000,ft3/s,"['A', '[91]']",0
1998-07-31,209.83333,streamflow,9291000,ft3/s,"['A', '[91]']",0
1998-08-01,208.83333,streamflow,9291000,ft3/s,"['A', '[91]']",0
1998-08-02,203.79167,streamflow,9291000,ft3/s,"['A', '[91]']",0
1998-08-03,203.29167,streamflow,9291000,ft3/s,"['A', '[91]']",0
1998-08-04,232.0,streamflow,9291000,ft3/s,"['A', '[91]']",0
1998-08-05,227.83333,streamflow,9291000,ft3/s,"['A', '[91]']",0
1998-08-06,225.33333,streamflow,9291000,ft3/s,"['A', '[91]']",0
1998-08-07,223.66667,streamflow,9291000,ft3/s,"['A', '[91]']",0
1998-08-08,222.0,streamflow,9291000,ft3/s,"['A', '[91]']",0
1998-08-09,219.16667,streamflow,9291000,ft3/s,"['A', '[91]']",0
1998-08-10,219.66667,streamflow,9291000,ft3/s,"['A', '[91]']",0
1998-08-11,218.16667,streamflow,9291000,ft3/s,"['A', '[91]']",0
1998-08-12,217.0,streamflow,9291000,ft3/s,"['A', '[91]']",0
1998-08-13,226.25,streamflow,9291000,ft3/s,"['A', '[91]']",0
1998-08-14,256.54166,streamflow,9291000,ft3/s,"['A', '[91]']",0
1998-08-15,255.625,streamflow,9291000,ft3/s,"['A', '[91]']",0
1998-08-16,253.25,streamflow,9291000,ft3/s,"['A', '[91]']",0
1998-08-17,250.79167,streamflow,9291000,ft3/s,"['A', '[91]']",0
1998-08-18,254.41667,streamflow,9291000,ft3/s,"['A', '[91]']",0
1998-08-19,254.08333,streamflow,9291000,ft3/s,"['A', '[91]']",0
1998-08-20,252.58333,streamflow,9291000,ft3/s,"['A', '[91]']",0
1998-08-21,252.70833,streamflow,9291000,ft3/s,"['A', '[91]']",0
1998-08-22,251.29167,streamflow,9291000,ft3/s,"['A', '[91]']",0
1998-08-23,251.125,streamflow,9291000,ft3/s,"['A', '[91]']",0
1998-08-24,264.20834,streamflow,9291000,ft3/s,"['A', '[91]']",0
1998-08-25,289.375,streamflow,9291000,ft3/s,"['A', '[91]']",0
1998-08-26,289.875,streamflow,9291000,ft3/s,"['A', '[91]']",0
1998-08-27,291.29166,streamflow,9291000,ft3/s,"['A', '[91]']",0
1998-08-28,289.66666,streamflow,9291000,ft3/s,"['A', '[91]']",0
1998-08-29,287.75,streamflow,9291000,ft3/s,"['A', '[91]']",0
1998-08-30,285.70834,streamflow,9291000,ft3/s,"['A', '[91]']",0
1998-08-31,283.625,streamflow,9291000,ft3/s,"['A', '[91]']",0
1998-09-01,282.83334,streamflow,9291000,ft3/s,"['A', '[91]']",0
1998-09-02,281.375,streamflow,9291000,ft3/s,"['A', '[91]']",0
1998-09-03,278.875,streamflow,9291000,ft3/s,"['A', '[91]']",0
1998-09-04,274.79166,streamflow,9291000,ft3/s,"['A', '[91]']",0
1998-09-05,276.0,streamflow,9291000,ft3/s,"['A', '[91]']",0
1998-09-06,273.625,streamflow,9291000,ft3/s,"['A', '[91]']",0
1998-09-07,271.5,streamflow,9291000,ft3/s,"['A', '[91]']",0
1998-09-08,270.54166,streamflow,9291000,ft3/s,"['A', '[91]']",0
1998-09-09,266.91666,streamflow,9291000,ft3/s,"['A', '[91]']",0
1998-09-10,265.75,streamflow,9291000,ft3/s,"['A', '[91]']",0
1998-09-11,266.125,streamflow,9291000,ft3/s,"['A', '[91]']",0
1998-09-12,264.91666,streamflow,9291000,ft3/s,"['A', '[91]']",0
1998-09-13,265.95834,streamflow,9291000,ft3/s,"['A', '[91]']",0
1998-09-14,263.5,streamflow,9291000,ft3/s,"['A', '[91]']",0
1998-09-15,258.58334,streamflow,9291000,ft3/s,"['A', '[91]']",0
1998-09-16,259.16666,streamflow,9291000,ft3/s,"['A', '[91]']",0
1998-09-17,259.70834,streamflow,9291000,ft3/s,"['A', '[91]']",0
1998-09-18,258.0,streamflow,9291000,ft3/s,"['A', '[91]']",0
1998-09-19,200.33333,streamflow,9291000,ft3/s,"['A', '[91]']",0
1998-09-20,197.70833,streamflow,9291000,ft3/s,"['A', '[91]']",0
1998-09-21,194.70833,streamflow,9291000,ft3/s,"['A', '[91]']",0
1998-09-22,196.83333,streamflow,9291000,ft3/s,"['A', '[91]']",0
1998-09-23,197.33333,streamflow,9291000,ft3/s,"['A', '[91]']",0
1998-09-24,190.45833,streamflow,9291000,ft3/s,"['A', '[91]']",0
1998-09-25,148.125,streamflow,9291000,ft3/s,"['A', '[91]']",0
1998-09-26,144.25,streamflow,9291000,ft3/s,"['A', '[91]']",0
1998-09-27,143.875,streamflow,9291000,ft3/s,"['A', '[91]']",0
1998-09-28,135.5125,streamflow,9291000,ft3/s,"['A', '[91]']",0
1998-09-29,1.9666666,streamflow,9291000,ft3/s,"['A', '[91]']",0
1998-09-30,,streamflow,9291000,ft3/s,"['A', '[91]']",0
1998-10-01,1.9,streamflow,9291000,ft3/s,"['A', '[91]']",0
1998-10-02,1.9,streamflow,9291000,ft3/s,"['A', '[91]']",0
1998-10-03,1.725,streamflow,9291000,ft3/s,"['A', '[91]']",0
1998-10-04,1.9833332,streamflow,9291000,ft3/s,"['A', '[91]']",0
1998-10-05,2.1,streamflow,9291000,ft3/s,"['A', '[91]']",0
1998-10-06,1.9749999,streamflow,9291000,ft3/s,"['A', '[91]']",0
1998-10-07,22.345833,streamflow,9291000,ft3/s,"['A', '[91]']",0
1998-10-08,81.40833,streamflow,9291000,ft3/s,"['A', '[91]']",0
1998-10-09,103.416664,streamflow,9291000,ft3/s,"['A', '[91]']",0
1998-10-10,103.166664,streamflow,9291000,ft3/s,"['A', '[91]']",0
1998-10-11,103.0,streamflow,9291000,ft3/s,"['A', '[91]']",0
1998-10-12,68.84583,streamflow,9291000,ft3/s,"['A', '[91]']",0
1998-10-13,77.95,streamflow,9291000,ft3/s,"['A', '[91]']",0
1998-10-14,85.416664,streamflow,9291000,ft3/s,"['A', '[91]']",0
1998-10-15,85.25,streamflow,9291000,ft3/s,"['A', '[91]']",0
1998-10-16,84.583336,streamflow,9291000,ft3/s,"['A', '[91]']",0
1998-10-17,84.583336,streamflow,9291000,ft3/s,"['A', '[91]']",0
1998-10-18,84.333336,streamflow,9291000,ft3/s,"['A', '[91]']",0
1998-10-19,84.083336,streamflow,9291000,ft3/s,"['A', '[91]']",0
1998-10-20,84.083336,streamflow,9291000,ft3/s,"['A', '[91]']",0
1998-10-21,84.416664,streamflow,9291000,ft3/s,"['A', '[91]']",0
1998-10-22,83.416664,streamflow,9291000,ft3/s,"['A', '[91]']",0
1998-10-23,82.333336,streamflow,9291000,ft3/s,"['A', '[91]']",0
1998-10-24,82.083336,streamflow,9291000,ft3/s,"['A', '[91]']",0
1998-10-25,82.0,streamflow,9291000,ft3/s,"['A', '[91]']",0
1998-10-26,82.5,streamflow,9291000,ft3/s,"['A', '[91]']",0
1998-10-27,84.083336,streamflow,9291000,ft3/s,"['A', '[91]']",0
1998-10-28,84.666664,streamflow,9291000,ft3/s,"['A', '[91]']",0
1998-10-29,85.833336,streamflow,9291000,ft3/s,"['A', '[91]']",0
1998-10-30,86.833336,streamflow,9291000,ft3/s,"['A', '[91]']",0
1998-10-31,86.416664,streamflow,9291000,ft3/s,"['A', '[91]']",0
1998-11-01,87.333336,streamflow,9291000,ft3/s,"['A', '[91]']",0
1998-11-02,93.291664,streamflow,9291000,ft3/s,"['A', '[91]']",0
1998-11-03,119.625,streamflow,9291000,ft3/s,"['A', '[91]']",0
1998-11-04,120.0,streamflow,9291000,ft3/s,"['A', '[91]']",0
1998-11-05,91.72667,streamflow,9291000,ft3/s,"['A', '[91]']",0
1998-11-06,0.63285714,streamflow,9291000,ft3/s,"['A', '[91]']",0
1998-11-07,,streamflow,9291000,ft3/s,"['A', '[91]']",0
1998-11-08,,streamflow,9291000,ft3/s,"['A', '[91]']",0
1998-11-09,,streamflow,9291000,ft3/s,"['A', '[91]']",0
1998-11-10,,streamflow,9291000,ft3/s,"['A', '[91]']",0
1998-11-11,,streamflow,9291000,ft3/s,"['A', '[91]']",0
1998-11-12,,streamflow,9291000,ft3/s,"['A', '[91]']",0
1998-11-13,,streamflow,9291000,ft3/s,"['A', '[91]']",0
1998-11-14,,streamflow,9291000,ft3/s,"['A', '[91]']",0
1998-11-15,,streamflow,9291000,ft3/s,"['A', '[91]']",0
1998-11-16,0.07,streamflow,9291000,ft3/s,"['A', '[91]']",0
1998-11-17,1.0095834,streamflow,9291000,ft3/s,"['A', '[91]']",0
1998-11-18,1.1125001,streamflow,9291000,ft3/s,"['A', '[91]']",0
1998-11-19,1.1708333,streamflow,9291000,ft3/s,"['A', '[91]']",0
1998-11-20,1.2,streamflow,9291000,ft3/s,"['A', '[91]']",0
1998-11-21,0.99625003,streamflow,9291000,ft3/s,"['A', '[91]']",0
1998-11-22,0.07,streamflow,9291000,ft3/s,"['A', '[91]']",0
1998-11-23,,streamflow,9291000,ft3/s,"['A', '[91]']",0
1998-11-24,,streamflow,9291000,ft3/s,"['A', '[91]']",0
1998-11-25,,streamflow,9291000,ft3/s,"['A', '[91]']",0
1998-11-26,0.48058823,streamflow,9291000,ft3/s,"['A', '[91]']",0
1998-11-27,2.5708332,streamflow,9291000,ft3/s,"['A', '[91]']",0
1998-11-28,2.8,streamflow,9291000,ft3/s,"['A', '[91]']",0
1998-11-29,2.4041667,streamflow,9291000,ft3/s,"['A', '[91]']",0
1998-11-30,2.575,streamflow,9291000,ft3/s,"['A', '[91]']",0
1998-12-01,3.0,streamflow,9291000,ft3/s,"['A', '[91]']",0
1998-12-02,3.0625,streamflow,9291000,ft3/s,"['A', '[91]']",0
1998-12-03,3.4916666,streamflow,9291000,ft3/s,"['A', '[91]']",0
1998-12-04,3.5625,streamflow,9291000,ft3/s,"['A', '[91]']",0
1998-12-05,3.9714286,streamflow,9291000,ft3/s,"['A', '[91]']",0
1998-12-06,,streamflow,9291000,ft3/s,"['A', '[91]']",0
1998-12-07,,streamflow,9291000,ft3/s,"['A', '[91]']",0
1998-12-08,,streamflow,9291000,ft3/s,"['A', '[91]']",0
1998-12-09,,streamflow,9291000,ft3/s,"['A', '[91]']",0
1998-12-10,,streamflow,9291000,ft3/s,"['A', '[91]']",0
1998-12-11,,streamflow,9291000,ft3/s,"['A', '[91]']",0
1998-12-12,,streamflow,9291000,ft3/s,"['A', '[91]']",0
1998-12-13,,streamflow,9291000,ft3/s,"['A', '[91]']",0
1998-12-14,,streamflow,9291000,ft3/s,"['A', '[91]']",0
1998-12-15,,streamflow,9291000,ft3/s,"['A', '[91]']",0
1998-12-16,,streamflow,9291000,ft3/s,"['A', '[91]']",0
1998-12-17,,streamflow,9291000,ft3/s,"['A', '[91]']",0
1998-12-18,,streamflow,9291000,ft3/s,"['A', '[91]']",0
1998-12-19,,streamflow,9291000,ft3/s,"['A', '[91]']",0
1998-12-20,,streamflow,9291000,ft3/s,"['A', '[91]']",0
1998-12-21,,streamflow,9291000,ft3/s,"['A', '[91]']",0
1998-12-22,,streamflow,9291000,ft3/s,"['A', '[91]']",0
1998-12-23,,streamflow,9291000,ft3/s,"['A', '[91]']",0
1998-12-24,,streamflow,9291000,ft3/s,"['A', '[91]']",0
1998-12-25,,streamflow,9291000,ft3/s,"['A', '[91]']",0
1998-12-26,,streamflow,9291000,ft3/s,"['A', '[91]']",0
1998-12-27,,streamflow,9291000,ft3/s,"['A', '[91]']",0
1998-12-28,,streamflow,9291000,ft3/s,"['A', '[91]']",0
1998-12-29,,streamflow,9291000,ft3/s,"['A', '[91]']",0
1998-12-30,,streamflow,9291000,ft3/s,"['A', '[91]']",0
1998-12-31,,streamflow,9291000,ft3/s,"['A', '[91]']",0
1999-01-01,,streamflow,9291000,ft3/s,"['A', '[91]']",0
1999-01-02,,streamflow,9291000,ft3/s,"['A', '[91]']",0
1999-01-03,,streamflow,9291000,ft3/s,"['A', '[91]']",0
1999-01-04,,streamflow,9291000,ft3/s,"['A', '[91]']",0
1999-01-05,,streamflow,9291000,ft3/s,"['A', '[91]']",0
1999-01-06,,streamflow,9291000,ft3/s,"['A', '[91]']",0
1999-01-07,,streamflow,9291000,ft3/s,"['A', '[91]']",0
1999-01-08,,streamflow,9291000,ft3/s,"['A', '[91]']",0
1999-01-09,,streamflow,9291000,ft3/s,"['A', '[91]']",0
1999-01-10,,streamflow,9291000,ft3/s,"['A', '[91]']",0
1999-01-11,,streamflow,9291000,ft3/s,"['A', '[91]']",0
1999-01-12,,streamflow,9291000,ft3/s,"['A', '[91]']",0
1999-01-13,,streamflow,9291000,ft3/s,"['A', '[91]']",0
1999-01-14,,streamflow,9291000,ft3/s,"['A', '[91]']",0
1999-01-15,,streamflow,9291000,ft3/s,"['A', '[91]']",0
1999-01-16,,streamflow,9291000,ft3/s,"['A', '[91]']",0
1999-01-17,,streamflow,9291000,ft3/s,"['A', '[91]']",0
1999-01-18,,streamflow,9291000,ft3/s,"['A', '[91]']",0
1999-01-19,,streamflow,9291000,ft3/s,"['A', '[91]']",0
1999-01-20,,streamflow,9291000,ft3/s,"['A', '[91]']",0
1999-01-21,,streamflow,9291000,ft3/s,"['A', '[91]']",0
1999-01-22,,streamflow,9291000,ft3/s,"['A', '[91]']",0
1999-01-23,,streamflow,9291000,ft3/s,"['A', '[91]']",0
1999-01-24,,streamflow,9291000,ft3/s,"['A', '[91]']",0
1999-01-25,,streamflow,9291000,ft3/s,"['A', '[91]']",0
1999-01-26,,streamflow,9291000,ft3/s,"['A', '[91]']",0
1999-01-27,,streamflow,9291000,ft3/s,"['A', '[91]']",0
1999-01-28,,streamflow,9291000,ft3/s,"['A', '[91]']",0
1999-01-29,,streamflow,9291000,ft3/s,"['A', '[91]']",0
1999-01-30,,streamflow,9291000,ft3/s,"['A', '[91]']",0
1999-01-31,,streamflow,9291000,ft3/s,"['A', '[91]']",0
1999-02-01,,streamflow,9291000,ft3/s,"['A', '[91]']",0
1999-02-02,,streamflow,9291000,ft3/s,"['A', '[91]']",0
1999-02-03,,streamflow,9291000,ft3/s,"['A', '[91]']",0
1999-02-04,,streamflow,9291000,ft3/s,"['A', '[91]']",0
1999-02-05,,streamflow,9291000,ft3/s,"['A', '[91]']",0
1999-02-06,,streamflow,9291000,ft3/s,"['A', '[91]']",0
1999-02-07,,streamflow,9291000,ft3/s,"['A', '[91]']",0
1999-02-08,,streamflow,9291000,ft3/s,"['A', '[91]']",0
1999-02-09,,streamflow,9291000,ft3/s,"['A', '[91]']",0
1999-02-10,,streamflow,9291000,ft3/s,"['A', '[91]']",0
1999-02-11,,streamflow,9291000,ft3/s,"['A', '[91]']",0
1999-02-12,,streamflow,9291000,ft3/s,"['A', '[91]']",0
1999-02-13,,streamflow,9291000,ft3/s,"['A', '[91]']",0
1999-02-14,,streamflow,9291000,ft3/s,"['A', '[91]']",0
1999-02-15,,streamflow,9291000,ft3/s,"['A', '[91]']",0
1999-02-16,,streamflow,9291000,ft3/s,"['A', '[91]']",0
1999-02-17,,streamflow,9291000,ft3/s,"['A', '[91]']",0
1999-02-18,,streamflow,9291000,ft3/s,"['A', '[91]']",0
1999-02-19,,streamflow,9291000,ft3/s,"['A', '[91]']",0
1999-02-20,,streamflow,9291000,ft3/s,"['A', '[91]']",0
1999-02-21,,streamflow,9291000,ft3/s,"['A', '[91]']",0
1999-02-22,,streamflow,9291000,ft3/s,"['A', '[91]']",0
1999-02-23,,streamflow,9291000,ft3/s,"['A', '[91]']",0
1999-02-24,,streamflow,9291000,ft3/s,"['A', '[91]']",0
1999-02-25,,streamflow,9291000,ft3/s,"['A', '[91]']",0
1999-02-26,,streamflow,9291000,ft3/s,"['A', '[91]']",0
1999-02-27,,streamflow,9291000,ft3/s,"['A', '[91]']",0
1999-02-28,,streamflow,9291000,ft3/s,"['A', '[91]']",0
1999-03-01,,streamflow,9291000,ft3/s,"['A', '[91]']",0
1999-03-02,,streamflow,9291000,ft3/s,"['A', '[91]']",0
1999-03-03,,streamflow,9291000,ft3/s,"['A', '[91]']",0
1999-03-04,,streamflow,9291000,ft3/s,"['A', '[91]']",0
1999-03-05,,streamflow,9291000,ft3/s,"['A', '[91]']",0
1999-03-06,,streamflow,9291000,ft3/s,"['A', '[91]']",0
1999-03-07,,streamflow,9291000,ft3/s,"['A', '[91]']",0
1999-03-08,,streamflow,9291000,ft3/s,"['A', '[91]']",0
1999-03-09,,streamflow,9291000,ft3/s,"['A', '[91]']",0
1999-03-10,,streamflow,9291000,ft3/s,"['A', '[91]']",0
1999-03-11,,streamflow,9291000,ft3/s,"['A', '[91]']",0
1999-03-12,,streamflow,9291000,ft3/s,"['A', '[91]']",0
1999-03-13,,streamflow,9291000,ft3/s,"['A', '[91]']",0
1999-03-14,,streamflow,9291000,ft3/s,"['A', '[91]']",0
1999-03-15,,streamflow,9291000,ft3/s,"['A', '[91]']",0
1999-03-16,,streamflow,9291000,ft3/s,"['A', '[91]']",0
1999-03-17,,streamflow,9291000,ft3/s,"['A', '[91]']",0
1999-03-18,,streamflow,9291000,ft3/s,"['A', '[91]']",0
1999-03-19,,streamflow,9291000,ft3/s,"['A', '[91]']",0
1999-03-20,,streamflow,9291000,ft3/s,"['A', '[91]']",0
1999-03-21,3.8764706,streamflow,9291000,ft3/s,"['A', '[91]']",0
1999-03-22,3.8,streamflow,9291000,ft3/s,"['A', '[91]']",0
1999-03-23,3.8125,streamflow,9291000,ft3/s,"['A', '[91]']",0
1999-03-24,4.1,streamflow,9291000,ft3/s,"['A', '[91]']",0
1999-03-25,4.6541667,streamflow,9291000,ft3/s,"['A', '[91]']",0
1999-03-26,7.204167,streamflow,9291000,ft3/s,"['A', '[91]']",0
1999-03-27,7.5,streamflow,9291000,ft3/s,"['A', '[91]']",0
1999-03-28,7.5,streamflow,9291000,ft3/s,"['A', '[91]']",0
1999-03-29,7.55,streamflow,9291000,ft3/s,"['A', '[91]']",0
1999-03-30,7.7833333,streamflow,9291000,ft3/s,"['A', '[91]']",0
1999-03-31,7.8166666,streamflow,9291000,ft3/s,"['A', '[91]']",0
1999-04-01,7.9,streamflow,9291000,ft3/s,"['A', '[91]']",0
1999-04-02,7.9,streamflow,9291000,ft3/s,"['A', '[91]']",0
1999-04-03,7.9,streamflow,9291000,ft3/s,"['A', '[91]']",0
1999-04-04,7.9,streamflow,9291000,ft3/s,"['A', '[91]']",0
1999-04-05,7.9,streamflow,9291000,ft3/s,"['A', '[91]']",0
1999-04-06,7.9,streamflow,9291000,ft3/s,"['A', '[91]']",0
1999-04-07,7.9,streamflow,9291000,ft3/s,"['A', '[91]']",0
1999-04-08,7.9,streamflow,9291000,ft3/s,"['A', '[91]']",0
1999-04-09,7.9,streamflow,9291000,ft3/s,"['A', '[91]']",0
1999-04-10,7.9,streamflow,9291000,ft3/s,"['A', '[91]']",0
1999-04-11,7.9,streamflow,9291000,ft3/s,"['A', '[91]']",0
1999-04-12,7.9,streamflow,9291000,ft3/s,"['A', '[91]']",0
1999-04-13,7.9,streamflow,9291000,ft3/s,"['A', '[91]']",0
1999-04-14,14.716667,streamflow,9291000,ft3/s,"['A', '[91]']",0
1999-04-15,58.541668,streamflow,9291000,ft3/s,"['A', '[91]']",0
1999-04-16,143.75,streamflow,9291000,ft3/s,"['A', '[91]']",0
1999-04-17,143.125,streamflow,9291000,ft3/s,"['A', '[91]']",0
1999-04-18,141.75,streamflow,9291000,ft3/s,"['A', '[91]']",0
1999-04-19,141.5,streamflow,9291000,ft3/s,"['A', '[91]']",0
1999-04-20,145.0,streamflow,9291000,ft3/s,"['A', '[91]']",0
1999-04-21,191.04167,streamflow,9291000,ft3/s,"['A', '[91]']",0
1999-04-22,165.375,streamflow,9291000,ft3/s,"['A', '[91]']",0
1999-04-23,122.875,streamflow,9291000,ft3/s,"['A', '[91]']",0
1999-04-24,123.208336,streamflow,9291000,ft3/s,"['A', '[91]']",0
1999-04-25,122.458336,streamflow,9291000,ft3/s,"['A', '[91]']",0
1999-04-26,121.958336,streamflow,9291000,ft3/s,"['A', '[91]']",0
1999-04-27,121.5,streamflow,9291000,ft3/s,"['A', '[91]']",0
1999-04-28,119.166664,streamflow,9291000,ft3/s,"['A', '[91]']",0
1999-04-29,122.0,streamflow,9291000,ft3/s,"['A', '[91]']",0
1999-04-30,121.583336,streamflow,9291000,ft3/s,"['A', '[91]']",0
1999-05-01,120.75,streamflow,9291000,ft3/s,"['A', '[91]']",0
1999-05-02,121.333336,streamflow,9291000,ft3/s,"['A', '[91]']",0
1999-05-03,121.125,streamflow,9291000,ft3/s,"['A', '[91]']",0
1999-05-04,120.833336,streamflow,9291000,ft3/s,"['A', '[91]']",0
1999-05-05,110.541664,streamflow,9291000,ft3/s,"['A', '[91]']",0
1999-05-06,73.375,streamflow,9291000,ft3/s,"['A', '[91]']",0
1999-05-07,21.745832,streamflow,9291000,ft3/s,"['A', '[91]']",0
1999-05-08,5.2,streamflow,9291000,ft3/s,"['A', '[91]']",0
1999-05-09,31.004166,streamflow,9291000,ft3/s,"['A', '[91]']",0
1999-05-10,217.5,streamflow,9291000,ft3/s,"['A', '[91]']",0
1999-05-11,216.5,streamflow,9291000,ft3/s,"['A', '[91]']",0
1999-05-12,318.33334,streamflow,9291000,ft3/s,"['A', '[91]']",0
1999-05-13,327.625,streamflow,9291000,ft3/s,"['A', '[91]']",0
1999-05-14,325.58334,streamflow,9291000,ft3/s,"['A', '[91]']",0
1999-05-15,322.45834,streamflow,9291000,ft3/s,"['A', '[91]']",0
1999-05-16,323.25,streamflow,9291000,ft3/s,"['A', '[91]']",0
1999-05-17,322.20834,streamflow,9291000,ft3/s,"['A', '[91]']",0
1999-05-18,320.125,streamflow,9291000,ft3/s,"['A', '[91]']",0
1999-05-19,317.625,streamflow,9291000,ft3/s,"['A', '[91]']",0
1999-05-20,314.08334,streamflow,9291000,ft3/s,"['A', '[91]']",0
1999-05-21,315.75,streamflow,9291000,ft3/s,"['A', '[91]']",0
1999-05-22,313.04166,streamflow,9291000,ft3/s,"['A', '[91]']",0
1999-05-23,312.0,streamflow,9291000,ft3/s,"['A', '[91]']",0
1999-05-24,309.70834,streamflow,9291000,ft3/s,"['A', '[91]']",0
1999-05-25,314.29166,streamflow,9291000,ft3/s,"['A', '[91]']",0
1999-05-26,315.75,streamflow,9291000,ft3/s,"['A', '[91]']",0
1999-05-27,363.45834,streamflow,9291000,ft3/s,"['A', '[91]']",0
1999-05-28,532.7917,streamflow,9291000,ft3/s,"['A', '[91]']",0
1999-05-29,538.8333,streamflow,9291000,ft3/s,"['A', '[91]']",0
1999-05-30,540.5833,streamflow,9291000,ft3/s,"['A', '[91]']",0
1999-05-31,540.7083,streamflow,9291000,ft3/s,"['A', '[91]']",0
1999-06-01,605.0417,streamflow,9291000,ft3/s,"['A', '[91]']",0
1999-06-02,787.3333,streamflow,9291000,ft3/s,"['A', '[91]']",0
1999-06-03,780.7917,streamflow,9291000,ft3/s,"['A', '[91]']",0
1999-06-04,755.25,streamflow,9291000,ft3/s,"['A', '[91]']",0
1999-06-05,734.75,streamflow,9291000,ft3/s,"['A', '[91]']",0
1999-06-06,708.7917,streamflow,9291000,ft3/s,"['A', '[91]']",0
1999-06-07,688.3333,streamflow,9291000,ft3/s,"['A', '[91]']",0
1999-06-08,673.3333,streamflow,9291000,ft3/s,"['A', '[91]']",0
1999-06-09,660.2083,streamflow,9291000,ft3/s,"['A', '[91]']",0
1999-06-10,656.9167,streamflow,9291000,ft3/s,"['A', '[91]']",0
1999-06-11,650.0417,streamflow,9291000,ft3/s,"['A', '[91]']",0
1999-06-12,639.875,streamflow,9291000,ft3/s,"['A', '[91]']",0
1999-06-13,651.625,streamflow,9291000,ft3/s,"['A', '[91]']",0
1999-06-14,634.5417,streamflow,9291000,ft3/s,"['A', '[91]']",0
1999-06-15,569.625,streamflow,9291000,ft3/s,"['A', '[91]']",0
1999-06-16,647.0833,streamflow,9291000,ft3/s,"['A', '[91]']",0
1999-06-17,1072.9166,streamflow,9291000,ft3/s,"['A', '[91]']",0
1999-06-18,1316.6666,streamflow,9291000,ft3/s,"['A', '[91]']",0
1999-06-19,1282.5,streamflow,9291000,ft3/s,"['A', '[91]']",0
1999-06-20,1250.0,streamflow,9291000,ft3/s,"['A', '[91]']",0
1999-06-21,1157.5834,streamflow,9291000,ft3/s,"['A', '[91]']",0
1999-06-22,942.625,streamflow,9291000,ft3/s,"['A', '[91]']",0
1999-06-23,1004.5833,streamflow,9291000,ft3/s,"['A', '[91]']",0
1999-06-24,1115.0,streamflow,9291000,ft3/s,"['A', '[91]']",0
1999-06-25,1114.1666,streamflow,9291000,ft3/s,"['A', '[91]']",0
1999-06-26,1007.9167,streamflow,9291000,ft3/s,"['A', '[91]']",0
1999-06-27,690.625,streamflow,9291000,ft3/s,"['A', '[91]']",0
1999-06-28,732.5417,streamflow,9291000,ft3/s,"['A', '[91]']",0
1999-06-29,805.8333,streamflow,9291000,ft3/s,"['A', '[91]']",0
1999-06-30,700.4167,streamflow,9291000,ft3/s,"['A', '[91]']",0
1999-07-01,447.29166,streamflow,9291000,ft3/s,"['A', '[91]']",0
1999-07-02,575.0833,streamflow,9291000,ft3/s,"['A', '[91]']",0
1999-07-03,623.2917,streamflow,9291000,ft3/s,"['A', '[91]']",0
1999-07-04,565.3333,streamflow,9291000,ft3/s,"['A', '[91]']",0
1999-07-05,433.125,streamflow,9291000,ft3/s,"['A', '[91]']",0
1999-07-06,399.16666,streamflow,9291000,ft3/s,"['A', '[91]']",0
1999-07-07,330.875,streamflow,9291000,ft3/s,"['A', '[91]']",0
1999-07-08,484.75,streamflow,9291000,ft3/s,"['A', '[91]']",0
1999-07-09,338.91666,streamflow,9291000,ft3/s,"['A', '[91]']",0
1999-07-10,319.5,streamflow,9291000,ft3/s,"['A', '[91]']",0
1999-07-11,266.20834,streamflow,9291000,ft3/s,"['A', '[91]']",0
1999-07-12,254.41667,streamflow,9291000,ft3/s,"['A', '[91]']",0
1999-07-13,242.20833,streamflow,9291000,ft3/s,"['A', '[91]']",0
1999-07-14,236.0,streamflow,9291000,ft3/s,"['A', '[91]']",0
1999-07-15,237.5,streamflow,9291000,ft3/s,"['A', '[91]']",0
1999-07-16,240.0,streamflow,9291000,ft3/s,"['A', '[91]']",0
1999-07-17,252.29167,streamflow,9291000,ft3/s,"['A', '[91]']",0
1999-07-18,259.79166,streamflow,9291000,ft3/s,"['A', '[91]']",0
1999-07-19,248.75,streamflow,9291000,ft3/s,"['A', '[91]']",0
1999-07-20,244.70833,streamflow,9291000,ft3/s,"['A', '[91]']",0
1999-07-21,241.16667,streamflow,9291000,ft3/s,"['A', '[91]']",0
1999-07-22,238.66667,streamflow,9291000,ft3/s,"['A', '[91]']",0
1999-07-23,237.16667,streamflow,9291000,ft3/s,"['A', '[91]']",0
1999-07-24,235.16667,streamflow,9291000,ft3/s,"['A', '[91]']",0
1999-07-25,234.0,streamflow,9291000,ft3/s,"['A', '[91]']",0
1999-07-26,243.20833,streamflow,9291000,ft3/s,"['A', '[91]']",0
1999-07-27,261.75,streamflow,9291000,ft3/s,"['A', '[91]']",0
1999-07-28,262.875,streamflow,9291000,ft3/s,"['A', '[91]']",0
1999-07-29,263.83334,streamflow,9291000,ft3/s,"['A', '[91]']",0
1999-07-30,262.29166,streamflow,9291000,ft3/s,"['A', '[91]']",0
1999-07-31,262.66666,streamflow,9291000,ft3/s,"['A', '[91]']",0
1999-08-01,263.125,streamflow,9291000,ft3/s,"['A', '[91]']",0
1999-08-02,260.66666,streamflow,9291000,ft3/s,"['A', '[91]']",0
1999-08-03,260.20834,streamflow,9291000,ft3/s,"['A', '[91]']",0
1999-08-04,260.33334,streamflow,9291000,ft3/s,"['A', '[91]']",0
1999-08-05,260.125,streamflow,9291000,ft3/s,"['A', '[91]']",0
1999-08-06,260.83334,streamflow,9291000,ft3/s,"['A', '[91]']",0
1999-08-07,270.75,streamflow,9291000,ft3/s,"['A', '[91]']",0
1999-08-08,267.70834,streamflow,9291000,ft3/s,"['A', '[91]']",0
1999-08-09,276.375,streamflow,9291000,ft3/s,"['A', '[91]']",0
1999-08-10,302.45834,streamflow,9291000,ft3/s,"['A', '[91]']",0
1999-08-11,301.79166,streamflow,9291000,ft3/s,"['A', '[91]']",0
1999-08-12,299.79166,streamflow,9291000,ft3/s,"['A', '[91]']",0
1999-08-13,299.95834,streamflow,9291000,ft3/s,"['A', '[91]']",0
1999-08-14,298.25,streamflow,9291000,ft3/s,"['A', '[91]']",0
1999-08-15,294.79166,streamflow,9291000,ft3/s,"['A', '[91]']",0
1999-08-16,300.91666,streamflow,9291000,ft3/s,"['A', '[91]']",0
1999-08-17,322.41666,streamflow,9291000,ft3/s,"['A', '[91]']",0
1999-08-18,318.04166,streamflow,9291000,ft3/s,"['A', '[91]']",0
1999-08-19,313.25,streamflow,9291000,ft3/s,"['A', '[91]']",0
1999-08-20,310.33334,streamflow,9291000,ft3/s,"['A', '[91]']",0
1999-08-21,306.375,streamflow,9291000,ft3/s,"['A', '[91]']",0
1999-08-22,307.83334,streamflow,9291000,ft3/s,"['A', '[91]']",0
1999-08-23,289.41666,streamflow,9291000,ft3/s,"['A', '[91]']",0
1999-08-24,254.95833,streamflow,9291000,ft3/s,"['A', '[91]']",0
1999-08-25,254.875,streamflow,9291000,ft3/s,"['A', '[91]']",0
1999-08-26,256.375,streamflow,9291000,ft3/s,"['A', '[91]']",0
1999-08-27,256.5,streamflow,9291000,ft3/s,"['A', '[91]']",0
1999-08-28,254.79167,streamflow,9291000,ft3/s,"['A', '[91]']",0
1999-08-29,253.45833,streamflow,9291000,ft3/s,"['A', '[91]']",0
1999-08-30,251.75,streamflow,9291000,ft3/s,"['A', '[91]']",0
1999-08-31,249.70833,streamflow,9291000,ft3/s,"['A', '[91]']",0
1999-09-01,250.33333,streamflow,9291000,ft3/s,"['A', '[91]']",0
1999-09-02,244.95833,streamflow,9291000,ft3/s,"['A', '[91]']",0
1999-09-03,119.666664,streamflow,9291000,ft3/s,"['A', '[91]']",0
1999-09-04,18.0,streamflow,9291000,ft3/s,"['A', '[91]']",0
1999-09-05,19.0,streamflow,9291000,ft3/s,"['A', '[91]']",0
1999-09-06,19.0,streamflow,9291000,ft3/s,"['A', '[91]']",0
1999-09-07,19.833334,streamflow,9291000,ft3/s,"['A', '[91]']",0
1999-09-08,20.0,streamflow,9291000,ft3/s,"['A', '[91]']",0
1999-09-09,20.0,streamflow,9291000,ft3/s,"['A', '[91]']",0
1999-09-10,98.291664,streamflow,9291000,ft3/s,"['A', '[91]']",0
1999-09-11,207.83333,streamflow,9291000,ft3/s,"['A', '[91]']",0
1999-09-12,212.5,streamflow,9291000,ft3/s,"['A', '[91]']",0
1999-09-13,221.75,streamflow,9291000,ft3/s,"['A', '[91]']",0
1999-09-14,251.45833,streamflow,9291000,ft3/s,"['A', '[91]']",0
1999-09-15,246.79167,streamflow,9291000,ft3/s,"['A', '[91]']",0
1999-09-16,246.91667,streamflow,9291000,ft3/s,"['A', '[91]']",0
1999-09-17,244.83333,streamflow,9291000,ft3/s,"['A', '[91]']",0
1999-09-18,222.625,streamflow,9291000,ft3/s,"['A', '[91]']",0
1999-09-19,257.16666,streamflow,9291000,ft3/s,"['A', '[91]']",0
1999-09-20,219.08333,streamflow,9291000,ft3/s,"['A', '[91]']",0
1999-09-21,148.875,streamflow,9291000,ft3/s,"['A', '[91]']",0
1999-09-22,149.125,streamflow,9291000,ft3/s,"['A', '[91]']",0
1999-09-23,147.75,streamflow,9291000,ft3/s,"['A', '[91]']",0
1999-09-24,146.625,streamflow,9291000,ft3/s,"['A', '[91]']",0
1999-09-25,146.125,streamflow,9291000,ft3/s,"['A', '[91]']",0
1999-09-26,145.75,streamflow,9291000,ft3/s,"['A', '[91]']",0
1999-09-27,142.375,streamflow,9291000,ft3/s,"['A', '[91]']",0
1999-09-28,142.625,streamflow,9291000,ft3/s,"['A', '[91]']",0
1999-09-29,139.5,streamflow,9291000,ft3/s,"['A', '[91]']",0
1999-09-30,137.75,streamflow,9291000,ft3/s,"['A', '[91]']",0
1999-10-01,136.625,streamflow,9291000,ft3/s,"['A', '[91]']",0
1999-10-02,137.0,streamflow,9291000,ft3/s,"['A', '[91]']",0
1999-10-03,135.0,streamflow,9291000,ft3/s,"['A', '[91]']",0
1999-10-04,134.0,streamflow,9291000,ft3/s,"['A', '[91]']",0
1999-10-05,133.25,streamflow,9291000,ft3/s,"['A', '[91]']",0
1999-10-06,131.5,streamflow,9291000,ft3/s,"['A', '[91]']",0
1999-10-07,140.04167,streamflow,9291000,ft3/s,"['A', '[91]']",0
1999-10-08,138.1875,streamflow,9291000,ft3/s,"['A', '[91]']",0
1999-10-09,137.0625,streamflow,9291000,ft3/s,"['A', '[91]']",0
1999-10-10,136.125,streamflow,9291000,ft3/s,"['A', '[91]']",0
1999-10-11,134.36458,streamflow,9291000,ft3/s,"['A', '[91]']",0
1999-10-12,134.1875,streamflow,9291000,ft3/s,"['A', '[91]']",0
1999-10-13,98.98469,streamflow,9291000,ft3/s,"['A', '[91]']",0
1999-10-14,0.0,streamflow,9291000,ft3/s,"['A', '[91]']",0
1999-10-15,0.0,streamflow,9291000,ft3/s,"['A', '[91]']",0
1999-10-16,0.0,streamflow,9291000,ft3/s,"['A', '[91]']",0
1999-10-17,0.0,streamflow,9291000,ft3/s,"['A', '[91]']",0
1999-10-18,0.0,streamflow,9291000,ft3/s,"['A', '[91]']",0
1999-10-19,0.0,streamflow,9291000,ft3/s,"['A', '[91]']",0
1999-10-20,0.0,streamflow,9291000,ft3/s,"['A', '[91]']",0
1999-10-21,0.0,streamflow,9291000,ft3/s,"['A', '[91]']",0
1999-10-22,0.0,streamflow,9291000,ft3/s,"['A', '[91]']",0
1999-10-23,0.0,streamflow,9291000,ft3/s,"['A', '[91]']",0
1999-10-24,0.0,streamflow,9291000,ft3/s,"['A', '[91]']",0
1999-10-25,0.0,streamflow,9291000,ft3/s,"['A', '[91]']",0
1999-10-26,0.0,streamflow,9291000,ft3/s,"['A', '[91]']",0
1999-10-27,0.0,streamflow,9291000,ft3/s,"['A', '[91]']",0
1999-10-28,0.0,streamflow,9291000,ft3/s,"['A', '[91]']",0
1999-10-29,0.0,streamflow,9291000,ft3/s,"['A', '[91]']",0
1999-10-30,0.0,streamflow,9291000,ft3/s,"['A', '[91]']",0
1999-10-31,0.0,streamflow,9291000,ft3/s,"['A', '[91]']",0
1999-11-01,0.0,streamflow,9291000,ft3/s,"['A', '[91]']",0
1999-11-02,0.0,streamflow,9291000,ft3/s,"['A', '[91]']",0
1999-11-03,0.0,streamflow,9291000,ft3/s,"['A', '[91]']",0
1999-11-04,0.0,streamflow,9291000,ft3/s,"['A', '[91]']",0
1999-11-05,0.0,streamflow,9291000,ft3/s,"['A', '[91]']",0
1999-11-06,0.0,streamflow,9291000,ft3/s,"['A', '[91]']",0
1999-11-07,0.0,streamflow,9291000,ft3/s,"['A', '[91]']",0
1999-11-08,0.0,streamflow,9291000,ft3/s,"['A', '[91]']",0
1999-11-09,0.0,streamflow,9291000,ft3/s,"['A', '[91]']",0
1999-11-10,0.0,streamflow,9291000,ft3/s,"['A', '[91]']",0
1999-11-11,0.0,streamflow,9291000,ft3/s,"['A', '[91]']",0
1999-11-12,0.0,streamflow,9291000,ft3/s,"['A', '[91]']",0
1999-11-13,0.0,streamflow,9291000,ft3/s,"['A', '[91]']",0
1999-11-14,0.0,streamflow,9291000,ft3/s,"['A', '[91]']",0
1999-11-15,0.0,streamflow,9291000,ft3/s,"['A', '[91]']",0
1999-11-16,0.0,streamflow,9291000,ft3/s,"['A', '[91]']",0
1999-11-17,0.0,streamflow,9291000,ft3/s,"['A', '[91]']",0
1999-11-18,0.0,streamflow,9291000,ft3/s,"['A', '[91]']",0
1999-11-19,0.0,streamflow,9291000,ft3/s,"['A', '[91]']",0
1999-11-20,0.0,streamflow,9291000,ft3/s,"['A', '[91]']",0
1999-11-21,0.0,streamflow,9291000,ft3/s,"['A', '[91]']",0
1999-11-22,0.0,streamflow,9291000,ft3/s,"['A', '[91]']",0
1999-11-23,0.0,streamflow,9291000,ft3/s,"['A', '[91]']",0
1999-11-24,0.0,streamflow,9291000,ft3/s,"['A', '[91]']",0
1999-11-25,0.0,streamflow,9291000,ft3/s,"['A', '[91]']",0
1999-11-26,0.0,streamflow,9291000,ft3/s,"['A', '[91]']",0
1999-11-27,0.0,streamflow,9291000,ft3/s,"['A', '[91]']",0
1999-11-28,0.0,streamflow,9291000,ft3/s,"['A', '[91]']",0
1999-11-29,0.0,streamflow,9291000,ft3/s,"['A', '[91]']",0
1999-11-30,0.0,streamflow,9291000,ft3/s,"['A', '[91]']",0
1999-12-01,0.0,streamflow,9291000,ft3/s,"['A', '[91]']",0
1999-12-02,0.0,streamflow,9291000,ft3/s,"['A', '[91]']",0
1999-12-03,0.0,streamflow,9291000,ft3/s,"['A', '[91]']",0
1999-12-04,0.0,streamflow,9291000,ft3/s,"['A', '[91]']",0
1999-12-05,0.0,streamflow,9291000,ft3/s,"['A', '[91]']",0
1999-12-06,0.0,streamflow,9291000,ft3/s,"['A', '[91]']",0
1999-12-07,0.0,streamflow,9291000,ft3/s,"['A', '[91]']",0
1999-12-08,0.0,streamflow,9291000,ft3/s,"['A', '[91]']",0
1999-12-09,0.0,streamflow,9291000,ft3/s,"['A', '[91]']",0
1999-12-10,0.0,streamflow,9291000,ft3/s,"['A', '[91]']",0
1999-12-11,0.0,streamflow,9291000,ft3/s,"['A', '[91]']",0
1999-12-12,0.0,streamflow,9291000,ft3/s,"['A', '[91]']",0
1999-12-13,0.0,streamflow,9291000,ft3/s,"['A', '[91]']",0
1999-12-14,0.0,streamflow,9291000,ft3/s,"['A', '[91]']",0
1999-12-15,0.0,streamflow,9291000,ft3/s,"['A', '[91]']",0
1999-12-16,0.0,streamflow,9291000,ft3/s,"['A', '[91]']",0
1999-12-17,0.0,streamflow,9291000,ft3/s,"['A', '[91]']",0
1999-12-18,0.0,streamflow,9291000,ft3/s,"['A', '[91]']",0
1999-12-19,0.0,streamflow,9291000,ft3/s,"['A', '[91]']",0
1999-12-20,0.0,streamflow,9291000,ft3/s,"['A', '[91]']",0
1999-12-21,0.0,streamflow,9291000,ft3/s,"['A', '[91]']",0
1999-12-22,0.0,streamflow,9291000,ft3/s,"['A', '[91]']",0
1999-12-23,0.0,streamflow,9291000,ft3/s,"['A', '[91]']",0
1999-12-24,0.0,streamflow,9291000,ft3/s,"['A', '[91]']",0
1999-12-25,0.0,streamflow,9291000,ft3/s,"['A', '[91]']",0
1999-12-26,0.0,streamflow,9291000,ft3/s,"['A', '[91]']",0
1999-12-27,0.0,streamflow,9291000,ft3/s,"['A', '[91]']",0
1999-12-28,,streamflow,9291000,ft3/s,"['A', '[91]']",0
1999-12-29,,streamflow,9291000,ft3/s,"['A', '[91]']",0
1999-12-30,,streamflow,9291000,ft3/s,"['A', '[91]']",0
1999-12-31,,streamflow,9291000,ft3/s,"['A', '[91]']",0
2000-01-01,,streamflow,9291000,ft3/s,"['A', '[91]']",0
2000-01-02,,streamflow,9291000,ft3/s,"['A', '[91]']",0
2000-01-03,,streamflow,9291000,ft3/s,"['A', '[91]']",0
2000-01-04,,streamflow,9291000,ft3/s,"['A', '[91]']",0
2000-01-05,,streamflow,9291000,ft3/s,"['A', '[91]']",0
2000-01-06,,streamflow,9291000,ft3/s,"['A', '[91]']",0
2000-01-07,,streamflow,9291000,ft3/s,"['A', '[91]']",0
2000-01-08,,streamflow,9291000,ft3/s,"['A', '[91]']",0
2000-01-09,,streamflow,9291000,ft3/s,"['A', '[91]']",0
2000-01-10,,streamflow,9291000,ft3/s,"['A', '[91]']",0
2000-01-11,,streamflow,9291000,ft3/s,"['A', '[91]']",0
2000-01-12,,streamflow,9291000,ft3/s,"['A', '[91]']",0
2000-01-13,,streamflow,9291000,ft3/s,"['A', '[91]']",0
2000-01-14,,streamflow,9291000,ft3/s,"['A', '[91]']",0
2000-01-15,,streamflow,9291000,ft3/s,"['A', '[91]']",0
2000-01-16,,streamflow,9291000,ft3/s,"['A', '[91]']",0
2000-01-17,,streamflow,9291000,ft3/s,"['A', '[91]']",0
2000-01-18,,streamflow,9291000,ft3/s,"['A', '[91]']",0
2000-01-19,,streamflow,9291000,ft3/s,"['A', '[91]']",0
2000-01-20,,streamflow,9291000,ft3/s,"['A', '[91]']",0
2000-01-21,,streamflow,9291000,ft3/s,"['A', '[91]']",0
2000-01-22,,streamflow,9291000,ft3/s,"['A', '[91]']",0
2000-01-23,,streamflow,9291000,ft3/s,"['A', '[91]']",0
2000-01-24,,streamflow,9291000,ft3/s,"['A', '[91]']",0
2000-01-25,,streamflow,9291000,ft3/s,"['A', '[91]']",0
2000-01-26,,streamflow,9291000,ft3/s,"['A', '[91]']",0
2000-01-27,,streamflow,9291000,ft3/s,"['A', '[91]']",0
2000-01-28,,streamflow,9291000,ft3/s,"['A', '[91]']",0
2000-01-29,,streamflow,9291000,ft3/s,"['A', '[91]']",0
2000-01-30,,streamflow,9291000,ft3/s,"['A', '[91]']",0
2000-01-31,,streamflow,9291000,ft3/s,"['A', '[91]']",0
2000-02-01,,streamflow,9291000,ft3/s,"['A', '[91]']",0
2000-02-02,,streamflow,9291000,ft3/s,"['A', '[91]']",0
2000-02-03,,streamflow,9291000,ft3/s,"['A', '[91]']",0
2000-02-04,,streamflow,9291000,ft3/s,"['A', '[91]']",0
2000-02-05,,streamflow,9291000,ft3/s,"['A', '[91]']",0
2000-02-06,,streamflow,9291000,ft3/s,"['A', '[91]']",0
2000-02-07,,streamflow,9291000,ft3/s,"['A', '[91]']",0
2000-02-08,,streamflow,9291000,ft3/s,"['A', '[91]']",0
2000-02-09,,streamflow,9291000,ft3/s,"['A', '[91]']",0
2000-02-10,,streamflow,9291000,ft3/s,"['A', '[91]']",0
2000-02-11,,streamflow,9291000,ft3/s,"['A', '[91]']",0
2000-02-12,,streamflow,9291000,ft3/s,"['A', '[91]']",0
2000-02-13,,streamflow,9291000,ft3/s,"['A', '[91]']",0
2000-02-14,,streamflow,9291000,ft3/s,"['A', '[91]']",0
2000-02-15,,streamflow,9291000,ft3/s,"['A', '[91]']",0
2000-02-16,,streamflow,9291000,ft3/s,"['A', '[91]']",0
2000-02-17,,streamflow,9291000,ft3/s,"['A', '[91]']",0
2000-02-18,,streamflow,9291000,ft3/s,"['A', '[91]']",0
2000-02-19,,streamflow,9291000,ft3/s,"['A', '[91]']",0
2000-02-20,,streamflow,9291000,ft3/s,"['A', '[91]']",0
2000-02-21,,streamflow,9291000,ft3/s,"['A', '[91]']",0
2000-02-22,,streamflow,9291000,ft3/s,"['A', '[91]']",0
2000-02-23,,streamflow,9291000,ft3/s,"['A', '[91]']",0
2000-02-24,,streamflow,9291000,ft3/s,"['A', '[91]']",0
2000-02-25,,streamflow,9291000,ft3/s,"['A', '[91]']",0
2000-02-26,,streamflow,9291000,ft3/s,"['A', '[91]']",0
2000-02-27,,streamflow,9291000,ft3/s,"['A', '[91]']",0
2000-02-28,,streamflow,9291000,ft3/s,"['A', '[91]']",0
2000-02-29,,streamflow,9291000,ft3/s,"['A', '[91]']",0
2000-03-01,,streamflow,9291000,ft3/s,"['A', '[91]']",0
2000-03-02,,streamflow,9291000,ft3/s,"['A', '[91]']",0
2000-03-03,,streamflow,9291000,ft3/s,"['A', '[91]']",0
2000-03-04,,streamflow,9291000,ft3/s,"['A', '[91]']",0
2000-03-05,,streamflow,9291000,ft3/s,"['A', '[91]']",0
2000-03-06,,streamflow,9291000,ft3/s,"['A', '[91]']",0
2000-03-07,,streamflow,9291000,ft3/s,"['A', '[91]']",0
2000-03-08,,streamflow,9291000,ft3/s,"['A', '[91]']",0
2000-03-09,,streamflow,9291000,ft3/s,"['A', '[91]']",0
2000-03-10,,streamflow,9291000,ft3/s,"['A', '[91]']",0
2000-03-11,,streamflow,9291000,ft3/s,"['A', '[91]']",0
2000-03-12,,streamflow,9291000,ft3/s,"['A', '[91]']",0
2000-03-13,,streamflow,9291000,ft3/s,"['A', '[91]']",0
2000-03-14,,streamflow,9291000,ft3/s,"['A', '[91]']",0
2000-03-15,,streamflow,9291000,ft3/s,"['A', '[91]']",0
2000-03-16,,streamflow,9291000,ft3/s,"['A', '[91]']",0
2000-03-17,,streamflow,9291000,ft3/s,"['A', '[91]']",0
2000-03-18,,streamflow,9291000,ft3/s,"['A', '[91]']",0
2000-03-19,,streamflow,9291000,ft3/s,"['A', '[91]']",0
2000-03-20,,streamflow,9291000,ft3/s,"['A', '[91]']",0
2000-03-21,,streamflow,9291000,ft3/s,"['A', '[91]']",0
2000-03-22,,streamflow,9291000,ft3/s,"['A', '[91]']",0
2000-03-23,,streamflow,9291000,ft3/s,"['A', '[91]']",0
2000-03-24,,streamflow,9291000,ft3/s,"['A', '[91]']",0
2000-03-25,,streamflow,9291000,ft3/s,"['A', '[91]']",0
2000-03-26,,streamflow,9291000,ft3/s,"['A', '[91]']",0
2000-03-27,,streamflow,9291000,ft3/s,"['A', '[91]']",0
2000-03-28,,streamflow,9291000,ft3/s,"['A', '[91]']",0
2000-03-29,,streamflow,9291000,ft3/s,"['A', '[91]']",0
2000-03-30,,streamflow,9291000,ft3/s,"['A', '[91]']",0
2000-03-31,,streamflow,9291000,ft3/s,"['A', '[91]']",0
2000-04-01,,streamflow,9291000,ft3/s,"['A', '[91]']",0
2000-04-02,,streamflow,9291000,ft3/s,"['A', '[91]']",0
2000-04-03,,streamflow,9291000,ft3/s,"['A', '[91]']",0
2000-04-04,,streamflow,9291000,ft3/s,"['A', '[91]']",0
2000-04-05,,streamflow,9291000,ft3/s,"['A', '[91]']",0
2000-04-06,,streamflow,9291000,ft3/s,"['A', '[91]']",0
2000-04-07,,streamflow,9291000,ft3/s,"['A', '[91]']",0
2000-04-08,,streamflow,9291000,ft3/s,"['A', '[91]']",0
2000-04-09,,streamflow,9291000,ft3/s,"['A', '[91]']",0
2000-04-10,,streamflow,9291000,ft3/s,"['A', '[91]']",0
2000-04-11,,streamflow,9291000,ft3/s,"['A', '[91]']",0
2000-04-12,,streamflow,9291000,ft3/s,"['A', '[91]']",0
2000-04-13,5.9,streamflow,9291000,ft3/s,"['A', '[91]']",0
2000-04-14,5.991667,streamflow,9291000,ft3/s,"['A', '[91]']",0
2000-04-15,6.003125,streamflow,9291000,ft3/s,"['A', '[91]']",0
2000-04-16,6.25,streamflow,9291000,ft3/s,"['A', '[91]']",0
2000-04-17,6.3,streamflow,9291000,ft3/s,"['A', '[91]']",0
2000-04-18,6.3,streamflow,9291000,ft3/s,"['A', '[91]']",0
2000-04-19,6.1270833,streamflow,9291000,ft3/s,"['A', '[91]']",0
2000-04-20,5.3,streamflow,9291000,ft3/s,"['A', '[91]']",0
2000-04-21,5.3,streamflow,9291000,ft3/s,"['A', '[91]']",0
2000-04-22,5.471875,streamflow,9291000,ft3/s,"['A', '[91]']",0
2000-04-23,5.084375,streamflow,9291000,ft3/s,"['A', '[91]']",0
2000-04-24,4.8875,streamflow,9291000,ft3/s,"['A', '[91]']",0
2000-04-25,4.571875,streamflow,9291000,ft3/s,"['A', '[91]']",0
2000-04-26,4.30625,streamflow,9291000,ft3/s,"['A', '[91]']",0
2000-04-27,4.1875,streamflow,9291000,ft3/s,"['A', '[91]']",0
2000-04-28,4.1,streamflow,9291000,ft3/s,"['A', '[91]']",0
2000-04-29,4.0583334,streamflow,9291000,ft3/s,"['A', '[91]']",0
2000-04-30,193.17885,streamflow,9291000,ft3/s,"['A', '[91]']",0
2000-05-01,427.5729,streamflow,9291000,ft3/s,"['A', '[91]']",0
2000-05-02,426.5625,streamflow,9291000,ft3/s,"['A', '[91]']",0
2000-05-03,394.5104,streamflow,9291000,ft3/s,"['A', '[91]']",0
2000-05-04,339.22916,streamflow,9291000,ft3/s,"['A', '[91]']",0
2000-05-05,338.3229,streamflow,9291000,ft3/s,"['A', '[91]']",0
2000-05-06,339.3229,streamflow,9291000,ft3/s,"['A', '[91]']",0
2000-05-07,339.5104,streamflow,9291000,ft3/s,"['A', '[91]']",0
2000-05-08,339.0,streamflow,9291000,ft3/s,"['A', '[91]']",0
2000-05-09,339.4896,streamflow,9291000,ft3/s,"['A', '[91]']",0
2000-05-10,340.89584,streamflow,9291000,ft3/s,"['A', '[91]']",0
2000-05-11,342.6771,streamflow,9291000,ft3/s,"['A', '[91]']",0
2000-05-12,343.90625,streamflow,9291000,ft3/s,"['A', '[91]']",0
2000-05-13,357.2396,streamflow,9291000,ft3/s,"['A', '[91]']",0
2000-05-14,396.59375,streamflow,9291000,ft3/s,"['A', '[91]']",0
2000-05-15,393.90625,streamflow,9291000,ft3/s,"['A', '[91]']",0
2000-05-16,394.79166,streamflow,9291000,ft3/s,"['A', '[91]']",0
2000-05-17,394.15625,streamflow,9291000,ft3/s,"['A', '[91]']",0
2000-05-18,391.6771,streamflow,9291000,ft3/s,"['A', '[91]']",0
2000-05-19,389.0625,streamflow,9291000,ft3/s,"['A', '[91]']",0
2000-05-20,388.41666,streamflow,9291000,ft3/s,"['A', '[91]']",0
2000-05-21,386.65625,streamflow,9291000,ft3/s,"['A', '[91]']",0
2000-05-22,337.85416,streamflow,9291000,ft3/s,"['A', '[91]']",0
2000-05-23,214.08333,streamflow,9291000,ft3/s,"['A', '[91]']",0
2000-05-24,152.4375,streamflow,9291000,ft3/s,"['A', '[91]']",0
2000-05-25,154.46875,streamflow,9291000,ft3/s,"['A', '[91]']",0
2000-05-26,156.0,streamflow,9291000,ft3/s,"['A', '[91]']",0
2000-05-27,156.84375,streamflow,9291000,ft3/s,"['A', '[91]']",0
2000-05-28,479.0,streamflow,9291000,ft3/s,"['A', '[91]']",0
2000-05-29,655.13544,streamflow,9291000,ft3/s,"['A', '[91]']",0
2000-05-30,663.8542,streamflow,9291000,ft3/s,"['A', '[91]']",0
2000-05-31,548.65625,streamflow,9291000,ft3/s,"['A', '[91]']",0
2000-06-01,348.72916,streamflow,9291000,ft3/s,"['A', '[91]']",0
2000-06-02,318.9479,streamflow,9291000,ft3/s,"['A', '[91]']",0
2000-06-03,303.15625,streamflow,9291000,ft3/s,"['A', '[91]']",0
2000-06-04,268.0521,streamflow,9291000,ft3/s,"['A', '[91]']",0
2000-06-05,341.52084,streamflow,9291000,ft3/s,"['A', '[91]']",0
2000-06-06,390.5104,streamflow,9291000,ft3/s,"['A', '[91]']",0
2000-06-07,386.04166,streamflow,9291000,ft3/s,"['A', '[91]']",0
2000-06-08,384.39584,streamflow,9291000,ft3/s,"['A', '[91]']",0
2000-06-09,383.35416,streamflow,9291000,ft3/s,"['A', '[91]']",0
2000-06-10,382.15625,streamflow,9291000,ft3/s,"['A', '[91]']",0
2000-06-11,378.95834,streamflow,9291000,ft3/s,"['A', '[91]']",0
2000-06-12,377.8125,streamflow,9291000,ft3/s,"['A', '[91]']",0
2000-06-13,396.0729,streamflow,9291000,ft3/s,"['A', '[91]']",0
2000-06-14,421.0625,streamflow,9291000,ft3/s,"['A', '[91]']",0
2000-06-15,419.8125,streamflow,9291000,ft3/s,"['A', '[91]']",0
2000-06-16,418.5625,streamflow,9291000,ft3/s,"['A', '[91]']",0
2000-06-17,414.25,streamflow,9291000,ft3/s,"['A', '[91]']",0
2000-06-18,411.6875,streamflow,9291000,ft3/s,"['A', '[91]']",0
2000-06-19,409.14584,streamflow,9291000,ft3/s,"['A', '[91]']",0
2000-06-20,413.9375,streamflow,9291000,ft3/s,"['A', '[91]']",0
2000-06-21,411.0625,streamflow,9291000,ft3/s,"['A', '[91]']",0
2000-06-22,407.52084,streamflow,9291000,ft3/s,"['A', '[91]']",0
2000-06-23,406.59375,streamflow,9291000,ft3/s,"['A', '[91]']",0
2000-06-24,404.2396,streamflow,9291000,ft3/s,"['A', '[91]']",0
2000-06-25,401.1979,streamflow,9291000,ft3/s,"['A', '[91]']",0
2000-06-26,399.25,streamflow,9291000,ft3/s,"['A', '[91]']",0
2000-06-27,396.8646,streamflow,9291000,ft3/s,"['A', '[91]']",0
2000-06-28,394.6771,streamflow,9291000,ft3/s,"['A', '[91]']",0
2000-06-29,340.96875,streamflow,9291000,ft3/s,"['A', '[91]']",0
2000-06-30,328.20834,streamflow,9291000,ft3/s,"['A', '[91]']",0
2000-07-01,326.47916,streamflow,9291000,ft3/s,"['A', '[91]']",0
2000-07-02,326.1875,streamflow,9291000,ft3/s,"['A', '[91]']",0
2000-07-03,322.75,streamflow,9291000,ft3/s,"['A', '[91]']",0
2000-07-04,320.6771,streamflow,9291000,ft3/s,"['A', '[91]']",0
2000-07-05,319.7396,streamflow,9291000,ft3/s,"['A', '[91]']",0
2000-07-06,317.72916,streamflow,9291000,ft3/s,"['A', '[91]']",0
2000-07-07,315.2604,streamflow,9291000,ft3/s,"['A', '[91]']",0
2000-07-08,353.0729,streamflow,9291000,ft3/s,"['A', '[91]']",0
2000-07-09,350.64584,streamflow,9291000,ft3/s,"['A', '[91]']",0
2000-07-10,349.3021,streamflow,9291000,ft3/s,"['A', '[91]']",0
2000-07-11,344.9479,streamflow,9291000,ft3/s,"['A', '[91]']",0
2000-07-12,343.5104,streamflow,9291000,ft3/s,"['A', '[91]']",0
2000-07-13,341.53125,streamflow,9291000,ft3/s,"['A', '[91]']",0
2000-07-14,343.9271,streamflow,9291000,ft3/s,"['A', '[91]']",0
2000-07-15,340.8646,streamflow,9291000,ft3/s,"['A', '[91]']",0
2000-07-16,336.85416,streamflow,9291000,ft3/s,"['A', '[91]']",0
2000-07-17,335.6146,streamflow,9291000,ft3/s,"['A', '[91]']",0
2000-07-18,332.64584,streamflow,9291000,ft3/s,"['A', '[91]']",0
2000-07-19,329.5521,streamflow,9291000,ft3/s,"['A', '[91]']",0
2000-07-20,327.45834,streamflow,9291000,ft3/s,"['A', '[91]']",0
2000-07-21,325.1354,streamflow,9291000,ft3/s,"['A', '[91]']",0
2000-07-22,321.6354,streamflow,9291000,ft3/s,"['A', '[91]']",0
2000-07-23,318.875,streamflow,9291000,ft3/s,"['A', '[91]']",0
2000-07-24,161.875,streamflow,9291000,ft3/s,"['A', '[91]']",0
2000-07-25,162.85417,streamflow,9291000,ft3/s,"['A', '[91]']",0
2000-07-26,231.125,streamflow,9291000,ft3/s,"['A', '[91]']",0
2000-07-27,229.66667,streamflow,9291000,ft3/s,"['A', '[91]']",0
2000-07-28,229.125,streamflow,9291000,ft3/s,"['A', '[91]']",0
2000-07-29,227.125,streamflow,9291000,ft3/s,"['A', '[91]']",0
2000-07-30,225.375,streamflow,9291000,ft3/s,"['A', '[91]']",0
2000-07-31,223.16667,streamflow,9291000,ft3/s,"['A', '[91]']",0
2000-08-01,222.20833,streamflow,9291000,ft3/s,"['A', '[91]']",0
2000-08-02,220.625,streamflow,9291000,ft3/s,"['A', '[91]']",0
2000-08-03,218.79167,streamflow,9291000,ft3/s,"['A', '[91]']",0
2000-08-04,213.03125,streamflow,9291000,ft3/s,"['A', '[91]']",0
2000-08-05,212.0,streamflow,9291000,ft3/s,"['A', '[91]']",0
2000-08-06,210.97917,streamflow,9291000,ft3/s,"['A', '[91]']",0
2000-08-07,210.11458,streamflow,9291000,ft3/s,"['A', '[91]']",0
2000-08-08,208.05208,streamflow,9291000,ft3/s,"['A', '[91]']",0
2000-08-09,206.47917,streamflow,9291000,ft3/s,"['A', '[91]']",0
2000-08-10,109.65625,streamflow,9291000,ft3/s,"['A', '[91]']",0
2000-08-11,106.770836,streamflow,9291000,ft3/s,"['A', '[91]']",0
2000-08-12,107.0,streamflow,9291000,ft3/s,"['A', '[91]']",0
2000-08-13,108.5,streamflow,9291000,ft3/s,"['A', '[91]']",0
2000-08-14,93.5625,streamflow,9291000,ft3/s,"['A', '[91]']",0
2000-08-15,53.0,streamflow,9291000,ft3/s,"['A', '[91]']",0
2000-08-16,52.020832,streamflow,9291000,ft3/s,"['A', '[91]']",0
2000-08-17,128.14583,streamflow,9291000,ft3/s,"['A', '[91]']",0
2000-08-18,132.59375,streamflow,9291000,ft3/s,"['A', '[91]']",0
2000-08-19,132.23958,streamflow,9291000,ft3/s,"['A', '[91]']",0
2000-08-20,132.60417,streamflow,9291000,ft3/s,"['A', '[91]']",0
2000-08-21,133.90625,streamflow,9291000,ft3/s,"['A', '[91]']",0
2000-08-22,132.3125,streamflow,9291000,ft3/s,"['A', '[91]']",0
2000-08-23,130.09375,streamflow,9291000,ft3/s,"['A', '[91]']",0
2000-08-24,129.84375,streamflow,9291000,ft3/s,"['A', '[91]']",0
2000-08-25,131.25,streamflow,9291000,ft3/s,"['A', '[91]']",0
2000-08-26,131.19792,streamflow,9291000,ft3/s,"['A', '[91]']",0
2000-08-27,129.88542,streamflow,9291000,ft3/s,"['A', '[91]']",0
2000-08-28,103.895836,streamflow,9291000,ft3/s,"['A', '[91]']",0
2000-08-29,51.375,streamflow,9291000,ft3/s,"['A', '[91]']",0
2000-08-30,53.072918,streamflow,9291000,ft3/s,"['A', '[91]']",0
2000-08-31,53.21875,streamflow,9291000,ft3/s,"['A', '[91]']",0
2000-09-01,27.1275,streamflow,9291000,ft3/s,"['A', '[91]']",0
2000-09-02,0.0,streamflow,9291000,ft3/s,"['A', '[91]']",0
2000-09-03,0.0,streamflow,9291000,ft3/s,"['A', '[91]']",0
2000-09-04,0.0,streamflow,9291000,ft3/s,"['A', '[91]']",0
2000-09-05,0.0,streamflow,9291000,ft3/s,"['A', '[91]']",0
2000-09-06,0.0,streamflow,9291000,ft3/s,"['A', '[91]']",0
2000-09-07,0.0,streamflow,9291000,ft3/s,"['A', '[91]']",0
2000-09-08,0.0,streamflow,9291000,ft3/s,"['A', '[91]']",0
2000-09-09,0.0,streamflow,9291000,ft3/s,"['A', '[91]']",0
2000-09-10,0.0,streamflow,9291000,ft3/s,"['A', '[91]']",0
2000-09-11,75.229164,streamflow,9291000,ft3/s,"['A', '[91]']",0
2000-09-12,99.791664,streamflow,9291000,ft3/s,"['A', '[91]']",0
2000-09-13,136.75,streamflow,9291000,ft3/s,"['A', '[91]']",0
2000-09-14,146.03125,streamflow,9291000,ft3/s,"['A', '[91]']",0
2000-09-15,145.25,streamflow,9291000,ft3/s,"['A', '[91]']",0
2000-09-16,144.84375,streamflow,9291000,ft3/s,"['A', '[91]']",0
2000-09-17,144.0,streamflow,9291000,ft3/s,"['A', '[91]']",0
2000-09-18,143.5625,streamflow,9291000,ft3/s,"['A', '[91]']",0
2000-09-19,128.20833,streamflow,9291000,ft3/s,"['A', '[91]']",0
2000-09-20,22.317709,streamflow,9291000,ft3/s,"['A', '[91]']",0
2000-09-21,0.0,streamflow,9291000,ft3/s,"['A', '[91]']",0
2000-09-22,0.0,streamflow,9291000,ft3/s,"['A', '[91]']",0
2000-09-23,0.0,streamflow,9291000,ft3/s,"['A', '[91]']",0
2000-09-24,0.0,streamflow,9291000,ft3/s,"['A', '[91]']",0
2000-09-25,0.0,streamflow,9291000,ft3/s,"['A', '[91]']",0
2000-09-26,0.0,streamflow,9291000,ft3/s,"['A', '[91]']",0
2000-09-27,0.0,streamflow,9291000,ft3/s,"['A', '[91]']",0
2000-09-28,0.0,streamflow,9291000,ft3/s,"['A', '[91]']",0
2000-09-29,0.0,streamflow,9291000,ft3/s,"['A', '[91]']",0
2000-09-30,0.0,streamflow,9291000,ft3/s,"['A', '[90]']",0
2000-10-01,0.0,streamflow,9291000,ft3/s,"['A', '[90]']",0
2000-10-02,0.0,streamflow,9291000,ft3/s,"['A', '[90]']",0
2000-10-03,0.0,streamflow,9291000,ft3/s,"['A', '[90]']",0
2000-10-04,0.0,streamflow,9291000,ft3/s,"['A', '[90]']",0
2000-10-05,0.0,streamflow,9291000,ft3/s,"['A', '[90]']",0
2000-10-06,0.0,streamflow,9291000,ft3/s,"['A', '[90]']",0
2000-10-07,0.0,streamflow,9291000,ft3/s,"['A', '[90]']",0
2000-10-08,0.0,streamflow,9291000,ft3/s,"['A', '[90]']",0
2000-10-09,0.0,streamflow,9291000,ft3/s,"['A', '[90]']",0
2000-10-10,0.0,streamflow,9291000,ft3/s,"['A', '[90]']",0
2000-10-11,0.0,streamflow,9291000,ft3/s,"['A', '[90]']",0
2000-10-12,0.0,streamflow,9291000,ft3/s,"['A', '[90]']",0
2000-10-13,,streamflow,9291000,ft3/s,"['A', '[90]']",0
2000-10-14,,streamflow,9291000,ft3/s,"['A', '[90]']",0
2000-10-15,,streamflow,9291000,ft3/s,"['A', '[90]']",0
2000-10-16,,streamflow,9291000,ft3/s,"['A', '[90]']",0
2000-10-17,,streamflow,9291000,ft3/s,"['A', '[90]']",0
2000-10-18,,streamflow,9291000,ft3/s,"['A', '[90]']",0
2000-10-19,,streamflow,9291000,ft3/s,"['A', '[90]']",0
2000-10-20,,streamflow,9291000,ft3/s,"['A', '[90]']",0
2000-10-21,,streamflow,9291000,ft3/s,"['A', '[90]']",0
2000-10-22,,streamflow,9291000,ft3/s,"['A', '[90]']",0
2000-10-23,,streamflow,9291000,ft3/s,"['A', '[90]']",0
2000-10-24,,streamflow,9291000,ft3/s,"['A', '[90]']",0
2000-10-25,,streamflow,9291000,ft3/s,"['A', '[90]']",0
2000-10-26,,streamflow,9291000,ft3/s,"['A', '[90]']",0
2000-10-27,,streamflow,9291000,ft3/s,"['A', '[90]']",0
2000-10-28,,streamflow,9291000,ft3/s,"['A', '[90]']",0
2000-10-29,,streamflow,9291000,ft3/s,"['A', '[90]']",0
2000-10-30,,streamflow,9291000,ft3/s,"['A', '[90]']",0
2000-10-31,,streamflow,9291000,ft3/s,"['A', '[90]']",0
2000-11-01,,streamflow,9291000,ft3/s,"['A', '[90]']",0
2000-11-02,,streamflow,9291000,ft3/s,"['A', '[90]']",0
2000-11-03,,streamflow,9291000,ft3/s,"['A', '[90]']",0
2000-11-04,,streamflow,9291000,ft3/s,"['A', '[90]']",0
2000-11-05,,streamflow,9291000,ft3/s,"['A', '[90]']",0
2000-11-06,,streamflow,9291000,ft3/s,"['A', '[90]']",0
2000-11-07,,streamflow,9291000,ft3/s,"['A', '[90]']",0
2000-11-08,,streamflow,9291000,ft3/s,"['A', '[90]']",0
2000-11-09,,streamflow,9291000,ft3/s,"['A', '[90]']",0
2000-11-10,,streamflow,9291000,ft3/s,"['A', '[90]']",0
2000-11-11,,streamflow,9291000,ft3/s,"['A', '[90]']",0
2000-11-12,,streamflow,9291000,ft3/s,"['A', '[90]']",0
2000-11-13,,streamflow,9291000,ft3/s,"['A', '[90]']",0
2000-11-14,,streamflow,9291000,ft3/s,"['A', '[90]']",0
2000-11-15,,streamflow,9291000,ft3/s,"['A', '[90]']",0
2000-11-16,,streamflow,9291000,ft3/s,"['A', '[90]']",0
2000-11-17,,streamflow,9291000,ft3/s,"['A', '[90]']",0
2000-11-18,,streamflow,9291000,ft3/s,"['A', '[90]']",0
2000-11-19,,streamflow,9291000,ft3/s,"['A', '[90]']",0
2000-11-20,,streamflow,9291000,ft3/s,"['A', '[90]']",0
2000-11-21,,streamflow,9291000,ft3/s,"['A', '[90]']",0
2000-11-22,,streamflow,9291000,ft3/s,"['A', '[90]']",0
2000-11-23,,streamflow,9291000,ft3/s,"['A', '[90]']",0
2000-11-24,,streamflow,9291000,ft3/s,"['A', '[90]']",0
2000-11-25,,streamflow,9291000,ft3/s,"['A', '[90]']",0
2000-11-26,,streamflow,9291000,ft3/s,"['A', '[90]']",0
2000-11-27,,streamflow,9291000,ft3/s,"['A', '[90]']",0
2000-11-28,,streamflow,9291000,ft3/s,"['A', '[90]']",0
2000-11-29,,streamflow,9291000,ft3/s,"['A', '[90]']",0
2000-11-30,0.0,streamflow,9291000,ft3/s,"['A', '[90]']",0
2000-12-01,0.0,streamflow,9291000,ft3/s,"['A', '[90]']",0
2000-12-02,0.0,streamflow,9291000,ft3/s,"['A', '[90]']",0
2000-12-03,0.0,streamflow,9291000,ft3/s,"['A', '[90]']",0
2000-12-04,0.0,streamflow,9291000,ft3/s,"['A', '[90]']",0
2000-12-05,0.0,streamflow,9291000,ft3/s,"['A', '[90]']",0
2000-12-06,0.0,streamflow,9291000,ft3/s,"['A', '[90]']",0
2000-12-07,0.0,streamflow,9291000,ft3/s,"['A', '[90]']",0
2000-12-08,0.0,streamflow,9291000,ft3/s,"['A', '[90]']",0
2000-12-09,0.0,streamflow,9291000,ft3/s,"['A', '[90]']",0
2000-12-10,0.0,streamflow,9291000,ft3/s,"['A', '[90]']",0
2000-12-11,0.0,streamflow,9291000,ft3/s,"['A', '[90]']",0
2000-12-12,0.0,streamflow,9291000,ft3/s,"['A', '[90]']",0
2000-12-13,0.0,streamflow,9291000,ft3/s,"['A', '[90]']",0
2000-12-14,0.0,streamflow,9291000,ft3/s,"['A', '[90]']",0
2000-12-15,0.0,streamflow,9291000,ft3/s,"['A', '[90]']",0
2000-12-16,0.0,streamflow,9291000,ft3/s,"['A', '[90]']",0
2000-12-17,0.0,streamflow,9291000,ft3/s,"['A', '[90]']",0
2000-12-18,0.0,streamflow,9291000,ft3/s,"['A', '[90]']",0
2000-12-19,0.0,streamflow,9291000,ft3/s,"['A', '[90]']",0
2000-12-20,0.0,streamflow,9291000,ft3/s,"['A', '[90]']",0
2000-12-21,0.0,streamflow,9291000,ft3/s,"['A', '[90]']",0
2000-12-22,0.0,streamflow,9291000,ft3/s,"['A', '[90]']",0
2000-12-23,0.0,streamflow,9291000,ft3/s,"['A', '[90]']",0
2000-12-24,0.0,streamflow,9291000,ft3/s,"['A', '[90]']",0
2000-12-25,0.0,streamflow,9291000,ft3/s,"['A', '[90]']",0
2000-12-26,0.0,streamflow,9291000,ft3/s,"['A', '[90]']",0
2000-12-27,0.0,streamflow,9291000,ft3/s,"['A', '[90]']",0
2000-12-28,0.0,streamflow,9291000,ft3/s,"['A', '[90]']",0
2000-12-29,0.0,streamflow,9291000,ft3/s,"['A', '[90]']",0
2000-12-30,0.0,streamflow,9291000,ft3/s,"['A', '[90]']",0
2000-12-31,0.0,streamflow,9291000,ft3/s,"['A', '[90]']",0
2001-01-01,0.0,streamflow,9291000,ft3/s,"['A', '[90]']",0
2001-01-02,0.0,streamflow,9291000,ft3/s,"['A', '[90]']",0
2001-01-03,0.0,streamflow,9291000,ft3/s,"['A', '[90]']",0
2001-01-04,0.0,streamflow,9291000,ft3/s,"['A', '[90]']",0
2001-01-05,0.0,streamflow,9291000,ft3/s,"['A', '[90]']",0
2001-01-06,0.0,streamflow,9291000,ft3/s,"['A', '[90]']",0
2001-01-07,0.0,streamflow,9291000,ft3/s,"['A', '[90]']",0
2001-01-08,0.0,streamflow,9291000,ft3/s,"['A', '[90]']",0
2001-01-09,0.0,streamflow,9291000,ft3/s,"['A', '[90]']",0
2001-01-10,0.0,streamflow,9291000,ft3/s,"['A', '[90]']",0
2001-01-11,0.0,streamflow,9291000,ft3/s,"['A', '[90]']",0
2001-01-12,0.0,streamflow,9291000,ft3/s,"['A', '[90]']",0
2001-01-13,0.0,streamflow,9291000,ft3/s,"['A', '[90]']",0
2001-01-14,0.0,streamflow,9291000,ft3/s,"['A', '[90]']",0
2001-01-15,0.0,streamflow,9291000,ft3/s,"['A', '[90]']",0
2001-01-16,0.0,streamflow,9291000,ft3/s,"['A', '[90]']",0
2001-01-17,0.0,streamflow,9291000,ft3/s,"['A', '[90]']",0
2001-01-18,0.0,streamflow,9291000,ft3/s,"['A', '[90]']",0
2001-01-19,0.0,streamflow,9291000,ft3/s,"['A', '[90]']",0
2001-01-20,0.0,streamflow,9291000,ft3/s,"['A', '[90]']",0
2001-01-21,0.0,streamflow,9291000,ft3/s,"['A', '[90]']",0
2001-01-22,0.0,streamflow,9291000,ft3/s,"['A', '[90]']",0
2001-01-23,0.0,streamflow,9291000,ft3/s,"['A', '[90]']",0
2001-01-24,0.0,streamflow,9291000,ft3/s,"['A', '[90]']",0
2001-01-25,0.0,streamflow,9291000,ft3/s,"['A', '[90]']",0
2001-01-26,0.0,streamflow,9291000,ft3/s,"['A', '[90]']",0
2001-01-27,0.0,streamflow,9291000,ft3/s,"['A', '[90]']",0
2001-01-28,0.0,streamflow,9291000,ft3/s,"['A', '[90]']",0
2001-01-29,0.0,streamflow,9291000,ft3/s,"['A', '[90]']",0
2001-01-30,0.0,streamflow,9291000,ft3/s,"['A', '[90]']",0
2001-01-31,0.0,streamflow,9291000,ft3/s,"['A', '[90]']",0
2001-02-01,0.0,streamflow,9291000,ft3/s,"['A', '[90]']",0
2001-02-02,0.0,streamflow,9291000,ft3/s,"['A', '[90]']",0
2001-02-03,0.0,streamflow,9291000,ft3/s,"['A', '[90]']",0
2001-02-04,0.0,streamflow,9291000,ft3/s,"['A', '[90]']",0
2001-02-05,0.0,streamflow,9291000,ft3/s,"['A', '[90]']",0
2001-02-06,0.0,streamflow,9291000,ft3/s,"['A', '[90]']",0
2001-02-07,0.0,streamflow,9291000,ft3/s,"['A', '[90]']",0
2001-02-08,0.0,streamflow,9291000,ft3/s,"['A', '[90]']",0
2001-02-09,0.0,streamflow,9291000,ft3/s,"['A', '[90]']",0
2001-02-10,0.0,streamflow,9291000,ft3/s,"['A', '[90]']",0
2001-02-11,0.0,streamflow,9291000,ft3/s,"['A', '[90]']",0
2001-02-12,0.0,streamflow,9291000,ft3/s,"['A', '[90]']",0
2001-02-13,0.0,streamflow,9291000,ft3/s,"['A', '[90]']",0
2001-02-14,0.0,streamflow,9291000,ft3/s,"['A', '[90]']",0
2001-02-15,0.0,streamflow,9291000,ft3/s,"['A', '[90]']",0
2001-02-16,0.0,streamflow,9291000,ft3/s,"['A', '[90]']",0
2001-02-17,0.0,streamflow,9291000,ft3/s,"['A', '[90]']",0
2001-02-18,0.0,streamflow,9291000,ft3/s,"['A', '[90]']",0
2001-02-19,0.0,streamflow,9291000,ft3/s,"['A', '[90]']",0
2001-02-20,0.0,streamflow,9291000,ft3/s,"['A', '[90]']",0
2001-02-21,0.0,streamflow,9291000,ft3/s,"['A', '[90]']",0
2001-02-22,0.0,streamflow,9291000,ft3/s,"['A', '[90]']",0
2001-02-23,0.0,streamflow,9291000,ft3/s,"['A', '[90]']",0
2001-02-24,0.0,streamflow,9291000,ft3/s,"['A', '[90]']",0
2001-02-25,0.0,streamflow,9291000,ft3/s,"['A', '[90]']",0
2001-02-26,0.0,streamflow,9291000,ft3/s,"['A', '[90]']",0
2001-02-27,0.0,streamflow,9291000,ft3/s,"['A', '[90]']",0
2001-02-28,0.0,streamflow,9291000,ft3/s,"['A', '[90]']",0
2001-03-01,0.0,streamflow,9291000,ft3/s,"['A', '[90]']",0
2001-03-02,0.0,streamflow,9291000,ft3/s,"['A', '[90]']",0
2001-03-03,0.0,streamflow,9291000,ft3/s,"['A', '[90]']",0
2001-03-04,0.0,streamflow,9291000,ft3/s,"['A', '[90]']",0
2001-03-05,0.0,streamflow,9291000,ft3/s,"['A', '[90]']",0
2001-03-06,0.0,streamflow,9291000,ft3/s,"['A', '[90]']",0
2001-03-07,0.0,streamflow,9291000,ft3/s,"['A', '[90]']",0
2001-03-08,0.0,streamflow,9291000,ft3/s,"['A', '[90]']",0
2001-03-09,0.0,streamflow,9291000,ft3/s,"['A', '[90]']",0
2001-03-10,0.0,streamflow,9291000,ft3/s,"['A', '[90]']",0
2001-03-11,0.0,streamflow,9291000,ft3/s,"['A', '[90]']",0
2001-03-12,0.0,streamflow,9291000,ft3/s,"['A', '[90]']",0
2001-03-13,0.0,streamflow,9291000,ft3/s,"['A', '[90]']",0
2001-03-14,0.0,streamflow,9291000,ft3/s,"['A', '[90]']",0
2001-03-15,0.0,streamflow,9291000,ft3/s,"['A', '[90]']",0
2001-03-16,0.0,streamflow,9291000,ft3/s,"['A', '[90]']",0
2001-03-17,0.0,streamflow,9291000,ft3/s,"['A', '[90]']",0
2001-03-18,0.0,streamflow,9291000,ft3/s,"['A', '[90]']",0
2001-03-19,0.0,streamflow,9291000,ft3/s,"['A', '[90]']",0
2001-03-20,0.0,streamflow,9291000,ft3/s,"['A', '[90]']",0
2001-03-21,0.0,streamflow,9291000,ft3/s,"['A', '[90]']",0
2001-03-22,0.0,streamflow,9291000,ft3/s,"['A', '[90]']",0
2001-03-23,0.0,streamflow,9291000,ft3/s,"['A', '[90]']",0
2001-03-24,0.0,streamflow,9291000,ft3/s,"['A', '[90]']",0
2001-03-25,0.0,streamflow,9291000,ft3/s,"['A', '[90]']",0
2001-03-26,0.0,streamflow,9291000,ft3/s,"['A', '[90]']",0
2001-03-27,0.0,streamflow,9291000,ft3/s,"['A', '[90]']",0
2001-03-28,0.0,streamflow,9291000,ft3/s,"['A', '[90]']",0
2001-03-29,0.0,streamflow,9291000,ft3/s,"['A', '[90]']",0
2001-03-30,0.0,streamflow,9291000,ft3/s,"['A', '[90]']",0
2001-03-31,0.0,streamflow,9291000,ft3/s,"['A', '[90]']",0
2001-04-01,0.0,streamflow,9291000,ft3/s,"['A', '[90]']",0
2001-04-02,0.0,streamflow,9291000,ft3/s,"['A', '[90]']",0
2001-04-03,0.0,streamflow,9291000,ft3/s,"['A', '[90]']",0
2001-04-04,0.0,streamflow,9291000,ft3/s,"['A', '[90]']",0
2001-04-05,0.0,streamflow,9291000,ft3/s,"['A', '[90]']",0
2001-04-06,0.0,streamflow,9291000,ft3/s,"['A', '[90]']",0
2001-04-07,0.0,streamflow,9291000,ft3/s,"['A', '[90]']",0
2001-04-08,0.0,streamflow,9291000,ft3/s,"['A', '[90]']",0
2001-04-09,0.0,streamflow,9291000,ft3/s,"['A', '[90]']",0
2001-04-10,0.0,streamflow,9291000,ft3/s,"['A', '[90]']",0
2001-04-11,0.0,streamflow,9291000,ft3/s,"['A', '[90]']",0
2001-04-12,0.0,streamflow,9291000,ft3/s,"['A', '[90]']",0
2001-04-13,0.0,streamflow,9291000,ft3/s,"['A', '[90]']",0
2001-04-14,0.0,streamflow,9291000,ft3/s,"['A', '[90]']",0
2001-04-15,0.0,streamflow,9291000,ft3/s,"['A', '[90]']",0
2001-04-16,0.0,streamflow,9291000,ft3/s,"['A', '[90]']",0
2001-04-17,0.0,streamflow,9291000,ft3/s,"['A', '[90]']",0
2001-04-18,0.0,streamflow,9291000,ft3/s,"['A', '[90]']",0
2001-04-19,0.0,streamflow,9291000,ft3/s,"['A', '[90]']",0
2001-04-20,0.0,streamflow,9291000,ft3/s,"['A', '[90]']",0
2001-04-21,0.0,streamflow,9291000,ft3/s,"['A', '[90]']",0
2001-04-22,0.0,streamflow,9291000,ft3/s,"['A', '[90]']",0
2001-04-23,0.0,streamflow,9291000,ft3/s,"['A', '[90]']",0
2001-04-24,0.0,streamflow,9291000,ft3/s,"['A', '[90]']",0
2001-04-25,0.0,streamflow,9291000,ft3/s,"['A', '[90]']",0
2001-04-26,0.0,streamflow,9291000,ft3/s,"['A', '[90]']",0
2001-04-27,0.0,streamflow,9291000,ft3/s,"['A', '[90]']",0
2001-04-28,0.0,streamflow,9291000,ft3/s,"['A', '[90]']",0
2001-04-29,86.875,streamflow,9291000,ft3/s,"['A', '[90]']",0
2001-04-30,110.21875,streamflow,9291000,ft3/s,"['A', '[90]']",0
2001-05-01,110.40625,streamflow,9291000,ft3/s,"['A', '[90]']",0
2001-05-02,110.8125,streamflow,9291000,ft3/s,"['A', '[90]']",0
2001-05-03,112.75,streamflow,9291000,ft3/s,"['A', '[90]']",0
2001-05-04,137.65625,streamflow,9291000,ft3/s,"['A', '[90]']",0
2001-05-05,122.770836,streamflow,9291000,ft3/s,"['A', '[90]']",0
2001-05-06,312.5625,streamflow,9291000,ft3/s,"['A', '[90]']",0
2001-05-07,312.75,streamflow,9291000,ft3/s,"['A', '[90]']",0
2001-05-08,310.79166,streamflow,9291000,ft3/s,"['A', '[90]']",0
2001-05-09,322.1771,streamflow,9291000,ft3/s,"['A', '[90]']",0
2001-05-10,354.8229,streamflow,9291000,ft3/s,"['A', '[90]']",0
2001-05-11,360.39584,streamflow,9291000,ft3/s,"['A', '[90]']",0
2001-05-12,333.35416,streamflow,9291000,ft3/s,"['A', '[90]']",0
2001-05-13,243.46875,streamflow,9291000,ft3/s,"['A', '[90]']",0
2001-05-14,242.28125,streamflow,9291000,ft3/s,"['A', '[90]']",0
2001-05-15,236.33333,streamflow,9291000,ft3/s,"['A', '[90]']",0
2001-05-16,239.375,streamflow,9291000,ft3/s,"['A', '[90]']",0
2001-05-17,243.26042,streamflow,9291000,ft3/s,"['A', '[90]']",0
2001-05-18,246.98958,streamflow,9291000,ft3/s,"['A', '[90]']",0
2001-05-19,251.53125,streamflow,9291000,ft3/s,"['A', '[90]']",0
2001-05-20,251.29167,streamflow,9291000,ft3/s,"['A', '[90]']",0
2001-05-21,252.40625,streamflow,9291000,ft3/s,"['A', '[90]']",0
2001-05-22,253.0,streamflow,9291000,ft3/s,"['A', '[90]']",0
2001-05-23,254.5,streamflow,9291000,ft3/s,"['A', '[90]']",0
2001-05-24,819.5833,streamflow,9291000,ft3/s,"['A', '[90]']",0
2001-05-25,927.9375,streamflow,9291000,ft3/s,"['A', '[90]']",0
2001-05-26,904.4167,streamflow,9291000,ft3/s,"['A', '[90]']",0
2001-05-27,813.1042,streamflow,9291000,ft3/s,"['A', '[90]']",0
2001-05-28,752.21875,streamflow,9291000,ft3/s,"['A', '[90]']",0
2001-05-29,686.0,streamflow,9291000,ft3/s,"['A', '[90]']",0
2001-05-30,732.73956,streamflow,9291000,ft3/s,"['A', '[90]']",0
2001-05-31,649.5208,streamflow,9291000,ft3/s,"['A', '[90]']",0
2001-06-01,641.1667,streamflow,9291000,ft3/s,"['A', '[90]']",0
2001-06-02,640.0,streamflow,9291000,ft3/s,"['A', '[90]']",0
2001-06-03,572.82294,streamflow,9291000,ft3/s,"['A', '[90]']",0
2001-06-04,471.10416,streamflow,9291000,ft3/s,"['A', '[90]']",0
2001-06-05,379.6354,streamflow,9291000,ft3/s,"['A', '[90]']",0
2001-06-06,301.35416,streamflow,9291000,ft3/s,"['A', '[90]']",0
2001-06-07,356.66666,streamflow,9291000,ft3/s,"['A', '[90]']",0
2001-06-08,387.52084,streamflow,9291000,ft3/s,"['A', '[90]']",0
2001-06-09,364.53125,streamflow,9291000,ft3/s,"['A', '[90]']",0
2001-06-10,397.53125,streamflow,9291000,ft3/s,"['A', '[90]']",0
2001-06-11,350.91666,streamflow,9291000,ft3/s,"['A', '[90]']",0
2001-06-12,313.70834,streamflow,9291000,ft3/s,"['A', '[90]']",0
2001-06-13,311.7604,streamflow,9291000,ft3/s,"['A', '[90]']",0
2001-06-14,208.35417,streamflow,9291000,ft3/s,"['A', '[90]']",0
2001-06-15,271.53125,streamflow,9291000,ft3/s,"['A', '[90]']",0
2001-06-16,469.34375,streamflow,9291000,ft3/s,"['A', '[90]']",0
2001-06-17,466.25,streamflow,9291000,ft3/s,"['A', '[90]']",0
2001-06-18,462.79166,streamflow,9291000,ft3/s,"['A', '[90]']",0
2001-06-19,422.79166,streamflow,9291000,ft3/s,"['A', '[90]']",0
2001-06-20,302.9479,streamflow,9291000,ft3/s,"['A', '[90]']",0
2001-06-21,302.34375,streamflow,9291000,ft3/s,"['A', '[90]']",0
2001-06-22,300.95834,streamflow,9291000,ft3/s,"['A', '[90]']",0
2001-06-23,300.16666,streamflow,9291000,ft3/s,"['A', '[90]']",0
2001-06-24,298.53125,streamflow,9291000,ft3/s,"['A', '[90]']",0
2001-06-25,278.78125,streamflow,9291000,ft3/s,"['A', '[90]']",0
2001-06-26,244.54167,streamflow,9291000,ft3/s,"['A', '[90]']",0
2001-06-27,244.25,streamflow,9291000,ft3/s,"['A', '[90]']",0
2001-06-28,245.53125,streamflow,9291000,ft3/s,"['A', '[90]']",0
2001-06-29,257.6771,streamflow,9291000,ft3/s,"['A', '[90]']",0
2001-06-30,272.3229,streamflow,9291000,ft3/s,"['A', '[90]']",0
2001-07-01,271.5625,streamflow,9291000,ft3/s,"['A', '[90]']",0
2001-07-02,270.8021,streamflow,9291000,ft3/s,"['A', '[90]']",0
2001-07-03,270.33334,streamflow,9291000,ft3/s,"['A', '[90]']",0
2001-07-04,268.5,streamflow,9291000,ft3/s,"['A', '[90]']",0
2001-07-05,268.77084,streamflow,9291000,ft3/s,"['A', '[90]']",0
2001-07-06,267.5104,streamflow,9291000,ft3/s,"['A', '[90]']",0
2001-07-07,267.47916,streamflow,9291000,ft3/s,"['A', '[90]']",0
2001-07-08,266.5521,streamflow,9291000,ft3/s,"['A', '[90]']",0
2001-07-09,265.7604,streamflow,9291000,ft3/s,"['A', '[90]']",0
2001-07-10,265.53125,streamflow,9291000,ft3/s,"['A', '[90]']",0
2001-07-11,264.5521,streamflow,9291000,ft3/s,"['A', '[90]']",0
2001-07-12,263.72916,streamflow,9291000,ft3/s,"['A', '[90]']",0
2001-07-13,263.3021,streamflow,9291000,ft3/s,"['A', '[90]']",0
2001-07-14,263.1875,streamflow,9291000,ft3/s,"['A', '[90]']",0
2001-07-15,263.4479,streamflow,9291000,ft3/s,"['A', '[90]']",0
2001-07-16,263.3854,streamflow,9291000,ft3/s,"['A', '[90]']",0
2001-07-17,250.47917,streamflow,9291000,ft3/s,"['A', '[90]']",0
2001-07-18,230.58333,streamflow,9291000,ft3/s,"['A', '[90]']",0
2001-07-19,249.42708,streamflow,9291000,ft3/s,"['A', '[90]']",0
2001-07-20,280.15625,streamflow,9291000,ft3/s,"['A', '[90]']",0
2001-07-21,279.77084,streamflow,9291000,ft3/s,"['A', '[90]']",0
2001-07-22,279.02084,streamflow,9291000,ft3/s,"['A', '[90]']",0
2001-07-23,331.04166,streamflow,9291000,ft3/s,"['A', '[90]']",0
2001-07-24,353.77084,streamflow,9291000,ft3/s,"['A', '[90]']",0
2001-07-25,354.27084,streamflow,9291000,ft3/s,"['A', '[90]']",0
2001-07-26,375.8646,streamflow,9291000,ft3/s,"['A', '[90]']",0
2001-07-27,375.0729,streamflow,9291000,ft3/s,"['A', '[90]']",0
2001-07-28,372.1979,streamflow,9291000,ft3/s,"['A', '[90]']",0
2001-07-29,370.8854,streamflow,9291000,ft3/s,"['A', '[90]']",0
2001-07-30,369.2396,streamflow,9291000,ft3/s,"['A', '[90]']",0
2001-07-31,367.9271,streamflow,9291000,ft3/s,"['A', '[90]']",0
2001-08-01,359.625,streamflow,9291000,ft3/s,"['A', '[90]']",0
2001-08-02,359.6979,streamflow,9291000,ft3/s,"['A', '[90]']",0
2001-08-03,355.95834,streamflow,9291000,ft3/s,"['A', '[90]']",0
2001-08-04,354.4375,streamflow,9291000,ft3/s,"['A', '[90]']",0
2001-08-05,352.34375,streamflow,9291000,ft3/s,"['A', '[90]']",0
2001-08-06,501.8125,streamflow,9291000,ft3/s,"['A', '[90]']",0
2001-08-07,531.9583,streamflow,9291000,ft3/s,"['A', '[90]']",0
2001-08-08,526.48956,streamflow,9291000,ft3/s,"['A', '[90]']",0
2001-08-09,518.61456,streamflow,9291000,ft3/s,"['A', '[90]']",0
2001-08-10,512.375,streamflow,9291000,ft3/s,"['A', '[90]']",0
2001-08-11,505.8021,streamflow,9291000,ft3/s,"['A', '[90]']",0
2001-08-12,500.8854,streamflow,9291000,ft3/s,"['A', '[90]']",0
2001-08-13,312.34375,streamflow,9291000,ft3/s,"['A', '[90]']",0
2001-08-14,171.25,streamflow,9291000,ft3/s,"['A', '[90]']",0
2001-08-15,170.71875,streamflow,9291000,ft3/s,"['A', '[90]']",0
2001-08-16,170.28125,streamflow,9291000,ft3/s,"['A', '[90]']",0
2001-08-17,169.42708,streamflow,9291000,ft3/s,"['A', '[90]']",0
2001-08-18,169.89583,streamflow,9291000,ft3/s,"['A', '[90]']",0
2001-08-19,171.53125,streamflow,9291000,ft3/s,"['A', '[90]']",0
2001-08-20,169.84375,streamflow,9291000,ft3/s,"['A', '[90]']",0
2001-08-21,170.03125,streamflow,9291000,ft3/s,"['A', '[90]']",0
2001-08-22,168.65625,streamflow,9291000,ft3/s,"['A', '[90]']",0
2001-08-23,168.29167,streamflow,9291000,ft3/s,"['A', '[90]']",0
2001-08-24,167.52083,streamflow,9291000,ft3/s,"['A', '[90]']",0
2001-08-25,166.90625,streamflow,9291000,ft3/s,"['A', '[90]']",0
2001-08-26,166.75,streamflow,9291000,ft3/s,"['A', '[90]']",0
2001-08-27,162.59375,streamflow,9291000,ft3/s,"['A', '[90]']",0
2001-08-28,161.92708,streamflow,9291000,ft3/s,"['A', '[90]']",0
2001-08-29,161.1875,streamflow,9291000,ft3/s,"['A', '[90]']",0
2001-08-30,160.59375,streamflow,9291000,ft3/s,"['A', '[90]']",0
2001-08-31,159.375,streamflow,9291000,ft3/s,"['A', '[90]']",0
2001-09-01,158.5625,streamflow,9291000,ft3/s,"['A', '[90]']",0
2001-09-02,158.0,streamflow,9291000,ft3/s,"['A', '[90]']",0
2001-09-03,260.5729,streamflow,9291000,ft3/s,"['A', '[90]']",0
2001-09-04,226.54167,streamflow,9291000,ft3/s,"['A', '[90]']",0
2001-09-05,154.28125,streamflow,9291000,ft3/s,"['A', '[90]']",0
2001-09-06,152.25,streamflow,9291000,ft3/s,"['A', '[90]']",0
2001-09-07,150.1875,streamflow,9291000,ft3/s,"['A', '[90]']",0
2001-09-08,149.34375,streamflow,9291000,ft3/s,"['A', '[90]']",0
2001-09-09,148.4375,streamflow,9291000,ft3/s,"['A', '[90]']",0
2001-09-10,147.78125,streamflow,9291000,ft3/s,"['A', '[90]']",0
2001-09-11,70.71875,streamflow,9291000,ft3/s,"['A', '[90]']",0
2001-09-12,59.0,streamflow,9291000,ft3/s,"['A', '[90]']",0
2001-09-13,59.0,streamflow,9291000,ft3/s,"['A', '[90]']",0
2001-09-14,59.0,streamflow,9291000,ft3/s,"['A', '[90]']",0
2001-09-15,59.0,streamflow,9291000,ft3/s,"['A', '[90]']",0
2001-09-16,59.0,streamflow,9291000,ft3/s,"['A', '[90]']",0
2001-09-17,65.333336,streamflow,9291000,ft3/s,"['A', '[90]']",0
2001-09-18,81.458336,streamflow,9291000,ft3/s,"['A', '[90]']",0
2001-09-19,81.0625,streamflow,9291000,ft3/s,"['A', '[90]']",0
2001-09-20,80.770836,streamflow,9291000,ft3/s,"['A', '[90]']",0
2001-09-21,80.520836,streamflow,9291000,ft3/s,"['A', '[90]']",0
2001-09-22,80.5,streamflow,9291000,ft3/s,"['A', '[90]']",0
2001-09-23,80.416664,streamflow,9291000,ft3/s,"['A', '[90]']",0
2001-09-24,80.291664,streamflow,9291000,ft3/s,"['A', '[90]']",0
2001-09-25,72.8125,streamflow,9291000,ft3/s,"['A', '[90]']",0
2001-09-26,42.8125,streamflow,9291000,ft3/s,"['A', '[90]']",0
2001-09-27,42.0,streamflow,9291000,ft3/s,"['A', '[90]']",0
2001-09-28,40.916668,streamflow,9291000,ft3/s,"['A', '[90]']",0
2001-09-29,39.015625,streamflow,9291000,ft3/s,"['A', '[90]']",0
2001-09-30,41.041668,streamflow,9291000,ft3/s,"['A', '[90]']",0
2001-10-01,24.068958,streamflow,9291000,ft3/s,"['A', '[90]']",0
2001-10-02,1.5910417,streamflow,9291000,ft3/s,"['A', '[90]']",0
2001-10-03,0.0,streamflow,9291000,ft3/s,"['A', '[90]']",0
2001-10-04,0.0,streamflow,9291000,ft3/s,"['A', '[90]']",0
2001-10-05,,streamflow,9291000,ft3/s,"['A', '[90]']",0
2001-10-06,,streamflow,9291000,ft3/s,"['A', '[90]']",0
2001-10-07,,streamflow,9291000,ft3/s,"['A', '[90]']",0
2001-10-08,,streamflow,9291000,ft3/s,"['A', '[90]']",0
2001-10-09,,streamflow,9291000,ft3/s,"['A', '[90]']",0
2001-10-10,,streamflow,9291000,ft3/s,"['A', '[90]']",0
2001-10-11,,streamflow,9291000,ft3/s,"['A', '[90]']",0
2001-10-12,,streamflow,9291000,ft3/s,"['A', '[90]']",0
2001-10-13,,streamflow,9291000,ft3/s,"['A', '[90]']",0
2001-10-14,,streamflow,9291000,ft3/s,"['A', '[90]']",0
2001-10-15,,streamflow,9291000,ft3/s,"['A', '[90]']",0
2001-10-16,,streamflow,9291000,ft3/s,"['A', '[90]']",0
2001-10-17,,streamflow,9291000,ft3/s,"['A', '[90]']",0
2001-10-18,,streamflow,9291000,ft3/s,"['A', '[90]']",0
2001-10-19,,streamflow,9291000,ft3/s,"['A', '[90]']",0
2001-10-20,,streamflow,9291000,ft3/s,"['A', '[90]']",0
2001-10-21,,streamflow,9291000,ft3/s,"['A', '[90]']",0
2001-10-22,,streamflow,9291000,ft3/s,"['A', '[90]']",0
2001-10-23,,streamflow,9291000,ft3/s,"['A', '[90]']",0
2001-10-24,,streamflow,9291000,ft3/s,"['A', '[90]']",0
2001-10-25,,streamflow,9291000,ft3/s,"['A', '[90]']",0
2001-10-26,,streamflow,9291000,ft3/s,"['A', '[90]']",0
2001-10-27,,streamflow,9291000,ft3/s,"['A', '[90]']",0
2001-10-28,,streamflow,9291000,ft3/s,"['A', '[90]']",0
2001-10-29,,streamflow,9291000,ft3/s,"['A', '[90]']",0
2001-10-30,,streamflow,9291000,ft3/s,"['A', '[90]']",0
2001-10-31,,streamflow,9291000,ft3/s,"['A', '[90]']",0
2001-11-01,,streamflow,9291000,ft3/s,"['A', '[90]']",0
2001-11-02,,streamflow,9291000,ft3/s,"['A', '[90]']",0
2001-11-03,,streamflow,9291000,ft3/s,"['A', '[90]']",0
2001-11-04,,streamflow,9291000,ft3/s,"['A', '[90]']",0
2001-11-05,,streamflow,9291000,ft3/s,"['A', '[90]']",0
2001-11-06,,streamflow,9291000,ft3/s,"['A', '[90]']",0
2001-11-07,,streamflow,9291000,ft3/s,"['A', '[90]']",0
2001-11-08,,streamflow,9291000,ft3/s,"['A', '[90]']",0
2001-11-09,,streamflow,9291000,ft3/s,"['A', '[90]']",0
2001-11-10,,streamflow,9291000,ft3/s,"['A', '[90]']",0
2001-11-11,,streamflow,9291000,ft3/s,"['A', '[90]']",0
2001-11-12,,streamflow,9291000,ft3/s,"['A', '[90]']",0
2001-11-13,,streamflow,9291000,ft3/s,"['A', '[90]']",0
2001-11-14,,streamflow,9291000,ft3/s,"['A', '[90]']",0
2001-11-15,,streamflow,9291000,ft3/s,"['A', '[90]']",0
2001-11-16,,streamflow,9291000,ft3/s,"['A', '[90]']",0
2001-11-17,,streamflow,9291000,ft3/s,"['A', '[90]']",0
2001-11-18,,streamflow,9291000,ft3/s,"['A', '[90]']",0
2001-11-19,,streamflow,9291000,ft3/s,"['A', '[90]']",0
2001-11-20,,streamflow,9291000,ft3/s,"['A', '[90]']",0
2001-11-21,,streamflow,9291000,ft3/s,"['A', '[90]']",0
2001-11-22,,streamflow,9291000,ft3/s,"['A', '[90]']",0
2001-11-23,,streamflow,9291000,ft3/s,"['A', '[90]']",0
2001-11-24,,streamflow,9291000,ft3/s,"['A', '[90]']",0
2001-11-25,,streamflow,9291000,ft3/s,"['A', '[90]']",0
2001-11-26,,streamflow,9291000,ft3/s,"['A', '[90]']",0
2001-11-27,,streamflow,9291000,ft3/s,"['A', '[90]']",0
2001-11-28,,streamflow,9291000,ft3/s,"['A', '[90]']",0
2001-11-29,,streamflow,9291000,ft3/s,"['A', '[90]']",0
2001-11-30,,streamflow,9291000,ft3/s,"['A', '[90]']",0
2001-12-01,,streamflow,9291000,ft3/s,"['A', '[90]']",0
2001-12-02,,streamflow,9291000,ft3/s,"['A', '[90]']",0
2001-12-03,,streamflow,9291000,ft3/s,"['A', '[90]']",0
2001-12-04,,streamflow,9291000,ft3/s,"['A', '[90]']",0
2001-12-05,,streamflow,9291000,ft3/s,"['A', '[90]']",0
2001-12-06,,streamflow,9291000,ft3/s,"['A', '[90]']",0
2001-12-07,,streamflow,9291000,ft3/s,"['A', '[90]']",0
2001-12-08,,streamflow,9291000,ft3/s,"['A', '[90]']",0
2001-12-09,,streamflow,9291000,ft3/s,"['A', '[90]']",0
2001-12-10,,streamflow,9291000,ft3/s,"['A', '[90]']",0
2001-12-11,,streamflow,9291000,ft3/s,"['A', '[90]']",0
2001-12-12,,streamflow,9291000,ft3/s,"['A', '[90]']",0
2001-12-13,,streamflow,9291000,ft3/s,"['A', '[90]']",0
2001-12-14,,streamflow,9291000,ft3/s,"['A', '[90]']",0
2001-12-15,,streamflow,9291000,ft3/s,"['A', '[90]']",0
2001-12-16,,streamflow,9291000,ft3/s,"['A', '[90]']",0
2001-12-17,,streamflow,9291000,ft3/s,"['A', '[90]']",0
2001-12-18,,streamflow,9291000,ft3/s,"['A', '[90]']",0
2001-12-19,,streamflow,9291000,ft3/s,"['A', '[90]']",0
2001-12-20,,streamflow,9291000,ft3/s,"['A', '[90]']",0
2001-12-21,,streamflow,9291000,ft3/s,"['A', '[90]']",0
2001-12-22,,streamflow,9291000,ft3/s,"['A', '[90]']",0
2001-12-23,,streamflow,9291000,ft3/s,"['A', '[90]']",0
2001-12-24,0.0,streamflow,9291000,ft3/s,"['A', '[90]']",0
2001-12-25,0.0,streamflow,9291000,ft3/s,"['A', '[90]']",0
2001-12-26,0.0,streamflow,9291000,ft3/s,"['A', '[90]']",0
2001-12-27,0.0,streamflow,9291000,ft3/s,"['A', '[90]']",0
2001-12-28,0.0,streamflow,9291000,ft3/s,"['A', '[90]']",0
2001-12-29,0.0,streamflow,9291000,ft3/s,"['A', '[90]']",0
2001-12-30,0.0,streamflow,9291000,ft3/s,"['A', '[90]']",0
2001-12-31,0.0,streamflow,9291000,ft3/s,"['A', '[90]']",0
2002-01-01,0.0,streamflow,9291000,ft3/s,"['A', '[90]']",0
2002-01-02,0.0,streamflow,9291000,ft3/s,"['A', '[90]']",0
2002-01-03,0.0,streamflow,9291000,ft3/s,"['A', '[90]']",0
2002-01-04,0.0,streamflow,9291000,ft3/s,"['A', '[90]']",0
2002-01-05,0.0,streamflow,9291000,ft3/s,"['A', '[90]']",0
2002-01-06,0.0,streamflow,9291000,ft3/s,"['A', '[90]']",0
2002-01-07,0.0,streamflow,9291000,ft3/s,"['A', '[90]']",0
2002-01-08,0.0,streamflow,9291000,ft3/s,"['A', '[90]']",0
2002-01-09,0.0,streamflow,9291000,ft3/s,"['A', '[90]']",0
2002-01-10,0.0,streamflow,9291000,ft3/s,"['A', '[90]']",0
2002-01-11,0.0,streamflow,9291000,ft3/s,"['A', '[90]']",0
2002-01-12,0.0,streamflow,9291000,ft3/s,"['A', '[90]']",0
2002-01-13,0.0,streamflow,9291000,ft3/s,"['A', '[90]']",0
2002-01-14,0.0,streamflow,9291000,ft3/s,"['A', '[90]']",0
2002-01-15,0.0,streamflow,9291000,ft3/s,"['A', '[90]']",0
2002-01-16,0.0,streamflow,9291000,ft3/s,"['A', '[90]']",0
2002-01-17,0.0,streamflow,9291000,ft3/s,"['A', '[90]']",0
2002-01-18,0.0,streamflow,9291000,ft3/s,"['A', '[90]']",0
2002-01-19,0.0,streamflow,9291000,ft3/s,"['A', '[90]']",0
2002-01-20,0.0,streamflow,9291000,ft3/s,"['A', '[90]']",0
2002-01-21,0.0,streamflow,9291000,ft3/s,"['A', '[90]']",0
2002-01-22,0.0,streamflow,9291000,ft3/s,"['A', '[90]']",0
2002-01-23,0.0,streamflow,9291000,ft3/s,"['A', '[90]']",0
2002-01-24,0.0,streamflow,9291000,ft3/s,"['A', '[90]']",0
2002-01-25,0.0,streamflow,9291000,ft3/s,"['A', '[90]']",0
2002-01-26,0.0,streamflow,9291000,ft3/s,"['A', '[90]']",0
2002-01-27,0.0,streamflow,9291000,ft3/s,"['A', '[90]']",0
2002-01-28,0.0,streamflow,9291000,ft3/s,"['A', '[90]']",0
2002-01-29,0.0,streamflow,9291000,ft3/s,"['A', '[90]']",0
2002-01-30,0.0,streamflow,9291000,ft3/s,"['A', '[90]']",0
2002-01-31,0.0,streamflow,9291000,ft3/s,"['A', '[90]']",0
2002-02-01,0.0,streamflow,9291000,ft3/s,"['A', '[90]']",0
2002-02-02,0.0,streamflow,9291000,ft3/s,"['A', '[90]']",0
2002-02-03,0.0,streamflow,9291000,ft3/s,"['A', '[90]']",0
2002-02-04,0.0,streamflow,9291000,ft3/s,"['A', '[90]']",0
2002-02-05,0.0,streamflow,9291000,ft3/s,"['A', '[90]']",0
2002-02-06,0.0,streamflow,9291000,ft3/s,"['A', '[90]']",0
2002-02-07,0.0,streamflow,9291000,ft3/s,"['A', '[90]']",0
2002-02-08,0.0,streamflow,9291000,ft3/s,"['A', '[90]']",0
2002-02-09,0.0,streamflow,9291000,ft3/s,"['A', '[90]']",0
2002-02-10,0.0,streamflow,9291000,ft3/s,"['A', '[90]']",0
2002-02-11,0.0,streamflow,9291000,ft3/s,"['A', '[90]']",0
2002-02-12,0.0,streamflow,9291000,ft3/s,"['A', '[90]']",0
2002-02-13,0.0,streamflow,9291000,ft3/s,"['A', '[90]']",0
2002-02-14,0.0,streamflow,9291000,ft3/s,"['A', '[90]']",0
2002-02-15,0.0,streamflow,9291000,ft3/s,"['A', '[90]']",0
2002-02-16,0.0,streamflow,9291000,ft3/s,"['A', '[90]']",0
2002-02-17,0.0,streamflow,9291000,ft3/s,"['A', '[90]']",0
2002-02-18,0.0,streamflow,9291000,ft3/s,"['A', '[90]']",0
2002-02-19,0.0,streamflow,9291000,ft3/s,"['A', '[90]']",0
2002-02-20,0.0,streamflow,9291000,ft3/s,"['A', '[90]']",0
2002-02-21,0.0,streamflow,9291000,ft3/s,"['A', '[90]']",0
2002-02-22,0.0,streamflow,9291000,ft3/s,"['A', '[90]']",0
2002-02-23,0.0,streamflow,9291000,ft3/s,"['A', '[90]']",0
2002-02-24,0.0,streamflow,9291000,ft3/s,"['A', '[90]']",0
2002-02-25,0.0,streamflow,9291000,ft3/s,"['A', '[90]']",0
2002-02-26,0.0,streamflow,9291000,ft3/s,"['A', '[90]']",0
2002-02-27,0.0,streamflow,9291000,ft3/s,"['A', '[90]']",0
2002-02-28,0.0,streamflow,9291000,ft3/s,"['A', '[90]']",0
2002-03-01,0.0,streamflow,9291000,ft3/s,"['A', '[90]']",0
2002-03-02,0.0,streamflow,9291000,ft3/s,"['A', '[90]']",0
2002-03-03,0.0,streamflow,9291000,ft3/s,"['A', '[90]']",0
2002-03-04,0.0,streamflow,9291000,ft3/s,"['A', '[90]']",0
2002-03-05,0.0,streamflow,9291000,ft3/s,"['A', '[90]']",0
2002-03-06,0.0,streamflow,9291000,ft3/s,"['A', '[90]']",0
2002-03-07,0.0,streamflow,9291000,ft3/s,"['A', '[90]']",0
2002-03-08,0.0,streamflow,9291000,ft3/s,"['A', '[90]']",0
2002-03-09,0.0,streamflow,9291000,ft3/s,"['A', '[90]']",0
2002-03-10,0.0,streamflow,9291000,ft3/s,"['A', '[90]']",0
2002-03-11,0.0,streamflow,9291000,ft3/s,"['A', '[90]']",0
2002-03-12,0.0,streamflow,9291000,ft3/s,"['A', '[90]']",0
2002-03-13,0.0,streamflow,9291000,ft3/s,"['A', '[90]']",0
2002-03-14,0.0,streamflow,9291000,ft3/s,"['A', '[90]']",0
2002-03-15,0.0,streamflow,9291000,ft3/s,"['A', '[90]']",0
2002-03-16,0.0,streamflow,9291000,ft3/s,"['A', '[90]']",0
2002-03-17,0.0,streamflow,9291000,ft3/s,"['A', '[90]']",0
2002-03-18,0.0,streamflow,9291000,ft3/s,"['A', '[90]']",0
2002-03-19,0.0,streamflow,9291000,ft3/s,"['A', '[90]']",0
2002-03-20,0.0,streamflow,9291000,ft3/s,"['A', '[90]']",0
2002-03-21,0.0,streamflow,9291000,ft3/s,"['A', '[90]']",0
2002-03-22,0.0,streamflow,9291000,ft3/s,"['A', '[90]']",0
2002-03-23,0.0,streamflow,9291000,ft3/s,"['A', '[90]']",0
2002-03-24,0.0,streamflow,9291000,ft3/s,"['A', '[90]']",0
2002-03-25,0.0,streamflow,9291000,ft3/s,"['A', '[90]']",0
2002-03-26,0.0,streamflow,9291000,ft3/s,"['A', '[90]']",0
2002-03-27,0.0,streamflow,9291000,ft3/s,"['A', '[90]']",0
2002-03-28,0.0,streamflow,9291000,ft3/s,"['A', '[90]']",0
2002-03-29,0.0,streamflow,9291000,ft3/s,"['A', '[90]']",0
2002-03-30,0.0,streamflow,9291000,ft3/s,"['A', '[90]']",0
2002-03-31,0.0,streamflow,9291000,ft3/s,"['A', '[90]']",0
2002-04-01,0.0,streamflow,9291000,ft3/s,"['A', '[90]']",0
2002-04-02,0.0,streamflow,9291000,ft3/s,"['A', '[90]']",0
2002-04-03,0.0,streamflow,9291000,ft3/s,"['A', '[90]']",0
2002-04-04,0.0,streamflow,9291000,ft3/s,"['A', '[90]']",0
2002-04-05,0.0,streamflow,9291000,ft3/s,"['A', '[90]']",0
2002-04-06,0.0,streamflow,9291000,ft3/s,"['A', '[90]']",0
2002-04-07,0.0,streamflow,9291000,ft3/s,"['A', '[90]']",0
2002-04-08,0.0,streamflow,9291000,ft3/s,"['A', '[90]']",0
2002-04-09,0.0,streamflow,9291000,ft3/s,"['A', '[90]']",0
2002-04-10,0.0,streamflow,9291000,ft3/s,"['A', '[90]']",0
2002-04-11,0.0,streamflow,9291000,ft3/s,"['A', '[90]']",0
2002-04-12,0.0,streamflow,9291000,ft3/s,"['A', '[90]']",0
2002-04-13,0.0,streamflow,9291000,ft3/s,"['A', '[90]']",0
2002-04-14,0.0,streamflow,9291000,ft3/s,"['A', '[90]']",0
2002-04-15,0.0,streamflow,9291000,ft3/s,"['A', '[90]']",0
2002-04-16,0.0,streamflow,9291000,ft3/s,"['A', '[90]']",0
2002-04-17,0.0,streamflow,9291000,ft3/s,"['A', '[90]']",0
2002-04-18,0.0,streamflow,9291000,ft3/s,"['A', '[90]']",0
2002-04-19,0.0,streamflow,9291000,ft3/s,"['A', '[90]']",0
2002-04-20,0.0,streamflow,9291000,ft3/s,"['A', '[90]']",0
2002-04-21,0.0,streamflow,9291000,ft3/s,"['A', '[90]']",0
2002-04-22,0.0,streamflow,9291000,ft3/s,"['A', '[90]']",0
2002-04-23,0.0,streamflow,9291000,ft3/s,"['A', '[90]']",0
2002-04-24,0.0,streamflow,9291000,ft3/s,"['A', '[90]']",0
2002-04-25,0.0,streamflow,9291000,ft3/s,"['A', '[90]']",0
2002-04-26,0.0,streamflow,9291000,ft3/s,"['A', '[90]']",0
2002-04-27,0.0,streamflow,9291000,ft3/s,"['A', '[90]']",0
2002-04-28,0.0,streamflow,9291000,ft3/s,"['A', '[90]']",0
2002-04-29,0.0,streamflow,9291000,ft3/s,"['A', '[90]']",0
2002-04-30,0.0,streamflow,9291000,ft3/s,"['A', '[90]']",0
2002-05-01,0.0,streamflow,9291000,ft3/s,"['A', '[90]']",0
2002-05-02,0.0,streamflow,9291000,ft3/s,"['A', '[90]']",0
2002-05-03,0.0,streamflow,9291000,ft3/s,"['A', '[90]']",0
2002-05-04,6.8854165,streamflow,9291000,ft3/s,"['A', '[90]']",0
2002-05-05,40.75,streamflow,9291000,ft3/s,"['A', '[90]']",0
2002-05-06,259.3229,streamflow,9291000,ft3/s,"['A', '[90]']",0
2002-05-07,322.5521,streamflow,9291000,ft3/s,"['A', '[90]']",0
2002-05-08,320.6979,streamflow,9291000,ft3/s,"['A', '[90]']",0
2002-05-09,317.9896,streamflow,9291000,ft3/s,"['A', '[90]']",0
2002-05-10,319.47916,streamflow,9291000,ft3/s,"['A', '[90]']",0
2002-05-11,317.79166,streamflow,9291000,ft3/s,"['A', '[90]']",0
2002-05-12,315.66666,streamflow,9291000,ft3/s,"['A', '[90]']",0
2002-05-13,314.3229,streamflow,9291000,ft3/s,"['A', '[90]']",0
2002-05-14,316.4896,streamflow,9291000,ft3/s,"['A', '[90]']",0
2002-05-15,315.6875,streamflow,9291000,ft3/s,"['A', '[90]']",0
2002-05-16,314.28125,streamflow,9291000,ft3/s,"['A', '[90]']",0
2002-05-17,313.08334,streamflow,9291000,ft3/s,"['A', '[90]']",0
2002-05-18,310.22916,streamflow,9291000,ft3/s,"['A', '[90]']",0
2002-05-19,285.8125,streamflow,9291000,ft3/s,"['A', '[90]']",0
2002-05-20,238.89583,streamflow,9291000,ft3/s,"['A', '[90]']",0
2002-05-21,223.125,streamflow,9291000,ft3/s,"['A', '[90]']",0
2002-05-22,282.9375,streamflow,9291000,ft3/s,"['A', '[90]']",0
2002-05-23,359.1875,streamflow,9291000,ft3/s,"['A', '[90]']",0
2002-05-24,356.70834,streamflow,9291000,ft3/s,"['A', '[90]']",0
2002-05-25,357.22916,streamflow,9291000,ft3/s,"['A', '[90]']",0
2002-05-26,354.0625,streamflow,9291000,ft3/s,"['A', '[90]']",0
2002-05-27,302.22916,streamflow,9291000,ft3/s,"['A', '[90]']",0
2002-05-28,220.95833,streamflow,9291000,ft3/s,"['A', '[90]']",0
2002-05-29,205.125,streamflow,9291000,ft3/s,"['A', '[90]']",0
2002-05-30,170.67708,streamflow,9291000,ft3/s,"['A', '[90]']",0
2002-05-31,139.5,streamflow,9291000,ft3/s,"['A', '[90]']",0
2002-06-01,97.5,streamflow,9291000,ft3/s,"['A', '[90]']",0
2002-06-02,94.96875,streamflow,9291000,ft3/s,"['A', '[90]']",0
2002-06-03,334.8021,streamflow,9291000,ft3/s,"['A', '[90]']",0
2002-06-04,376.28125,streamflow,9291000,ft3/s,"['A', '[90]']",0
2002-06-05,375.3646,streamflow,9291000,ft3/s,"['A', '[90]']",0
2002-06-06,410.4271,streamflow,9291000,ft3/s,"['A', '[90]']",0
2002-06-07,375.45834,streamflow,9291000,ft3/s,"['A', '[90]']",0
2002-06-08,360.2396,streamflow,9291000,ft3/s,"['A', '[90]']",0
2002-06-09,363.45834,streamflow,9291000,ft3/s,"['A', '[90]']",0
2002-06-10,389.02084,streamflow,9291000,ft3/s,"['A', '[90]']",0
2002-06-11,387.29166,streamflow,9291000,ft3/s,"['A', '[90]']",0
2002-06-12,384.375,streamflow,9291000,ft3/s,"['A', '[90]']",0
2002-06-13,382.8021,streamflow,9291000,ft3/s,"['A', '[90]']",0
2002-06-14,368.84375,streamflow,9291000,ft3/s,"['A', '[90]']",0
2002-06-15,346.33334,streamflow,9291000,ft3/s,"['A', '[90]']",0
2002-06-16,315.70834,streamflow,9291000,ft3/s,"['A', '[90]']",0
2002-06-17,232.3125,streamflow,9291000,ft3/s,"['A', '[90]']",0
2002-06-18,215.625,streamflow,9291000,ft3/s,"['A', '[90]']",0
2002-06-19,215.0,streamflow,9291000,ft3/s,"['A', '[90]']",0
2002-06-20,213.46875,streamflow,9291000,ft3/s,"['A', '[90]']",0
2002-06-21,212.33333,streamflow,9291000,ft3/s,"['A', '[90]']",0
2002-06-22,211.57292,streamflow,9291000,ft3/s,"['A', '[90]']",0
2002-06-23,210.9375,streamflow,9291000,ft3/s,"['A', '[90]']",0
2002-06-24,155.65625,streamflow,9291000,ft3/s,"['A', '[90]']",0
2002-06-25,97.0,streamflow,9291000,ft3/s,"['A', '[90]']",0
2002-06-26,90.458336,streamflow,9291000,ft3/s,"['A', '[90]']",0
2002-06-27,106.354164,streamflow,9291000,ft3/s,"['A', '[90]']",0
2002-06-28,92.0,streamflow,9291000,ft3/s,"['A', '[90]']",0
2002-06-29,102.4375,streamflow,9291000,ft3/s,"['A', '[90]']",0
2002-06-30,117.791664,streamflow,9291000,ft3/s,"['A', '[90]']",0
2002-07-01,243.73958,streamflow,9291000,ft3/s,"['A', '[90]']",0
2002-07-02,226.82292,streamflow,9291000,ft3/s,"['A', '[90]']",0
2002-07-03,247.27083,streamflow,9291000,ft3/s,"['A', '[90]']",0
2002-07-04,245.0625,streamflow,9291000,ft3/s,"['A', '[90]']",0
2002-07-05,252.95833,streamflow,9291000,ft3/s,"['A', '[90]']",0
2002-07-06,253.47917,streamflow,9291000,ft3/s,"['A', '[90]']",0
2002-07-07,252.34375,streamflow,9291000,ft3/s,"['A', '[90]']",0
2002-07-08,142.45833,streamflow,9291000,ft3/s,"['A', '[90]']",0
2002-07-09,72.0,streamflow,9291000,ft3/s,"['A', '[90]']",0
2002-07-10,72.0,streamflow,9291000,ft3/s,"['A', '[90]']",0
2002-07-11,72.0,streamflow,9291000,ft3/s,"['A', '[90]']",0
2002-07-12,72.0,streamflow,9291000,ft3/s,"['A', '[90]']",0
2002-07-13,72.0,streamflow,9291000,ft3/s,"['A', '[90]']",0
2002-07-14,72.0,streamflow,9291000,ft3/s,"['A', '[90]']",0
2002-07-15,127.53125,streamflow,9291000,ft3/s,"['A', '[90]']",0
2002-07-16,197.82292,streamflow,9291000,ft3/s,"['A', '[90]']",0
2002-07-17,146.90625,streamflow,9291000,ft3/s,"['A', '[90]']",0
2002-07-18,147.25,streamflow,9291000,ft3/s,"['A', '[90]']",0
2002-07-19,147.625,streamflow,9291000,ft3/s,"['A', '[90]']",0
2002-07-20,146.0625,streamflow,9291000,ft3/s,"['A', '[90]']",0
2002-07-21,146.0,streamflow,9291000,ft3/s,"['A', '[90]']",0
2002-07-22,117.25,streamflow,9291000,ft3/s,"['A', '[90]']",0
2002-07-23,32.0,streamflow,9291000,ft3/s,"['A', '[90]']",0
2002-07-24,32.0,streamflow,9291000,ft3/s,"['A', '[90]']",0
2002-07-25,32.0,streamflow,9291000,ft3/s,"['A', '[90]']",0
2002-07-26,31.3125,streamflow,9291000,ft3/s,"['A', '[90]']",0
2002-07-27,17.40625,streamflow,9291000,ft3/s,"['A', '[90]']",0
2002-07-28,19.354166,streamflow,9291000,ft3/s,"['A', '[90]']",0
2002-07-29,105.708336,streamflow,9291000,ft3/s,"['A', '[90]']",0
2002-07-30,105.791664,streamflow,9291000,ft3/s,"['A', '[90]']",0
2002-07-31,113.447914,streamflow,9291000,ft3/s,"['A', '[90]']",0
2002-08-01,132.4375,streamflow,9291000,ft3/s,"['A', '[90]']",0
2002-08-02,146.3125,streamflow,9291000,ft3/s,"['A', '[90]']",0
2002-08-03,144.9375,streamflow,9291000,ft3/s,"['A', '[90]']",0
2002-08-04,140.59375,streamflow,9291000,ft3/s,"['A', '[90]']",0
2002-08-05,22.104166,streamflow,9291000,ft3/s,"['A', '[90]']",0
2002-08-06,22.0,streamflow,9291000,ft3/s,"['A', '[90]']",0
2002-08-07,25.90625,streamflow,9291000,ft3/s,"['A', '[90]']",0
2002-08-08,32.885418,streamflow,9291000,ft3/s,"['A', '[90]']",0
2002-08-09,32.0,streamflow,9291000,ft3/s,"['A', '[90]']",0
2002-08-10,32.0,streamflow,9291000,ft3/s,"['A', '[90]']",0
2002-08-11,32.0,streamflow,9291000,ft3/s,"['A', '[90]']",0
2002-08-12,32.0,streamflow,9291000,ft3/s,"['A', '[90]']",0
2002-08-13,32.0,streamflow,9291000,ft3/s,"['A', '[90]']",0
2002-08-14,32.0,streamflow,9291000,ft3/s,"['A', '[90]']",0
2002-08-15,32.0,streamflow,9291000,ft3/s,"['A', '[90]']",0
2002-08-16,32.0,streamflow,9291000,ft3/s,"['A', '[90]']",0
2002-08-17,32.0,streamflow,9291000,ft3/s,"['A', '[90]']",0
2002-08-18,32.0,streamflow,9291000,ft3/s,"['A', '[90]']",0
2002-08-19,32.0,streamflow,9291000,ft3/s,"['A', '[90]']",0
2002-08-20,32.0,streamflow,9291000,ft3/s,"['A', '[90]']",0
2002-08-21,32.0,streamflow,9291000,ft3/s,"['A', '[90]']",0
2002-08-22,31.760416,streamflow,9291000,ft3/s,"['A', '[90]']",0
2002-08-23,28.0,streamflow,9291000,ft3/s,"['A', '[90]']",0
2002-08-24,28.0,streamflow,9291000,ft3/s,"['A', '[90]']",0
2002-08-25,26.34375,streamflow,9291000,ft3/s,"['A', '[90]']",0
2002-08-26,13.0,streamflow,9291000,ft3/s,"['A', '[90]']",0
2002-08-27,13.0,streamflow,9291000,ft3/s,"['A', '[90]']",0
2002-08-28,13.0,streamflow,9291000,ft3/s,"['A', '[90]']",0
2002-08-29,13.0,streamflow,9291000,ft3/s,"['A', '[90]']",0
2002-08-30,13.0,streamflow,9291000,ft3/s,"['A', '[90]']",0
2002-08-31,13.0,streamflow,9291000,ft3/s,"['A', '[90]']",0
2002-09-01,12.1875,streamflow,9291000,ft3/s,"['A', '[90]']",0
2002-09-02,12.0,streamflow,9291000,ft3/s,"['A', '[90]']",0
2002-09-03,12.0,streamflow,9291000,ft3/s,"['A', '[90]']",0
2002-09-04,12.0,streamflow,9291000,ft3/s,"['A', '[90]']",0
2002-09-05,12.0,streamflow,9291000,ft3/s,"['A', '[90]']",0
2002-09-06,12.0,streamflow,9291000,ft3/s,"['A', '[90]']",0
2002-09-07,9.528125,streamflow,9291000,ft3/s,"['A', '[90]']",0
2002-09-08,0.0,streamflow,9291000,ft3/s,"['A', '[90]']",0
2002-09-09,0.0,streamflow,9291000,ft3/s,"['A', '[90]']",0
2002-09-10,0.0,streamflow,9291000,ft3/s,"['A', '[90]']",0
2002-09-11,0.0,streamflow,9291000,ft3/s,"['A', '[90]']",0
2002-09-12,0.0,streamflow,9291000,ft3/s,"['A', '[90]']",0
2002-09-13,0.0,streamflow,9291000,ft3/s,"['A', '[90]']",0
2002-09-14,0.0,streamflow,9291000,ft3/s,"['A', '[90]']",0
2002-09-15,0.0,streamflow,9291000,ft3/s,"['A', '[90]']",0
2002-09-16,0.0,streamflow,9291000,ft3/s,"['A', '[90]']",0
2002-09-17,0.0,streamflow,9291000,ft3/s,"['A', '[90]']",0
2002-09-18,0.0,streamflow,9291000,ft3/s,"['A', '[90]']",0
2002-09-19,0.0,streamflow,9291000,ft3/s,"['A', '[90]']",0
2002-09-20,0.0,streamflow,9291000,ft3/s,"['A', '[90]']",0
2002-09-21,0.0,streamflow,9291000,ft3/s,"['A', '[90]']",0
2002-09-22,0.0,streamflow,9291000,ft3/s,"['A', '[90]']",0
2002-09-23,0.0,streamflow,9291000,ft3/s,"['A', '[90]']",0
2002-09-24,0.0,streamflow,9291000,ft3/s,"['A', '[90]']",0
2002-09-25,0.0,streamflow,9291000,ft3/s,"['A', '[90]']",0
2002-09-26,0.0,streamflow,9291000,ft3/s,"['A', '[90]']",0
2002-09-27,0.0,streamflow,9291000,ft3/s,"['A', '[90]']",0
2002-09-28,0.0,streamflow,9291000,ft3/s,"['A', '[90]']",0
2002-09-29,0.0,streamflow,9291000,ft3/s,"['A', '[90]']",0
2002-09-30,0.0,streamflow,9291000,ft3/s,"['A', '[90]']",0
2002-10-01,0.0,streamflow,9291000,ft3/s,"['A', '[90]']",0
2002-10-02,0.0,streamflow,9291000,ft3/s,"['A', '[90]']",0
2002-10-03,0.0,streamflow,9291000,ft3/s,"['A', '[90]']",0
2002-10-04,0.0,streamflow,9291000,ft3/s,"['A', '[90]']",0
2002-10-05,0.0,streamflow,9291000,ft3/s,"['A', '[90]']",0
2002-10-06,0.0,streamflow,9291000,ft3/s,"['A', '[90]']",0
2002-10-07,0.0,streamflow,9291000,ft3/s,"['A', '[90]']",0
2002-10-08,0.0,streamflow,9291000,ft3/s,"['A', '[90]']",0
2002-10-09,0.0,streamflow,9291000,ft3/s,"['A', '[90]']",0
2002-10-10,0.0,streamflow,9291000,ft3/s,"['A', '[90]']",0
2002-10-11,0.0,streamflow,9291000,ft3/s,"['A', '[90]']",0
2002-10-12,0.0,streamflow,9291000,ft3/s,"['A', '[90]']",0
2002-10-13,0.0,streamflow,9291000,ft3/s,"['A', '[90]']",0
2002-10-14,0.0,streamflow,9291000,ft3/s,"['A', '[90]']",0
2002-10-15,0.0,streamflow,9291000,ft3/s,"['A', '[90]']",0
2002-10-16,0.0,streamflow,9291000,ft3/s,"['A', '[90]']",0
2002-10-17,0.0,streamflow,9291000,ft3/s,"['A', '[90]']",0
2002-10-18,0.0,streamflow,9291000,ft3/s,"['A', '[90]']",0
2002-10-19,0.0,streamflow,9291000,ft3/s,"['A', '[90]']",0
2002-10-20,0.0,streamflow,9291000,ft3/s,"['A', '[90]']",0
2002-10-21,0.0,streamflow,9291000,ft3/s,"['A', '[90]']",0
2002-10-22,0.0,streamflow,9291000,ft3/s,"['A', '[90]']",0
2002-10-23,0.0,streamflow,9291000,ft3/s,"['A', '[90]']",0
2002-10-24,0.0,streamflow,9291000,ft3/s,"['A', '[90]']",0
2002-10-25,0.0,streamflow,9291000,ft3/s,"['A', '[90]']",0
2002-10-26,0.0,streamflow,9291000,ft3/s,"['A', '[90]']",0
2002-10-27,0.0,streamflow,9291000,ft3/s,"['A', '[90]']",0
2002-10-28,0.0,streamflow,9291000,ft3/s,"['A', '[90]']",0
2002-10-29,0.0,streamflow,9291000,ft3/s,"['A', '[90]']",0
2002-10-30,0.0,streamflow,9291000,ft3/s,"['A', '[90]']",0
2002-10-31,0.0,streamflow,9291000,ft3/s,"['A', '[90]']",0
2002-11-01,0.0,streamflow,9291000,ft3/s,"['A', '[90]']",0
2002-11-02,0.0,streamflow,9291000,ft3/s,"['A', '[90]']",0
2002-11-03,0.0,streamflow,9291000,ft3/s,"['A', '[90]']",0
2002-11-04,0.0,streamflow,9291000,ft3/s,"['A', '[90]']",0
2002-11-05,0.0,streamflow,9291000,ft3/s,"['A', '[90]']",0
2002-11-06,0.0,streamflow,9291000,ft3/s,"['A', '[90]']",0
2002-11-07,0.0,streamflow,9291000,ft3/s,"['A', '[90]']",0
2002-11-08,0.0,streamflow,9291000,ft3/s,"['A', '[90]']",0
2002-11-09,0.0,streamflow,9291000,ft3/s,"['A', '[90]']",0
2002-11-10,0.0,streamflow,9291000,ft3/s,"['A', '[90]']",0
2002-11-11,0.0,streamflow,9291000,ft3/s,"['A', '[90]']",0
2002-11-12,0.0,streamflow,9291000,ft3/s,"['A', '[90]']",0
2002-11-13,0.0,streamflow,9291000,ft3/s,"['A', '[90]']",0
2002-11-14,0.0,streamflow,9291000,ft3/s,"['A', '[90]']",0
2002-11-15,0.0,streamflow,9291000,ft3/s,"['A', '[90]']",0
2002-11-16,0.0,streamflow,9291000,ft3/s,"['A', '[90]']",0
2002-11-17,0.0,streamflow,9291000,ft3/s,"['A', '[90]']",0
2002-11-18,0.0,streamflow,9291000,ft3/s,"['A', '[90]']",0
2002-11-19,0.0,streamflow,9291000,ft3/s,"['A', '[90]']",0
2002-11-20,0.0,streamflow,9291000,ft3/s,"['A', '[90]']",0
2002-11-21,0.0,streamflow,9291000,ft3/s,"['A', '[90]']",0
2002-11-22,0.0,streamflow,9291000,ft3/s,"['A', '[90]']",0
2002-11-23,0.0,streamflow,9291000,ft3/s,"['A', '[90]']",0
2002-11-24,0.0,streamflow,9291000,ft3/s,"['A', '[90]']",0
2002-11-25,0.0,streamflow,9291000,ft3/s,"['A', '[90]']",0
2002-11-26,0.0,streamflow,9291000,ft3/s,"['A', '[90]']",0
2002-11-27,0.0,streamflow,9291000,ft3/s,"['A', '[90]']",0
2002-11-28,0.0,streamflow,9291000,ft3/s,"['A', '[90]']",0
2002-11-29,0.0,streamflow,9291000,ft3/s,"['A', '[90]']",0
2002-11-30,0.0,streamflow,9291000,ft3/s,"['A', '[90]']",0
2002-12-01,0.0,streamflow,9291000,ft3/s,"['A', '[90]']",0
2002-12-02,0.0,streamflow,9291000,ft3/s,"['A', '[90]']",0
2002-12-03,0.0,streamflow,9291000,ft3/s,"['A', '[90]']",0
2002-12-04,0.0,streamflow,9291000,ft3/s,"['A', '[90]']",0
2002-12-05,0.0,streamflow,9291000,ft3/s,"['A', '[90]']",0
2002-12-06,0.0,streamflow,9291000,ft3/s,"['A', '[90]']",0
2002-12-07,0.0,streamflow,9291000,ft3/s,"['A', '[90]']",0
2002-12-08,0.0,streamflow,9291000,ft3/s,"['A', '[90]']",0
2002-12-09,0.0,streamflow,9291000,ft3/s,"['A', '[90]']",0
2002-12-10,0.0,streamflow,9291000,ft3/s,"['A', '[90]']",0
2002-12-11,0.0,streamflow,9291000,ft3/s,"['A', '[90]']",0
2002-12-12,0.0,streamflow,9291000,ft3/s,"['A', '[90]']",0
2002-12-13,0.0,streamflow,9291000,ft3/s,"['A', '[90]']",0
2002-12-14,0.0,streamflow,9291000,ft3/s,"['A', '[90]']",0
2002-12-15,0.0,streamflow,9291000,ft3/s,"['A', '[90]']",0
2002-12-16,0.0,streamflow,9291000,ft3/s,"['A', '[90]']",0
2002-12-17,0.0,streamflow,9291000,ft3/s,"['A', '[90]']",0
2002-12-18,0.0,streamflow,9291000,ft3/s,"['A', '[90]']",0
2002-12-19,,streamflow,9291000,ft3/s,"['A', '[90]']",0
2002-12-20,,streamflow,9291000,ft3/s,"['A', '[90]']",0
2002-12-21,,streamflow,9291000,ft3/s,"['A', '[90]']",0
2002-12-22,,streamflow,9291000,ft3/s,"['A', '[90]']",0
2002-12-23,,streamflow,9291000,ft3/s,"['A', '[90]']",0
2002-12-24,,streamflow,9291000,ft3/s,"['A', '[90]']",0
2002-12-25,,streamflow,9291000,ft3/s,"['A', '[90]']",0
2002-12-26,,streamflow,9291000,ft3/s,"['A', '[90]']",0
2002-12-27,,streamflow,9291000,ft3/s,"['A', '[90]']",0
2002-12-28,,streamflow,9291000,ft3/s,"['A', '[90]']",0
2002-12-29,,streamflow,9291000,ft3/s,"['A', '[90]']",0
2002-12-30,,streamflow,9291000,ft3/s,"['A', '[90]']",0
2002-12-31,,streamflow,9291000,ft3/s,"['A', '[90]']",0
2003-01-01,,streamflow,9291000,ft3/s,"['A', '[90]']",0
2003-01-02,,streamflow,9291000,ft3/s,"['A', '[90]']",0
2003-01-03,,streamflow,9291000,ft3/s,"['A', '[90]']",0
2003-01-04,,streamflow,9291000,ft3/s,"['A', '[90]']",0
2003-01-05,,streamflow,9291000,ft3/s,"['A', '[90]']",0
2003-01-06,,streamflow,9291000,ft3/s,"['A', '[90]']",0
2003-01-07,,streamflow,9291000,ft3/s,"['A', '[90]']",0
2003-01-08,,streamflow,9291000,ft3/s,"['A', '[90]']",0
2003-01-09,,streamflow,9291000,ft3/s,"['A', '[90]']",0
2003-01-10,,streamflow,9291000,ft3/s,"['A', '[90]']",0
2003-01-11,,streamflow,9291000,ft3/s,"['A', '[90]']",0
2003-01-12,,streamflow,9291000,ft3/s,"['A', '[90]']",0
2003-01-13,,streamflow,9291000,ft3/s,"['A', '[90]']",0
2003-01-14,,streamflow,9291000,ft3/s,"['A', '[90]']",0
2003-01-15,,streamflow,9291000,ft3/s,"['A', '[90]']",0
2003-01-16,,streamflow,9291000,ft3/s,"['A', '[90]']",0
2003-01-17,,streamflow,9291000,ft3/s,"['A', '[90]']",0
2003-01-18,,streamflow,9291000,ft3/s,"['A', '[90]']",0
2003-01-19,0.0,streamflow,9291000,ft3/s,"['A', '[90]']",0
2003-01-20,0.0,streamflow,9291000,ft3/s,"['A', '[90]']",0
2003-01-21,0.0,streamflow,9291000,ft3/s,"['A', '[90]']",0
2003-01-22,0.0,streamflow,9291000,ft3/s,"['A', '[90]']",0
2003-01-23,0.0,streamflow,9291000,ft3/s,"['A', '[90]']",0
2003-01-24,0.0,streamflow,9291000,ft3/s,"['A', '[90]']",0
2003-01-25,0.0,streamflow,9291000,ft3/s,"['A', '[90]']",0
2003-01-26,0.0,streamflow,9291000,ft3/s,"['A', '[90]']",0
2003-01-27,0.0,streamflow,9291000,ft3/s,"['A', '[90]']",0
2003-01-28,0.0,streamflow,9291000,ft3/s,"['A', '[90]']",0
2003-01-29,0.0,streamflow,9291000,ft3/s,"['A', '[90]']",0
2003-01-30,0.0,streamflow,9291000,ft3/s,"['A', '[90]']",0
2003-01-31,0.0,streamflow,9291000,ft3/s,"['A', '[90]']",0
2003-02-01,0.0,streamflow,9291000,ft3/s,"['A', '[90]']",0
2003-02-02,0.0,streamflow,9291000,ft3/s,"['A', '[90]']",0
2003-02-03,0.0,streamflow,9291000,ft3/s,"['A', '[90]']",0
2003-02-04,0.0,streamflow,9291000,ft3/s,"['A', '[90]']",0
2003-02-05,0.0,streamflow,9291000,ft3/s,"['A', '[90]']",0
2003-02-06,0.0,streamflow,9291000,ft3/s,"['A', '[90]']",0
2003-02-07,0.0,streamflow,9291000,ft3/s,"['A', '[90]']",0
2003-02-08,0.0,streamflow,9291000,ft3/s,"['A', '[90]']",0
2003-02-09,0.0,streamflow,9291000,ft3/s,"['A', '[90]']",0
2003-02-10,0.0,streamflow,9291000,ft3/s,"['A', '[90]']",0
2003-02-11,0.0,streamflow,9291000,ft3/s,"['A', '[90]']",0
2003-02-12,0.0,streamflow,9291000,ft3/s,"['A', '[90]']",0
2003-02-13,0.0,streamflow,9291000,ft3/s,"['A', '[90]']",0
2003-02-14,0.0,streamflow,9291000,ft3/s,"['A', '[90]']",0
2003-02-15,0.0,streamflow,9291000,ft3/s,"['A', '[90]']",0
2003-02-16,0.0,streamflow,9291000,ft3/s,"['A', '[90]']",0
2003-02-17,0.0,streamflow,9291000,ft3/s,"['A', '[90]']",0
2003-02-18,0.0,streamflow,9291000,ft3/s,"['A', '[90]']",0
2003-02-19,0.0,streamflow,9291000,ft3/s,"['A', '[90]']",0
2003-02-20,0.0,streamflow,9291000,ft3/s,"['A', '[90]']",0
2003-02-21,0.0,streamflow,9291000,ft3/s,"['A', '[90]']",0
2003-02-22,0.0,streamflow,9291000,ft3/s,"['A', '[90]']",0
2003-02-23,0.0,streamflow,9291000,ft3/s,"['A', '[90]']",0
2003-02-24,0.0,streamflow,9291000,ft3/s,"['A', '[90]']",0
2003-02-25,0.0,streamflow,9291000,ft3/s,"['A', '[90]']",0
2003-02-26,0.0,streamflow,9291000,ft3/s,"['A', '[90]']",0
2003-02-27,0.0,streamflow,9291000,ft3/s,"['A', '[90]']",0
2003-02-28,0.0,streamflow,9291000,ft3/s,"['A', '[90]']",0
2003-03-01,0.0,streamflow,9291000,ft3/s,"['A', '[90]']",0
2003-03-02,0.0,streamflow,9291000,ft3/s,"['A', '[90]']",0
2003-03-03,0.0,streamflow,9291000,ft3/s,"['A', '[90]']",0
2003-03-04,0.0,streamflow,9291000,ft3/s,"['A', '[90]']",0
2003-03-05,0.0,streamflow,9291000,ft3/s,"['A', '[90]']",0
2003-03-06,0.0,streamflow,9291000,ft3/s,"['A', '[90]']",0
2003-03-07,0.0,streamflow,9291000,ft3/s,"['A', '[90]']",0
2003-03-08,0.0,streamflow,9291000,ft3/s,"['A', '[90]']",0
2003-03-09,0.0,streamflow,9291000,ft3/s,"['A', '[90]']",0
2003-03-10,0.0,streamflow,9291000,ft3/s,"['A', '[90]']",0
2003-03-11,0.0,streamflow,9291000,ft3/s,"['A', '[90]']",0
2003-03-12,0.0,streamflow,9291000,ft3/s,"['A', '[90]']",0
2003-03-13,0.0,streamflow,9291000,ft3/s,"['A', '[90]']",0
2003-03-14,0.0,streamflow,9291000,ft3/s,"['A', '[90]']",0
2003-03-15,0.0,streamflow,9291000,ft3/s,"['A', '[90]']",0
2003-03-16,0.0,streamflow,9291000,ft3/s,"['A', '[90]']",0
2003-03-17,0.0,streamflow,9291000,ft3/s,"['A', '[90]']",0
2003-03-18,0.0,streamflow,9291000,ft3/s,"['A', '[90]']",0
2003-03-19,0.0,streamflow,9291000,ft3/s,"['A', '[90]']",0
2003-03-20,0.0,streamflow,9291000,ft3/s,"['A', '[90]']",0
2003-03-21,0.0,streamflow,9291000,ft3/s,"['A', '[90]']",0
2003-03-22,0.0,streamflow,9291000,ft3/s,"['A', '[90]']",0
2003-03-23,0.0,streamflow,9291000,ft3/s,"['A', '[90]']",0
2003-03-24,0.0,streamflow,9291000,ft3/s,"['A', '[90]']",0
2003-03-25,0.0,streamflow,9291000,ft3/s,"['A', '[90]']",0
2003-03-26,0.0,streamflow,9291000,ft3/s,"['A', '[90]']",0
2003-03-27,0.0,streamflow,9291000,ft3/s,"['A', '[90]']",0
2003-03-28,0.0,streamflow,9291000,ft3/s,"['A', '[90]']",0
2003-03-29,0.0,streamflow,9291000,ft3/s,"['A', '[90]']",0
2003-03-30,0.0,streamflow,9291000,ft3/s,"['A', '[90]']",0
2003-03-31,0.0,streamflow,9291000,ft3/s,"['A', '[90]']",0
2003-04-01,0.0,streamflow,9291000,ft3/s,"['A', '[90]']",0
2003-04-02,0.0,streamflow,9291000,ft3/s,"['A', '[90]']",0
2003-04-03,0.0,streamflow,9291000,ft3/s,"['A', '[90]']",0
2003-04-04,0.0,streamflow,9291000,ft3/s,"['A', '[90]']",0
2003-04-05,0.0,streamflow,9291000,ft3/s,"['A', '[90]']",0
2003-04-06,0.0,streamflow,9291000,ft3/s,"['A', '[90]']",0
2003-04-07,0.0,streamflow,9291000,ft3/s,"['A', '[90]']",0
2003-04-08,0.0,streamflow,9291000,ft3/s,"['A', '[90]']",0
2003-04-09,0.0,streamflow,9291000,ft3/s,"['A', '[90]']",0
2003-04-10,0.0,streamflow,9291000,ft3/s,"['A', '[90]']",0
2003-04-11,0.0,streamflow,9291000,ft3/s,"['A', '[90]']",0
2003-04-12,0.0,streamflow,9291000,ft3/s,"['A', '[90]']",0
2003-04-13,0.0,streamflow,9291000,ft3/s,"['A', '[90]']",0
2003-04-14,0.0,streamflow,9291000,ft3/s,"['A', '[90]']",0
2003-04-15,0.0,streamflow,9291000,ft3/s,"['A', '[90]']",0
2003-04-16,0.0,streamflow,9291000,ft3/s,"['A', '[90]']",0
2003-04-17,0.0,streamflow,9291000,ft3/s,"['A', '[90]']",0
2003-04-18,0.0,streamflow,9291000,ft3/s,"['A', '[90]']",0
2003-04-19,0.0,streamflow,9291000,ft3/s,"['A', '[90]']",0
2003-04-20,0.0,streamflow,9291000,ft3/s,"['A', '[90]']",0
2003-04-21,0.0,streamflow,9291000,ft3/s,"['A', '[90]']",0
2003-04-22,0.0,streamflow,9291000,ft3/s,"['A', '[90]']",0
2003-04-23,0.0,streamflow,9291000,ft3/s,"['A', '[90]']",0
2003-04-24,0.0,streamflow,9291000,ft3/s,"['A', '[90]']",0
2003-04-25,0.17291667,streamflow,9291000,ft3/s,"['A', '[90]']",0
2003-04-26,16.25,streamflow,9291000,ft3/s,"['A', '[90]']",0
2003-04-27,17.96875,streamflow,9291000,ft3/s,"['A', '[90]']",0
2003-04-28,18.0,streamflow,9291000,ft3/s,"['A', '[90]']",0
2003-04-29,18.0,streamflow,9291000,ft3/s,"['A', '[90]']",0
2003-04-30,18.0,streamflow,9291000,ft3/s,"['A', '[90]']",0
2003-05-01,20.958334,streamflow,9291000,ft3/s,"['A', '[90]']",0
2003-05-02,23.0,streamflow,9291000,ft3/s,"['A', '[90]']",0
2003-05-03,23.0,streamflow,9291000,ft3/s,"['A', '[90]']",0
2003-05-04,23.0,streamflow,9291000,ft3/s,"['A', '[90]']",0
2003-05-05,26.458334,streamflow,9291000,ft3/s,"['A', '[90]']",0
2003-05-06,33.0,streamflow,9291000,ft3/s,"['A', '[90]']",0
2003-05-07,33.0,streamflow,9291000,ft3/s,"['A', '[90]']",0
2003-05-08,33.0,streamflow,9291000,ft3/s,"['A', '[90]']",0
2003-05-09,33.0,streamflow,9291000,ft3/s,"['A', '[90]']",0
2003-05-10,33.0,streamflow,9291000,ft3/s,"['A', '[90]']",0
2003-05-11,68.177086,streamflow,9291000,ft3/s,"['A', '[90]']",0
2003-05-12,130.58333,streamflow,9291000,ft3/s,"['A', '[90]']",0
2003-05-13,130.36458,streamflow,9291000,ft3/s,"['A', '[90]']",0
2003-05-14,130.52083,streamflow,9291000,ft3/s,"['A', '[90]']",0
2003-05-15,158.01042,streamflow,9291000,ft3/s,"['A', '[90]']",0
2003-05-16,322.1146,streamflow,9291000,ft3/s,"['A', '[90]']",0
2003-05-17,376.95834,streamflow,9291000,ft3/s,"['A', '[90]']",0
2003-05-18,418.9375,streamflow,9291000,ft3/s,"['A', '[90]']",0
2003-05-19,508.2396,streamflow,9291000,ft3/s,"['A', '[90]']",0
2003-05-20,523.0625,streamflow,9291000,ft3/s,"['A', '[90]']",0
2003-05-21,518.69794,streamflow,9291000,ft3/s,"['A', '[90]']",0
2003-05-22,439.5625,streamflow,9291000,ft3/s,"['A', '[90]']",0
2003-05-23,297.6979,streamflow,9291000,ft3/s,"['A', '[90]']",0
2003-05-24,238.29167,streamflow,9291000,ft3/s,"['A', '[90]']",0
2003-05-25,238.79167,streamflow,9291000,ft3/s,"['A', '[90]']",0
2003-05-26,241.54167,streamflow,9291000,ft3/s,"['A', '[90]']",0
2003-05-27,243.58333,streamflow,9291000,ft3/s,"['A', '[90]']",0
2003-05-28,238.63542,streamflow,9291000,ft3/s,"['A', '[90]']",0
2003-05-29,225.20833,streamflow,9291000,ft3/s,"['A', '[90]']",0
2003-05-30,228.95833,streamflow,9291000,ft3/s,"['A', '[90]']",0
2003-05-31,232.70833,streamflow,9291000,ft3/s,"['A', '[90]']",0
2003-06-01,231.0,streamflow,9291000,ft3/s,"['A', '[90]']",0
2003-06-02,455.75,streamflow,9291000,ft3/s,"['A', '[90]']",0
2003-06-03,644.5,streamflow,9291000,ft3/s,"['A', '[90]']",0
2003-06-04,468.77084,streamflow,9291000,ft3/s,"['A', '[90]']",0
2003-06-05,467.28125,streamflow,9291000,ft3/s,"['A', '[90]']",0
2003-06-06,394.625,streamflow,9291000,ft3/s,"['A', '[90]']",0
2003-06-07,342.2604,streamflow,9291000,ft3/s,"['A', '[90]']",0
2003-06-08,319.4896,streamflow,9291000,ft3/s,"['A', '[90]']",0
2003-06-09,304.3646,streamflow,9291000,ft3/s,"['A', '[90]']",0
2003-06-10,298.59375,streamflow,9291000,ft3/s,"['A', '[90]']",0
2003-06-11,291.5104,streamflow,9291000,ft3/s,"['A', '[90]']",0
2003-06-12,268.41666,streamflow,9291000,ft3/s,"['A', '[90]']",0
2003-06-13,231.61458,streamflow,9291000,ft3/s,"['A', '[90]']",0
2003-06-14,202.35417,streamflow,9291000,ft3/s,"['A', '[90]']",0
2003-06-15,200.66667,streamflow,9291000,ft3/s,"['A', '[90]']",0
2003-06-16,199.10417,streamflow,9291000,ft3/s,"['A', '[90]']",0
2003-06-17,220.01042,streamflow,9291000,ft3/s,"['A', '[90]']",0
2003-06-18,228.375,streamflow,9291000,ft3/s,"['A', '[90]']",0
2003-06-19,216.89583,streamflow,9291000,ft3/s,"['A', '[90]']",0
2003-06-20,208.90625,streamflow,9291000,ft3/s,"['A', '[90]']",0
2003-06-21,208.39583,streamflow,9291000,ft3/s,"['A', '[90]']",0
2003-06-22,209.10417,streamflow,9291000,ft3/s,"['A', '[90]']",0
2003-06-23,217.91667,streamflow,9291000,ft3/s,"['A', '[90]']",0
2003-06-24,217.41667,streamflow,9291000,ft3/s,"['A', '[90]']",0
2003-06-25,216.83333,streamflow,9291000,ft3/s,"['A', '[90]']",0
2003-06-26,216.33333,streamflow,9291000,ft3/s,"['A', '[90]']",0
2003-06-27,215.625,streamflow,9291000,ft3/s,"['A', '[90]']",0
2003-06-28,215.66667,streamflow,9291000,ft3/s,"['A', '[90]']",0
2003-06-29,214.66667,streamflow,9291000,ft3/s,"['A', '[90]']",0
2003-06-30,241.89583,streamflow,9291000,ft3/s,"['A', '[90]']",0
2003-07-01,256.0,streamflow,9291000,ft3/s,"['A', '[90]']",0
2003-07-02,283.60416,streamflow,9291000,ft3/s,"['A', '[90]']",0
2003-07-03,330.20834,streamflow,9291000,ft3/s,"['A', '[90]']",0
2003-07-04,359.8021,streamflow,9291000,ft3/s,"['A', '[90]']",0
2003-07-05,377.29166,streamflow,9291000,ft3/s,"['A', '[90]']",0
2003-07-06,388.375,streamflow,9291000,ft3/s,"['A', '[90]']",0
2003-07-07,386.2604,streamflow,9291000,ft3/s,"['A', '[90]']",0
2003-07-08,383.16666,streamflow,9291000,ft3/s,"['A', '[90]']",0
2003-07-09,381.1771,streamflow,9291000,ft3/s,"['A', '[90]']",0
2003-07-10,381.22916,streamflow,9291000,ft3/s,"['A', '[90]']",0
2003-07-11,376.46875,streamflow,9291000,ft3/s,"['A', '[90]']",0
2003-07-12,373.33334,streamflow,9291000,ft3/s,"['A', '[90]']",0
2003-07-13,371.6354,streamflow,9291000,ft3/s,"['A', '[90]']",0
2003-07-14,369.47916,streamflow,9291000,ft3/s,"['A', '[90]']",0
2003-07-15,346.3021,streamflow,9291000,ft3/s,"['A', '[90]']",0
2003-07-16,367.1146,streamflow,9291000,ft3/s,"['A', '[90]']",0
2003-07-17,364.29166,streamflow,9291000,ft3/s,"['A', '[90]']",0
2003-07-18,360.72916,streamflow,9291000,ft3/s,"['A', '[90]']",0
2003-07-19,311.875,streamflow,9291000,ft3/s,"['A', '[90]']",0
2003-07-20,292.4896,streamflow,9291000,ft3/s,"['A', '[90]']",0
2003-07-21,248.625,streamflow,9291000,ft3/s,"['A', '[90]']",0
2003-07-22,246.65625,streamflow,9291000,ft3/s,"['A', '[90]']",0
2003-07-23,245.64583,streamflow,9291000,ft3/s,"['A', '[90]']",0
2003-07-24,262.3646,streamflow,9291000,ft3/s,"['A', '[90]']",0
2003-07-25,264.10416,streamflow,9291000,ft3/s,"['A', '[90]']",0
2003-07-26,248.82292,streamflow,9291000,ft3/s,"['A', '[90]']",0
2003-07-27,247.67708,streamflow,9291000,ft3/s,"['A', '[90]']",0
2003-07-28,280.7604,streamflow,9291000,ft3/s,"['A', '[90]']",0
2003-07-29,341.04166,streamflow,9291000,ft3/s,"['A', '[90]']",0
2003-07-30,410.6146,streamflow,9291000,ft3/s,"['A', '[90]']",0
2003-07-31,441.5729,streamflow,9291000,ft3/s,"['A', '[90]']",0
2003-08-01,435.8125,streamflow,9291000,ft3/s,"['A', '[90]']",0
2003-08-02,430.3229,streamflow,9291000,ft3/s,"['A', '[90]']",0
2003-08-03,427.0,streamflow,9291000,ft3/s,"['A', '[90]']",0
2003-08-04,422.8125,streamflow,9291000,ft3/s,"['A', '[90]']",0
2003-08-05,416.5625,streamflow,9291000,ft3/s,"['A', '[90]']",0
2003-08-06,412.625,streamflow,9291000,ft3/s,"['A', '[90]']",0
2003-08-07,407.8229,streamflow,9291000,ft3/s,"['A', '[90]']",0
2003-08-08,385.53125,streamflow,9291000,ft3/s,"['A', '[90]']",0
2003-08-09,268.25,streamflow,9291000,ft3/s,"['A', '[90]']",0
2003-08-10,265.89584,streamflow,9291000,ft3/s,"['A', '[90]']",0
2003-08-11,186.92708,streamflow,9291000,ft3/s,"['A', '[90]']",0
2003-08-12,147.625,streamflow,9291000,ft3/s,"['A', '[90]']",0
2003-08-13,147.09375,streamflow,9291000,ft3/s,"['A', '[90]']",0
2003-08-14,146.5,streamflow,9291000,ft3/s,"['A', '[90]']",0
2003-08-15,146.15625,streamflow,9291000,ft3/s,"['A', '[90]']",0
2003-08-16,145.75,streamflow,9291000,ft3/s,"['A', '[90]']",0
2003-08-17,145.9375,streamflow,9291000,ft3/s,"['A', '[90]']",0
2003-08-18,145.40625,streamflow,9291000,ft3/s,"['A', '[90]']",0
2003-08-19,144.65625,streamflow,9291000,ft3/s,"['A', '[90]']",0
2003-08-20,143.5,streamflow,9291000,ft3/s,"['A', '[90]']",0
2003-08-21,142.6875,streamflow,9291000,ft3/s,"['A', '[90]']",0
2003-08-22,142.15625,streamflow,9291000,ft3/s,"['A', '[90]']",0
2003-08-23,141.9375,streamflow,9291000,ft3/s,"['A', '[90]']",0
2003-08-24,140.8125,streamflow,9291000,ft3/s,"['A', '[90]']",0
2003-08-25,140.03125,streamflow,9291000,ft3/s,"['A', '[90]']",0
2003-08-26,139.34375,streamflow,9291000,ft3/s,"['A', '[90]']",0
2003-08-27,138.4375,streamflow,9291000,ft3/s,"['A', '[90]']",0
2003-08-28,137.8125,streamflow,9291000,ft3/s,"['A', '[90]']",0
2003-08-29,137.0,streamflow,9291000,ft3/s,"['A', '[90]']",0
2003-08-30,136.5,streamflow,9291000,ft3/s,"['A', '[90]']",0
2003-08-31,135.78125,streamflow,9291000,ft3/s,"['A', '[90]']",0
2003-09-01,134.9375,streamflow,9291000,ft3/s,"['A', '[90]']",0
2003-09-02,134.4375,streamflow,9291000,ft3/s,"['A', '[90]']",0
2003-09-03,134.25,streamflow,9291000,ft3/s,"['A', '[90]']",0
2003-09-04,133.91667,streamflow,9291000,ft3/s,"['A', '[90]']",0
2003-09-05,114.614586,streamflow,9291000,ft3/s,"['A', '[90]']",0
2003-09-06,101.0,streamflow,9291000,ft3/s,"['A', '[90]']",0
2003-09-07,101.0,streamflow,9291000,ft3/s,"['A', '[90]']",0
2003-09-08,101.0,streamflow,9291000,ft3/s,"['A', '[90]']",0
2003-09-09,90.791664,streamflow,9291000,ft3/s,"['A', '[90]']",0
2003-09-10,73.395836,streamflow,9291000,ft3/s,"['A', '[90]']",0
2003-09-11,72.0,streamflow,9291000,ft3/s,"['A', '[90]']",0
2003-09-12,72.0,streamflow,9291000,ft3/s,"['A', '[90]']",0
2003-09-13,72.0,streamflow,9291000,ft3/s,"['A', '[90]']",0
2003-09-14,71.96875,streamflow,9291000,ft3/s,"['A', '[90]']",0
2003-09-15,71.0625,streamflow,9291000,ft3/s,"['A', '[90]']",0
2003-09-16,55.604168,streamflow,9291000,ft3/s,"['A', '[90]']",0
2003-09-17,42.166668,streamflow,9291000,ft3/s,"['A', '[90]']",0
2003-09-18,41.0,streamflow,9291000,ft3/s,"['A', '[90]']",0
2003-09-19,41.0,streamflow,9291000,ft3/s,"['A', '[90]']",0
2003-09-20,40.09375,streamflow,9291000,ft3/s,"['A', '[90]']",0
2003-09-21,40.0,streamflow,9291000,ft3/s,"['A', '[90]']",0
2003-09-22,15.670834,streamflow,9291000,ft3/s,"['A', '[90]']",0
2003-09-23,0.0,streamflow,9291000,ft3/s,"['A', '[90]']",0
2003-09-24,0.0,streamflow,9291000,ft3/s,"['A', '[90]']",0
2003-09-25,0.0,streamflow,9291000,ft3/s,"['A', '[90]']",0
2003-09-26,0.0,streamflow,9291000,ft3/s,"['A', '[90]']",0
2003-09-27,0.0,streamflow,9291000,ft3/s,"['A', '[90]']",0
2003-09-28,0.0,streamflow,9291000,ft3/s,"['A', '[90]']",0
2003-09-29,0.0,streamflow,9291000,ft3/s,"['A', '[90]']",0
2003-09-30,0.0,streamflow,9291000,ft3/s,"['A', '[90]']",0
2003-10-01,0.0,streamflow,9291000,ft3/s,"['A', '[90]']",0
2003-10-02,0.0,streamflow,9291000,ft3/s,"['A', '[90]']",0
2003-10-03,,streamflow,9291000,ft3/s,"['A', '[90]']",0
2003-10-04,,streamflow,9291000,ft3/s,"['A', '[90]']",0
2003-10-05,,streamflow,9291000,ft3/s,"['A', '[90]']",0
2003-10-06,,streamflow,9291000,ft3/s,"['A', '[90]']",0
2003-10-07,,streamflow,9291000,ft3/s,"['A', '[90]']",0
2003-10-08,,streamflow,9291000,ft3/s,"['A', '[90]']",0
2003-10-09,,streamflow,9291000,ft3/s,"['A', '[90]']",0
2003-10-10,,streamflow,9291000,ft3/s,"['A', '[90]']",0
2003-10-11,,streamflow,9291000,ft3/s,"['A', '[90]']",0
2003-10-12,,streamflow,9291000,ft3/s,"['A', '[90]']",0
2003-10-13,,streamflow,9291000,ft3/s,"['A', '[90]']",0
2003-10-14,,streamflow,9291000,ft3/s,"['A', '[90]']",0
2003-10-15,,streamflow,9291000,ft3/s,"['A', '[90]']",0
2003-10-16,,streamflow,9291000,ft3/s,"['A', '[90]']",0
2003-10-17,,streamflow,9291000,ft3/s,"['A', '[90]']",0
2003-10-18,,streamflow,9291000,ft3/s,"['A', '[90]']",0
2003-10-19,,streamflow,9291000,ft3/s,"['A', '[90]']",0
2003-10-20,,streamflow,9291000,ft3/s,"['A', '[90]']",0
2003-10-21,,streamflow,9291000,ft3/s,"['A', '[90]']",0
2003-10-22,,streamflow,9291000,ft3/s,"['A', '[90]']",0
2003-10-23,,streamflow,9291000,ft3/s,"['A', '[90]']",0
2003-10-24,,streamflow,9291000,ft3/s,"['A', '[90]']",0
2003-10-25,,streamflow,9291000,ft3/s,"['A', '[90]']",0
2003-10-26,,streamflow,9291000,ft3/s,"['A', '[90]']",0
2003-10-27,,streamflow,9291000,ft3/s,"['A', '[90]']",0
2003-10-28,,streamflow,9291000,ft3/s,"['A', '[90]']",0
2003-10-29,,streamflow,9291000,ft3/s,"['A', '[90]']",0
2003-10-30,,streamflow,9291000,ft3/s,"['A', '[90]']",0
2003-10-31,,streamflow,9291000,ft3/s,"['A', '[90]']",0
2003-11-01,,streamflow,9291000,ft3/s,"['A', '[90]']",0
2003-11-02,,streamflow,9291000,ft3/s,"['A', '[90]']",0
2003-11-03,,streamflow,9291000,ft3/s,"['A', '[90]']",0
2003-11-04,,streamflow,9291000,ft3/s,"['A', '[90]']",0
2003-11-05,,streamflow,9291000,ft3/s,"['A', '[90]']",0
2003-11-06,,streamflow,9291000,ft3/s,"['A', '[90]']",0
2003-11-07,,streamflow,9291000,ft3/s,"['A', '[90]']",0
2003-11-08,,streamflow,9291000,ft3/s,"['A', '[90]']",0
2003-11-09,,streamflow,9291000,ft3/s,"['A', '[90]']",0
2003-11-10,,streamflow,9291000,ft3/s,"['A', '[90]']",0
2003-11-11,,streamflow,9291000,ft3/s,"['A', '[90]']",0
2003-11-12,,streamflow,9291000,ft3/s,"['A', '[90]']",0
2003-11-13,,streamflow,9291000,ft3/s,"['A', '[90]']",0
2003-11-14,,streamflow,9291000,ft3/s,"['A', '[90]']",0
2003-11-15,,streamflow,9291000,ft3/s,"['A', '[90]']",0
2003-11-16,,streamflow,9291000,ft3/s,"['A', '[90]']",0
2003-11-17,,streamflow,9291000,ft3/s,"['A', '[90]']",0
2003-11-18,,streamflow,9291000,ft3/s,"['A', '[90]']",0
2003-11-19,,streamflow,9291000,ft3/s,"['A', '[90]']",0
2003-11-20,,streamflow,9291000,ft3/s,"['A', '[90]']",0
2003-11-21,,streamflow,9291000,ft3/s,"['A', '[90]']",0
2003-11-22,,streamflow,9291000,ft3/s,"['A', '[90]']",0
2003-11-23,,streamflow,9291000,ft3/s,"['A', '[90]']",0
2003-11-24,,streamflow,9291000,ft3/s,"['A', '[90]']",0
2003-11-25,,streamflow,9291000,ft3/s,"['A', '[90]']",0
2003-11-26,,streamflow,9291000,ft3/s,"['A', '[90]']",0
2003-11-27,,streamflow,9291000,ft3/s,"['A', '[90]']",0
2003-11-28,,streamflow,9291000,ft3/s,"['A', '[90]']",0
2003-11-29,,streamflow,9291000,ft3/s,"['A', '[90]']",0
2003-11-30,,streamflow,9291000,ft3/s,"['A', '[90]']",0
2003-12-01,0.0,streamflow,9291000,ft3/s,"['A', '[90]']",0
2003-12-02,0.0,streamflow,9291000,ft3/s,"['A', '[90]']",0
2003-12-03,0.0,streamflow,9291000,ft3/s,"['A', '[90]']",0
2003-12-04,0.0,streamflow,9291000,ft3/s,"['A', '[90]']",0
2003-12-05,0.0,streamflow,9291000,ft3/s,"['A', '[90]']",0
2003-12-06,0.0,streamflow,9291000,ft3/s,"['A', '[90]']",0
2003-12-07,0.0,streamflow,9291000,ft3/s,"['A', '[90]']",0
2003-12-08,0.0,streamflow,9291000,ft3/s,"['A', '[90]']",0
2003-12-09,0.0,streamflow,9291000,ft3/s,"['A', '[90]']",0
2003-12-10,0.0,streamflow,9291000,ft3/s,"['A', '[90]']",0
2003-12-11,0.0,streamflow,9291000,ft3/s,"['A', '[90]']",0
2003-12-12,0.0,streamflow,9291000,ft3/s,"['A', '[90]']",0
2003-12-13,0.0,streamflow,9291000,ft3/s,"['A', '[90]']",0
2003-12-14,0.0,streamflow,9291000,ft3/s,"['A', '[90]']",0
2003-12-15,0.0,streamflow,9291000,ft3/s,"['A', '[90]']",0
2003-12-16,0.0,streamflow,9291000,ft3/s,"['A', '[90]']",0
2003-12-17,0.0,streamflow,9291000,ft3/s,"['A', '[90]']",0
2003-12-18,0.0,streamflow,9291000,ft3/s,"['A', '[90]']",0
2003-12-19,0.0,streamflow,9291000,ft3/s,"['A', '[90]']",0
2003-12-20,0.0,streamflow,9291000,ft3/s,"['A', '[90]']",0
2003-12-21,0.0,streamflow,9291000,ft3/s,"['A', '[90]']",0
2003-12-22,0.0,streamflow,9291000,ft3/s,"['A', '[90]']",0
2003-12-23,0.0,streamflow,9291000,ft3/s,"['A', '[90]']",0
2003-12-24,0.0,streamflow,9291000,ft3/s,"['A', '[90]']",0
2003-12-25,0.0,streamflow,9291000,ft3/s,"['A', '[90]']",0
2003-12-26,0.0,streamflow,9291000,ft3/s,"['A', '[90]']",0
2003-12-27,0.0,streamflow,9291000,ft3/s,"['A', '[90]']",0
2003-12-28,0.0,streamflow,9291000,ft3/s,"['A', '[90]']",0
2003-12-29,0.0,streamflow,9291000,ft3/s,"['A', '[90]']",0
2003-12-30,0.0,streamflow,9291000,ft3/s,"['A', '[90]']",0
2003-12-31,0.0,streamflow,9291000,ft3/s,"['A', '[90]']",0
2004-01-01,0.0,streamflow,9291000,ft3/s,"['A', '[90]']",0
2004-01-02,0.0,streamflow,9291000,ft3/s,"['A', '[90]']",0
2004-01-03,0.0,streamflow,9291000,ft3/s,"['A', '[90]']",0
2004-01-04,0.0,streamflow,9291000,ft3/s,"['A', '[90]']",0
2004-01-05,0.0,streamflow,9291000,ft3/s,"['A', '[90]']",0
2004-01-06,0.0,streamflow,9291000,ft3/s,"['A', '[90]']",0
2004-01-07,0.0,streamflow,9291000,ft3/s,"['A', '[90]']",0
2004-01-08,0.0,streamflow,9291000,ft3/s,"['A', '[90]']",0
2004-01-09,0.0,streamflow,9291000,ft3/s,"['A', '[90]']",0
2004-01-10,0.0,streamflow,9291000,ft3/s,"['A', '[90]']",0
2004-01-11,0.0,streamflow,9291000,ft3/s,"['A', '[90]']",0
2004-01-12,0.0,streamflow,9291000,ft3/s,"['A', '[90]']",0
2004-01-13,0.0,streamflow,9291000,ft3/s,"['A', '[90]']",0
2004-01-14,0.0,streamflow,9291000,ft3/s,"['A', '[90]']",0
2004-01-15,0.0,streamflow,9291000,ft3/s,"['A', '[90]']",0
2004-01-16,0.0,streamflow,9291000,ft3/s,"['A', '[90]']",0
2004-01-17,0.0,streamflow,9291000,ft3/s,"['A', '[90]']",0
2004-01-18,0.0,streamflow,9291000,ft3/s,"['A', '[90]']",0
2004-01-19,0.0,streamflow,9291000,ft3/s,"['A', '[90]']",0
2004-01-20,0.0,streamflow,9291000,ft3/s,"['A', '[90]']",0
2004-01-21,0.0,streamflow,9291000,ft3/s,"['A', '[90]']",0
2004-01-22,0.0,streamflow,9291000,ft3/s,"['A', '[90]']",0
2004-01-23,0.0,streamflow,9291000,ft3/s,"['A', '[90]']",0
2004-01-24,0.0,streamflow,9291000,ft3/s,"['A', '[90]']",0
2004-01-25,0.0,streamflow,9291000,ft3/s,"['A', '[90]']",0
2004-01-26,0.0,streamflow,9291000,ft3/s,"['A', '[90]']",0
2004-01-27,0.0,streamflow,9291000,ft3/s,"['A', '[90]']",0
2004-01-28,0.0,streamflow,9291000,ft3/s,"['A', '[90]']",0
2004-01-29,0.0,streamflow,9291000,ft3/s,"['A', '[90]']",0
2004-01-30,0.0,streamflow,9291000,ft3/s,"['A', '[90]']",0
2004-01-31,0.0,streamflow,9291000,ft3/s,"['A', '[90]']",0
2004-02-01,0.0,streamflow,9291000,ft3/s,"['A', '[90]']",0
2004-02-02,0.0,streamflow,9291000,ft3/s,"['A', '[90]']",0
2004-02-03,0.0,streamflow,9291000,ft3/s,"['A', '[90]']",0
2004-02-04,0.0,streamflow,9291000,ft3/s,"['A', '[90]']",0
2004-02-05,0.0,streamflow,9291000,ft3/s,"['A', '[90]']",0
2004-02-06,0.0,streamflow,9291000,ft3/s,"['A', '[90]']",0
2004-02-07,0.0,streamflow,9291000,ft3/s,"['A', '[90]']",0
2004-02-08,0.0,streamflow,9291000,ft3/s,"['A', '[90]']",0
2004-02-09,0.0,streamflow,9291000,ft3/s,"['A', '[90]']",0
2004-02-10,0.0,streamflow,9291000,ft3/s,"['A', '[90]']",0
2004-02-11,0.0,streamflow,9291000,ft3/s,"['A', '[90]']",0
2004-02-12,0.0,streamflow,9291000,ft3/s,"['A', '[90]']",0
2004-02-13,0.0,streamflow,9291000,ft3/s,"['A', '[90]']",0
2004-02-14,0.0,streamflow,9291000,ft3/s,"['A', '[90]']",0
2004-02-15,0.0,streamflow,9291000,ft3/s,"['A', '[90]']",0
2004-02-16,0.0,streamflow,9291000,ft3/s,"['A', '[90]']",0
2004-02-17,0.0,streamflow,9291000,ft3/s,"['A', '[90]']",0
2004-02-18,0.0,streamflow,9291000,ft3/s,"['A', '[90]']",0
2004-02-19,0.0,streamflow,9291000,ft3/s,"['A', '[90]']",0
2004-02-20,0.0,streamflow,9291000,ft3/s,"['A', '[90]']",0
2004-02-21,0.0,streamflow,9291000,ft3/s,"['A', '[90]']",0
2004-02-22,0.0,streamflow,9291000,ft3/s,"['A', '[90]']",0
2004-02-23,0.0,streamflow,9291000,ft3/s,"['A', '[90]']",0
2004-02-24,0.0,streamflow,9291000,ft3/s,"['A', '[90]']",0
2004-02-25,0.0,streamflow,9291000,ft3/s,"['A', '[90]']",0
2004-02-26,0.0,streamflow,9291000,ft3/s,"['A', '[90]']",0
2004-02-27,0.0,streamflow,9291000,ft3/s,"['A', '[90]']",0
2004-02-28,0.0,streamflow,9291000,ft3/s,"['A', '[90]']",0
2004-02-29,0.0,streamflow,9291000,ft3/s,"['A', '[90]']",0
2004-03-01,0.0,streamflow,9291000,ft3/s,"['A', '[90]']",0
2004-03-02,0.0,streamflow,9291000,ft3/s,"['A', '[90]']",0
2004-03-03,0.0,streamflow,9291000,ft3/s,"['A', '[90]']",0
2004-03-04,0.0,streamflow,9291000,ft3/s,"['A', '[90]']",0
2004-03-05,0.0,streamflow,9291000,ft3/s,"['A', '[90]']",0
2004-03-06,0.0,streamflow,9291000,ft3/s,"['A', '[90]']",0
2004-03-07,0.0,streamflow,9291000,ft3/s,"['A', '[90]']",0
2004-03-08,0.0,streamflow,9291000,ft3/s,"['A', '[90]']",0
2004-03-09,0.0,streamflow,9291000,ft3/s,"['A', '[90]']",0
2004-03-10,0.0,streamflow,9291000,ft3/s,"['A', '[90]']",0
2004-03-11,0.0,streamflow,9291000,ft3/s,"['A', '[90]']",0
2004-03-12,0.0,streamflow,9291000,ft3/s,"['A', '[90]']",0
2004-03-13,0.0,streamflow,9291000,ft3/s,"['A', '[90]']",0
2004-03-14,0.0,streamflow,9291000,ft3/s,"['A', '[90]']",0
2004-03-15,0.0,streamflow,9291000,ft3/s,"['A', '[90]']",0
2004-03-16,0.0,streamflow,9291000,ft3/s,"['A', '[90]']",0
2004-03-17,0.0,streamflow,9291000,ft3/s,"['A', '[90]']",0
2004-03-18,0.0,streamflow,9291000,ft3/s,"['A', '[90]']",0
2004-03-19,0.0,streamflow,9291000,ft3/s,"['A', '[90]']",0
2004-03-20,0.0,streamflow,9291000,ft3/s,"['A', '[90]']",0
2004-03-21,0.0,streamflow,9291000,ft3/s,"['A', '[90]']",0
2004-03-22,0.0,streamflow,9291000,ft3/s,"['A', '[90]']",0
2004-03-23,0.0,streamflow,9291000,ft3/s,"['A', '[90]']",0
2004-03-24,0.0,streamflow,9291000,ft3/s,"['A', '[90]']",0
2004-03-25,0.0,streamflow,9291000,ft3/s,"['A', '[90]']",0
2004-03-26,0.0,streamflow,9291000,ft3/s,"['A', '[90]']",0
2004-03-27,0.0,streamflow,9291000,ft3/s,"['A', '[90]']",0
2004-03-28,0.0,streamflow,9291000,ft3/s,"['A', '[90]']",0
2004-03-29,0.0,streamflow,9291000,ft3/s,"['A', '[90]']",0
2004-03-30,0.0,streamflow,9291000,ft3/s,"['A', '[90]']",0
2004-03-31,0.0,streamflow,9291000,ft3/s,"['A', '[90]']",0
2004-04-01,0.0,streamflow,9291000,ft3/s,"['A', '[90]']",0
2004-04-02,0.0,streamflow,9291000,ft3/s,"['A', '[90]']",0
2004-04-03,0.0,streamflow,9291000,ft3/s,"['A', '[90]']",0
2004-04-04,0.0,streamflow,9291000,ft3/s,"['A', '[90]']",0
2004-04-05,0.0,streamflow,9291000,ft3/s,"['A', '[90]']",0
2004-04-06,0.0,streamflow,9291000,ft3/s,"['A', '[90]']",0
2004-04-07,0.0,streamflow,9291000,ft3/s,"['A', '[90]']",0
2004-04-08,0.0,streamflow,9291000,ft3/s,"['A', '[90]']",0
2004-04-09,0.0,streamflow,9291000,ft3/s,"['A', '[90]']",0
2004-04-10,0.0,streamflow,9291000,ft3/s,"['A', '[90]']",0
2004-04-11,0.0,streamflow,9291000,ft3/s,"['A', '[90]']",0
2004-04-12,0.0,streamflow,9291000,ft3/s,"['A', '[90]']",0
2004-04-13,0.0,streamflow,9291000,ft3/s,"['A', '[90]']",0
2004-04-14,0.0,streamflow,9291000,ft3/s,"['A', '[90]']",0
2004-04-15,0.0,streamflow,9291000,ft3/s,"['A', '[90]']",0
2004-04-16,0.0,streamflow,9291000,ft3/s,"['A', '[90]']",0
2004-04-17,0.0,streamflow,9291000,ft3/s,"['A', '[90]']",0
2004-04-18,,streamflow,9291000,ft3/s,"['A', '[90]']",0
2004-04-19,,streamflow,9291000,ft3/s,"['A', '[90]']",0
2004-04-20,,streamflow,9291000,ft3/s,"['A', '[90]']",0
2004-04-21,,streamflow,9291000,ft3/s,"['A', '[90]']",0
2004-04-22,112.22222,streamflow,9291000,ft3/s,"['A', '[90]']",0
2004-04-23,111.854164,streamflow,9291000,ft3/s,"['A', '[90]']",0
2004-04-24,122.635414,streamflow,9291000,ft3/s,"['A', '[90]']",0
2004-04-25,145.875,streamflow,9291000,ft3/s,"['A', '[90]']",0
2004-04-26,150.625,streamflow,9291000,ft3/s,"['A', '[90]']",0
2004-04-27,185.26042,streamflow,9291000,ft3/s,"['A', '[90]']",0
2004-04-28,185.46875,streamflow,9291000,ft3/s,"['A', '[90]']",0
2004-04-29,184.67708,streamflow,9291000,ft3/s,"['A', '[90]']",0
2004-04-30,184.02083,streamflow,9291000,ft3/s,"['A', '[90]']",0
2004-05-01,226.05208,streamflow,9291000,ft3/s,"['A', '[90]']",0
2004-05-02,305.8229,streamflow,9291000,ft3/s,"['A', '[90]']",0
2004-05-03,443.4896,streamflow,9291000,ft3/s,"['A', '[90]']",0
2004-05-04,437.77084,streamflow,9291000,ft3/s,"['A', '[90]']",0
2004-05-05,406.6875,streamflow,9291000,ft3/s,"['A', '[90]']",0
2004-05-06,389.1979,streamflow,9291000,ft3/s,"['A', '[90]']",0
2004-05-07,275.21875,streamflow,9291000,ft3/s,"['A', '[90]']",0
2004-05-08,263.8854,streamflow,9291000,ft3/s,"['A', '[90]']",0
2004-05-09,241.625,streamflow,9291000,ft3/s,"['A', '[90]']",0
2004-05-10,240.375,streamflow,9291000,ft3/s,"['A', '[90]']",0
2004-05-11,223.79167,streamflow,9291000,ft3/s,"['A', '[90]']",0
2004-05-12,224.875,streamflow,9291000,ft3/s,"['A', '[90]']",0
2004-05-13,284.3125,streamflow,9291000,ft3/s,"['A', '[90]']",0
2004-05-14,497.25,streamflow,9291000,ft3/s,"['A', '[90]']",0
2004-05-15,521.9792,streamflow,9291000,ft3/s,"['A', '[90]']",0
2004-05-16,525.90625,streamflow,9291000,ft3/s,"['A', '[90]']",0
2004-05-17,464.2604,streamflow,9291000,ft3/s,"['A', '[90]']",0
2004-05-18,293.6354,streamflow,9291000,ft3/s,"['A', '[90]']",0
2004-05-19,214.0,streamflow,9291000,ft3/s,"['A', '[90]']",0
2004-05-20,232.09375,streamflow,9291000,ft3/s,"['A', '[90]']",0
2004-05-21,258.6875,streamflow,9291000,ft3/s,"['A', '[90]']",0
2004-05-22,259.16666,streamflow,9291000,ft3/s,"['A', '[90]']",0
2004-05-23,259.27084,streamflow,9291000,ft3/s,"['A', '[90]']",0
2004-05-24,295.8125,streamflow,9291000,ft3/s,"['A', '[90]']",0
2004-05-25,368.91666,streamflow,9291000,ft3/s,"['A', '[90]']",0
2004-05-26,399.5,streamflow,9291000,ft3/s,"['A', '[90]']",0
2004-05-27,397.10416,streamflow,9291000,ft3/s,"['A', '[90]']",0
2004-05-28,394.5521,streamflow,9291000,ft3/s,"['A', '[90]']",0
2004-05-29,394.4479,streamflow,9291000,ft3/s,"['A', '[90]']",0
2004-05-30,394.89584,streamflow,9291000,ft3/s,"['A', '[90]']",0
2004-05-31,393.45834,streamflow,9291000,ft3/s,"['A', '[90]']",0
2004-06-01,390.79166,streamflow,9291000,ft3/s,"['A', '[90]']",0
2004-06-02,390.375,streamflow,9291000,ft3/s,"['A', '[90]']",0
2004-06-03,378.91666,streamflow,9291000,ft3/s,"['A', '[90]']",0
2004-06-04,315.1146,streamflow,9291000,ft3/s,"['A', '[90]']",0
2004-06-05,269.78125,streamflow,9291000,ft3/s,"['A', '[90]']",0
2004-06-06,263.29166,streamflow,9291000,ft3/s,"['A', '[90]']",0
2004-06-07,247.11458,streamflow,9291000,ft3/s,"['A', '[90]']",0
2004-06-08,293.04166,streamflow,9291000,ft3/s,"['A', '[90]']",0
2004-06-09,293.18054,streamflow,9291000,ft3/s,"['A', '[90]']",0
2004-06-10,316.85416,streamflow,9291000,ft3/s,"['A', '[90]']",0
2004-06-11,364.28125,streamflow,9291000,ft3/s,"['A', '[90]']",0
2004-06-12,376.5729,streamflow,9291000,ft3/s,"['A', '[90]']",0
2004-06-13,394.90625,streamflow,9291000,ft3/s,"['A', '[90]']",0
2004-06-14,362.2604,streamflow,9291000,ft3/s,"['A', '[90]']",0
2004-06-15,357.25,streamflow,9291000,ft3/s,"['A', '[90]']",0
2004-06-16,361.08334,streamflow,9291000,ft3/s,"['A', '[90]']",0
2004-06-17,359.96875,streamflow,9291000,ft3/s,"['A', '[90]']",0
2004-06-18,373.8229,streamflow,9291000,ft3/s,"['A', '[90]']",0
2004-06-19,301.4896,streamflow,9291000,ft3/s,"['A', '[90]']",0
2004-06-20,254.22917,streamflow,9291000,ft3/s,"['A', '[90]']",0
2004-06-21,196.36458,streamflow,9291000,ft3/s,"['A', '[90]']",0
2004-06-22,115.958336,streamflow,9291000,ft3/s,"['A', '[90]']",0
2004-06-23,115.947914,streamflow,9291000,ft3/s,"['A', '[90]']",0
2004-06-24,126.65625,streamflow,9291000,ft3/s,"['A', '[90]']",0
2004-06-25,141.15625,streamflow,9291000,ft3/s,"['A', '[90]']",0
2004-06-26,161.86458,streamflow,9291000,ft3/s,"['A', '[90]']",0
2004-06-27,178.0625,streamflow,9291000,ft3/s,"['A', '[90]']",0
2004-06-28,24.239584,streamflow,9291000,ft3/s,"['A', '[90]']",0
2004-06-29,25.0,streamflow,9291000,ft3/s,"['A', '[90]']",0
2004-06-30,25.0,streamflow,9291000,ft3/s,"['A', '[90]']",0
2004-07-01,24.125,streamflow,9291000,ft3/s,"['A', '[90]']",0
2004-07-02,24.0,streamflow,9291000,ft3/s,"['A', '[90]']",0
2004-07-03,24.0,streamflow,9291000,ft3/s,"['A', '[90]']",0
2004-07-04,51.614582,streamflow,9291000,ft3/s,"['A', '[90]']",0
2004-07-05,112.822914,streamflow,9291000,ft3/s,"['A', '[90]']",0
2004-07-06,119.6875,streamflow,9291000,ft3/s,"['A', '[90]']",0
2004-07-07,149.6875,streamflow,9291000,ft3/s,"['A', '[90]']",0
2004-07-08,147.8125,streamflow,9291000,ft3/s,"['A', '[90]']",0
2004-07-09,168.10417,streamflow,9291000,ft3/s,"['A', '[90]']",0
2004-07-10,202.69792,streamflow,9291000,ft3/s,"['A', '[90]']",0
2004-07-11,207.46875,streamflow,9291000,ft3/s,"['A', '[90]']",0
2004-07-12,221.8125,streamflow,9291000,ft3/s,"['A', '[90]']",0
2004-07-13,248.94792,streamflow,9291000,ft3/s,"['A', '[90]']",0
2004-07-14,247.45833,streamflow,9291000,ft3/s,"['A', '[90]']",0
2004-07-15,246.35417,streamflow,9291000,ft3/s,"['A', '[90]']",0
2004-07-16,238.05208,streamflow,9291000,ft3/s,"['A', '[90]']",0
2004-07-17,163.35417,streamflow,9291000,ft3/s,"['A', '[90]']",0
2004-07-18,105.760414,streamflow,9291000,ft3/s,"['A', '[90]']",0
2004-07-19,136.02083,streamflow,9291000,ft3/s,"['A', '[90]']",0
2004-07-20,186.25,streamflow,9291000,ft3/s,"['A', '[90]']",0
2004-07-21,186.10417,streamflow,9291000,ft3/s,"['A', '[90]']",0
2004-07-22,214.0625,streamflow,9291000,ft3/s,"['A', '[90]']",0
2004-07-23,216.66667,streamflow,9291000,ft3/s,"['A', '[90]']",0
2004-07-24,220.08333,streamflow,9291000,ft3/s,"['A', '[90]']",0
2004-07-25,220.625,streamflow,9291000,ft3/s,"['A', '[90]']",0
2004-07-26,99.260414,streamflow,9291000,ft3/s,"['A', '[90]']",0
2004-07-27,90.645836,streamflow,9291000,ft3/s,"['A', '[90]']",0
2004-07-28,90.979164,streamflow,9291000,ft3/s,"['A', '[90]']",0
2004-07-29,91.145836,streamflow,9291000,ft3/s,"['A', '[90]']",0
2004-07-30,91.208336,streamflow,9291000,ft3/s,"['A', '[90]']",0
2004-07-31,236.44792,streamflow,9291000,ft3/s,"['A', '[90]']",0
2004-08-01,243.625,streamflow,9291000,ft3/s,"['A', '[90]']",0
2004-08-02,242.79167,streamflow,9291000,ft3/s,"['A', '[90]']",0
2004-08-03,253.28125,streamflow,9291000,ft3/s,"['A', '[90]']",0
2004-08-04,307.02084,streamflow,9291000,ft3/s,"['A', '[90]']",0
2004-08-05,334.5104,streamflow,9291000,ft3/s,"['A', '[90]']",0
2004-08-06,331.46875,streamflow,9291000,ft3/s,"['A', '[90]']",0
2004-08-07,329.60416,streamflow,9291000,ft3/s,"['A', '[90]']",0
2004-08-08,328.2604,streamflow,9291000,ft3/s,"['A', '[90]']",0
2004-08-09,325.78125,streamflow,9291000,ft3/s,"['A', '[90]']",0
2004-08-10,320.0625,streamflow,9291000,ft3/s,"['A', '[90]']",0
2004-08-11,282.34375,streamflow,9291000,ft3/s,"['A', '[90]']",0
2004-08-12,281.89584,streamflow,9291000,ft3/s,"['A', '[90]']",0
2004-08-13,280.1146,streamflow,9291000,ft3/s,"['A', '[90]']",0
2004-08-14,281.78125,streamflow,9291000,ft3/s,"['A', '[90]']",0
2004-08-15,308.6875,streamflow,9291000,ft3/s,"['A', '[90]']",0
2004-08-16,283.3646,streamflow,9291000,ft3/s,"['A', '[90]']",0
2004-08-17,281.625,streamflow,9291000,ft3/s,"['A', '[90]']",0
2004-08-18,279.33334,streamflow,9291000,ft3/s,"['A', '[90]']",0
2004-08-19,264.90625,streamflow,9291000,ft3/s,"['A', '[90]']",0
2004-08-20,207.01042,streamflow,9291000,ft3/s,"['A', '[90]']",0
2004-08-21,203.95833,streamflow,9291000,ft3/s,"['A', '[90]']",0
2004-08-22,203.48958,streamflow,9291000,ft3/s,"['A', '[90]']",0
2004-08-23,116.4375,streamflow,9291000,ft3/s,"['A', '[90]']",0
2004-08-24,130.9375,streamflow,9291000,ft3/s,"['A', '[90]']",0
2004-08-25,140.0,streamflow,9291000,ft3/s,"['A', '[90]']",0
2004-08-26,139.75,streamflow,9291000,ft3/s,"['A', '[90]']",0
2004-08-27,139.375,streamflow,9291000,ft3/s,"['A', '[90]']",0
2004-08-28,138.46875,streamflow,9291000,ft3/s,"['A', '[90]']",0
2004-08-29,138.8125,streamflow,9291000,ft3/s,"['A', '[90]']",0
2004-08-30,138.625,streamflow,9291000,ft3/s,"['A', '[90]']",0
2004-08-31,137.8125,streamflow,9291000,ft3/s,"['A', '[90]']",0
2004-09-01,90.572914,streamflow,9291000,ft3/s,"['A', '[90]']",0
2004-09-02,71.0,streamflow,9291000,ft3/s,"['A', '[90]']",0
2004-09-03,71.0,streamflow,9291000,ft3/s,"['A', '[90]']",0
2004-09-04,70.958336,streamflow,9291000,ft3/s,"['A', '[90]']",0
2004-09-05,71.0,streamflow,9291000,ft3/s,"['A', '[90]']",0
2004-09-06,64.125,streamflow,9291000,ft3/s,"['A', '[90]']",0
2004-09-07,50.0,streamflow,9291000,ft3/s,"['A', '[90]']",0
2004-09-08,50.0,streamflow,9291000,ft3/s,"['A', '[90]']",0
2004-09-09,50.0,streamflow,9291000,ft3/s,"['A', '[90]']",0
2004-09-10,50.0,streamflow,9291000,ft3/s,"['A', '[90]']",0
2004-09-11,81.78125,streamflow,9291000,ft3/s,"['A', '[90]']",0
2004-09-12,92.25,streamflow,9291000,ft3/s,"['A', '[90]']",0
2004-09-13,92.125,streamflow,9291000,ft3/s,"['A', '[90]']",0
2004-09-14,92.125,streamflow,9291000,ft3/s,"['A', '[90]']",0
2004-09-15,92.03125,streamflow,9291000,ft3/s,"['A', '[90]']",0
2004-09-16,92.0,streamflow,9291000,ft3/s,"['A', '[90]']",0
2004-09-17,91.979164,streamflow,9291000,ft3/s,"['A', '[90]']",0
2004-09-18,62.708332,streamflow,9291000,ft3/s,"['A', '[90]']",0
2004-09-19,54.177082,streamflow,9291000,ft3/s,"['A', '[90]']",0
2004-09-20,48.333332,streamflow,9291000,ft3/s,"['A', '[90]']",0
2004-09-21,5.0579166,streamflow,9291000,ft3/s,"['A', '[90]']",0
2004-09-22,0.0,streamflow,9291000,ft3/s,"['A', '[90]']",0
2004-09-23,0.0,streamflow,9291000,ft3/s,"['A', '[90]']",0
2004-09-24,0.0,streamflow,9291000,ft3/s,"['A', '[90]']",0
2004-09-25,0.0,streamflow,9291000,ft3/s,"['A', '[90]']",0
2004-09-26,0.0,streamflow,9291000,ft3/s,"['A', '[90]']",0
2004-09-27,0.0,streamflow,9291000,ft3/s,"['A', '[90]']",0
2004-09-28,0.0,streamflow,9291000,ft3/s,"['A', '[90]']",0
2004-09-29,0.0,streamflow,9291000,ft3/s,"['A', '[90]']",0
2004-09-30,0.0,streamflow,9291000,ft3/s,"['A', '[90]']",0
2004-10-01,0.0,streamflow,9291000,ft3/s,"['A', '[90]']",0
2004-10-02,0.0,streamflow,9291000,ft3/s,"['A', '[90]']",0
2004-10-03,0.0,streamflow,9291000,ft3/s,"['A', '[90]']",0
2004-10-04,0.0,streamflow,9291000,ft3/s,"['A', '[90]']",0
2004-10-05,0.0,streamflow,9291000,ft3/s,"['A', '[90]']",0
2004-10-06,0.0,streamflow,9291000,ft3/s,"['A', '[90]']",0
2004-10-07,,streamflow,9291000,ft3/s,"['A', '[90]']",0
2004-10-08,,streamflow,9291000,ft3/s,"['A', '[90]']",0
2004-10-09,,streamflow,9291000,ft3/s,"['A', '[90]']",0
2004-10-10,,streamflow,9291000,ft3/s,"['A', '[90]']",0
2004-10-11,,streamflow,9291000,ft3/s,"['A', '[90]']",0
2004-10-12,,streamflow,9291000,ft3/s,"['A', '[90]']",0
2004-10-13,,streamflow,9291000,ft3/s,"['A', '[90]']",0
2004-10-14,,streamflow,9291000,ft3/s,"['A', '[90]']",0
2004-10-15,,streamflow,9291000,ft3/s,"['A', '[90]']",0
2004-10-16,,streamflow,9291000,ft3/s,"['A', '[90]']",0
2004-10-17,,streamflow,9291000,ft3/s,"['A', '[90]']",0
2004-10-18,,streamflow,9291000,ft3/s,"['A', '[90]']",0
2004-10-19,,streamflow,9291000,ft3/s,"['A', '[90]']",0
2004-10-20,,streamflow,9291000,ft3/s,"['A', '[90]']",0
2004-10-21,,streamflow,9291000,ft3/s,"['A', '[90]']",0
2004-10-22,,streamflow,9291000,ft3/s,"['A', '[90]']",0
2004-10-23,,streamflow,9291000,ft3/s,"['A', '[90]']",0
2004-10-24,,streamflow,9291000,ft3/s,"['A', '[90]']",0
2004-10-25,,streamflow,9291000,ft3/s,"['A', '[90]']",0
2004-10-26,,streamflow,9291000,ft3/s,"['A', '[90]']",0
2004-10-27,,streamflow,9291000,ft3/s,"['A', '[90]']",0
2004-10-28,,streamflow,9291000,ft3/s,"['A', '[90]']",0
2004-10-29,,streamflow,9291000,ft3/s,"['A', '[90]']",0
2004-10-30,,streamflow,9291000,ft3/s,"['A', '[90]']",0
2004-10-31,,streamflow,9291000,ft3/s,"['A', '[90]']",0
2004-11-01,,streamflow,9291000,ft3/s,"['A', '[90]']",0
2004-11-02,,streamflow,9291000,ft3/s,"['A', '[90]']",0
2004-11-03,,streamflow,9291000,ft3/s,"['A', '[90]']",0
2004-11-04,,streamflow,9291000,ft3/s,"['A', '[90]']",0
2004-11-05,,streamflow,9291000,ft3/s,"['A', '[90]']",0
2004-11-06,,streamflow,9291000,ft3/s,"['A', '[90]']",0
2004-11-07,,streamflow,9291000,ft3/s,"['A', '[90]']",0
2004-11-08,,streamflow,9291000,ft3/s,"['A', '[90]']",0
2004-11-09,,streamflow,9291000,ft3/s,"['A', '[90]']",0
2004-11-10,,streamflow,9291000,ft3/s,"['A', '[90]']",0
2004-11-11,,streamflow,9291000,ft3/s,"['A', '[90]']",0
2004-11-12,,streamflow,9291000,ft3/s,"['A', '[90]']",0
2004-11-13,,streamflow,9291000,ft3/s,"['A', '[90]']",0
2004-11-14,,streamflow,9291000,ft3/s,"['A', '[90]']",0
2004-11-15,,streamflow,9291000,ft3/s,"['A', '[90]']",0
2004-11-16,,streamflow,9291000,ft3/s,"['A', '[90]']",0
2004-11-17,,streamflow,9291000,ft3/s,"['A', '[90]']",0
2004-11-18,,streamflow,9291000,ft3/s,"['A', '[90]']",0
2004-11-19,,streamflow,9291000,ft3/s,"['A', '[90]']",0
2004-11-20,,streamflow,9291000,ft3/s,"['A', '[90]']",0
2004-11-21,,streamflow,9291000,ft3/s,"['A', '[90]']",0
2004-11-22,,streamflow,9291000,ft3/s,"['A', '[90]']",0
2004-11-23,,streamflow,9291000,ft3/s,"['A', '[90]']",0
2004-11-24,,streamflow,9291000,ft3/s,"['A', '[90]']",0
2004-11-25,,streamflow,9291000,ft3/s,"['A', '[90]']",0
2004-11-26,,streamflow,9291000,ft3/s,"['A', '[90]']",0
2004-11-27,,streamflow,9291000,ft3/s,"['A', '[90]']",0
2004-11-28,,streamflow,9291000,ft3/s,"['A', '[90]']",0
2004-11-29,,streamflow,9291000,ft3/s,"['A', '[90]']",0
2004-11-30,,streamflow,9291000,ft3/s,"['A', '[90]']",0
2004-12-01,,streamflow,9291000,ft3/s,"['A', '[90]']",0
2004-12-02,,streamflow,9291000,ft3/s,"['A', '[90]']",0
2004-12-03,,streamflow,9291000,ft3/s,"['A', '[90]']",0
2004-12-04,,streamflow,9291000,ft3/s,"['A', '[90]']",0
2004-12-05,,streamflow,9291000,ft3/s,"['A', '[90]']",0
2004-12-06,,streamflow,9291000,ft3/s,"['A', '[90]']",0
2004-12-07,,streamflow,9291000,ft3/s,"['A', '[90]']",0
2004-12-08,,streamflow,9291000,ft3/s,"['A', '[90]']",0
2004-12-09,,streamflow,9291000,ft3/s,"['A', '[90]']",0
2004-12-10,,streamflow,9291000,ft3/s,"['A', '[90]']",0
2004-12-11,,streamflow,9291000,ft3/s,"['A', '[90]']",0
2004-12-12,,streamflow,9291000,ft3/s,"['A', '[90]']",0
2004-12-13,,streamflow,9291000,ft3/s,"['A', '[90]']",0
2004-12-14,,streamflow,9291000,ft3/s,"['A', '[90]']",0
2004-12-15,,streamflow,9291000,ft3/s,"['A', '[90]']",0
2004-12-16,,streamflow,9291000,ft3/s,"['A', '[90]']",0
2004-12-17,,streamflow,9291000,ft3/s,"['A', '[90]']",0
2004-12-18,,streamflow,9291000,ft3/s,"['A', '[90]']",0
2004-12-19,,streamflow,9291000,ft3/s,"['A', '[90]']",0
2004-12-20,,streamflow,9291000,ft3/s,"['A', '[90]']",0
2004-12-21,,streamflow,9291000,ft3/s,"['A', '[90]']",0
2004-12-22,,streamflow,9291000,ft3/s,"['A', '[90]']",0
2004-12-23,,streamflow,9291000,ft3/s,"['A', '[90]']",0
2004-12-24,,streamflow,9291000,ft3/s,"['A', '[90]']",0
2004-12-25,,streamflow,9291000,ft3/s,"['A', '[90]']",0
2004-12-26,,streamflow,9291000,ft3/s,"['A', '[90]']",0
2004-12-27,,streamflow,9291000,ft3/s,"['A', '[90]']",0
2004-12-28,,streamflow,9291000,ft3/s,"['A', '[90]']",0
2004-12-29,,streamflow,9291000,ft3/s,"['A', '[90]']",0
2004-12-30,,streamflow,9291000,ft3/s,"['A', '[90]']",0
2004-12-31,,streamflow,9291000,ft3/s,"['A', '[90]']",0
2005-01-01,,streamflow,9291000,ft3/s,"['A', '[90]']",0
2005-01-02,,streamflow,9291000,ft3/s,"['A', '[90]']",0
2005-01-03,,streamflow,9291000,ft3/s,"['A', '[90]']",0
2005-01-04,,streamflow,9291000,ft3/s,"['A', '[90]']",0
2005-01-05,,streamflow,9291000,ft3/s,"['A', '[90]']",0
2005-01-06,0.0,streamflow,9291000,ft3/s,"['A', '[90]']",0
2005-01-07,0.0,streamflow,9291000,ft3/s,"['A', '[90]']",0
2005-01-08,0.0,streamflow,9291000,ft3/s,"['A', '[90]']",0
2005-01-09,0.0,streamflow,9291000,ft3/s,"['A', '[90]']",0
2005-01-10,0.0,streamflow,9291000,ft3/s,"['A', '[90]']",0
2005-01-11,0.0,streamflow,9291000,ft3/s,"['A', '[90]']",0
2005-01-12,0.0,streamflow,9291000,ft3/s,"['A', '[90]']",0
2005-01-13,0.0,streamflow,9291000,ft3/s,"['A', '[90]']",0
2005-01-14,0.0,streamflow,9291000,ft3/s,"['A', '[90]']",0
2005-01-15,0.0,streamflow,9291000,ft3/s,"['A', '[90]']",0
2005-01-16,0.0,streamflow,9291000,ft3/s,"['A', '[90]']",0
2005-01-17,0.0,streamflow,9291000,ft3/s,"['A', '[90]']",0
2005-01-18,0.0,streamflow,9291000,ft3/s,"['A', '[90]']",0
2005-01-19,0.0,streamflow,9291000,ft3/s,"['A', '[90]']",0
2005-01-20,0.0,streamflow,9291000,ft3/s,"['A', '[90]']",0
2005-01-21,0.0,streamflow,9291000,ft3/s,"['A', '[90]']",0
2005-01-22,0.0,streamflow,9291000,ft3/s,"['A', '[90]']",0
2005-01-23,0.0,streamflow,9291000,ft3/s,"['A', '[90]']",0
2005-01-24,0.0,streamflow,9291000,ft3/s,"['A', '[90]']",0
2005-01-25,0.0,streamflow,9291000,ft3/s,"['A', '[90]']",0
2005-01-26,0.0,streamflow,9291000,ft3/s,"['A', '[90]']",0
2005-01-27,0.0,streamflow,9291000,ft3/s,"['A', '[90]']",0
2005-01-28,0.0,streamflow,9291000,ft3/s,"['A', '[90]']",0
2005-01-29,0.0,streamflow,9291000,ft3/s,"['A', '[90]']",0
2005-01-30,0.0,streamflow,9291000,ft3/s,"['A', '[90]']",0
2005-01-31,0.0,streamflow,9291000,ft3/s,"['A', '[90]']",0
2005-02-01,0.0,streamflow,9291000,ft3/s,"['A', '[90]']",0
2005-02-02,0.0,streamflow,9291000,ft3/s,"['A', '[90]']",0
2005-02-03,0.0,streamflow,9291000,ft3/s,"['A', '[90]']",0
2005-02-04,0.0,streamflow,9291000,ft3/s,"['A', '[90]']",0
2005-02-05,0.0,streamflow,9291000,ft3/s,"['A', '[90]']",0
2005-02-06,0.0,streamflow,9291000,ft3/s,"['A', '[90]']",0
2005-02-07,0.0,streamflow,9291000,ft3/s,"['A', '[90]']",0
2005-02-08,0.0,streamflow,9291000,ft3/s,"['A', '[90]']",0
2005-02-09,0.0,streamflow,9291000,ft3/s,"['A', '[90]']",0
2005-02-10,0.0,streamflow,9291000,ft3/s,"['A', '[90]']",0
2005-02-11,0.0,streamflow,9291000,ft3/s,"['A', '[90]']",0
2005-02-12,0.0,streamflow,9291000,ft3/s,"['A', '[90]']",0
2005-02-13,0.0,streamflow,9291000,ft3/s,"['A', '[90]']",0
2005-02-14,0.0,streamflow,9291000,ft3/s,"['A', '[90]']",0
2005-02-15,0.0,streamflow,9291000,ft3/s,"['A', '[90]']",0
2005-02-16,0.0,streamflow,9291000,ft3/s,"['A', '[90]']",0
2005-02-17,0.0,streamflow,9291000,ft3/s,"['A', '[90]']",0
2005-02-18,0.0,streamflow,9291000,ft3/s,"['A', '[90]']",0
2005-02-19,0.0,streamflow,9291000,ft3/s,"['A', '[90]']",0
2005-02-20,0.0,streamflow,9291000,ft3/s,"['A', '[90]']",0
2005-02-21,0.0,streamflow,9291000,ft3/s,"['A', '[90]']",0
2005-02-22,0.0,streamflow,9291000,ft3/s,"['A', '[90]']",0
2005-02-23,0.0,streamflow,9291000,ft3/s,"['A', '[90]']",0
2005-02-24,0.0,streamflow,9291000,ft3/s,"['A', '[90]']",0
2005-02-25,0.0,streamflow,9291000,ft3/s,"['A', '[90]']",0
2005-02-26,0.0,streamflow,9291000,ft3/s,"['A', '[90]']",0
2005-02-27,0.0,streamflow,9291000,ft3/s,"['A', '[90]']",0
2005-02-28,0.0,streamflow,9291000,ft3/s,"['A', '[90]']",0
2005-03-01,0.0,streamflow,9291000,ft3/s,"['A', '[90]']",0
2005-03-02,0.0,streamflow,9291000,ft3/s,"['A', '[90]']",0
2005-03-03,0.0,streamflow,9291000,ft3/s,"['A', '[90]']",0
2005-03-04,0.0,streamflow,9291000,ft3/s,"['A', '[90]']",0
2005-03-05,0.0,streamflow,9291000,ft3/s,"['A', '[90]']",0
2005-03-06,0.0,streamflow,9291000,ft3/s,"['A', '[90]']",0
2005-03-07,0.0,streamflow,9291000,ft3/s,"['A', '[90]']",0
2005-03-08,0.0,streamflow,9291000,ft3/s,"['A', '[90]']",0
2005-03-09,0.0,streamflow,9291000,ft3/s,"['A', '[90]']",0
2005-03-10,0.0,streamflow,9291000,ft3/s,"['A', '[90]']",0
2005-03-11,0.0,streamflow,9291000,ft3/s,"['A', '[90]']",0
2005-03-12,0.0,streamflow,9291000,ft3/s,"['A', '[90]']",0
2005-03-13,0.0,streamflow,9291000,ft3/s,"['A', '[90]']",0
2005-03-14,0.0,streamflow,9291000,ft3/s,"['A', '[90]']",0
2005-03-15,0.0,streamflow,9291000,ft3/s,"['A', '[90]']",0
2005-03-16,0.0,streamflow,9291000,ft3/s,"['A', '[90]']",0
2005-03-17,0.0,streamflow,9291000,ft3/s,"['A', '[90]']",0
2005-03-18,0.0,streamflow,9291000,ft3/s,"['A', '[90]']",0
2005-03-19,0.0,streamflow,9291000,ft3/s,"['A', '[90]']",0
2005-03-20,0.0,streamflow,9291000,ft3/s,"['A', '[90]']",0
2005-03-21,0.0,streamflow,9291000,ft3/s,"['A', '[90]']",0
2005-03-22,0.0,streamflow,9291000,ft3/s,"['A', '[90]']",0
2005-03-23,0.0,streamflow,9291000,ft3/s,"['A', '[90]']",0
2005-03-24,0.0,streamflow,9291000,ft3/s,"['A', '[90]']",0
2005-03-25,0.0,streamflow,9291000,ft3/s,"['A', '[90]']",0
2005-03-26,0.0,streamflow,9291000,ft3/s,"['A', '[90]']",0
2005-03-27,0.0,streamflow,9291000,ft3/s,"['A', '[90]']",0
2005-03-28,0.0,streamflow,9291000,ft3/s,"['A', '[90]']",0
2005-03-29,0.0,streamflow,9291000,ft3/s,"['A', '[90]']",0
2005-03-30,0.0,streamflow,9291000,ft3/s,"['A', '[90]']",0
2005-03-31,0.0,streamflow,9291000,ft3/s,"['A', '[90]']",0
2005-04-01,0.0,streamflow,9291000,ft3/s,"['A', '[90]']",0
2005-04-02,0.0,streamflow,9291000,ft3/s,"['A', '[90]']",0
2005-04-03,0.0,streamflow,9291000,ft3/s,"['A', '[90]']",0
2005-04-04,0.0,streamflow,9291000,ft3/s,"['A', '[90]']",0
2005-04-05,0.0,streamflow,9291000,ft3/s,"['A', '[90]']",0
2005-04-06,0.0,streamflow,9291000,ft3/s,"['A', '[90]']",0
2005-04-07,0.0,streamflow,9291000,ft3/s,"['A', '[90]']",0
2005-04-08,0.0,streamflow,9291000,ft3/s,"['A', '[90]']",0
2005-04-09,0.0,streamflow,9291000,ft3/s,"['A', '[90]']",0
2005-04-10,0.0,streamflow,9291000,ft3/s,"['A', '[90]']",0
2005-04-11,0.0,streamflow,9291000,ft3/s,"['A', '[90]']",0
2005-04-12,0.0,streamflow,9291000,ft3/s,"['A', '[90]']",0
2005-04-13,0.0,streamflow,9291000,ft3/s,"['A', '[90]']",0
2005-04-14,0.0,streamflow,9291000,ft3/s,"['A', '[90]']",0
2005-04-15,0.0,streamflow,9291000,ft3/s,"['A', '[90]']",0
2005-04-16,,streamflow,9291000,ft3/s,"['A', '[90]']",0
2005-04-17,,streamflow,9291000,ft3/s,"['A', '[90]']",0
2005-04-18,,streamflow,9291000,ft3/s,"['A', '[90]']",0
2005-04-19,,streamflow,9291000,ft3/s,"['A', '[90]']",0
2005-04-20,,streamflow,9291000,ft3/s,"['A', '[90]']",0
2005-04-21,,streamflow,9291000,ft3/s,"['A', '[90]']",0
2005-04-22,,streamflow,9291000,ft3/s,"['A', '[90]']",0
2005-04-23,,streamflow,9291000,ft3/s,"['A', '[90]']",0
2005-04-24,,streamflow,9291000,ft3/s,"['A', '[90]']",0
2005-04-25,,streamflow,9291000,ft3/s,"['A', '[90]']",0
2005-04-26,,streamflow,9291000,ft3/s,"['A', '[90]']",0
2005-04-27,,streamflow,9291000,ft3/s,"['A', '[90]']",0
2005-04-28,,streamflow,9291000,ft3/s,"['A', '[90]']",0
2005-04-29,,streamflow,9291000,ft3/s,"['A', '[90]']",0
2005-04-30,,streamflow,9291000,ft3/s,"['A', '[90]']",0
2005-05-01,,streamflow,9291000,ft3/s,"['A', '[90]']",0
2005-05-02,,streamflow,9291000,ft3/s,"['A', '[90]']",0
2005-05-03,,streamflow,9291000,ft3/s,"['A', '[90]']",0
2005-05-04,,streamflow,9291000,ft3/s,"['A', '[90]']",0
2005-05-05,450.08334,streamflow,9291000,ft3/s,"['A', '[90]']",0
2005-05-06,477.02084,streamflow,9291000,ft3/s,"['A', '[90]']",0
2005-05-07,494.29166,streamflow,9291000,ft3/s,"['A', '[90]']",0
2005-05-08,526.0625,streamflow,9291000,ft3/s,"['A', '[90]']",0
2005-05-09,522.42706,streamflow,9291000,ft3/s,"['A', '[90]']",0
2005-05-10,515.3333,streamflow,9291000,ft3/s,"['A', '[90]']",0
2005-05-11,508.90625,streamflow,9291000,ft3/s,"['A', '[90]']",0
2005-05-12,499.3854,streamflow,9291000,ft3/s,"['A', '[90]']",0
2005-05-13,492.7396,streamflow,9291000,ft3/s,"['A', '[90]']",0
2005-05-14,484.97916,streamflow,9291000,ft3/s,"['A', '[90]']",0
2005-05-15,477.8229,streamflow,9291000,ft3/s,"['A', '[90]']",0
2005-05-16,472.0104,streamflow,9291000,ft3/s,"['A', '[90]']",0
2005-05-17,471.0625,streamflow,9291000,ft3/s,"['A', '[90]']",0
2005-05-18,469.10416,streamflow,9291000,ft3/s,"['A', '[90]']",0
2005-05-19,465.0521,streamflow,9291000,ft3/s,"['A', '[90]']",0
2005-05-20,467.15625,streamflow,9291000,ft3/s,"['A', '[90]']",0
2005-05-21,473.70834,streamflow,9291000,ft3/s,"['A', '[90]']",0
2005-05-22,484.21875,streamflow,9291000,ft3/s,"['A', '[90]']",0
2005-05-23,501.8646,streamflow,9291000,ft3/s,"['A', '[90]']",0
2005-05-24,521.2708,streamflow,9291000,ft3/s,"['A', '[90]']",0
2005-05-25,451.60416,streamflow,9291000,ft3/s,"['A', '[90]']",0
2005-05-26,484.5104,streamflow,9291000,ft3/s,"['A', '[90]']",0
2005-05-27,524.6042,streamflow,9291000,ft3/s,"['A', '[90]']",0
2005-05-28,535.34375,streamflow,9291000,ft3/s,"['A', '[90]']",0
2005-05-29,549.6042,streamflow,9291000,ft3/s,"['A', '[90]']",0
2005-05-30,564.55206,streamflow,9291000,ft3/s,"['A', '[90]']",0
2005-05-31,611.75,streamflow,9291000,ft3/s,"['A', '[90]']",0
2005-06-01,685.17706,streamflow,9291000,ft3/s,"['A', '[90]']",0
2005-06-02,741.9583,streamflow,9291000,ft3/s,"['A', '[90]']",0
2005-06-03,867.11456,streamflow,9291000,ft3/s,"['A', '[90]']",0
2005-06-04,858.9792,streamflow,9291000,ft3/s,"['A', '[90]']",0
2005-06-05,845.2083,streamflow,9291000,ft3/s,"['A', '[90]']",0
2005-06-06,841.38544,streamflow,9291000,ft3/s,"['A', '[90]']",0
2005-06-07,835.98956,streamflow,9291000,ft3/s,"['A', '[90]']",0
2005-06-08,793.42706,streamflow,9291000,ft3/s,"['A', '[90]']",0
2005-06-09,609.5625,streamflow,9291000,ft3/s,"['A', '[90]']",0
2005-06-10,496.3021,streamflow,9291000,ft3/s,"['A', '[90]']",0
2005-06-11,497.9479,streamflow,9291000,ft3/s,"['A', '[90]']",0
2005-06-12,491.40625,streamflow,9291000,ft3/s,"['A', '[90]']",0
2005-06-13,393.7604,streamflow,9291000,ft3/s,"['A', '[90]']",0
2005-06-14,224.125,streamflow,9291000,ft3/s,"['A', '[90]']",0
2005-06-15,226.33333,streamflow,9291000,ft3/s,"['A', '[90]']",0
2005-06-16,229.54167,streamflow,9291000,ft3/s,"['A', '[90]']",0
2005-06-17,235.41667,streamflow,9291000,ft3/s,"['A', '[90]']",0
2005-06-18,240.64583,streamflow,9291000,ft3/s,"['A', '[90]']",0
2005-06-19,715.2917,streamflow,9291000,ft3/s,"['A', '[90]']",0
2005-06-20,1238.3438,streamflow,9291000,ft3/s,"['A', '[90]']",0
2005-06-21,1160.2604,streamflow,9291000,ft3/s,"['A', '[90]']",0
2005-06-22,1187.7084,streamflow,9291000,ft3/s,"['A', '[90]']",0
2005-06-23,1226.7709,streamflow,9291000,ft3/s,"['A', '[90]']",0
2005-06-24,1060.1875,streamflow,9291000,ft3/s,"['A', '[90]']",0
2005-06-25,975.17706,streamflow,9291000,ft3/s,"['A', '[90]']",0
2005-06-26,957.2917,streamflow,9291000,ft3/s,"['A', '[90]']",0
2005-06-27,823.0,streamflow,9291000,ft3/s,"['A', '[90]']",0
2005-06-28,724.28125,streamflow,9291000,ft3/s,"['A', '[90]']",0
2005-06-29,801.42706,streamflow,9291000,ft3/s,"['A', '[90]']",0
2005-06-30,674.01044,streamflow,9291000,ft3/s,"['A', '[90]']",0
2005-07-01,618.2917,streamflow,9291000,ft3/s,"['A', '[90]']",0
2005-07-02,613.53125,streamflow,9291000,ft3/s,"['A', '[90]']",0
2005-07-03,675.17706,streamflow,9291000,ft3/s,"['A', '[90]']",0
2005-07-04,631.625,streamflow,9291000,ft3/s,"['A', '[90]']",0
2005-07-05,418.875,streamflow,9291000,ft3/s,"['A', '[90]']",0
2005-07-06,462.8854,streamflow,9291000,ft3/s,"['A', '[90]']",0
2005-07-07,483.1354,streamflow,9291000,ft3/s,"['A', '[90]']",0
2005-07-08,410.6146,streamflow,9291000,ft3/s,"['A', '[90]']",0
2005-07-09,359.3229,streamflow,9291000,ft3/s,"['A', '[90]']",0
2005-07-10,353.34375,streamflow,9291000,ft3/s,"['A', '[90]']",0
2005-07-11,340.3229,streamflow,9291000,ft3/s,"['A', '[90]']",0
2005-07-12,310.77084,streamflow,9291000,ft3/s,"['A', '[90]']",0
2005-07-13,304.22916,streamflow,9291000,ft3/s,"['A', '[90]']",0
2005-07-14,298.27084,streamflow,9291000,ft3/s,"['A', '[90]']",0
2005-07-15,292.95834,streamflow,9291000,ft3/s,"['A', '[90]']",0
2005-07-16,288.28125,streamflow,9291000,ft3/s,"['A', '[90]']",0
2005-07-17,285.2396,streamflow,9291000,ft3/s,"['A', '[90]']",0
2005-07-18,285.29166,streamflow,9291000,ft3/s,"['A', '[90]']",0
2005-07-19,301.96875,streamflow,9291000,ft3/s,"['A', '[90]']",0
2005-07-20,312.375,streamflow,9291000,ft3/s,"['A', '[90]']",0
2005-07-21,341.2604,streamflow,9291000,ft3/s,"['A', '[90]']",0
2005-07-22,392.4271,streamflow,9291000,ft3/s,"['A', '[90]']",0
2005-07-23,345.97916,streamflow,9291000,ft3/s,"['A', '[90]']",0
2005-07-24,306.8229,streamflow,9291000,ft3/s,"['A', '[90]']",0
2005-07-25,295.5,streamflow,9291000,ft3/s,"['A', '[90]']",0
2005-07-26,242.79167,streamflow,9291000,ft3/s,"['A', '[90]']",0
2005-07-27,280.2396,streamflow,9291000,ft3/s,"['A', '[90]']",0
2005-07-28,303.60416,streamflow,9291000,ft3/s,"['A', '[90]']",0
2005-07-29,303.53125,streamflow,9291000,ft3/s,"['A', '[90]']",0
2005-07-30,362.28125,streamflow,9291000,ft3/s,"['A', '[90]']",0
2005-07-31,361.70834,streamflow,9291000,ft3/s,"['A', '[90]']",0
2005-08-01,346.83334,streamflow,9291000,ft3/s,"['A', '[90]']",0
2005-08-02,303.0625,streamflow,9291000,ft3/s,"['A', '[90]']",0
2005-08-03,289.97916,streamflow,9291000,ft3/s,"['A', '[90]']",0
2005-08-04,289.0,streamflow,9291000,ft3/s,"['A', '[90]']",0
2005-08-05,293.5729,streamflow,9291000,ft3/s,"['A', '[90]']",0
2005-08-06,283.375,streamflow,9291000,ft3/s,"['A', '[90]']",0
2005-08-07,294.85416,streamflow,9291000,ft3/s,"['A', '[90]']",0
2005-08-08,311.8125,streamflow,9291000,ft3/s,"['A', '[90]']",0
2005-08-09,327.5104,streamflow,9291000,ft3/s,"['A', '[90]']",0
2005-08-10,323.0625,streamflow,9291000,ft3/s,"['A', '[90]']",0
2005-08-11,304.78125,streamflow,9291000,ft3/s,"['A', '[90]']",0
2005-08-12,284.9479,streamflow,9291000,ft3/s,"['A', '[90]']",0
2005-08-13,295.85416,streamflow,9291000,ft3/s,"['A', '[90]']",0
2005-08-14,337.4479,streamflow,9291000,ft3/s,"['A', '[90]']",0
2005-08-15,343.04166,streamflow,9291000,ft3/s,"['A', '[90]']",0
2005-08-16,323.7396,streamflow,9291000,ft3/s,"['A', '[90]']",0
2005-08-17,274.7396,streamflow,9291000,ft3/s,"['A', '[90]']",0
2005-08-18,250.32292,streamflow,9291000,ft3/s,"['A', '[90]']",0
2005-08-19,279.6146,streamflow,9291000,ft3/s,"['A', '[90]']",0
2005-08-20,297.0104,streamflow,9291000,ft3/s,"['A', '[90]']",0
2005-08-21,297.89584,streamflow,9291000,ft3/s,"['A', '[90]']",0
2005-08-22,295.39584,streamflow,9291000,ft3/s,"['A', '[90]']",0
2005-08-23,294.39584,streamflow,9291000,ft3/s,"['A', '[90]']",0
2005-08-24,316.79166,streamflow,9291000,ft3/s,"['A', '[90]']",0
2005-08-25,327.47916,streamflow,9291000,ft3/s,"['A', '[90]']",0
2005-08-26,415.1771,streamflow,9291000,ft3/s,"['A', '[90]']",0
2005-08-27,416.8125,streamflow,9291000,ft3/s,"['A', '[90]']",0
2005-08-28,406.6979,streamflow,9291000,ft3/s,"['A', '[90]']",0
2005-08-29,386.5,streamflow,9291000,ft3/s,"['A', '[90]']",0
2005-08-30,371.2604,streamflow,9291000,ft3/s,"['A', '[90]']",0
2005-08-31,380.78125,streamflow,9291000,ft3/s,"['A', '[90]']",0
2005-09-01,401.1771,streamflow,9291000,ft3/s,"['A', '[90]']",0
2005-09-02,451.125,streamflow,9291000,ft3/s,"['A', '[90]']",0
2005-09-03,466.34375,streamflow,9291000,ft3/s,"['A', '[90]']",0
2005-09-04,459.03125,streamflow,9291000,ft3/s,"['A', '[90]']",0
2005-09-05,431.6979,streamflow,9291000,ft3/s,"['A', '[90]']",0
2005-09-06,429.6979,streamflow,9291000,ft3/s,"['A', '[90]']",0
2005-09-07,428.8229,streamflow,9291000,ft3/s,"['A', '[90]']",0
2005-09-08,427.4375,streamflow,9291000,ft3/s,"['A', '[90]']",0
2005-09-09,418.125,streamflow,9291000,ft3/s,"['A', '[90]']",0
2005-09-10,395.75,streamflow,9291000,ft3/s,"['A', '[90]']",0
2005-09-11,310.0,streamflow,9291000,ft3/s,"['A', '[90]']",0
2005-09-12,211.71875,streamflow,9291000,ft3/s,"['A', '[90]']",0
2005-09-13,84.020836,streamflow,9291000,ft3/s,"['A', '[90]']",0
2005-09-14,45.458332,streamflow,9291000,ft3/s,"['A', '[90]']",0
2005-09-15,38.927082,streamflow,9291000,ft3/s,"['A', '[90]']",0
2005-09-16,88.552086,streamflow,9291000,ft3/s,"['A', '[90]']",0
2005-09-17,119.520836,streamflow,9291000,ft3/s,"['A', '[90]']",0
2005-09-18,119.46875,streamflow,9291000,ft3/s,"['A', '[90]']",0
2005-09-19,105.197914,streamflow,9291000,ft3/s,"['A', '[90]']",0
2005-09-20,38.0,streamflow,9291000,ft3/s,"['A', '[90]']",0
2005-09-21,38.0,streamflow,9291000,ft3/s,"['A', '[90]']",0
2005-09-22,38.0,streamflow,9291000,ft3/s,"['A', '[90]']",0
2005-09-23,32.364582,streamflow,9291000,ft3/s,"['A', '[90]']",0
2005-09-24,15.0,streamflow,9291000,ft3/s,"['A', '[90]']",0
2005-09-25,15.0,streamflow,9291000,ft3/s,"['A', '[90]']",0
2005-09-26,15.0,streamflow,9291000,ft3/s,"['A', '[90]']",0
2005-09-27,15.0,streamflow,9291000,ft3/s,"['A', '[90]']",0
2005-09-28,15.0,streamflow,9291000,ft3/s,"['A', '[90]']",0
2005-09-29,15.0,streamflow,9291000,ft3/s,"['A', '[90]']",0
2005-09-30,15.0,streamflow,9291000,ft3/s,"['A', '[90]']",0
2005-10-01,15.0,streamflow,9291000,ft3/s,"['A', '[90]']",0
2005-10-02,14.927083,streamflow,9291000,ft3/s,"['A', '[90]']",0
2005-10-03,14.0,streamflow,9291000,ft3/s,"['A', '[90]']",0
2005-10-04,14.0,streamflow,9291000,ft3/s,"['A', '[90]']",0
2005-10-05,14.0,streamflow,9291000,ft3/s,"['A', '[90]']",0
2005-10-06,14.0,streamflow,9291000,ft3/s,"['A', '[90]']",0
2005-10-07,10.697917,streamflow,9291000,ft3/s,"['A', '[90]']",0
2005-10-08,0.0,streamflow,9291000,ft3/s,"['A', '[90]']",0
2005-10-09,0.0,streamflow,9291000,ft3/s,"['A', '[90]']",0
2005-10-10,0.0,streamflow,9291000,ft3/s,"['A', '[90]']",0
2005-10-11,0.0,streamflow,9291000,ft3/s,"['A', '[90]']",0
2005-10-12,0.0,streamflow,9291000,ft3/s,"['A', '[90]']",0
2005-10-13,0.0,streamflow,9291000,ft3/s,"['A', '[90]']",0
2005-10-14,,streamflow,9291000,ft3/s,"['A', '[90]']",0
2005-10-15,,streamflow,9291000,ft3/s,"['A', '[90]']",0
2005-10-16,,streamflow,9291000,ft3/s,"['A', '[90]']",0
2005-10-17,,streamflow,9291000,ft3/s,"['A', '[90]']",0
2005-10-18,,streamflow,9291000,ft3/s,"['A', '[90]']",0
2005-10-19,,streamflow,9291000,ft3/s,"['A', '[90]']",0
2005-10-20,,streamflow,9291000,ft3/s,"['A', '[90]']",0
2005-10-21,,streamflow,9291000,ft3/s,"['A', '[90]']",0
2005-10-22,,streamflow,9291000,ft3/s,"['A', '[90]']",0
2005-10-23,,streamflow,9291000,ft3/s,"['A', '[90]']",0
2005-10-24,,streamflow,9291000,ft3/s,"['A', '[90]']",0
2005-10-25,,streamflow,9291000,ft3/s,"['A', '[90]']",0
2005-10-26,,streamflow,9291000,ft3/s,"['A', '[90]']",0
2005-10-27,,streamflow,9291000,ft3/s,"['A', '[90]']",0
2005-10-28,,streamflow,9291000,ft3/s,"['A', '[90]']",0
2005-10-29,,streamflow,9291000,ft3/s,"['A', '[90]']",0
2005-10-30,,streamflow,9291000,ft3/s,"['A', '[90]']",0
2005-10-31,,streamflow,9291000,ft3/s,"['A', '[90]']",0
2005-11-01,,streamflow,9291000,ft3/s,"['A', '[90]']",0
2005-11-02,,streamflow,9291000,ft3/s,"['A', '[90]']",0
2005-11-03,,streamflow,9291000,ft3/s,"['A', '[90]']",0
2005-11-04,,streamflow,9291000,ft3/s,"['A', '[90]']",0
2005-11-05,,streamflow,9291000,ft3/s,"['A', '[90]']",0
2005-11-06,,streamflow,9291000,ft3/s,"['A', '[90]']",0
2005-11-07,,streamflow,9291000,ft3/s,"['A', '[90]']",0
2005-11-08,,streamflow,9291000,ft3/s,"['A', '[90]']",0
2005-11-09,,streamflow,9291000,ft3/s,"['A', '[90]']",0
2005-11-10,,streamflow,9291000,ft3/s,"['A', '[90]']",0
2005-11-11,,streamflow,9291000,ft3/s,"['A', '[90]']",0
2005-11-12,,streamflow,9291000,ft3/s,"['A', '[90]']",0
2005-11-13,,streamflow,9291000,ft3/s,"['A', '[90]']",0
2005-11-14,,streamflow,9291000,ft3/s,"['A', '[90]']",0
2005-11-15,,streamflow,9291000,ft3/s,"['A', '[90]']",0
2005-11-16,,streamflow,9291000,ft3/s,"['A', '[90]']",0
2005-11-17,,streamflow,9291000,ft3/s,"['A', '[90]']",0
2005-11-18,,streamflow,9291000,ft3/s,"['A', '[90]']",0
2005-11-19,,streamflow,9291000,ft3/s,"['A', '[90]']",0
2005-11-20,,streamflow,9291000,ft3/s,"['A', '[90]']",0
2005-11-21,,streamflow,9291000,ft3/s,"['A', '[90]']",0
2005-11-22,,streamflow,9291000,ft3/s,"['A', '[90]']",0
2005-11-23,,streamflow,9291000,ft3/s,"['A', '[90]']",0
2005-11-24,,streamflow,9291000,ft3/s,"['A', '[90]']",0
2005-11-25,,streamflow,9291000,ft3/s,"['A', '[90]']",0
2005-11-26,,streamflow,9291000,ft3/s,"['A', '[90]']",0
2005-11-27,,streamflow,9291000,ft3/s,"['A', '[90]']",0
2005-11-28,,streamflow,9291000,ft3/s,"['A', '[90]']",0
2005-11-29,,streamflow,9291000,ft3/s,"['A', '[90]']",0
2005-11-30,,streamflow,9291000,ft3/s,"['A', '[90]']",0
2005-12-01,,streamflow,9291000,ft3/s,"['A', '[90]']",0
2005-12-02,,streamflow,9291000,ft3/s,"['A', '[90]']",0
2005-12-03,,streamflow,9291000,ft3/s,"['A', '[90]']",0
2005-12-04,,streamflow,9291000,ft3/s,"['A', '[90]']",0
2005-12-05,,streamflow,9291000,ft3/s,"['A', '[90]']",0
2005-12-06,,streamflow,9291000,ft3/s,"['A', '[90]']",0
2005-12-07,,streamflow,9291000,ft3/s,"['A', '[90]']",0
2005-12-08,0.0,streamflow,9291000,ft3/s,"['A', '[90]']",0
2005-12-09,0.0,streamflow,9291000,ft3/s,"['A', '[90]']",0
2005-12-10,0.0,streamflow,9291000,ft3/s,"['A', '[90]']",0
2005-12-11,0.0,streamflow,9291000,ft3/s,"['A', '[90]']",0
2005-12-12,0.0,streamflow,9291000,ft3/s,"['A', '[90]']",0
2005-12-13,0.0,streamflow,9291000,ft3/s,"['A', '[90]']",0
2005-12-14,0.0,streamflow,9291000,ft3/s,"['A', '[90]']",0
2005-12-15,0.0,streamflow,9291000,ft3/s,"['A', '[90]']",0
2005-12-16,0.0,streamflow,9291000,ft3/s,"['A', '[90]']",0
2005-12-17,0.0,streamflow,9291000,ft3/s,"['A', '[90]']",0
2005-12-18,0.0,streamflow,9291000,ft3/s,"['A', '[90]']",0
2005-12-19,0.0,streamflow,9291000,ft3/s,"['A', '[90]']",0
2005-12-20,0.0,streamflow,9291000,ft3/s,"['A', '[90]']",0
2005-12-21,0.0,streamflow,9291000,ft3/s,"['A', '[90]']",0
2005-12-22,0.0,streamflow,9291000,ft3/s,"['A', '[90]']",0
2005-12-23,0.0,streamflow,9291000,ft3/s,"['A', '[90]']",0
2005-12-24,0.0,streamflow,9291000,ft3/s,"['A', '[90]']",0
2005-12-25,0.0,streamflow,9291000,ft3/s,"['A', '[90]']",0
2005-12-26,0.0,streamflow,9291000,ft3/s,"['A', '[90]']",0
2005-12-27,0.0,streamflow,9291000,ft3/s,"['A', '[90]']",0
2005-12-28,0.0,streamflow,9291000,ft3/s,"['A', '[90]']",0
2005-12-29,0.0,streamflow,9291000,ft3/s,"['A', '[90]']",0
2005-12-30,0.0,streamflow,9291000,ft3/s,"['A', '[90]']",0
2005-12-31,0.0,streamflow,9291000,ft3/s,"['A', '[90]']",0
2006-01-01,0.0,streamflow,9291000,ft3/s,"['A', '[90]']",0
2006-01-02,0.0,streamflow,9291000,ft3/s,"['A', '[90]']",0
2006-01-03,0.0,streamflow,9291000,ft3/s,"['A', '[90]']",0
2006-01-04,0.0,streamflow,9291000,ft3/s,"['A', '[90]']",0
2006-01-05,0.0,streamflow,9291000,ft3/s,"['A', '[90]']",0
2006-01-06,0.0,streamflow,9291000,ft3/s,"['A', '[90]']",0
2006-01-07,0.0,streamflow,9291000,ft3/s,"['A', '[90]']",0
2006-01-08,0.0,streamflow,9291000,ft3/s,"['A', '[90]']",0
2006-01-09,0.0,streamflow,9291000,ft3/s,"['A', '[90]']",0
2006-01-10,0.0,streamflow,9291000,ft3/s,"['A', '[90]']",0
2006-01-11,0.0,streamflow,9291000,ft3/s,"['A', '[90]']",0
2006-01-12,0.0,streamflow,9291000,ft3/s,"['A', '[90]']",0
2006-01-13,0.0,streamflow,9291000,ft3/s,"['A', '[90]']",0
2006-01-14,0.0,streamflow,9291000,ft3/s,"['A', '[90]']",0
2006-01-15,0.0,streamflow,9291000,ft3/s,"['A', '[90]']",0
2006-01-16,0.0,streamflow,9291000,ft3/s,"['A', '[90]']",0
2006-01-17,0.0,streamflow,9291000,ft3/s,"['A', '[90]']",0
2006-01-18,0.0,streamflow,9291000,ft3/s,"['A', '[90]']",0
2006-01-19,0.0,streamflow,9291000,ft3/s,"['A', '[90]']",0
2006-01-20,0.0,streamflow,9291000,ft3/s,"['A', '[90]']",0
2006-01-21,0.0,streamflow,9291000,ft3/s,"['A', '[90]']",0
2006-01-22,0.0,streamflow,9291000,ft3/s,"['A', '[90]']",0
2006-01-23,0.0,streamflow,9291000,ft3/s,"['A', '[90]']",0
2006-01-24,0.0,streamflow,9291000,ft3/s,"['A', '[90]']",0
2006-01-25,0.0,streamflow,9291000,ft3/s,"['A', '[90]']",0
2006-01-26,0.0,streamflow,9291000,ft3/s,"['A', '[90]']",0
2006-01-27,0.0,streamflow,9291000,ft3/s,"['A', '[90]']",0
2006-01-28,0.0,streamflow,9291000,ft3/s,"['A', '[90]']",0
2006-01-29,0.0,streamflow,9291000,ft3/s,"['A', '[90]']",0
2006-01-30,0.0,streamflow,9291000,ft3/s,"['A', '[90]']",0
2006-01-31,0.0,streamflow,9291000,ft3/s,"['A', '[90]']",0
2006-02-01,0.0,streamflow,9291000,ft3/s,"['A', '[90]']",0
2006-02-02,0.0,streamflow,9291000,ft3/s,"['A', '[90]']",0
2006-02-03,0.0,streamflow,9291000,ft3/s,"['A', '[90]']",0
2006-02-04,0.0,streamflow,9291000,ft3/s,"['A', '[90]']",0
2006-02-05,0.0,streamflow,9291000,ft3/s,"['A', '[90]']",0
2006-02-06,0.0,streamflow,9291000,ft3/s,"['A', '[90]']",0
2006-02-07,0.0,streamflow,9291000,ft3/s,"['A', '[90]']",0
2006-02-08,0.0,streamflow,9291000,ft3/s,"['A', '[90]']",0
2006-02-09,0.0,streamflow,9291000,ft3/s,"['A', '[90]']",0
2006-02-10,0.0,streamflow,9291000,ft3/s,"['A', '[90]']",0
2006-02-11,0.0,streamflow,9291000,ft3/s,"['A', '[90]']",0
2006-02-12,0.0,streamflow,9291000,ft3/s,"['A', '[90]']",0
2006-02-13,0.0,streamflow,9291000,ft3/s,"['A', '[90]']",0
2006-02-14,0.0,streamflow,9291000,ft3/s,"['A', '[90]']",0
2006-02-15,0.0,streamflow,9291000,ft3/s,"['A', '[90]']",0
2006-02-16,0.0,streamflow,9291000,ft3/s,"['A', '[90]']",0
2006-02-17,0.0,streamflow,9291000,ft3/s,"['A', '[90]']",0
2006-02-18,0.0,streamflow,9291000,ft3/s,"['A', '[90]']",0
2006-02-19,0.0,streamflow,9291000,ft3/s,"['A', '[90]']",0
2006-02-20,0.0,streamflow,9291000,ft3/s,"['A', '[90]']",0
2006-02-21,0.0,streamflow,9291000,ft3/s,"['A', '[90]']",0
2006-02-22,0.0,streamflow,9291000,ft3/s,"['A', '[90]']",0
2006-02-23,0.0,streamflow,9291000,ft3/s,"['A', '[90]']",0
2006-02-24,0.0,streamflow,9291000,ft3/s,"['A', '[90]']",0
2006-02-25,0.0,streamflow,9291000,ft3/s,"['A', '[90]']",0
2006-02-26,0.0,streamflow,9291000,ft3/s,"['A', '[90]']",0
2006-02-27,0.0,streamflow,9291000,ft3/s,"['A', '[90]']",0
2006-02-28,0.0,streamflow,9291000,ft3/s,"['A', '[90]']",0
2006-03-01,0.0,streamflow,9291000,ft3/s,"['A', '[90]']",0
2006-03-02,0.0,streamflow,9291000,ft3/s,"['A', '[90]']",0
2006-03-03,0.0,streamflow,9291000,ft3/s,"['A', '[90]']",0
2006-03-04,0.0,streamflow,9291000,ft3/s,"['A', '[90]']",0
2006-03-05,0.0,streamflow,9291000,ft3/s,"['A', '[90]']",0
2006-03-06,0.0,streamflow,9291000,ft3/s,"['A', '[90]']",0
2006-03-07,0.0,streamflow,9291000,ft3/s,"['A', '[90]']",0
2006-03-08,0.0,streamflow,9291000,ft3/s,"['A', '[90]']",0
2006-03-09,0.0,streamflow,9291000,ft3/s,"['A', '[90]']",0
2006-03-10,0.0,streamflow,9291000,ft3/s,"['A', '[90]']",0
2006-03-11,0.0,streamflow,9291000,ft3/s,"['A', '[90]']",0
2006-03-12,0.0,streamflow,9291000,ft3/s,"['A', '[90]']",0
2006-03-13,0.0,streamflow,9291000,ft3/s,"['A', '[90]']",0
2006-03-14,0.0,streamflow,9291000,ft3/s,"['A', '[90]']",0
2006-03-15,0.0,streamflow,9291000,ft3/s,"['A', '[90]']",0
2006-03-16,0.0,streamflow,9291000,ft3/s,"['A', '[90]']",0
2006-03-17,0.0,streamflow,9291000,ft3/s,"['A', '[90]']",0
2006-03-18,0.0,streamflow,9291000,ft3/s,"['A', '[90]']",0
2006-03-19,0.0,streamflow,9291000,ft3/s,"['A', '[90]']",0
2006-03-20,0.0,streamflow,9291000,ft3/s,"['A', '[90]']",0
2006-03-21,0.0,streamflow,9291000,ft3/s,"['A', '[90]']",0
2006-03-22,0.0,streamflow,9291000,ft3/s,"['A', '[90]']",0
2006-03-23,0.0,streamflow,9291000,ft3/s,"['A', '[90]']",0
2006-03-24,0.0,streamflow,9291000,ft3/s,"['A', '[90]']",0
2006-03-25,0.0,streamflow,9291000,ft3/s,"['A', '[90]']",0
2006-03-26,0.0,streamflow,9291000,ft3/s,"['A', '[90]']",0
2006-03-27,0.0,streamflow,9291000,ft3/s,"['A', '[90]']",0
2006-03-28,0.0,streamflow,9291000,ft3/s,"['A', '[90]']",0
2006-03-29,0.0,streamflow,9291000,ft3/s,"['A', '[90]']",0
2006-03-30,0.0,streamflow,9291000,ft3/s,"['A', '[90]']",0
2006-03-31,0.0,streamflow,9291000,ft3/s,"['A', '[90]']",0
2006-04-01,0.0,streamflow,9291000,ft3/s,"['A', '[90]']",0
2006-04-02,0.0,streamflow,9291000,ft3/s,"['A', '[90]']",0
2006-04-03,0.0,streamflow,9291000,ft3/s,"['A', '[90]']",0
2006-04-04,0.0,streamflow,9291000,ft3/s,"['A', '[90]']",0
2006-04-05,60.875,streamflow,9291000,ft3/s,"['A', '[90]']",0
2006-04-06,138.53125,streamflow,9291000,ft3/s,"['A', '[90]']",0
2006-04-07,133.25,streamflow,9291000,ft3/s,"['A', '[90]']",0
2006-04-08,17.020834,streamflow,9291000,ft3/s,"['A', '[90]']",0
2006-04-09,15.125,streamflow,9291000,ft3/s,"['A', '[90]']",0
2006-04-10,11.070833,streamflow,9291000,ft3/s,"['A', '[90]']",0
2006-04-11,9.6,streamflow,9291000,ft3/s,"['A', '[90]']",0
2006-04-12,9.6,streamflow,9291000,ft3/s,"['A', '[90]']",0
2006-04-13,9.6,streamflow,9291000,ft3/s,"['A', '[90]']",0
2006-04-14,9.6,streamflow,9291000,ft3/s,"['A', '[90]']",0
2006-04-15,9.804167,streamflow,9291000,ft3/s,"['A', '[90]']",0
2006-04-16,9.6,streamflow,9291000,ft3/s,"['A', '[90]']",0
2006-04-17,12.1625,streamflow,9291000,ft3/s,"['A', '[90]']",0
2006-04-18,30.729166,streamflow,9291000,ft3/s,"['A', '[90]']",0
2006-04-19,48.229168,streamflow,9291000,ft3/s,"['A', '[90]']",0
2006-04-20,48.520832,streamflow,9291000,ft3/s,"['A', '[90]']",0
2006-04-21,48.791668,streamflow,9291000,ft3/s,"['A', '[90]']",0
2006-04-22,49.333332,streamflow,9291000,ft3/s,"['A', '[90]']",0
2006-04-23,49.791668,streamflow,9291000,ft3/s,"['A', '[90]']",0
2006-04-24,49.8125,streamflow,9291000,ft3/s,"['A', '[90]']",0
2006-04-25,49.625,streamflow,9291000,ft3/s,"['A', '[90]']",0
2006-04-26,57.25,streamflow,9291000,ft3/s,"['A', '[90]']",0
2006-04-27,73.57895,streamflow,9291000,ft3/s,"['A', '[90]']",0
2006-04-28,73.416664,streamflow,9291000,ft3/s,"['A', '[90]']",0
2006-04-29,73.395836,streamflow,9291000,ft3/s,"['A', '[90]']",0
2006-04-30,106.125,streamflow,9291000,ft3/s,"['A', '[90]']",0
2006-05-01,244.79167,streamflow,9291000,ft3/s,"['A', '[90]']",0
2006-05-02,276.9479,streamflow,9291000,ft3/s,"['A', '[90]']",0
2006-05-03,362.6979,streamflow,9291000,ft3/s,"['A', '[90]']",0
2006-05-04,363.3229,streamflow,9291000,ft3/s,"['A', '[90]']",0
2006-05-05,424.75,streamflow,9291000,ft3/s,"['A', '[90]']",0
2006-05-06,480.54166,streamflow,9291000,ft3/s,"['A', '[90]']",0
2006-05-07,483.0625,streamflow,9291000,ft3/s,"['A', '[90]']",0
2006-05-08,523.7292,streamflow,9291000,ft3/s,"['A', '[90]']",0
2006-05-09,573.38544,streamflow,9291000,ft3/s,"['A', '[90]']",0
2006-05-10,565.9375,streamflow,9291000,ft3/s,"['A', '[90]']",0
2006-05-11,563.1042,streamflow,9291000,ft3/s,"['A', '[90]']",0
2006-05-12,552.4167,streamflow,9291000,ft3/s,"['A', '[90]']",0
2006-05-13,550.6458,streamflow,9291000,ft3/s,"['A', '[90]']",0
2006-05-14,508.84375,streamflow,9291000,ft3/s,"['A', '[90]']",0
2006-05-15,347.39584,streamflow,9291000,ft3/s,"['A', '[90]']",0
2006-05-16,263.20834,streamflow,9291000,ft3/s,"['A', '[90]']",0
2006-05-17,266.0,streamflow,9291000,ft3/s,"['A', '[90]']",0
2006-05-18,270.27084,streamflow,9291000,ft3/s,"['A', '[90]']",0
2006-05-19,272.6146,streamflow,9291000,ft3/s,"['A', '[90]']",0
2006-05-20,276.41666,streamflow,9291000,ft3/s,"['A', '[90]']",0
2006-05-21,280.2604,streamflow,9291000,ft3/s,"['A', '[90]']",0
2006-05-22,313.64584,streamflow,9291000,ft3/s,"['A', '[90]']",0
2006-05-23,358.8125,streamflow,9291000,ft3/s,"['A', '[90]']",0
2006-05-24,290.0104,streamflow,9291000,ft3/s,"['A', '[90]']",0
2006-05-25,293.0729,streamflow,9291000,ft3/s,"['A', '[90]']",0
2006-05-26,798.7083,streamflow,9291000,ft3/s,"['A', '[90]']",0
2006-05-27,951.36456,streamflow,9291000,ft3/s,"['A', '[90]']",0
2006-05-28,733.32294,streamflow,9291000,ft3/s,"['A', '[90]']",0
2006-05-29,537.57294,streamflow,9291000,ft3/s,"['A', '[90]']",0
2006-05-30,477.2396,streamflow,9291000,ft3/s,"['A', '[90]']",0
2006-05-31,437.95834,streamflow,9291000,ft3/s,"['A', '[90]']",0
2006-06-01,454.54166,streamflow,9291000,ft3/s,"['A', '[90]']",0
2006-06-02,692.44794,streamflow,9291000,ft3/s,"['A', '[90]']",0
2006-06-03,694.32294,streamflow,9291000,ft3/s,"['A', '[90]']",0
2006-06-04,687.42706,streamflow,9291000,ft3/s,"['A', '[90]']",0
2006-06-05,743.1875,streamflow,9291000,ft3/s,"['A', '[90]']",0
2006-06-06,808.09375,streamflow,9291000,ft3/s,"['A', '[90]']",0
2006-06-07,768.2292,streamflow,9291000,ft3/s,"['A', '[90]']",0
2006-06-08,862.4792,streamflow,9291000,ft3/s,"['A', '[90]']",0
2006-06-09,789.2083,streamflow,9291000,ft3/s,"['A', '[90]']",0
2006-06-10,901.76044,streamflow,9291000,ft3/s,"['A', '[90]']",0
2006-06-11,710.2708,streamflow,9291000,ft3/s,"['A', '[90]']",0
2006-06-12,635.0417,streamflow,9291000,ft3/s,"['A', '[90]']",0
2006-06-13,591.36456,streamflow,9291000,ft3/s,"['A', '[90]']",0
2006-06-14,507.59375,streamflow,9291000,ft3/s,"['A', '[90]']",0
2006-06-15,493.2604,streamflow,9291000,ft3/s,"['A', '[90]']",0
2006-06-16,408.33334,streamflow,9291000,ft3/s,"['A', '[90]']",0
2006-06-17,369.58334,streamflow,9291000,ft3/s,"['A', '[90]']",0
2006-06-18,359.25,streamflow,9291000,ft3/s,"['A', '[90]']",0
2006-06-19,342.79166,streamflow,9291000,ft3/s,"['A', '[90]']",0
2006-06-20,300.66666,streamflow,9291000,ft3/s,"['A', '[90]']",0
2006-06-21,295.0521,streamflow,9291000,ft3/s,"['A', '[90]']",0
2006-06-22,290.3646,streamflow,9291000,ft3/s,"['A', '[90]']",0
2006-06-23,285.66666,streamflow,9291000,ft3/s,"['A', '[90]']",0
2006-06-24,281.875,streamflow,9291000,ft3/s,"['A', '[90]']",0
2006-06-25,282.7396,streamflow,9291000,ft3/s,"['A', '[90]']",0
2006-06-26,284.3125,streamflow,9291000,ft3/s,"['A', '[90]']",0
2006-06-27,283.72916,streamflow,9291000,ft3/s,"['A', '[90]']",0
2006-06-28,282.6771,streamflow,9291000,ft3/s,"['A', '[90]']",0
2006-06-29,299.9479,streamflow,9291000,ft3/s,"['A', '[90]']",0
2006-06-30,305.47916,streamflow,9291000,ft3/s,"['A', '[90]']",0
2006-07-01,303.53125,streamflow,9291000,ft3/s,"['A', '[90]']",0
2006-07-02,303.1979,streamflow,9291000,ft3/s,"['A', '[90]']",0
2006-07-03,303.1875,streamflow,9291000,ft3/s,"['A', '[90]']",0
2006-07-04,301.16666,streamflow,9291000,ft3/s,"['A', '[90]']",0
2006-07-05,283.96875,streamflow,9291000,ft3/s,"['A', '[90]']",0
2006-07-06,286.0729,streamflow,9291000,ft3/s,"['A', '[90]']",0
2006-07-07,285.875,streamflow,9291000,ft3/s,"['A', '[90]']",0
2006-07-08,285.125,streamflow,9291000,ft3/s,"['A', '[90]']",0
2006-07-09,284.02084,streamflow,9291000,ft3/s,"['A', '[90]']",0
2006-07-10,265.28125,streamflow,9291000,ft3/s,"['A', '[90]']",0
2006-07-11,260.60416,streamflow,9291000,ft3/s,"['A', '[90]']",0
2006-07-12,287.96875,streamflow,9291000,ft3/s,"['A', '[90]']",0
2006-07-13,295.1979,streamflow,9291000,ft3/s,"['A', '[90]']",0
2006-07-14,314.3646,streamflow,9291000,ft3/s,"['A', '[90]']",0
2006-07-15,321.53125,streamflow,9291000,ft3/s,"['A', '[90]']",0
2006-07-16,320.1354,streamflow,9291000,ft3/s,"['A', '[90]']",0
2006-07-17,325.0521,streamflow,9291000,ft3/s,"['A', '[90]']",0
2006-07-18,362.77084,streamflow,9291000,ft3/s,"['A', '[90]']",0
2006-07-19,358.09375,streamflow,9291000,ft3/s,"['A', '[90]']",0
2006-07-20,342.9896,streamflow,9291000,ft3/s,"['A', '[90]']",0
2006-07-21,342.7396,streamflow,9291000,ft3/s,"['A', '[90]']",0
2006-07-22,340.33334,streamflow,9291000,ft3/s,"['A', '[90]']",0
2006-07-23,338.5,streamflow,9291000,ft3/s,"['A', '[90]']",0
2006-07-24,338.3229,streamflow,9291000,ft3/s,"['A', '[90]']",0
2006-07-25,342.09375,streamflow,9291000,ft3/s,"['A', '[90]']",0
2006-07-26,347.7604,streamflow,9291000,ft3/s,"['A', '[90]']",0
2006-07-27,365.125,streamflow,9291000,ft3/s,"['A', '[90]']",0
2006-07-28,367.46875,streamflow,9291000,ft3/s,"['A', '[90]']",0
2006-07-29,379.625,streamflow,9291000,ft3/s,"['A', '[90]']",0
2006-07-30,379.39584,streamflow,9291000,ft3/s,"['A', '[90]']",0
2006-07-31,378.64584,streamflow,9291000,ft3/s,"['A', '[90]']",0
2006-08-01,362.08334,streamflow,9291000,ft3/s,"['A', '[90]']",0
2006-08-02,296.79166,streamflow,9291000,ft3/s,"['A', '[90]']",0
2006-08-03,235.58333,streamflow,9291000,ft3/s,"['A', '[90]']",0
2006-08-04,220.70833,streamflow,9291000,ft3/s,"['A', '[90]']",0
2006-08-05,221.0,streamflow,9291000,ft3/s,"['A', '[90]']",0
2006-08-06,212.14583,streamflow,9291000,ft3/s,"['A', '[90]']",0
2006-08-07,105.145836,streamflow,9291000,ft3/s,"['A', '[90]']",0
2006-08-08,105.1875,streamflow,9291000,ft3/s,"['A', '[90]']",0
2006-08-09,216.02083,streamflow,9291000,ft3/s,"['A', '[90]']",0
2006-08-10,240.71875,streamflow,9291000,ft3/s,"['A', '[90]']",0
2006-08-11,257.96875,streamflow,9291000,ft3/s,"['A', '[90]']",0
2006-08-12,260.5104,streamflow,9291000,ft3/s,"['A', '[90]']",0
2006-08-13,274.77084,streamflow,9291000,ft3/s,"['A', '[90]']",0
2006-08-14,370.20834,streamflow,9291000,ft3/s,"['A', '[90]']",0
2006-08-15,367.58334,streamflow,9291000,ft3/s,"['A', '[90]']",0
2006-08-16,364.75,streamflow,9291000,ft3/s,"['A', '[90]']",0
2006-08-17,361.78125,streamflow,9291000,ft3/s,"['A', '[90]']",0
2006-08-18,359.15625,streamflow,9291000,ft3/s,"['A', '[90]']",0
2006-08-19,356.10416,streamflow,9291000,ft3/s,"['A', '[90]']",0
2006-08-20,362.10416,streamflow,9291000,ft3/s,"['A', '[90]']",0
2006-08-21,362.40625,streamflow,9291000,ft3/s,"['A', '[90]']",0
2006-08-22,367.16666,streamflow,9291000,ft3/s,"['A', '[90]']",0
2006-08-23,364.6354,streamflow,9291000,ft3/s,"['A', '[90]']",0
2006-08-24,361.0,streamflow,9291000,ft3/s,"['A', '[90]']",0
2006-08-25,352.3125,streamflow,9291000,ft3/s,"['A', '[90]']",0
2006-08-26,340.9479,streamflow,9291000,ft3/s,"['A', '[90]']",0
2006-08-27,313.72916,streamflow,9291000,ft3/s,"['A', '[90]']",0
2006-08-28,194.90625,streamflow,9291000,ft3/s,"['A', '[90]']",0
2006-08-29,206.5625,streamflow,9291000,ft3/s,"['A', '[90]']",0
2006-08-30,212.11458,streamflow,9291000,ft3/s,"['A', '[90]']",0
2006-08-31,155.6875,streamflow,9291000,ft3/s,"['A', '[90]']",0
2006-09-01,106.0625,streamflow,9291000,ft3/s,"['A', '[90]']",0
2006-09-02,106.0,streamflow,9291000,ft3/s,"['A', '[90]']",0
2006-09-03,105.75,streamflow,9291000,ft3/s,"['A', '[90]']",0
2006-09-04,105.583336,streamflow,9291000,ft3/s,"['A', '[90]']",0
2006-09-05,99.166664,streamflow,9291000,ft3/s,"['A', '[90]']",0
2006-09-06,90.322914,streamflow,9291000,ft3/s,"['A', '[90]']",0
2006-09-07,90.71875,streamflow,9291000,ft3/s,"['A', '[90]']",0
2006-09-08,90.666664,streamflow,9291000,ft3/s,"['A', '[90]']",0
2006-09-09,85.208336,streamflow,9291000,ft3/s,"['A', '[90]']",0
2006-09-10,75.3125,streamflow,9291000,ft3/s,"['A', '[90]']",0
2006-09-11,74.75,streamflow,9291000,ft3/s,"['A', '[90]']",0
2006-09-12,74.604164,streamflow,9291000,ft3/s,"['A', '[90]']",0
2006-09-13,74.541664,streamflow,9291000,ft3/s,"['A', '[90]']",0
2006-09-14,74.770836,streamflow,9291000,ft3/s,"['A', '[90]']",0
2006-09-15,46.784374,streamflow,9291000,ft3/s,"['A', '[90]']",0
2006-09-16,40.607292,streamflow,9291000,ft3/s,"['A', '[90]']",0
2006-09-17,45.0,streamflow,9291000,ft3/s,"['A', '[90]']",0
2006-09-18,45.0,streamflow,9291000,ft3/s,"['A', '[90]']",0
2006-09-19,45.0,streamflow,9291000,ft3/s,"['A', '[90]']",0
2006-09-20,45.114582,streamflow,9291000,ft3/s,"['A', '[90]']",0
2006-09-21,46.958332,streamflow,9291000,ft3/s,"['A', '[90]']",0
2006-09-22,47.0,streamflow,9291000,ft3/s,"['A', '[90]']",0
2006-09-23,47.0,streamflow,9291000,ft3/s,"['A', '[90]']",0
2006-09-24,47.0,streamflow,9291000,ft3/s,"['A', '[90]']",0
2006-09-25,47.0,streamflow,9291000,ft3/s,"['A', '[90]']",0
2006-09-26,46.979168,streamflow,9291000,ft3/s,"['A', '[90]']",0
2006-09-27,46.729168,streamflow,9291000,ft3/s,"['A', '[90]']",0
2006-09-28,46.9375,streamflow,9291000,ft3/s,"['A', '[90]']",0
2006-09-29,46.979168,streamflow,9291000,ft3/s,"['A', '[90]']",0
2006-09-30,47.0,streamflow,9291000,ft3/s,"['A', '[90]']",0
2006-10-01,47.0,streamflow,9291000,ft3/s,"['A', '[90]']",0
2006-10-02,47.052082,streamflow,9291000,ft3/s,"['A', '[90]']",0
2006-10-03,47.0,streamflow,9291000,ft3/s,"['A', '[90]']",0
2006-10-04,47.020832,streamflow,9291000,ft3/s,"['A', '[90]']",0
2006-10-05,72.958336,streamflow,9291000,ft3/s,"['A', '[90]']",0
2006-10-06,174.57292,streamflow,9291000,ft3/s,"['A', '[90]']",0
2006-10-07,28.0,streamflow,9291000,ft3/s,"['A', '[90]']",0
2006-10-08,43.604168,streamflow,9291000,ft3/s,"['A', '[90]']",0
2006-10-09,51.958332,streamflow,9291000,ft3/s,"['A', '[90]']",0
2006-10-10,49.559376,streamflow,9291000,ft3/s,"['A', '[90]']",0
2006-10-11,54.010418,streamflow,9291000,ft3/s,"['A', '[90]']",0
2006-10-12,54.041668,streamflow,9291000,ft3/s,"['A', '[90]']",0
2006-10-13,,streamflow,9291000,ft3/s,"['A', '[90]']",0
2006-10-14,,streamflow,9291000,ft3/s,"['A', '[90]']",0
2006-10-15,,streamflow,9291000,ft3/s,"['A', '[90]']",0
2006-10-16,,streamflow,9291000,ft3/s,"['A', '[90]']",0
2006-10-17,,streamflow,9291000,ft3/s,"['A', '[90]']",0
2006-10-18,,streamflow,9291000,ft3/s,"['A', '[90]']",0
2006-10-19,,streamflow,9291000,ft3/s,"['A', '[90]']",0
2006-10-20,,streamflow,9291000,ft3/s,"['A', '[90]']",0
2006-10-21,,streamflow,9291000,ft3/s,"['A', '[90]']",0
2006-10-22,,streamflow,9291000,ft3/s,"['A', '[90]']",0
2006-10-23,,streamflow,9291000,ft3/s,"['A', '[90]']",0
2006-10-24,,streamflow,9291000,ft3/s,"['A', '[90]']",0
2006-10-25,,streamflow,9291000,ft3/s,"['A', '[90]']",0
2006-10-26,,streamflow,9291000,ft3/s,"['A', '[90]']",0
2006-10-27,,streamflow,9291000,ft3/s,"['A', '[90]']",0
2006-10-28,,streamflow,9291000,ft3/s,"['A', '[90]']",0
2006-10-29,,streamflow,9291000,ft3/s,"['A', '[90]']",0
2006-10-30,,streamflow,9291000,ft3/s,"['A', '[90]']",0
2006-10-31,,streamflow,9291000,ft3/s,"['A', '[90]']",0
2006-11-01,,streamflow,9291000,ft3/s,"['A', '[90]']",0
2006-11-02,,streamflow,9291000,ft3/s,"['A', '[90]']",0
2006-11-03,,streamflow,9291000,ft3/s,"['A', '[90]']",0
2006-11-04,,streamflow,9291000,ft3/s,"['A', '[90]']",0
2006-11-05,,streamflow,9291000,ft3/s,"['A', '[90]']",0
2006-11-06,,streamflow,9291000,ft3/s,"['A', '[90]']",0
2006-11-07,,streamflow,9291000,ft3/s,"['A', '[90]']",0
2006-11-08,,streamflow,9291000,ft3/s,"['A', '[90]']",0
2006-11-09,,streamflow,9291000,ft3/s,"['A', '[90]']",0
2006-11-10,,streamflow,9291000,ft3/s,"['A', '[90]']",0
2006-11-11,,streamflow,9291000,ft3/s,"['A', '[90]']",0
2006-11-12,,streamflow,9291000,ft3/s,"['A', '[90]']",0
2006-11-13,,streamflow,9291000,ft3/s,"['A', '[90]']",0
2006-11-14,,streamflow,9291000,ft3/s,"['A', '[90]']",0
2006-11-15,,streamflow,9291000,ft3/s,"['A', '[90]']",0
2006-11-16,,streamflow,9291000,ft3/s,"['A', '[90]']",0
2006-11-17,,streamflow,9291000,ft3/s,"['A', '[90]']",0
2006-11-18,,streamflow,9291000,ft3/s,"['A', '[90]']",0
2006-11-19,,streamflow,9291000,ft3/s,"['A', '[90]']",0
2006-11-20,,streamflow,9291000,ft3/s,"['A', '[90]']",0
2006-11-21,,streamflow,9291000,ft3/s,"['A', '[90]']",0
2006-11-22,,streamflow,9291000,ft3/s,"['A', '[90]']",0
2006-11-23,,streamflow,9291000,ft3/s,"['A', '[90]']",0
2006-11-24,,streamflow,9291000,ft3/s,"['A', '[90]']",0
2006-11-25,,streamflow,9291000,ft3/s,"['A', '[90]']",0
2006-11-26,,streamflow,9291000,ft3/s,"['A', '[90]']",0
2006-11-27,,streamflow,9291000,ft3/s,"['A', '[90]']",0
2006-11-28,,streamflow,9291000,ft3/s,"['A', '[90]']",0
2006-11-29,,streamflow,9291000,ft3/s,"['A', '[90]']",0
2006-11-30,,streamflow,9291000,ft3/s,"['A', '[90]']",0
2006-12-01,,streamflow,9291000,ft3/s,"['A', '[90]']",0
2006-12-02,,streamflow,9291000,ft3/s,"['A', '[90]']",0
2006-12-03,,streamflow,9291000,ft3/s,"['A', '[90]']",0
2006-12-04,,streamflow,9291000,ft3/s,"['A', '[90]']",0
2006-12-05,,streamflow,9291000,ft3/s,"['A', '[90]']",0
2006-12-06,,streamflow,9291000,ft3/s,"['A', '[90]']",0
2006-12-07,,streamflow,9291000,ft3/s,"['A', '[90]']",0
2006-12-08,,streamflow,9291000,ft3/s,"['A', '[90]']",0
2006-12-09,,streamflow,9291000,ft3/s,"['A', '[90]']",0
2006-12-10,,streamflow,9291000,ft3/s,"['A', '[90]']",0
2006-12-11,,streamflow,9291000,ft3/s,"['A', '[90]']",0
2006-12-12,,streamflow,9291000,ft3/s,"['A', '[90]']",0
2006-12-13,,streamflow,9291000,ft3/s,"['A', '[90]']",0
2006-12-14,,streamflow,9291000,ft3/s,"['A', '[90]']",0
2006-12-15,,streamflow,9291000,ft3/s,"['A', '[90]']",0
2006-12-16,,streamflow,9291000,ft3/s,"['A', '[90]']",0
2006-12-17,,streamflow,9291000,ft3/s,"['A', '[90]']",0
2006-12-18,,streamflow,9291000,ft3/s,"['A', '[90]']",0
2006-12-19,,streamflow,9291000,ft3/s,"['A', '[90]']",0
2006-12-20,,streamflow,9291000,ft3/s,"['A', '[90]']",0
2006-12-21,,streamflow,9291000,ft3/s,"['A', '[90]']",0
2006-12-22,,streamflow,9291000,ft3/s,"['A', '[90]']",0
2006-12-23,,streamflow,9291000,ft3/s,"['A', '[90]']",0
2006-12-24,,streamflow,9291000,ft3/s,"['A', '[90]']",0
2006-12-25,,streamflow,9291000,ft3/s,"['A', '[90]']",0
2006-12-26,,streamflow,9291000,ft3/s,"['A', '[90]']",0
2006-12-27,,streamflow,9291000,ft3/s,"['A', '[90]']",0
2006-12-28,,streamflow,9291000,ft3/s,"['A', '[90]']",0
2006-12-29,,streamflow,9291000,ft3/s,"['A', '[90]']",0
2006-12-30,,streamflow,9291000,ft3/s,"['A', '[90]']",0
2006-12-31,,streamflow,9291000,ft3/s,"['A', '[90]']",0
2007-01-01,,streamflow,9291000,ft3/s,"['A', '[90]']",0
2007-01-02,,streamflow,9291000,ft3/s,"['A', '[90]']",0
2007-01-03,,streamflow,9291000,ft3/s,"['A', '[90]']",0
2007-01-04,,streamflow,9291000,ft3/s,"['A', '[90]']",0
2007-01-05,,streamflow,9291000,ft3/s,"['A', '[90]']",0
2007-01-06,,streamflow,9291000,ft3/s,"['A', '[90]']",0
2007-01-07,,streamflow,9291000,ft3/s,"['A', '[90]']",0
2007-01-08,,streamflow,9291000,ft3/s,"['A', '[90]']",0
2007-01-09,,streamflow,9291000,ft3/s,"['A', '[90]']",0
2007-01-10,,streamflow,9291000,ft3/s,"['A', '[90]']",0
2007-01-11,,streamflow,9291000,ft3/s,"['A', '[90]']",0
2007-01-12,,streamflow,9291000,ft3/s,"['A', '[90]']",0
2007-01-13,,streamflow,9291000,ft3/s,"['A', '[90]']",0
2007-01-14,,streamflow,9291000,ft3/s,"['A', '[90]']",0
2007-01-15,,streamflow,9291000,ft3/s,"['A', '[90]']",0
2007-01-16,,streamflow,9291000,ft3/s,"['A', '[90]']",0
2007-01-17,,streamflow,9291000,ft3/s,"['A', '[90]']",0
2007-01-18,,streamflow,9291000,ft3/s,"['A', '[90]']",0
2007-01-19,,streamflow,9291000,ft3/s,"['A', '[90]']",0
2007-01-20,,streamflow,9291000,ft3/s,"['A', '[90]']",0
2007-01-21,,streamflow,9291000,ft3/s,"['A', '[90]']",0
2007-01-22,,streamflow,9291000,ft3/s,"['A', '[90]']",0
2007-01-23,,streamflow,9291000,ft3/s,"['A', '[90]']",0
2007-01-24,,streamflow,9291000,ft3/s,"['A', '[90]']",0
2007-01-25,,streamflow,9291000,ft3/s,"['A', '[90]']",0
2007-01-26,,streamflow,9291000,ft3/s,"['A', '[90]']",0
2007-01-27,,streamflow,9291000,ft3/s,"['A', '[90]']",0
2007-01-28,,streamflow,9291000,ft3/s,"['A', '[90]']",0
2007-01-29,,streamflow,9291000,ft3/s,"['A', '[90]']",0
2007-01-30,,streamflow,9291000,ft3/s,"['A', '[90]']",0
2007-01-31,,streamflow,9291000,ft3/s,"['A', '[90]']",0
2007-02-01,,streamflow,9291000,ft3/s,"['A', '[90]']",0
2007-02-02,,streamflow,9291000,ft3/s,"['A', '[90]']",0
2007-02-03,,streamflow,9291000,ft3/s,"['A', '[90]']",0
2007-02-04,,streamflow,9291000,ft3/s,"['A', '[90]']",0
2007-02-05,,streamflow,9291000,ft3/s,"['A', '[90]']",0
2007-02-06,,streamflow,9291000,ft3/s,"['A', '[90]']",0
2007-02-07,,streamflow,9291000,ft3/s,"['A', '[90]']",0
2007-02-08,,streamflow,9291000,ft3/s,"['A', '[90]']",0
2007-02-09,,streamflow,9291000,ft3/s,"['A', '[90]']",0
2007-02-10,,streamflow,9291000,ft3/s,"['A', '[90]']",0
2007-02-11,,streamflow,9291000,ft3/s,"['A', '[90]']",0
2007-02-12,,streamflow,9291000,ft3/s,"['A', '[90]']",0
2007-02-13,,streamflow,9291000,ft3/s,"['A', '[90]']",0
2007-02-14,,streamflow,9291000,ft3/s,"['A', '[90]']",0
2007-02-15,,streamflow,9291000,ft3/s,"['A', '[90]']",0
2007-02-16,,streamflow,9291000,ft3/s,"['A', '[90]']",0
2007-02-17,,streamflow,9291000,ft3/s,"['A', '[90]']",0
2007-02-18,,streamflow,9291000,ft3/s,"['A', '[90]']",0
2007-02-19,,streamflow,9291000,ft3/s,"['A', '[90]']",0
2007-02-20,,streamflow,9291000,ft3/s,"['A', '[90]']",0
2007-02-21,,streamflow,9291000,ft3/s,"['A', '[90]']",0
2007-02-22,,streamflow,9291000,ft3/s,"['A', '[90]']",0
2007-02-23,,streamflow,9291000,ft3/s,"['A', '[90]']",0
2007-02-24,,streamflow,9291000,ft3/s,"['A', '[90]']",0
2007-02-25,,streamflow,9291000,ft3/s,"['A', '[90]']",0
2007-02-26,,streamflow,9291000,ft3/s,"['A', '[90]']",0
2007-02-27,,streamflow,9291000,ft3/s,"['A', '[90]']",0
2007-02-28,,streamflow,9291000,ft3/s,"['A', '[90]']",0
2007-03-01,,streamflow,9291000,ft3/s,"['A', '[90]']",0
2007-03-02,,streamflow,9291000,ft3/s,"['A', '[90]']",0
2007-03-03,,streamflow,9291000,ft3/s,"['A', '[90]']",0
2007-03-04,,streamflow,9291000,ft3/s,"['A', '[90]']",0
2007-03-05,,streamflow,9291000,ft3/s,"['A', '[90]']",0
2007-03-06,,streamflow,9291000,ft3/s,"['A', '[90]']",0
2007-03-07,,streamflow,9291000,ft3/s,"['A', '[90]']",0
2007-03-08,,streamflow,9291000,ft3/s,"['A', '[90]']",0
2007-03-09,,streamflow,9291000,ft3/s,"['A', '[90]']",0
2007-03-10,,streamflow,9291000,ft3/s,"['A', '[90]']",0
2007-03-11,,streamflow,9291000,ft3/s,"['A', '[90]']",0
2007-03-12,,streamflow,9291000,ft3/s,"['A', '[90]']",0
2007-03-13,,streamflow,9291000,ft3/s,"['A', '[90]']",0
2007-03-14,,streamflow,9291000,ft3/s,"['A', '[90]']",0
2007-03-15,,streamflow,9291000,ft3/s,"['A', '[90]']",0
2007-03-16,,streamflow,9291000,ft3/s,"['A', '[90]']",0
2007-03-17,,streamflow,9291000,ft3/s,"['A', '[90]']",0
2007-03-18,,streamflow,9291000,ft3/s,"['A', '[90]']",0
2007-03-19,,streamflow,9291000,ft3/s,"['A', '[90]']",0
2007-03-20,,streamflow,9291000,ft3/s,"['A', '[90]']",0
2007-03-21,,streamflow,9291000,ft3/s,"['A', '[90]']",0
2007-03-22,,streamflow,9291000,ft3/s,"['A', '[90]']",0
2007-03-23,,streamflow,9291000,ft3/s,"['A', '[90]']",0
2007-03-24,,streamflow,9291000,ft3/s,"['A', '[90]']",0
2007-03-25,,streamflow,9291000,ft3/s,"['A', '[90]']",0
2007-03-26,,streamflow,9291000,ft3/s,"['A', '[90]']",0
2007-03-27,,streamflow,9291000,ft3/s,"['A', '[90]']",0
2007-03-28,,streamflow,9291000,ft3/s,"['A', '[90]']",0
2007-03-29,,streamflow,9291000,ft3/s,"['A', '[90]']",0
2007-03-30,,streamflow,9291000,ft3/s,"['A', '[90]']",0
2007-03-31,,streamflow,9291000,ft3/s,"['A', '[90]']",0
2007-04-01,,streamflow,9291000,ft3/s,"['A', '[90]']",0
2007-04-02,,streamflow,9291000,ft3/s,"['A', '[90]']",0
2007-04-03,,streamflow,9291000,ft3/s,"['A', '[90]']",0
2007-04-04,,streamflow,9291000,ft3/s,"['A', '[90]']",0
2007-04-05,,streamflow,9291000,ft3/s,"['A', '[90]']",0
2007-04-06,,streamflow,9291000,ft3/s,"['A', '[90]']",0
2007-04-07,,streamflow,9291000,ft3/s,"['A', '[90]']",0
2007-04-08,,streamflow,9291000,ft3/s,"['A', '[90]']",0
2007-04-09,,streamflow,9291000,ft3/s,"['A', '[90]']",0
2007-04-10,,streamflow,9291000,ft3/s,"['A', '[90]']",0
2007-04-11,,streamflow,9291000,ft3/s,"['A', '[90]']",0
2007-04-12,71.236115,streamflow,9291000,ft3/s,"['A', '[90]']",0
2007-04-13,66.041664,streamflow,9291000,ft3/s,"['A', '[90]']",0
2007-04-14,58.260418,streamflow,9291000,ft3/s,"['A', '[90]']",0
2007-04-15,54.21875,streamflow,9291000,ft3/s,"['A', '[90]']",0
2007-04-16,53.052082,streamflow,9291000,ft3/s,"['A', '[90]']",0
2007-04-17,51.354168,streamflow,9291000,ft3/s,"['A', '[90]']",0
2007-04-18,50.25,streamflow,9291000,ft3/s,"['A', '[90]']",0
2007-04-19,,streamflow,9291000,ft3/s,"['A', '[90]']",0
2007-04-20,,streamflow,9291000,ft3/s,"['A', '[90]']",0
2007-04-21,,streamflow,9291000,ft3/s,"['A', '[90]']",0
2007-04-22,,streamflow,9291000,ft3/s,"['A', '[90]']",0
2007-04-23,,streamflow,9291000,ft3/s,"['A', '[90]']",0
2007-04-24,,streamflow,9291000,ft3/s,"['A', '[90]']",0
2007-04-25,,streamflow,9291000,ft3/s,"['A', '[90]']",0
2007-04-26,,streamflow,9291000,ft3/s,"['A', '[90]']",0
2007-04-27,,streamflow,9291000,ft3/s,"['A', '[90]']",0
2007-04-28,,streamflow,9291000,ft3/s,"['A', '[90]']",0
2007-04-29,,streamflow,9291000,ft3/s,"['A', '[90]']",0
2007-04-30,,streamflow,9291000,ft3/s,"['A', '[90]']",0
2007-05-01,,streamflow,9291000,ft3/s,"['A', '[90]']",0
2007-05-02,,streamflow,9291000,ft3/s,"['A', '[90]']",0
2007-05-03,,streamflow,9291000,ft3/s,"['A', '[90]']",0
2007-05-04,,streamflow,9291000,ft3/s,"['A', '[90]']",0
2007-05-05,,streamflow,9291000,ft3/s,"['A', '[90]']",0
2007-05-06,,streamflow,9291000,ft3/s,"['A', '[90]']",0
2007-05-07,,streamflow,9291000,ft3/s,"['A', '[90]']",0
2007-05-08,,streamflow,9291000,ft3/s,"['A', '[90]']",0
2007-05-09,,streamflow,9291000,ft3/s,"['A', '[90]']",0
2007-05-10,,streamflow,9291000,ft3/s,"['A', '[90]']",0
2007-05-11,,streamflow,9291000,ft3/s,"['A', '[90]']",0
2007-05-12,,streamflow,9291000,ft3/s,"['A', '[90]']",0
2007-05-13,,streamflow,9291000,ft3/s,"['A', '[90]']",0
2007-05-14,,streamflow,9291000,ft3/s,"['A', '[90]']",0
2007-05-15,,streamflow,9291000,ft3/s,"['A', '[90]']",0
2007-05-16,158.125,streamflow,9291000,ft3/s,"['A', '[90]']",0
2007-05-17,181.90625,streamflow,9291000,ft3/s,"['A', '[90]']",0
2007-05-18,203.42708,streamflow,9291000,ft3/s,"['A', '[90]']",0
2007-05-19,203.59375,streamflow,9291000,ft3/s,"['A', '[90]']",0
2007-05-20,187.08333,streamflow,9291000,ft3/s,"['A', '[90]']",0
2007-05-21,213.72917,streamflow,9291000,ft3/s,"['A', '[90]']",0
2007-05-22,263.79166,streamflow,9291000,ft3/s,"['A', '[90]']",0
2007-05-23,316.46875,streamflow,9291000,ft3/s,"['A', '[90]']",0
2007-05-24,326.40625,streamflow,9291000,ft3/s,"['A', '[90]']",0
2007-05-25,334.6875,streamflow,9291000,ft3/s,"['A', '[90]']",0
2007-05-26,339.71875,streamflow,9291000,ft3/s,"['A', '[90]']",0
2007-05-27,310.4375,streamflow,9291000,ft3/s,"['A', '[90]']",0
2007-05-28,314.5104,streamflow,9291000,ft3/s,"['A', '[90]']",0
2007-05-29,313.10416,streamflow,9291000,ft3/s,"['A', '[90]']",0
2007-05-30,316.0625,streamflow,9291000,ft3/s,"['A', '[90]']",0
2007-05-31,325.15625,streamflow,9291000,ft3/s,"['A', '[90]']",0
2007-06-01,328.65625,streamflow,9291000,ft3/s,"['A', '[90]']",0
2007-06-02,322.27084,streamflow,9291000,ft3/s,"['A', '[90]']",0
2007-06-03,322.8021,streamflow,9291000,ft3/s,"['A', '[90]']",0
2007-06-04,323.4896,streamflow,9291000,ft3/s,"['A', '[90]']",0
2007-06-05,317.125,streamflow,9291000,ft3/s,"['A', '[90]']",0
2007-06-06,314.20834,streamflow,9291000,ft3/s,"['A', '[90]']",0
2007-06-07,330.64584,streamflow,9291000,ft3/s,"['A', '[90]']",0
2007-06-08,347.03125,streamflow,9291000,ft3/s,"['A', '[90]']",0
2007-06-09,345.8021,streamflow,9291000,ft3/s,"['A', '[90]']",0
2007-06-10,344.4479,streamflow,9291000,ft3/s,"['A', '[90]']",0
2007-06-11,340.9271,streamflow,9291000,ft3/s,"['A', '[90]']",0
2007-06-12,345.02084,streamflow,9291000,ft3/s,"['A', '[90]']",0
2007-06-13,348.5729,streamflow,9291000,ft3/s,"['A', '[90]']",0
2007-06-14,348.1979,streamflow,9291000,ft3/s,"['A', '[90]']",0
2007-06-15,365.5,streamflow,9291000,ft3/s,"['A', '[90]']",0
2007-06-16,391.1875,streamflow,9291000,ft3/s,"['A', '[90]']",0
2007-06-17,388.70834,streamflow,9291000,ft3/s,"['A', '[90]']",0
2007-06-18,364.375,streamflow,9291000,ft3/s,"['A', '[90]']",0
2007-06-19,363.8229,streamflow,9291000,ft3/s,"['A', '[90]']",0
2007-06-20,371.39584,streamflow,9291000,ft3/s,"['A', '[90]']",0
2007-06-21,382.1771,streamflow,9291000,ft3/s,"['A', '[90]']",0
2007-06-22,386.8125,streamflow,9291000,ft3/s,"['A', '[90]']",0
2007-06-23,387.78125,streamflow,9291000,ft3/s,"['A', '[90]']",0
2007-06-24,384.79166,streamflow,9291000,ft3/s,"['A', '[90]']",0
2007-06-25,387.72916,streamflow,9291000,ft3/s,"['A', '[90]']",0
2007-06-26,393.60416,streamflow,9291000,ft3/s,"['A', '[90]']",0
2007-06-27,388.47916,streamflow,9291000,ft3/s,"['A', '[90]']",0
2007-06-28,315.875,streamflow,9291000,ft3/s,"['A', '[90]']",0
2007-06-29,298.0104,streamflow,9291000,ft3/s,"['A', '[90]']",0
2007-06-30,295.8854,streamflow,9291000,ft3/s,"['A', '[90]']",0
2007-07-01,297.4896,streamflow,9291000,ft3/s,"['A', '[90]']",0
2007-07-02,305.22916,streamflow,9291000,ft3/s,"['A', '[90]']",0
2007-07-03,293.39584,streamflow,9291000,ft3/s,"['A', '[90]']",0
2007-07-04,286.9271,streamflow,9291000,ft3/s,"['A', '[90]']",0
2007-07-05,286.1354,streamflow,9291000,ft3/s,"['A', '[90]']",0
2007-07-06,262.9896,streamflow,9291000,ft3/s,"['A', '[90]']",0
2007-07-07,246.22917,streamflow,9291000,ft3/s,"['A', '[90]']",0
2007-07-08,251.35417,streamflow,9291000,ft3/s,"['A', '[90]']",0
2007-07-09,260.8125,streamflow,9291000,ft3/s,"['A', '[90]']",0
2007-07-10,268.875,streamflow,9291000,ft3/s,"['A', '[90]']",0
2007-07-11,267.5521,streamflow,9291000,ft3/s,"['A', '[90]']",0
2007-07-12,261.7396,streamflow,9291000,ft3/s,"['A', '[90]']",0
2007-07-13,261.375,streamflow,9291000,ft3/s,"['A', '[90]']",0
2007-07-14,260.875,streamflow,9291000,ft3/s,"['A', '[90]']",0
2007-07-15,232.59375,streamflow,9291000,ft3/s,"['A', '[90]']",0
2007-07-16,75.114586,streamflow,9291000,ft3/s,"['A', '[90]']",0
2007-07-17,48.020832,streamflow,9291000,ft3/s,"['A', '[90]']",0
2007-07-18,10.625,streamflow,9291000,ft3/s,"['A', '[90]']",0
2007-07-19,3.4,streamflow,9291000,ft3/s,"['A', '[90]']",0
2007-07-20,,streamflow,9291000,ft3/s,"['A', '[90]']",0
2007-07-21,,streamflow,9291000,ft3/s,"['A', '[90]']",0
2007-07-22,,streamflow,9291000,ft3/s,"['A', '[90]']",0
2007-07-23,,streamflow,9291000,ft3/s,"['A', '[90]']",0
2007-07-24,,streamflow,9291000,ft3/s,"['A', '[90]']",0
2007-07-25,,streamflow,9291000,ft3/s,"['A', '[90]']",0
2007-07-26,,streamflow,9291000,ft3/s,"['A', '[90]']",0
2007-07-27,,streamflow,9291000,ft3/s,"['A', '[90]']",0
2007-07-28,,streamflow,9291000,ft3/s,"['A', '[90]']",0
2007-07-29,37.133335,streamflow,9291000,ft3/s,"['A', '[90]']",0
2007-07-30,121.145836,streamflow,9291000,ft3/s,"['A', '[90]']",0
2007-07-31,123.53125,streamflow,9291000,ft3/s,"['A', '[90]']",0
2007-08-01,144.96875,streamflow,9291000,ft3/s,"['A', '[90]']",0
2007-08-02,146.3125,streamflow,9291000,ft3/s,"['A', '[90]']",0
2007-08-03,182.80208,streamflow,9291000,ft3/s,"['A', '[90]']",0
2007-08-04,181.89583,streamflow,9291000,ft3/s,"['A', '[90]']",0
2007-08-05,168.32292,streamflow,9291000,ft3/s,"['A', '[90]']",0
2007-08-06,149.0,streamflow,9291000,ft3/s,"['A', '[90]']",0
2007-08-07,169.76042,streamflow,9291000,ft3/s,"['A', '[90]']",0
2007-08-08,189.98958,streamflow,9291000,ft3/s,"['A', '[90]']",0
2007-08-09,197.5,streamflow,9291000,ft3/s,"['A', '[90]']",0
2007-08-10,205.45833,streamflow,9291000,ft3/s,"['A', '[90]']",0
2007-08-11,207.28125,streamflow,9291000,ft3/s,"['A', '[90]']",0
2007-08-12,197.75,streamflow,9291000,ft3/s,"['A', '[90]']",0
2007-08-13,101.104164,streamflow,9291000,ft3/s,"['A', '[90]']",0
2007-08-14,76.447914,streamflow,9291000,ft3/s,"['A', '[90]']",0
2007-08-15,73.604164,streamflow,9291000,ft3/s,"['A', '[90]']",0
2007-08-16,69.3125,streamflow,9291000,ft3/s,"['A', '[90]']",0
2007-08-17,57.697918,streamflow,9291000,ft3/s,"['A', '[90]']",0
2007-08-18,51.0,streamflow,9291000,ft3/s,"['A', '[90]']",0
2007-08-19,50.333332,streamflow,9291000,ft3/s,"['A', '[90]']",0
2007-08-20,50.0,streamflow,9291000,ft3/s,"['A', '[90]']",0
2007-08-21,45.364582,streamflow,9291000,ft3/s,"['A', '[90]']",0
2007-08-22,47.072918,streamflow,9291000,ft3/s,"['A', '[90]']",0
2007-08-23,45.0,streamflow,9291000,ft3/s,"['A', '[90]']",0
2007-08-24,42.125,streamflow,9291000,ft3/s,"['A', '[90]']",0
2007-08-25,38.927082,streamflow,9291000,ft3/s,"['A', '[90]']",0
2007-08-26,41.0,streamflow,9291000,ft3/s,"['A', '[90]']",0
2007-08-27,41.041668,streamflow,9291000,ft3/s,"['A', '[90]']",0
2007-08-28,153.08333,streamflow,9291000,ft3/s,"['A', '[90]']",0
2007-08-29,161.0,streamflow,9291000,ft3/s,"['A', '[90]']",0
2007-08-30,166.20833,streamflow,9291000,ft3/s,"['A', '[90]']",0
2007-08-31,173.53125,streamflow,9291000,ft3/s,"['A', '[90]']",0
2007-09-01,175.15625,streamflow,9291000,ft3/s,"['A', '[90]']",0
2007-09-02,177.71875,streamflow,9291000,ft3/s,"['A', '[90]']",0
2007-09-03,198.83333,streamflow,9291000,ft3/s,"['A', '[90]']",0
2007-09-04,122.416664,streamflow,9291000,ft3/s,"['A', '[90]']",0
2007-09-05,79.833336,streamflow,9291000,ft3/s,"['A', '[90]']",0
2007-09-06,97.979164,streamflow,9291000,ft3/s,"['A', '[90]']",0
2007-09-07,178.40625,streamflow,9291000,ft3/s,"['A', '[90]']",0
2007-09-08,158.0,streamflow,9291000,ft3/s,"['A', '[90]']",0
2007-09-09,153.1875,streamflow,9291000,ft3/s,"['A', '[90]']",0
2007-09-10,158.0,streamflow,9291000,ft3/s,"['A', '[90]']",0
2007-09-11,155.90625,streamflow,9291000,ft3/s,"['A', '[90]']",0
2007-09-12,152.0,streamflow,9291000,ft3/s,"['A', '[90]']",0
2007-09-13,151.96875,streamflow,9291000,ft3/s,"['A', '[90]']",0
2007-09-14,152.75,streamflow,9291000,ft3/s,"['A', '[90]']",0
2007-09-15,155.0,streamflow,9291000,ft3/s,"['A', '[90]']",0
2007-09-16,155.0,streamflow,9291000,ft3/s,"['A', '[90]']",0
2007-09-17,115.197914,streamflow,9291000,ft3/s,"['A', '[90]']",0
2007-09-18,88.260414,streamflow,9291000,ft3/s,"['A', '[90]']",0
2007-09-19,68.135414,streamflow,9291000,ft3/s,"['A', '[90]']",0
2007-09-20,59.760418,streamflow,9291000,ft3/s,"['A', '[90]']",0
2007-09-21,55.260418,streamflow,9291000,ft3/s,"['A', '[90]']",0
2007-09-22,50.916668,streamflow,9291000,ft3/s,"['A', '[90]']",0
2007-09-23,52.09375,streamflow,9291000,ft3/s,"['A', '[90]']",0
2007-09-24,55.520832,streamflow,9291000,ft3/s,"['A', '[90]']",0
2007-09-25,57.0,streamflow,9291000,ft3/s,"['A', '[90]']",0
2007-09-26,57.0,streamflow,9291000,ft3/s,"['A', '[90]']",0
2007-09-27,57.0,streamflow,9291000,ft3/s,"['A', '[90]']",0
2007-09-28,55.8125,streamflow,9291000,ft3/s,"['A', '[90]']",0
2007-09-29,50.729168,streamflow,9291000,ft3/s,"['A', '[90]']",0
2007-09-30,50.864582,streamflow,9291000,ft3/s,"['A', '[90]']",0
2007-10-01,51.0,streamflow,9291000,ft3/s,"['A', '[90]']",0
2007-10-02,51.0,streamflow,9291000,ft3/s,"['A', '[90]']",0
2007-10-03,51.060417,streamflow,9291000,ft3/s,"['A', '[90]']",0
2007-10-04,53.9,streamflow,9291000,ft3/s,"['A', '[90]']",0
2007-10-05,53.9,streamflow,9291000,ft3/s,"['A', '[90]']",0
2007-10-06,56.533333,streamflow,9291000,ft3/s,"['A', '[90]']",0
2007-10-07,58.1,streamflow,9291000,ft3/s,"['A', '[90]']",0
2007-10-08,59.71771,streamflow,9291000,ft3/s,"['A', '[90]']",0
2007-10-09,70.5,streamflow,9291000,ft3/s,"['A', '[90]']",0
2007-10-10,,streamflow,9291000,ft3/s,"['A', '[90]']",0
2007-10-11,,streamflow,9291000,ft3/s,"['A', '[90]']",0
2007-10-12,,streamflow,9291000,ft3/s,"['A', '[90]']",0
2007-10-13,,streamflow,9291000,ft3/s,"['A', '[90]']",0
2007-10-14,,streamflow,9291000,ft3/s,"['A', '[90]']",0
2007-10-15,,streamflow,9291000,ft3/s,"['A', '[90]']",0
2007-10-16,,streamflow,9291000,ft3/s,"['A', '[90]']",0
2007-10-17,,streamflow,9291000,ft3/s,"['A', '[90]']",0
2007-10-18,,streamflow,9291000,ft3/s,"['A', '[90]']",0
2007-10-19,,streamflow,9291000,ft3/s,"['A', '[90]']",0
2007-10-20,,streamflow,9291000,ft3/s,"['A', '[90]']",0
2007-10-21,,streamflow,9291000,ft3/s,"['A', '[90]']",0
2007-10-22,,streamflow,9291000,ft3/s,"['A', '[90]']",0
2007-10-23,,streamflow,9291000,ft3/s,"['A', '[90]']",0
2007-10-24,,streamflow,9291000,ft3/s,"['A', '[90]']",0
2007-10-25,,streamflow,9291000,ft3/s,"['A', '[90]']",0
2007-10-26,,streamflow,9291000,ft3/s,"['A', '[90]']",0
2007-10-27,,streamflow,9291000,ft3/s,"['A', '[90]']",0
2007-10-28,,streamflow,9291000,ft3/s,"['A', '[90]']",0
2007-10-29,,streamflow,9291000,ft3/s,"['A', '[90]']",0
2007-10-30,,streamflow,9291000,ft3/s,"['A', '[90]']",0
2007-10-31,,streamflow,9291000,ft3/s,"['A', '[90]']",0
2007-11-01,,streamflow,9291000,ft3/s,"['A', '[90]']",0
2007-11-02,,streamflow,9291000,ft3/s,"['A', '[90]']",0
2007-11-03,,streamflow,9291000,ft3/s,"['A', '[90]']",0
2007-11-04,,streamflow,9291000,ft3/s,"['A', '[90]']",0
2007-11-05,,streamflow,9291000,ft3/s,"['A', '[90]']",0
2007-11-06,,streamflow,9291000,ft3/s,"['A', '[90]']",0
2007-11-07,,streamflow,9291000,ft3/s,"['A', '[90]']",0
2007-11-08,,streamflow,9291000,ft3/s,"['A', '[90]']",0
2007-11-09,,streamflow,9291000,ft3/s,"['A', '[90]']",0
2007-11-10,,streamflow,9291000,ft3/s,"['A', '[90]']",0
2007-11-11,,streamflow,9291000,ft3/s,"['A', '[90]']",0
2007-11-12,,streamflow,9291000,ft3/s,"['A', '[90]']",0
2007-11-13,,streamflow,9291000,ft3/s,"['A', '[90]']",0
2007-11-14,,streamflow,9291000,ft3/s,"['A', '[90]']",0
2007-11-15,,streamflow,9291000,ft3/s,"['A', '[90]']",0
2007-11-16,,streamflow,9291000,ft3/s,"['A', '[90]']",0
2007-11-17,,streamflow,9291000,ft3/s,"['A', '[90]']",0
2007-11-18,,streamflow,9291000,ft3/s,"['A', '[90]']",0
2007-11-19,,streamflow,9291000,ft3/s,"['A', '[90]']",0
2007-11-20,,streamflow,9291000,ft3/s,"['A', '[90]']",0
2007-11-21,,streamflow,9291000,ft3/s,"['A', '[90]']",0
2007-11-22,,streamflow,9291000,ft3/s,"['A', '[90]']",0
2007-11-23,,streamflow,9291000,ft3/s,"['A', '[90]']",0
2007-11-24,,streamflow,9291000,ft3/s,"['A', '[90]']",0
2007-11-25,,streamflow,9291000,ft3/s,"['A', '[90]']",0
2007-11-26,,streamflow,9291000,ft3/s,"['A', '[90]']",0
2007-11-27,,streamflow,9291000,ft3/s,"['A', '[90]']",0
2007-11-28,,streamflow,9291000,ft3/s,"['A', '[90]']",0
2007-11-29,,streamflow,9291000,ft3/s,"['A', '[90]']",0
2007-11-30,,streamflow,9291000,ft3/s,"['A', '[90]']",0
2007-12-01,,streamflow,9291000,ft3/s,"['A', '[90]']",0
2007-12-02,,streamflow,9291000,ft3/s,"['A', '[90]']",0
2007-12-03,,streamflow,9291000,ft3/s,"['A', '[90]']",0
2007-12-04,,streamflow,9291000,ft3/s,"['A', '[90]']",0
2007-12-05,,streamflow,9291000,ft3/s,"['A', '[90]']",0
2007-12-06,,streamflow,9291000,ft3/s,"['A', '[90]']",0
2007-12-07,,streamflow,9291000,ft3/s,"['A', '[90]']",0
2007-12-08,,streamflow,9291000,ft3/s,"['A', '[90]']",0
2007-12-09,,streamflow,9291000,ft3/s,"['A', '[90]']",0
2007-12-10,,streamflow,9291000,ft3/s,"['A', '[90]']",0
2007-12-11,,streamflow,9291000,ft3/s,"['A', '[90]']",0
2007-12-12,,streamflow,9291000,ft3/s,"['A', '[90]']",0
2007-12-13,,streamflow,9291000,ft3/s,"['A', '[90]']",0
2007-12-14,,streamflow,9291000,ft3/s,"['A', '[90]']",0
2007-12-15,,streamflow,9291000,ft3/s,"['A', '[90]']",0
2007-12-16,,streamflow,9291000,ft3/s,"['A', '[90]']",0
2007-12-17,,streamflow,9291000,ft3/s,"['A', '[90]']",0
2007-12-18,,streamflow,9291000,ft3/s,"['A', '[90]']",0
2007-12-19,,streamflow,9291000,ft3/s,"['A', '[90]']",0
2007-12-20,,streamflow,9291000,ft3/s,"['A', '[90]']",0
2007-12-21,,streamflow,9291000,ft3/s,"['A', '[90]']",0
2007-12-22,,streamflow,9291000,ft3/s,"['A', '[90]']",0
2007-12-23,,streamflow,9291000,ft3/s,"['A', '[90]']",0
2007-12-24,,streamflow,9291000,ft3/s,"['A', '[90]']",0
2007-12-25,,streamflow,9291000,ft3/s,"['A', '[90]']",0
2007-12-26,,streamflow,9291000,ft3/s,"['A', '[90]']",0
2007-12-27,,streamflow,9291000,ft3/s,"['A', '[90]']",0
2007-12-28,,streamflow,9291000,ft3/s,"['A', '[90]']",0
2007-12-29,,streamflow,9291000,ft3/s,"['A', '[90]']",0
2007-12-30,,streamflow,9291000,ft3/s,"['A', '[90]']",0
2007-12-31,,streamflow,9291000,ft3/s,"['A', '[90]']",0
2008-01-01,,streamflow,9291000,ft3/s,"['A', '[90]']",0
2008-01-02,,streamflow,9291000,ft3/s,"['A', '[90]']",0
2008-01-03,,streamflow,9291000,ft3/s,"['A', '[90]']",0
2008-01-04,,streamflow,9291000,ft3/s,"['A', '[90]']",0
2008-01-05,,streamflow,9291000,ft3/s,"['A', '[90]']",0
2008-01-06,,streamflow,9291000,ft3/s,"['A', '[90]']",0
2008-01-07,,streamflow,9291000,ft3/s,"['A', '[90]']",0
2008-01-08,,streamflow,9291000,ft3/s,"['A', '[90]']",0
2008-01-09,,streamflow,9291000,ft3/s,"['A', '[90]']",0
2008-01-10,,streamflow,9291000,ft3/s,"['A', '[90]']",0
2008-01-11,,streamflow,9291000,ft3/s,"['A', '[90]']",0
2008-01-12,,streamflow,9291000,ft3/s,"['A', '[90]']",0
2008-01-13,,streamflow,9291000,ft3/s,"['A', '[90]']",0
2008-01-14,,streamflow,9291000,ft3/s,"['A', '[90]']",0
2008-01-15,,streamflow,9291000,ft3/s,"['A', '[90]']",0
2008-01-16,,streamflow,9291000,ft3/s,"['A', '[90]']",0
2008-01-17,,streamflow,9291000,ft3/s,"['A', '[90]']",0
2008-01-18,,streamflow,9291000,ft3/s,"['A', '[90]']",0
2008-01-19,,streamflow,9291000,ft3/s,"['A', '[90]']",0
2008-01-20,,streamflow,9291000,ft3/s,"['A', '[90]']",0
2008-01-21,,streamflow,9291000,ft3/s,"['A', '[90]']",0
2008-01-22,,streamflow,9291000,ft3/s,"['A', '[90]']",0
2008-01-23,,streamflow,9291000,ft3/s,"['A', '[90]']",0
2008-01-24,,streamflow,9291000,ft3/s,"['A', '[90]']",0
2008-01-25,,streamflow,9291000,ft3/s,"['A', '[90]']",0
2008-01-26,,streamflow,9291000,ft3/s,"['A', '[90]']",0
2008-01-27,,streamflow,9291000,ft3/s,"['A', '[90]']",0
2008-01-28,,streamflow,9291000,ft3/s,"['A', '[90]']",0
2008-01-29,,streamflow,9291000,ft3/s,"['A', '[90]']",0
2008-01-30,,streamflow,9291000,ft3/s,"['A', '[90]']",0
2008-01-31,,streamflow,9291000,ft3/s,"['A', '[90]']",0
2008-02-01,,streamflow,9291000,ft3/s,"['A', '[90]']",0
2008-02-02,,streamflow,9291000,ft3/s,"['A', '[90]']",0
2008-02-03,,streamflow,9291000,ft3/s,"['A', '[90]']",0
2008-02-04,,streamflow,9291000,ft3/s,"['A', '[90]']",0
2008-02-05,,streamflow,9291000,ft3/s,"['A', '[90]']",0
2008-02-06,,streamflow,9291000,ft3/s,"['A', '[90]']",0
2008-02-07,,streamflow,9291000,ft3/s,"['A', '[90]']",0
2008-02-08,,streamflow,9291000,ft3/s,"['A', '[90]']",0
2008-02-09,,streamflow,9291000,ft3/s,"['A', '[90]']",0
2008-02-10,,streamflow,9291000,ft3/s,"['A', '[90]']",0
2008-02-11,,streamflow,9291000,ft3/s,"['A', '[90]']",0
2008-02-12,,streamflow,9291000,ft3/s,"['A', '[90]']",0
2008-02-13,,streamflow,9291000,ft3/s,"['A', '[90]']",0
2008-02-14,,streamflow,9291000,ft3/s,"['A', '[90]']",0
2008-02-15,,streamflow,9291000,ft3/s,"['A', '[90]']",0
2008-02-16,,streamflow,9291000,ft3/s,"['A', '[90]']",0
2008-02-17,,streamflow,9291000,ft3/s,"['A', '[90]']",0
2008-02-18,,streamflow,9291000,ft3/s,"['A', '[90]']",0
2008-02-19,,streamflow,9291000,ft3/s,"['A', '[90]']",0
2008-02-20,,streamflow,9291000,ft3/s,"['A', '[90]']",0
2008-02-21,,streamflow,9291000,ft3/s,"['A', '[90]']",0
2008-02-22,,streamflow,9291000,ft3/s,"['A', '[90]']",0
2008-02-23,,streamflow,9291000,ft3/s,"['A', '[90]']",0
2008-02-24,,streamflow,9291000,ft3/s,"['A', '[90]']",0
2008-02-25,,streamflow,9291000,ft3/s,"['A', '[90]']",0
2008-02-26,,streamflow,9291000,ft3/s,"['A', '[90]']",0
2008-02-27,,streamflow,9291000,ft3/s,"['A', '[90]']",0
2008-02-28,,streamflow,9291000,ft3/s,"['A', '[90]']",0
2008-02-29,,streamflow,9291000,ft3/s,"['A', '[90]']",0
2008-03-01,,streamflow,9291000,ft3/s,"['A', '[90]']",0
2008-03-02,,streamflow,9291000,ft3/s,"['A', '[90]']",0
2008-03-03,,streamflow,9291000,ft3/s,"['A', '[90]']",0
2008-03-04,,streamflow,9291000,ft3/s,"['A', '[90]']",0
2008-03-05,,streamflow,9291000,ft3/s,"['A', '[90]']",0
2008-03-06,,streamflow,9291000,ft3/s,"['A', '[90]']",0
2008-03-07,,streamflow,9291000,ft3/s,"['A', '[90]']",0
2008-03-08,,streamflow,9291000,ft3/s,"['A', '[90]']",0
2008-03-09,,streamflow,9291000,ft3/s,"['A', '[90]']",0
2008-03-10,,streamflow,9291000,ft3/s,"['A', '[90]']",0
2008-03-11,,streamflow,9291000,ft3/s,"['A', '[90]']",0
2008-03-12,,streamflow,9291000,ft3/s,"['A', '[90]']",0
2008-03-13,,streamflow,9291000,ft3/s,"['A', '[90]']",0
2008-03-14,,streamflow,9291000,ft3/s,"['A', '[90]']",0
2008-03-15,,streamflow,9291000,ft3/s,"['A', '[90]']",0
2008-03-16,,streamflow,9291000,ft3/s,"['A', '[90]']",0
2008-03-17,,streamflow,9291000,ft3/s,"['A', '[90]']",0
2008-03-18,,streamflow,9291000,ft3/s,"['A', '[90]']",0
2008-03-19,,streamflow,9291000,ft3/s,"['A', '[90]']",0
2008-03-20,,streamflow,9291000,ft3/s,"['A', '[90]']",0
2008-03-21,,streamflow,9291000,ft3/s,"['A', '[90]']",0
2008-03-22,,streamflow,9291000,ft3/s,"['A', '[90]']",0
2008-03-23,,streamflow,9291000,ft3/s,"['A', '[90]']",0
2008-03-24,,streamflow,9291000,ft3/s,"['A', '[90]']",0
2008-03-25,,streamflow,9291000,ft3/s,"['A', '[90]']",0
2008-03-26,,streamflow,9291000,ft3/s,"['A', '[90]']",0
2008-03-27,,streamflow,9291000,ft3/s,"['A', '[90]']",0
2008-03-28,,streamflow,9291000,ft3/s,"['A', '[90]']",0
2008-03-29,,streamflow,9291000,ft3/s,"['A', '[90]']",0
2008-03-30,,streamflow,9291000,ft3/s,"['A', '[90]']",0
2008-03-31,,streamflow,9291000,ft3/s,"['A', '[90]']",0
2008-04-01,,streamflow,9291000,ft3/s,"['A', '[90]']",0
2008-04-02,,streamflow,9291000,ft3/s,"['A', '[90]']",0
2008-04-03,,streamflow,9291000,ft3/s,"['A', '[90]']",0
2008-04-04,,streamflow,9291000,ft3/s,"['A', '[90]']",0
2008-04-05,,streamflow,9291000,ft3/s,"['A', '[90]']",0
2008-04-06,,streamflow,9291000,ft3/s,"['A', '[90]']",0
2008-04-07,,streamflow,9291000,ft3/s,"['A', '[90]']",0
2008-04-08,,streamflow,9291000,ft3/s,"['A', '[90]']",0
2008-04-09,,streamflow,9291000,ft3/s,"['A', '[90]']",0
2008-04-10,,streamflow,9291000,ft3/s,"['A', '[90]']",0
2008-04-11,,streamflow,9291000,ft3/s,"['A', '[90]']",0
2008-04-12,,streamflow,9291000,ft3/s,"['A', '[90]']",0
2008-04-13,,streamflow,9291000,ft3/s,"['A', '[90]']",0
2008-04-14,,streamflow,9291000,ft3/s,"['A', '[90]']",0
2008-04-15,,streamflow,9291000,ft3/s,"['A', '[90]']",0
2008-04-16,,streamflow,9291000,ft3/s,"['A', '[90]']",0
2008-04-17,,streamflow,9291000,ft3/s,"['A', '[90]']",0
2008-04-18,,streamflow,9291000,ft3/s,"['A', '[90]']",0
2008-04-19,,streamflow,9291000,ft3/s,"['A', '[90]']",0
2008-04-20,,streamflow,9291000,ft3/s,"['A', '[90]']",0
2008-04-21,,streamflow,9291000,ft3/s,"['A', '[90]']",0
2008-04-22,,streamflow,9291000,ft3/s,"['A', '[90]']",0
2008-04-23,,streamflow,9291000,ft3/s,"['A', '[90]']",0
2008-04-24,,streamflow,9291000,ft3/s,"['A', '[90]']",0
2008-04-25,,streamflow,9291000,ft3/s,"['A', '[90]']",0
2008-04-26,,streamflow,9291000,ft3/s,"['A', '[90]']",0
2008-04-27,,streamflow,9291000,ft3/s,"['A', '[90]']",0
2008-04-28,,streamflow,9291000,ft3/s,"['A', '[90]']",0
2008-04-29,,streamflow,9291000,ft3/s,"['A', '[90]']",0
2008-04-30,22.6,streamflow,9291000,ft3/s,"['A', '[90]']",0
2008-05-01,39.458336,streamflow,9291000,ft3/s,"['A', '[90]']",0
2008-05-02,66.86979,streamflow,9291000,ft3/s,"['A', '[90]']",0
2008-05-03,123.791664,streamflow,9291000,ft3/s,"['A', '[90]']",0
2008-05-04,165.26042,streamflow,9291000,ft3/s,"['A', '[90]']",0
2008-05-05,184.20833,streamflow,9291000,ft3/s,"['A', '[90]']",0
2008-05-06,180.73958,streamflow,9291000,ft3/s,"['A', '[90]']",0
2008-05-07,205.14583,streamflow,9291000,ft3/s,"['A', '[90]']",0
2008-05-08,324.0104,streamflow,9291000,ft3/s,"['A', '[90]']",0
2008-05-09,328.02084,streamflow,9291000,ft3/s,"['A', '[90]']",0
2008-05-10,376.8646,streamflow,9291000,ft3/s,"['A', '[90]']",0
2008-05-11,360.7604,streamflow,9291000,ft3/s,"['A', '[90]']",0
2008-05-12,361.15625,streamflow,9291000,ft3/s,"['A', '[90]']",0
2008-05-13,358.78125,streamflow,9291000,ft3/s,"['A', '[90]']",0
2008-05-14,358.0625,streamflow,9291000,ft3/s,"['A', '[90]']",0
2008-05-15,358.65625,streamflow,9291000,ft3/s,"['A', '[90]']",0
2008-05-16,359.09375,streamflow,9291000,ft3/s,"['A', '[90]']",0
2008-05-17,358.0729,streamflow,9291000,ft3/s,"['A', '[90]']",0
2008-05-18,343.2604,streamflow,9291000,ft3/s,"['A', '[90]']",0
2008-05-19,231.32292,streamflow,9291000,ft3/s,"['A', '[90]']",0
2008-05-20,181.0625,streamflow,9291000,ft3/s,"['A', '[90]']",0
2008-05-21,185.27083,streamflow,9291000,ft3/s,"['A', '[90]']",0
2008-05-22,189.15625,streamflow,9291000,ft3/s,"['A', '[90]']",0
2008-05-23,192.71875,streamflow,9291000,ft3/s,"['A', '[90]']",0
2008-05-24,199.57292,streamflow,9291000,ft3/s,"['A', '[90]']",0
2008-05-25,205.80208,streamflow,9291000,ft3/s,"['A', '[90]']",0
2008-05-26,146.125,streamflow,9291000,ft3/s,"['A', '[90]']",0
2008-05-27,189.15625,streamflow,9291000,ft3/s,"['A', '[90]']",0
2008-05-28,203.73958,streamflow,9291000,ft3/s,"['A', '[90]']",0
2008-05-29,317.52084,streamflow,9291000,ft3/s,"['A', '[90]']",0
2008-05-30,339.9479,streamflow,9291000,ft3/s,"['A', '[90]']",0
2008-05-31,367.0,streamflow,9291000,ft3/s,"['A', '[90]']",0
2008-06-01,359.6771,streamflow,9291000,ft3/s,"['A', '[90]']",0
2008-06-02,253.64583,streamflow,9291000,ft3/s,"['A', '[90]']",0
2008-06-03,176.77083,streamflow,9291000,ft3/s,"['A', '[90]']",0
2008-06-04,178.10417,streamflow,9291000,ft3/s,"['A', '[90]']",0
2008-06-05,189.52083,streamflow,9291000,ft3/s,"['A', '[90]']",0
2008-06-06,212.65625,streamflow,9291000,ft3/s,"['A', '[90]']",0
2008-06-07,215.04167,streamflow,9291000,ft3/s,"['A', '[90]']",0
2008-06-08,221.20833,streamflow,9291000,ft3/s,"['A', '[90]']",0
2008-06-09,233.08333,streamflow,9291000,ft3/s,"['A', '[90]']",0
2008-06-10,213.80208,streamflow,9291000,ft3/s,"['A', '[90]']",0
2008-06-11,175.55208,streamflow,9291000,ft3/s,"['A', '[90]']",0
2008-06-12,196.55208,streamflow,9291000,ft3/s,"['A', '[90]']",0
2008-06-13,227.29167,streamflow,9291000,ft3/s,"['A', '[90]']",0
2008-06-14,213.0625,streamflow,9291000,ft3/s,"['A', '[90]']",0
2008-06-15,166.23958,streamflow,9291000,ft3/s,"['A', '[90]']",0
2008-06-16,130.15625,streamflow,9291000,ft3/s,"['A', '[90]']",0
2008-06-17,120.25,streamflow,9291000,ft3/s,"['A', '[90]']",0
2008-06-18,119.53125,streamflow,9291000,ft3/s,"['A', '[90]']",0
2008-06-19,120.78125,streamflow,9291000,ft3/s,"['A', '[90]']",0
2008-06-20,121.25,streamflow,9291000,ft3/s,"['A', '[90]']",0
2008-06-21,123.03125,streamflow,9291000,ft3/s,"['A', '[90]']",0
2008-06-22,127.03125,streamflow,9291000,ft3/s,"['A', '[90]']",0
2008-06-23,141.19792,streamflow,9291000,ft3/s,"['A', '[90]']",0
2008-06-24,158.10417,streamflow,9291000,ft3/s,"['A', '[90]']",0
2008-06-25,165.03125,streamflow,9291000,ft3/s,"['A', '[90]']",0
2008-06-26,207.3299,streamflow,9291000,ft3/s,"['A', '[90]']",0
2008-06-27,182.07292,streamflow,9291000,ft3/s,"['A', '[90]']",0
2008-06-28,213.60417,streamflow,9291000,ft3/s,"['A', '[90]']",0
2008-06-29,256.3229,streamflow,9291000,ft3/s,"['A', '[90]']",0
2008-06-30,268.46875,streamflow,9291000,ft3/s,"['A', '[90]']",0
2008-07-01,290.8854,streamflow,9291000,ft3/s,"['A', '[90]']",0
2008-07-02,262.2396,streamflow,9291000,ft3/s,"['A', '[90]']",0
2008-07-03,260.9479,streamflow,9291000,ft3/s,"['A', '[90]']",0
2008-07-04,264.8854,streamflow,9291000,ft3/s,"['A', '[90]']",0
2008-07-05,298.5263,streamflow,9291000,ft3/s,"['A', '[90]']",0
2008-07-06,310.3125,streamflow,9291000,ft3/s,"['A', '[90]']",0
2008-07-07,318.0521,streamflow,9291000,ft3/s,"['A', '[90]']",0
2008-07-08,332.8229,streamflow,9291000,ft3/s,"['A', '[90]']",0
2008-07-09,360.6875,streamflow,9291000,ft3/s,"['A', '[90]']",0
2008-07-10,346.71875,streamflow,9291000,ft3/s,"['A', '[90]']",0
2008-07-11,327.8646,streamflow,9291000,ft3/s,"['A', '[90]']",0
2008-07-12,339.20834,streamflow,9291000,ft3/s,"['A', '[90]']",0
2008-07-13,347.875,streamflow,9291000,ft3/s,"['A', '[90]']",0
2008-07-14,354.39584,streamflow,9291000,ft3/s,"['A', '[90]']",0
2008-07-15,360.89584,streamflow,9291000,ft3/s,"['A', '[90]']",0
2008-07-16,363.15625,streamflow,9291000,ft3/s,"['A', '[90]']",0
2008-07-17,364.52084,streamflow,9291000,ft3/s,"['A', '[90]']",0
2008-07-18,370.89584,streamflow,9291000,ft3/s,"['A', '[90]']",0
2008-07-19,380.40625,streamflow,9291000,ft3/s,"['A', '[90]']",0
2008-07-20,386.16666,streamflow,9291000,ft3/s,"['A', '[90]']",0
2008-07-21,364.3854,streamflow,9291000,ft3/s,"['A', '[90]']",0
2008-07-22,357.5104,streamflow,9291000,ft3/s,"['A', '[90]']",0
2008-07-23,356.90625,streamflow,9291000,ft3/s,"['A', '[90]']",0
2008-07-24,357.4479,streamflow,9291000,ft3/s,"['A', '[90]']",0
2008-07-25,360.8854,streamflow,9291000,ft3/s,"['A', '[90]']",0
2008-07-26,360.33334,streamflow,9291000,ft3/s,"['A', '[90]']",0
2008-07-27,357.9896,streamflow,9291000,ft3/s,"['A', '[90]']",0
2008-07-28,345.6875,streamflow,9291000,ft3/s,"['A', '[90]']",0
2008-07-29,346.5729,streamflow,9291000,ft3/s,"['A', '[90]']",0
2008-07-30,344.2604,streamflow,9291000,ft3/s,"['A', '[90]']",0
2008-07-31,360.9896,streamflow,9291000,ft3/s,"['A', '[90]']",0
2008-08-01,362.28125,streamflow,9291000,ft3/s,"['A', '[90]']",0
2008-08-02,360.6979,streamflow,9291000,ft3/s,"['A', '[90]']",0
2008-08-03,365.71875,streamflow,9291000,ft3/s,"['A', '[90]']",0
2008-08-04,368.6979,streamflow,9291000,ft3/s,"['A', '[90]']",0
2008-08-05,385.375,streamflow,9291000,ft3/s,"['A', '[90]']",0
2008-08-06,386.6979,streamflow,9291000,ft3/s,"['A', '[90]']",0
2008-08-07,374.4896,streamflow,9291000,ft3/s,"['A', '[90]']",0
2008-08-08,369.8125,streamflow,9291000,ft3/s,"['A', '[90]']",0
2008-08-09,317.7396,streamflow,9291000,ft3/s,"['A', '[90]']",0
2008-08-10,287.16666,streamflow,9291000,ft3/s,"['A', '[90]']",0
2008-08-11,262.41666,streamflow,9291000,ft3/s,"['A', '[90]']",0
2008-08-12,253.29167,streamflow,9291000,ft3/s,"['A', '[90]']",0
2008-08-13,261.85416,streamflow,9291000,ft3/s,"['A', '[90]']",0
2008-08-14,256.6875,streamflow,9291000,ft3/s,"['A', '[90]']",0
2008-08-15,254.15625,streamflow,9291000,ft3/s,"['A', '[90]']",0
2008-08-16,259.0729,streamflow,9291000,ft3/s,"['A', '[90]']",0
2008-08-17,266.41666,streamflow,9291000,ft3/s,"['A', '[90]']",0
2008-08-18,213.39583,streamflow,9291000,ft3/s,"['A', '[90]']",0
2008-08-19,200.0,streamflow,9291000,ft3/s,"['A', '[90]']",0
2008-08-20,199.82292,streamflow,9291000,ft3/s,"['A', '[90]']",0
2008-08-21,196.39583,streamflow,9291000,ft3/s,"['A', '[90]']",0
2008-08-22,200.59375,streamflow,9291000,ft3/s,"['A', '[90]']",0
2008-08-23,217.73958,streamflow,9291000,ft3/s,"['A', '[90]']",0
2008-08-24,218.17708,streamflow,9291000,ft3/s,"['A', '[90]']",0
2008-08-25,225.79167,streamflow,9291000,ft3/s,"['A', '[90]']",0
2008-08-26,222.16667,streamflow,9291000,ft3/s,"['A', '[90]']",0
2008-08-27,217.08333,streamflow,9291000,ft3/s,"['A', '[90]']",0
2008-08-28,185.40625,streamflow,9291000,ft3/s,"['A', '[90]']",0
2008-08-29,156.96875,streamflow,9291000,ft3/s,"['A', '[90]']",0
2008-08-30,148.9375,streamflow,9291000,ft3/s,"['A', '[90]']",0
2008-08-31,148.8125,streamflow,9291000,ft3/s,"['A', '[90]']",0
2008-09-01,137.47917,streamflow,9291000,ft3/s,"['A', '[90]']",0
2008-09-02,123.875,streamflow,9291000,ft3/s,"['A', '[90]']",0
2008-09-03,122.71875,streamflow,9291000,ft3/s,"['A', '[90]']",0
2008-09-04,117.520836,streamflow,9291000,ft3/s,"['A', '[90]']",0
2008-09-05,119.041664,streamflow,9291000,ft3/s,"['A', '[90]']",0
2008-09-06,126.0625,streamflow,9291000,ft3/s,"['A', '[90]']",0
2008-09-07,111.68229,streamflow,9291000,ft3/s,"['A', '[90]']",0
2008-09-08,113.354164,streamflow,9291000,ft3/s,"['A', '[90]']",0
2008-09-09,111.489586,streamflow,9291000,ft3/s,"['A', '[90]']",0
2008-09-10,104.09688,streamflow,9291000,ft3/s,"['A', '[90]']",0
2008-09-11,84.09167,streamflow,9291000,ft3/s,"['A', '[90]']",0
2008-09-12,55.807293,streamflow,9291000,ft3/s,"['A', '[90]']",0
2008-09-13,53.9,streamflow,9291000,ft3/s,"['A', '[90]']",0
2008-09-14,53.9,streamflow,9291000,ft3/s,"['A', '[90]']",0
2008-09-15,46.415417,streamflow,9291000,ft3/s,"['A', '[90]']",0
2008-09-16,,streamflow,9291000,ft3/s,"['A', '[90]']",0
2008-09-17,,streamflow,9291000,ft3/s,"['A', '[90]']",0
2008-09-18,,streamflow,9291000,ft3/s,"['A', '[90]']",0
2008-09-19,,streamflow,9291000,ft3/s,"['A', '[90]']",0
2008-09-20,,streamflow,9291000,ft3/s,"['A', '[90]']",0
2008-09-21,,streamflow,9291000,ft3/s,"['A', '[90]']",0
2008-09-22,,streamflow,9291000,ft3/s,"['A', '[90]']",0
2008-09-23,,streamflow,9291000,ft3/s,"['A', '[90]']",0
2008-09-24,,streamflow,9291000,ft3/s,"['A', '[90]']",0
2008-09-25,,streamflow,9291000,ft3/s,"['A', '[90]']",0
2008-09-26,,streamflow,9291000,ft3/s,"['A', '[90]']",0
2008-09-27,,streamflow,9291000,ft3/s,"['A', '[90]']",0
2008-09-28,,streamflow,9291000,ft3/s,"['A', '[90]']",0
2008-09-29,,streamflow,9291000,ft3/s,"['A', '[90]']",0
2008-09-30,,streamflow,9291000,ft3/s,"['A', '[90]']",0
2008-10-01,,streamflow,9291000,ft3/s,"['A', '[90]']",0
2008-10-02,4.69,streamflow,9291000,ft3/s,"['A', '[90]']",0
2008-10-03,4.693229,streamflow,9291000,ft3/s,"['A', '[90]']",0
2008-10-04,5.0,streamflow,9291000,ft3/s,"['A', '[90]']",0
2008-10-05,5.0,streamflow,9291000,ft3/s,"['A', '[90]']",0
2008-10-06,5.0,streamflow,9291000,ft3/s,"['A', '[90]']",0
2008-10-07,5.0,streamflow,9291000,ft3/s,"['A', '[90]']",0
2008-10-08,5.248646,streamflow,9291000,ft3/s,"['A', '[90]']",0
2008-10-09,5.31,streamflow,9291000,ft3/s,"['A', '[90]']",0
2008-10-10,9.281146,streamflow,9291000,ft3/s,"['A', '[90]']",0
2008-10-11,5.97,streamflow,9291000,ft3/s,"['A', '[90]']",0
2008-10-12,5.97,streamflow,9291000,ft3/s,"['A', '[90]']",0
2008-10-13,5.97,streamflow,9291000,ft3/s,"['A', '[90]']",0
2008-10-14,5.97,streamflow,9291000,ft3/s,"['A', '[90]']",0
2008-10-15,5.97,streamflow,9291000,ft3/s,"['A', '[90]']",0
2008-10-16,5.97,streamflow,9291000,ft3/s,"['A', '[90]']",0
2008-10-17,5.6675,streamflow,9291000,ft3/s,"['A', '[90]']",0
2008-10-18,5.64,streamflow,9291000,ft3/s,"['A', '[90]']",0
2008-10-19,5.64,streamflow,9291000,ft3/s,"['A', '[90]']",0
2008-10-20,5.64,streamflow,9291000,ft3/s,"['A', '[90]']",0
2008-10-21,5.64,streamflow,9291000,ft3/s,"['A', '[90]']",0
2008-10-22,5.64,streamflow,9291000,ft3/s,"['A', '[90]']",0
2008-10-23,46.579792,streamflow,9291000,ft3/s,"['A', '[90]']",0
2008-10-24,98.1625,streamflow,9291000,ft3/s,"['A', '[90]']",0
2008-10-25,137.34375,streamflow,9291000,ft3/s,"['A', '[90]']",0
2008-10-26,71.38125,streamflow,9291000,ft3/s,"['A', '[90]']",0
2008-10-27,117.21875,streamflow,9291000,ft3/s,"['A', '[90]']",0
2008-10-28,116.229164,streamflow,9291000,ft3/s,"['A', '[90]']",0
2008-10-29,86.81021,streamflow,9291000,ft3/s,"['A', '[90]']",0
2008-10-30,120.84375,streamflow,9291000,ft3/s,"['A', '[90]']",0
2008-10-31,120.6875,streamflow,9291000,ft3/s,"['A', '[90]']",0
2008-11-01,119.0625,streamflow,9291000,ft3/s,"['A', '[90]']",0
2008-11-02,118.40625,streamflow,9291000,ft3/s,"['A', '[90]']",0
2008-11-03,27.574896,streamflow,9291000,ft3/s,"['A', '[90]']",0
2008-11-04,7.07,streamflow,9291000,ft3/s,"['A', '[90]']",0
2008-11-05,,streamflow,9291000,ft3/s,"['A', '[90]']",0
2008-11-06,,streamflow,9291000,ft3/s,"['A', '[90]']",0
2008-11-07,,streamflow,9291000,ft3/s,"['A', '[90]']",0
2008-11-08,,streamflow,9291000,ft3/s,"['A', '[90]']",0
2008-11-09,,streamflow,9291000,ft3/s,"['A', '[90]']",0
2008-11-10,,streamflow,9291000,ft3/s,"['A', '[90]']",0
2008-11-11,,streamflow,9291000,ft3/s,"['A', '[90]']",0
2008-11-12,,streamflow,9291000,ft3/s,"['A', '[90]']",0
2008-11-13,,streamflow,9291000,ft3/s,"['A', '[90]']",0
2008-11-14,,streamflow,9291000,ft3/s,"['A', '[90]']",0
2008-11-15,,streamflow,9291000,ft3/s,"['A', '[90]']",0
2008-11-16,,streamflow,9291000,ft3/s,"['A', '[90]']",0
2008-11-17,,streamflow,9291000,ft3/s,"['A', '[90]']",0
2008-11-18,,streamflow,9291000,ft3/s,"['A', '[90]']",0
2008-11-19,,streamflow,9291000,ft3/s,"['A', '[90]']",0
2008-11-20,,streamflow,9291000,ft3/s,"['A', '[90]']",0
2008-11-21,,streamflow,9291000,ft3/s,"['A', '[90]']",0
2008-11-22,,streamflow,9291000,ft3/s,"['A', '[90]']",0
2008-11-23,,streamflow,9291000,ft3/s,"['A', '[90]']",0
2008-11-24,,streamflow,9291000,ft3/s,"['A', '[90]']",0
2008-11-25,,streamflow,9291000,ft3/s,"['A', '[90]']",0
2008-11-26,,streamflow,9291000,ft3/s,"['A', '[90]']",0
2008-11-27,,streamflow,9291000,ft3/s,"['A', '[90]']",0
2008-11-28,,streamflow,9291000,ft3/s,"['A', '[90]']",0
2008-11-29,,streamflow,9291000,ft3/s,"['A', '[90]']",0
2008-11-30,,streamflow,9291000,ft3/s,"['A', '[90]']",0
2008-12-01,,streamflow,9291000,ft3/s,"['A', '[90]']",0
2008-12-02,,streamflow,9291000,ft3/s,"['A', '[90]']",0
2008-12-03,,streamflow,9291000,ft3/s,"['A', '[90]']",0
2008-12-04,,streamflow,9291000,ft3/s,"['A', '[90]']",0
2008-12-05,,streamflow,9291000,ft3/s,"['A', '[90]']",0
2008-12-06,,streamflow,9291000,ft3/s,"['A', '[90]']",0
2008-12-07,,streamflow,9291000,ft3/s,"['A', '[90]']",0
2008-12-08,,streamflow,9291000,ft3/s,"['A', '[90]']",0
2008-12-09,,streamflow,9291000,ft3/s,"['A', '[90]']",0
2008-12-10,,streamflow,9291000,ft3/s,"['A', '[90]']",0
2008-12-11,,streamflow,9291000,ft3/s,"['A', '[90]']",0
2008-12-12,,streamflow,9291000,ft3/s,"['A', '[90]']",0
2008-12-13,,streamflow,9291000,ft3/s,"['A', '[90]']",0
2008-12-14,,streamflow,9291000,ft3/s,"['A', '[90]']",0
2008-12-15,,streamflow,9291000,ft3/s,"['A', '[90]']",0
2008-12-16,,streamflow,9291000,ft3/s,"['A', '[90]']",0
2008-12-17,,streamflow,9291000,ft3/s,"['A', '[90]']",0
2008-12-18,,streamflow,9291000,ft3/s,"['A', '[90]']",0
2008-12-19,,streamflow,9291000,ft3/s,"['A', '[90]']",0
2008-12-20,,streamflow,9291000,ft3/s,"['A', '[90]']",0
2008-12-21,,streamflow,9291000,ft3/s,"['A', '[90]']",0
2008-12-22,,streamflow,9291000,ft3/s,"['A', '[90]']",0
2008-12-23,,streamflow,9291000,ft3/s,"['A', '[90]']",0
2008-12-24,,streamflow,9291000,ft3/s,"['A', '[90]']",0
2008-12-25,,streamflow,9291000,ft3/s,"['A', '[90]']",0
2008-12-26,,streamflow,9291000,ft3/s,"['A', '[90]']",0
2008-12-27,,streamflow,9291000,ft3/s,"['A', '[90]']",0
2008-12-28,,streamflow,9291000,ft3/s,"['A', '[90]']",0
2008-12-29,,streamflow,9291000,ft3/s,"['A', '[90]']",0
2008-12-30,,streamflow,9291000,ft3/s,"['A', '[90]']",0
2008-12-31,,streamflow,9291000,ft3/s,"['A', '[90]']",0
2009-01-01,,streamflow,9291000,ft3/s,"['A', '[90]']",0
2009-01-02,,streamflow,9291000,ft3/s,"['A', '[90]']",0
2009-01-03,,streamflow,9291000,ft3/s,"['A', '[90]']",0
2009-01-04,,streamflow,9291000,ft3/s,"['A', '[90]']",0
2009-01-05,,streamflow,9291000,ft3/s,"['A', '[90]']",0
2009-01-06,,streamflow,9291000,ft3/s,"['A', '[90]']",0
2009-01-07,,streamflow,9291000,ft3/s,"['A', '[90]']",0
2009-01-08,,streamflow,9291000,ft3/s,"['A', '[90]']",0
2009-01-09,,streamflow,9291000,ft3/s,"['A', '[90]']",0
2009-01-10,,streamflow,9291000,ft3/s,"['A', '[90]']",0
2009-01-11,,streamflow,9291000,ft3/s,"['A', '[90]']",0
2009-01-12,,streamflow,9291000,ft3/s,"['A', '[90]']",0
2009-01-13,,streamflow,9291000,ft3/s,"['A', '[90]']",0
2009-01-14,,streamflow,9291000,ft3/s,"['A', '[90]']",0
2009-01-15,,streamflow,9291000,ft3/s,"['A', '[90]']",0
2009-01-16,,streamflow,9291000,ft3/s,"['A', '[90]']",0
2009-01-17,,streamflow,9291000,ft3/s,"['A', '[90]']",0
2009-01-18,,streamflow,9291000,ft3/s,"['A', '[90]']",0
2009-01-19,,streamflow,9291000,ft3/s,"['A', '[90]']",0
2009-01-20,,streamflow,9291000,ft3/s,"['A', '[90]']",0
2009-01-21,,streamflow,9291000,ft3/s,"['A', '[90]']",0
2009-01-22,,streamflow,9291000,ft3/s,"['A', '[90]']",0
2009-01-23,,streamflow,9291000,ft3/s,"['A', '[90]']",0
2009-01-24,,streamflow,9291000,ft3/s,"['A', '[90]']",0
2009-01-25,,streamflow,9291000,ft3/s,"['A', '[90]']",0
2009-01-26,,streamflow,9291000,ft3/s,"['A', '[90]']",0
2009-01-27,,streamflow,9291000,ft3/s,"['A', '[90]']",0
2009-01-28,,streamflow,9291000,ft3/s,"['A', '[90]']",0
2009-01-29,,streamflow,9291000,ft3/s,"['A', '[90]']",0
2009-01-30,,streamflow,9291000,ft3/s,"['A', '[90]']",0
2009-01-31,,streamflow,9291000,ft3/s,"['A', '[90]']",0
2009-02-01,,streamflow,9291000,ft3/s,"['A', '[90]']",0
2009-02-02,,streamflow,9291000,ft3/s,"['A', '[90]']",0
2009-02-03,,streamflow,9291000,ft3/s,"['A', '[90]']",0
2009-02-04,,streamflow,9291000,ft3/s,"['A', '[90]']",0
2009-02-05,,streamflow,9291000,ft3/s,"['A', '[90]']",0
2009-02-06,,streamflow,9291000,ft3/s,"['A', '[90]']",0
2009-02-07,,streamflow,9291000,ft3/s,"['A', '[90]']",0
2009-02-08,,streamflow,9291000,ft3/s,"['A', '[90]']",0
2009-02-09,,streamflow,9291000,ft3/s,"['A', '[90]']",0
2009-02-10,,streamflow,9291000,ft3/s,"['A', '[90]']",0
2009-02-11,,streamflow,9291000,ft3/s,"['A', '[90]']",0
2009-02-12,,streamflow,9291000,ft3/s,"['A', '[90]']",0
2009-02-13,,streamflow,9291000,ft3/s,"['A', '[90]']",0
2009-02-14,,streamflow,9291000,ft3/s,"['A', '[90]']",0
2009-02-15,,streamflow,9291000,ft3/s,"['A', '[90]']",0
2009-02-16,,streamflow,9291000,ft3/s,"['A', '[90]']",0
2009-02-17,,streamflow,9291000,ft3/s,"['A', '[90]']",0
2009-02-18,,streamflow,9291000,ft3/s,"['A', '[90]']",0
2009-02-19,,streamflow,9291000,ft3/s,"['A', '[90]']",0
2009-02-20,,streamflow,9291000,ft3/s,"['A', '[90]']",0
2009-02-21,,streamflow,9291000,ft3/s,"['A', '[90]']",0
2009-02-22,,streamflow,9291000,ft3/s,"['A', '[90]']",0
2009-02-23,,streamflow,9291000,ft3/s,"['A', '[90]']",0
2009-02-24,,streamflow,9291000,ft3/s,"['A', '[90]']",0
2009-02-25,,streamflow,9291000,ft3/s,"['A', '[90]']",0
2009-02-26,,streamflow,9291000,ft3/s,"['A', '[90]']",0
2009-02-27,,streamflow,9291000,ft3/s,"['A', '[90]']",0
2009-02-28,,streamflow,9291000,ft3/s,"['A', '[90]']",0
2009-03-01,,streamflow,9291000,ft3/s,"['A', '[90]']",0
2009-03-02,,streamflow,9291000,ft3/s,"['A', '[90]']",0
2009-03-03,,streamflow,9291000,ft3/s,"['A', '[90]']",0
2009-03-04,,streamflow,9291000,ft3/s,"['A', '[90]']",0
2009-03-05,,streamflow,9291000,ft3/s,"['A', '[90]']",0
2009-03-06,,streamflow,9291000,ft3/s,"['A', '[90]']",0
2009-03-07,,streamflow,9291000,ft3/s,"['A', '[90]']",0
2009-03-08,,streamflow,9291000,ft3/s,"['A', '[90]']",0
2009-03-09,,streamflow,9291000,ft3/s,"['A', '[90]']",0
2009-03-10,,streamflow,9291000,ft3/s,"['A', '[90]']",0
2009-03-11,,streamflow,9291000,ft3/s,"['A', '[90]']",0
2009-03-12,,streamflow,9291000,ft3/s,"['A', '[90]']",0
2009-03-13,,streamflow,9291000,ft3/s,"['A', '[90]']",0
2009-03-14,,streamflow,9291000,ft3/s,"['A', '[90]']",0
2009-03-15,,streamflow,9291000,ft3/s,"['A', '[90]']",0
2009-03-16,,streamflow,9291000,ft3/s,"['A', '[90]']",0
2009-03-17,,streamflow,9291000,ft3/s,"['A', '[90]']",0
2009-03-18,,streamflow,9291000,ft3/s,"['A', '[90]']",0
2009-03-19,,streamflow,9291000,ft3/s,"['A', '[90]']",0
2009-03-20,,streamflow,9291000,ft3/s,"['A', '[90]']",0
2009-03-21,,streamflow,9291000,ft3/s,"['A', '[90]']",0
2009-03-22,,streamflow,9291000,ft3/s,"['A', '[90]']",0
2009-03-23,,streamflow,9291000,ft3/s,"['A', '[90]']",0
2009-03-24,,streamflow,9291000,ft3/s,"['A', '[90]']",0
2009-03-25,,streamflow,9291000,ft3/s,"['A', '[90]']",0
2009-03-26,,streamflow,9291000,ft3/s,"['A', '[90]']",0
2009-03-27,,streamflow,9291000,ft3/s,"['A', '[90]']",0
2009-03-28,,streamflow,9291000,ft3/s,"['A', '[90]']",0
2009-03-29,,streamflow,9291000,ft3/s,"['A', '[90]']",0
2009-03-30,,streamflow,9291000,ft3/s,"['A', '[90]']",0
2009-03-31,,streamflow,9291000,ft3/s,"['A', '[90]']",0
2009-04-01,,streamflow,9291000,ft3/s,"['A', '[90]']",0
2009-04-02,,streamflow,9291000,ft3/s,"['A', '[90]']",0
2009-04-03,,streamflow,9291000,ft3/s,"['A', '[90]']",0
2009-04-04,,streamflow,9291000,ft3/s,"['A', '[90]']",0
2009-04-05,,streamflow,9291000,ft3/s,"['A', '[90]']",0
2009-04-06,,streamflow,9291000,ft3/s,"['A', '[90]']",0
2009-04-07,,streamflow,9291000,ft3/s,"['A', '[90]']",0
2009-04-08,,streamflow,9291000,ft3/s,"['A', '[90]']",0
2009-04-09,,streamflow,9291000,ft3/s,"['A', '[90]']",0
2009-04-10,,streamflow,9291000,ft3/s,"['A', '[90]']",0
2009-04-11,,streamflow,9291000,ft3/s,"['A', '[90]']",0
2009-04-12,,streamflow,9291000,ft3/s,"['A', '[90]']",0
2009-04-13,,streamflow,9291000,ft3/s,"['A', '[90]']",0
2009-04-14,,streamflow,9291000,ft3/s,"['A', '[90]']",0
2009-04-15,,streamflow,9291000,ft3/s,"['A', '[90]']",0
2009-04-16,1.7969444,streamflow,9291000,ft3/s,"['A', '[90]']",0
2009-04-17,1.79,streamflow,9291000,ft3/s,"['A', '[90]']",0
2009-04-18,1.79,streamflow,9291000,ft3/s,"['A', '[90]']",0
2009-04-19,1.79,streamflow,9291000,ft3/s,"['A', '[90]']",0
2009-04-20,1.79,streamflow,9291000,ft3/s,"['A', '[90]']",0
2009-04-21,1.6979166,streamflow,9291000,ft3/s,"['A', '[90]']",0
2009-04-22,1.53,streamflow,9291000,ft3/s,"['A', '[90]']",0
2009-04-23,1.53,streamflow,9291000,ft3/s,"['A', '[90]']",0
2009-04-24,30.665937,streamflow,9291000,ft3/s,"['A', '[90]']",0
2009-04-25,82.027084,streamflow,9291000,ft3/s,"['A', '[90]']",0
2009-04-26,82.370834,streamflow,9291000,ft3/s,"['A', '[90]']",0
2009-04-27,95.90417,streamflow,9291000,ft3/s,"['A', '[90]']",0
2009-04-28,111.59375,streamflow,9291000,ft3/s,"['A', '[90]']",0
2009-04-29,116.802086,streamflow,9291000,ft3/s,"['A', '[90]']",0
2009-04-30,143.58333,streamflow,9291000,ft3/s,"['A', '[90]']",0
2009-05-01,143.42708,streamflow,9291000,ft3/s,"['A', '[90]']",0
2009-05-02,143.28125,streamflow,9291000,ft3/s,"['A', '[90]']",0
2009-05-03,142.76042,streamflow,9291000,ft3/s,"['A', '[90]']",0
2009-05-04,141.9375,streamflow,9291000,ft3/s,"['A', '[90]']",0
2009-05-05,141.47917,streamflow,9291000,ft3/s,"['A', '[90]']",0
2009-05-06,141.19792,streamflow,9291000,ft3/s,"['A', '[90]']",0
2009-05-07,274.0625,streamflow,9291000,ft3/s,"['A', '[90]']",0
2009-05-08,294.16666,streamflow,9291000,ft3/s,"['A', '[90]']",0
2009-05-09,263.41666,streamflow,9291000,ft3/s,"['A', '[90]']",0
2009-05-10,245.90625,streamflow,9291000,ft3/s,"['A', '[90]']",0
2009-05-11,251.3125,streamflow,9291000,ft3/s,"['A', '[90]']",0
2009-05-12,213.55208,streamflow,9291000,ft3/s,"['A', '[90]']",0
2009-05-13,159.90625,streamflow,9291000,ft3/s,"['A', '[90]']",0
2009-05-14,156.22917,streamflow,9291000,ft3/s,"['A', '[90]']",0
2009-05-15,199.40625,streamflow,9291000,ft3/s,"['A', '[90]']",0
2009-05-16,170.16667,streamflow,9291000,ft3/s,"['A', '[90]']",0
2009-05-17,149.44792,streamflow,9291000,ft3/s,"['A', '[90]']",0
2009-05-18,152.05208,streamflow,9291000,ft3/s,"['A', '[90]']",0
2009-05-19,153.46875,streamflow,9291000,ft3/s,"['A', '[90]']",0
2009-05-20,157.08333,streamflow,9291000,ft3/s,"['A', '[90]']",0
2009-05-21,139.33333,streamflow,9291000,ft3/s,"['A', '[90]']",0
2009-05-22,137.92708,streamflow,9291000,ft3/s,"['A', '[90]']",0
2009-05-23,141.14583,streamflow,9291000,ft3/s,"['A', '[90]']",0
2009-05-24,143.83333,streamflow,9291000,ft3/s,"['A', '[90]']",0
2009-05-25,142.86458,streamflow,9291000,ft3/s,"['A', '[90]']",0
2009-05-26,121.32917,streamflow,9291000,ft3/s,"['A', '[90]']",0
2009-05-27,90.427086,streamflow,9291000,ft3/s,"['A', '[90]']",0
2009-05-28,89.45209,streamflow,9291000,ft3/s,"['A', '[90]']",0
2009-05-29,90.42604,streamflow,9291000,ft3/s,"['A', '[90]']",0
2009-05-30,91.19584,streamflow,9291000,ft3/s,"['A', '[90]']",0
2009-05-31,134.38333,streamflow,9291000,ft3/s,"['A', '[90]']",0
2009-06-01,167.0625,streamflow,9291000,ft3/s,"['A', '[90]']",0
2009-06-02,179.14583,streamflow,9291000,ft3/s,"['A', '[90]']",0
2009-06-03,138.61458,streamflow,9291000,ft3/s,"['A', '[90]']",0
2009-06-04,140.52083,streamflow,9291000,ft3/s,"['A', '[90]']",0
2009-06-05,178.86458,streamflow,9291000,ft3/s,"['A', '[90]']",0
2009-06-06,175.76042,streamflow,9291000,ft3/s,"['A', '[90]']",0
2009-06-07,207.4375,streamflow,9291000,ft3/s,"['A', '[90]']",0
2009-06-08,239.41667,streamflow,9291000,ft3/s,"['A', '[90]']",0
2009-06-09,257.0521,streamflow,9291000,ft3/s,"['A', '[90]']",0
2009-06-10,290.28125,streamflow,9291000,ft3/s,"['A', '[90]']",0
2009-06-11,330.8229,streamflow,9291000,ft3/s,"['A', '[90]']",0
2009-06-12,284.1771,streamflow,9291000,ft3/s,"['A', '[90]']",0
2009-06-13,269.4479,streamflow,9291000,ft3/s,"['A', '[90]']",0
2009-06-14,264.4896,streamflow,9291000,ft3/s,"['A', '[90]']",0
2009-06-15,262.20834,streamflow,9291000,ft3/s,"['A', '[90]']",0
2009-06-16,261.90625,streamflow,9291000,ft3/s,"['A', '[90]']",0
2009-06-17,284.4896,streamflow,9291000,ft3/s,"['A', '[90]']",0
2009-06-18,429.6771,streamflow,9291000,ft3/s,"['A', '[90]']",0
2009-06-19,342.65625,streamflow,9291000,ft3/s,"['A', '[90]']",0
2009-06-20,288.28125,streamflow,9291000,ft3/s,"['A', '[90]']",0
2009-06-21,521.57294,streamflow,9291000,ft3/s,"['A', '[90]']",0
2009-06-22,447.2396,streamflow,9291000,ft3/s,"['A', '[90]']",0
2009-06-23,360.6146,streamflow,9291000,ft3/s,"['A', '[90]']",0
2009-06-24,424.7396,streamflow,9291000,ft3/s,"['A', '[90]']",0
2009-06-25,389.59375,streamflow,9291000,ft3/s,"['A', '[90]']",0
2009-06-26,645.9382,streamflow,9291000,ft3/s,"['A', '[90]']",0
2009-06-27,555.375,streamflow,9291000,ft3/s,"['A', '[90]']",0
2009-06-28,406.08334,streamflow,9291000,ft3/s,"['A', '[90]']",0
2009-06-29,398.5729,streamflow,9291000,ft3/s,"['A', '[90]']",0
2009-06-30,308.3646,streamflow,9291000,ft3/s,"['A', '[90]']",0
2009-07-01,306.15625,streamflow,9291000,ft3/s,"['A', '[90]']",0
2009-07-02,291.7396,streamflow,9291000,ft3/s,"['A', '[90]']",0
2009-07-03,424.78125,streamflow,9291000,ft3/s,"['A', '[90]']",0
2009-07-04,337.625,streamflow,9291000,ft3/s,"['A', '[90]']",0
2009-07-05,315.6771,streamflow,9291000,ft3/s,"['A', '[90]']",0
2009-07-06,214.46875,streamflow,9291000,ft3/s,"['A', '[90]']",0
2009-07-07,206.23958,streamflow,9291000,ft3/s,"['A', '[90]']",0
2009-07-08,210.79167,streamflow,9291000,ft3/s,"['A', '[90]']",0
2009-07-09,209.55208,streamflow,9291000,ft3/s,"['A', '[90]']",0
2009-07-10,210.07292,streamflow,9291000,ft3/s,"['A', '[90]']",0
2009-07-11,235.1875,streamflow,9291000,ft3/s,"['A', '[90]']",0
2009-07-12,255.48958,streamflow,9291000,ft3/s,"['A', '[90]']",0
2009-07-13,248.16667,streamflow,9291000,ft3/s,"['A', '[90]']",0
2009-07-14,263.40625,streamflow,9291000,ft3/s,"['A', '[90]']",0
2009-07-15,277.0625,streamflow,9291000,ft3/s,"['A', '[90]']",0
2009-07-16,283.39584,streamflow,9291000,ft3/s,"['A', '[90]']",0
2009-07-17,285.5625,streamflow,9291000,ft3/s,"['A', '[90]']",0
2009-07-18,293.6354,streamflow,9291000,ft3/s,"['A', '[90]']",0
2009-07-19,295.04166,streamflow,9291000,ft3/s,"['A', '[90]']",0
2009-07-20,291.79166,streamflow,9291000,ft3/s,"['A', '[90]']",0
2009-07-21,299.02127,streamflow,9291000,ft3/s,"['A', '[90]']",0
2009-07-22,299.9896,streamflow,9291000,ft3/s,"['A', '[90]']",0
2009-07-23,305.27084,streamflow,9291000,ft3/s,"['A', '[90]']",0
2009-07-24,304.60416,streamflow,9291000,ft3/s,"['A', '[90]']",0
2009-07-25,301.96875,streamflow,9291000,ft3/s,"['A', '[90]']",0
2009-07-26,339.21875,streamflow,9291000,ft3/s,"['A', '[90]']",0
2009-07-27,356.25,streamflow,9291000,ft3/s,"['A', '[90]']",0
2009-07-28,328.10416,streamflow,9291000,ft3/s,"['A', '[90]']",0
2009-07-29,325.75,streamflow,9291000,ft3/s,"['A', '[90]']",0
2009-07-30,322.5,streamflow,9291000,ft3/s,"['A', '[90]']",0
2009-07-31,320.5625,streamflow,9291000,ft3/s,"['A', '[90]']",0
2009-08-01,334.71875,streamflow,9291000,ft3/s,"['A', '[90]']",0
2009-08-02,340.3021,streamflow,9291000,ft3/s,"['A', '[90]']",0
2009-08-03,338.45834,streamflow,9291000,ft3/s,"['A', '[90]']",0
2009-08-04,344.60416,streamflow,9291000,ft3/s,"['A', '[90]']",0
2009-08-05,352.5729,streamflow,9291000,ft3/s,"['A', '[90]']",0
2009-08-06,352.58334,streamflow,9291000,ft3/s,"['A', '[90]']",0
2009-08-07,336.8229,streamflow,9291000,ft3/s,"['A', '[90]']",0
2009-08-08,313.1875,streamflow,9291000,ft3/s,"['A', '[90]']",0
2009-08-09,314.9375,streamflow,9291000,ft3/s,"['A', '[90]']",0
2009-08-10,316.20834,streamflow,9291000,ft3/s,"['A', '[90]']",0
2009-08-11,319.28125,streamflow,9291000,ft3/s,"['A', '[90]']",0
2009-08-12,327.03125,streamflow,9291000,ft3/s,"['A', '[90]']",0
2009-08-13,326.96875,streamflow,9291000,ft3/s,"['A', '[90]']",0
2009-08-14,323.78125,streamflow,9291000,ft3/s,"['A', '[90]']",0
2009-08-15,311.8854,streamflow,9291000,ft3/s,"['A', '[90]']",0
2009-08-16,312.46875,streamflow,9291000,ft3/s,"['A', '[90]']",0
2009-08-17,291.15625,streamflow,9291000,ft3/s,"['A', '[90]']",0
2009-08-18,300.7396,streamflow,9291000,ft3/s,"['A', '[90]']",0
2009-08-19,305.14584,streamflow,9291000,ft3/s,"['A', '[90]']",0
2009-08-20,311.39584,streamflow,9291000,ft3/s,"['A', '[90]']",0
2009-08-21,320.5625,streamflow,9291000,ft3/s,"['A', '[90]']",0
2009-08-22,323.59375,streamflow,9291000,ft3/s,"['A', '[90]']",0
2009-08-23,331.5,streamflow,9291000,ft3/s,"['A', '[90]']",0
2009-08-24,321.28125,streamflow,9291000,ft3/s,"['A', '[90]']",0
2009-08-25,318.9375,streamflow,9291000,ft3/s,"['A', '[90]']",0
2009-08-26,320.71875,streamflow,9291000,ft3/s,"['A', '[90]']",0
2009-08-27,295.1875,streamflow,9291000,ft3/s,"['A', '[90]']",0
2009-08-28,305.6979,streamflow,9291000,ft3/s,"['A', '[90]']",0
2009-08-29,303.9479,streamflow,9291000,ft3/s,"['A', '[90]']",0
2009-08-30,297.5104,streamflow,9291000,ft3/s,"['A', '[90]']",0
2009-08-31,262.27084,streamflow,9291000,ft3/s,"['A', '[90]']",0
2009-09-01,261.04166,streamflow,9291000,ft3/s,"['A', '[90]']",0
2009-09-02,259.6875,streamflow,9291000,ft3/s,"['A', '[90]']",0
2009-09-03,272.10416,streamflow,9291000,ft3/s,"['A', '[90]']",0
2009-09-04,276.6354,streamflow,9291000,ft3/s,"['A', '[90]']",0
2009-09-05,285.375,streamflow,9291000,ft3/s,"['A', '[90]']",0
2009-09-06,283.8125,streamflow,9291000,ft3/s,"['A', '[90]']",0
2009-09-07,286.7604,streamflow,9291000,ft3/s,"['A', '[90]']",0
2009-09-08,285.70834,streamflow,9291000,ft3/s,"['A', '[90]']",0
2009-09-09,293.7396,streamflow,9291000,ft3/s,"['A', '[90]']",0
2009-09-10,246.72917,streamflow,9291000,ft3/s,"['A', '[90]']",0
2009-09-11,207.13542,streamflow,9291000,ft3/s,"['A', '[90]']",0
2009-09-12,200.22917,streamflow,9291000,ft3/s,"['A', '[90]']",0
2009-09-13,194.76042,streamflow,9291000,ft3/s,"['A', '[90]']",0
2009-09-14,190.18478,streamflow,9291000,ft3/s,"['A', '[90]']",0
2009-09-15,80.28302,streamflow,9291000,ft3/s,"['A', '[90]']",0
2009-09-16,44.909374,streamflow,9291000,ft3/s,"['A', '[90]']",0
2009-09-17,42.614582,streamflow,9291000,ft3/s,"['A', '[90]']",0
2009-09-18,42.658333,streamflow,9291000,ft3/s,"['A', '[90]']",0
2009-09-19,42.716667,streamflow,9291000,ft3/s,"['A', '[90]']",0
2009-09-20,40.907707,streamflow,9291000,ft3/s,"['A', '[90]']",0
2009-09-21,2.946146,streamflow,9291000,ft3/s,"['A', '[90]']",0
2009-09-22,2.7403126,streamflow,9291000,ft3/s,"['A', '[90]']",0
2009-09-23,2.61,streamflow,9291000,ft3/s,"['A', '[90]']",0
2009-09-24,2.61,streamflow,9291000,ft3/s,"['A', '[90]']",0
2009-09-25,2.61,streamflow,9291000,ft3/s,"['A', '[90]']",0
2009-09-26,2.61,streamflow,9291000,ft3/s,"['A', '[90]']",0
2009-09-27,2.5079167,streamflow,9291000,ft3/s,"['A', '[90]']",0
2009-09-28,2.47,streamflow,9291000,ft3/s,"['A', '[90]']",0
2009-09-29,2.528125,streamflow,9291000,ft3/s,"['A', '[90]']",0
2009-09-30,2.4758334,streamflow,9291000,ft3/s,"['A', '[90]']",0
2009-10-01,2.61,streamflow,9291000,ft3/s,"['A', '[90]']",0
2009-10-02,2.61,streamflow,9291000,ft3/s,"['A', '[90]']",0
2009-10-03,2.61,streamflow,9291000,ft3/s,"['A', '[90]']",0
2009-10-04,2.6443748,streamflow,9291000,ft3/s,"['A', '[90]']",0
2009-10-05,2.619375,streamflow,9291000,ft3/s,"['A', '[90]']",0
2009-10-06,2.61,streamflow,9291000,ft3/s,"['A', '[90]']",0
2009-10-07,2.6443748,streamflow,9291000,ft3/s,"['A', '[90]']",0
2009-10-08,3.3989582,streamflow,9291000,ft3/s,"['A', '[90]']",0
2009-10-09,4.66,streamflow,9291000,ft3/s,"['A', '[90]']",0
2009-10-10,4.66,streamflow,9291000,ft3/s,"['A', '[90]']",0
2009-10-11,4.66,streamflow,9291000,ft3/s,"['A', '[90]']",0
2009-10-12,4.66,streamflow,9291000,ft3/s,"['A', '[90]']",0
2009-10-13,4.66,streamflow,9291000,ft3/s,"['A', '[90]']",0
2009-10-14,4.66,streamflow,9291000,ft3/s,"['A', '[90]']",0
2009-10-15,4.66,streamflow,9291000,ft3/s,"['A', '[90]']",0
2009-10-16,4.683958,streamflow,9291000,ft3/s,"['A', '[90]']",0
2009-10-17,4.89,streamflow,9291000,ft3/s,"['A', '[90]']",0
2009-10-18,4.89,streamflow,9291000,ft3/s,"['A', '[90]']",0
2009-10-19,4.89,streamflow,9291000,ft3/s,"['A', '[90]']",0
2009-10-20,4.89,streamflow,9291000,ft3/s,"['A', '[90]']",0
2009-10-21,4.89,streamflow,9291000,ft3/s,"['A', '[90]']",0
2009-10-22,4.89,streamflow,9291000,ft3/s,"['A', '[90]']",0
2009-10-23,4.89,streamflow,9291000,ft3/s,"['A', '[90]']",0
2009-10-24,4.89,streamflow,9291000,ft3/s,"['A', '[90]']",0
2009-10-25,4.89,streamflow,9291000,ft3/s,"['A', '[90]']",0
2009-10-26,4.89,streamflow,9291000,ft3/s,"['A', '[90]']",0
2009-10-27,4.89,streamflow,9291000,ft3/s,"['A', '[90]']",0
2009-10-28,4.89,streamflow,9291000,ft3/s,"['A', '[90]']",0
2009-10-29,4.89,streamflow,9291000,ft3/s,"['A', '[90]']",0
2009-10-30,4.89,streamflow,9291000,ft3/s,"['A', '[90]']",0
2009-10-31,4.89,streamflow,9291000,ft3/s,"['A', '[90]']",0
2009-11-01,4.89,streamflow,9291000,ft3/s,"['A', '[90]']",0
2009-11-02,4.89,streamflow,9291000,ft3/s,"['A', '[90]']",0
2009-11-03,4.89,streamflow,9291000,ft3/s,"['A', '[90]']",0
2009-11-04,4.89,streamflow,9291000,ft3/s,"['A', '[90]']",0
2009-11-05,4.89,streamflow,9291000,ft3/s,"['A', '[90]']",0
2009-11-06,4.89,streamflow,9291000,ft3/s,"['A', '[90]']",0
2009-11-07,4.89,streamflow,9291000,ft3/s,"['A', '[90]']",0
2009-11-08,4.89,streamflow,9291000,ft3/s,"['A', '[90]']",0
2009-11-09,,streamflow,9291000,ft3/s,"['A', '[90]']",0
2009-11-10,,streamflow,9291000,ft3/s,"['A', '[90]']",0
2009-11-11,,streamflow,9291000,ft3/s,"['A', '[90]']",0
2009-11-12,,streamflow,9291000,ft3/s,"['A', '[90]']",0
2009-11-13,,streamflow,9291000,ft3/s,"['A', '[90]']",0
2009-11-14,,streamflow,9291000,ft3/s,"['A', '[90]']",0
2009-11-15,,streamflow,9291000,ft3/s,"['A', '[90]']",0
2009-11-16,,streamflow,9291000,ft3/s,"['A', '[90]']",0
2009-11-17,,streamflow,9291000,ft3/s,"['A', '[90]']",0
2009-11-18,4.89,streamflow,9291000,ft3/s,"['A', '[90]']",0
2009-11-19,4.89,streamflow,9291000,ft3/s,"['A', '[90]']",0
2009-11-20,4.89,streamflow,9291000,ft3/s,"['A', '[90]']",0
2009-11-21,4.89,streamflow,9291000,ft3/s,"['A', '[90]']",0
2009-11-22,4.89,streamflow,9291000,ft3/s,"['A', '[90]']",0
2009-11-23,4.89,streamflow,9291000,ft3/s,"['A', '[90]']",0
2009-11-24,4.9290624,streamflow,9291000,ft3/s,"['A', '[90]']",0
2009-11-25,5.017604,streamflow,9291000,ft3/s,"['A', '[90]']",0
2009-11-26,4.89,streamflow,9291000,ft3/s,"['A', '[90]']",0
2009-11-27,4.89,streamflow,9291000,ft3/s,"['A', '[90]']",0
2009-11-28,4.89,streamflow,9291000,ft3/s,"['A', '[90]']",0
2009-11-29,4.89,streamflow,9291000,ft3/s,"['A', '[90]']",0
2009-11-30,4.89,streamflow,9291000,ft3/s,"['A', '[90]']",0
2009-12-01,4.89,streamflow,9291000,ft3/s,"['A', '[90]']",0
2009-12-02,4.9941664,streamflow,9291000,ft3/s,"['A', '[90]']",0
2009-12-03,5.14,streamflow,9291000,ft3/s,"['A', '[90]']",0
2009-12-04,5.14,streamflow,9291000,ft3/s,"['A', '[90]']",0
2009-12-05,5.14,streamflow,9291000,ft3/s,"['A', '[90]']",0
2009-12-06,5.14,streamflow,9291000,ft3/s,"['A', '[90]']",0
2009-12-07,5.0722914,streamflow,9291000,ft3/s,"['A', '[90]']",0
2009-12-08,4.8756247,streamflow,9291000,ft3/s,"['A', '[90]']",0
2009-12-09,4.66,streamflow,9291000,ft3/s,"['A', '[90]']",0
2009-12-10,4.554583,streamflow,9291000,ft3/s,"['A', '[90]']",0
2009-12-11,4.44,streamflow,9291000,ft3/s,"['A', '[90]']",0
2009-12-12,4.44,streamflow,9291000,ft3/s,"['A', '[90]']",0
2009-12-13,4.44,streamflow,9291000,ft3/s,"['A', '[90]']",0
2009-12-14,4.2291665,streamflow,9291000,ft3/s,"['A', '[90]']",0
2009-12-15,4.22,streamflow,9291000,ft3/s,"['A', '[90]']",0
2009-12-16,4.22,streamflow,9291000,ft3/s,"['A', '[90]']",0
2009-12-17,4.320833,streamflow,9291000,ft3/s,"['A', '[90]']",0
2009-12-18,4.45375,streamflow,9291000,ft3/s,"['A', '[90]']",0
2009-12-19,4.462917,streamflow,9291000,ft3/s,"['A', '[90]']",0
2009-12-20,4.462917,streamflow,9291000,ft3/s,"['A', '[90]']",0
2009-12-21,4.44,streamflow,9291000,ft3/s,"['A', '[90]']",0
2009-12-22,4.44,streamflow,9291000,ft3/s,"['A', '[90]']",0
2009-12-23,4.44,streamflow,9291000,ft3/s,"['A', '[90]']",0
2009-12-24,4.4422917,streamflow,9291000,ft3/s,"['A', '[90]']",0
2009-12-25,4.623333,streamflow,9291000,ft3/s,"['A', '[90]']",0
2009-12-26,4.66,streamflow,9291000,ft3/s,"['A', '[90]']",0
2009-12-27,4.492708,streamflow,9291000,ft3/s,"['A', '[90]']",0
2009-12-28,4.44,streamflow,9291000,ft3/s,"['A', '[90]']",0
2009-12-29,4.44,streamflow,9291000,ft3/s,"['A', '[90]']",0
2009-12-30,4.5866666,streamflow,9291000,ft3/s,"['A', '[90]']",0
2009-12-31,4.66,streamflow,9291000,ft3/s,"['A', '[90]']",0
2010-01-01,4.66,streamflow,9291000,ft3/s,"['A', '[90]']",0
2010-01-02,4.66,streamflow,9291000,ft3/s,"['A', '[90]']",0
2010-01-03,4.5339584,streamflow,9291000,ft3/s,"['A', '[90]']",0
2010-01-04,4.495,streamflow,9291000,ft3/s,"['A', '[90]']",0
2010-01-05,4.66,streamflow,9291000,ft3/s,"['A', '[90]']",0
2010-01-06,4.66,streamflow,9291000,ft3/s,"['A', '[90]']",0
2010-01-07,4.66,streamflow,9291000,ft3/s,"['A', '[90]']",0
2010-01-08,4.66,streamflow,9291000,ft3/s,"['A', '[90]']",0
2010-01-09,4.66,streamflow,9291000,ft3/s,"['A', '[90]']",0
2010-01-10,4.66,streamflow,9291000,ft3/s,"['A', '[90]']",0
2010-01-11,4.66,streamflow,9291000,ft3/s,"['A', '[90]']",0
2010-01-12,4.66,streamflow,9291000,ft3/s,"['A', '[90]']",0
2010-01-13,4.66,streamflow,9291000,ft3/s,"['A', '[90]']",0
2010-01-14,4.66,streamflow,9291000,ft3/s,"['A', '[90]']",0
2010-01-15,4.7079167,streamflow,9291000,ft3/s,"['A', '[90]']",0
2010-01-16,4.89,streamflow,9291000,ft3/s,"['A', '[90]']",0
2010-01-17,4.89,streamflow,9291000,ft3/s,"['A', '[90]']",0
2010-01-18,4.89,streamflow,9291000,ft3/s,"['A', '[90]']",0
2010-01-19,4.89,streamflow,9291000,ft3/s,"['A', '[90]']",0
2010-01-20,4.7079167,streamflow,9291000,ft3/s,"['A', '[90]']",0
2010-01-21,4.66,streamflow,9291000,ft3/s,"['A', '[90]']",0
2010-01-22,4.6695833,streamflow,9291000,ft3/s,"['A', '[90]']",0
2010-01-23,4.637083,streamflow,9291000,ft3/s,"['A', '[90]']",0
2010-01-24,4.660208,streamflow,9291000,ft3/s,"['A', '[90]']",0
2010-01-25,4.6647916,streamflow,9291000,ft3/s,"['A', '[90]']",0
2010-01-26,4.667187,streamflow,9291000,ft3/s,"['A', '[90]']",0
2010-01-27,4.7390623,streamflow,9291000,ft3/s,"['A', '[90]']",0
2010-01-28,4.89,streamflow,9291000,ft3/s,"['A', '[90]']",0
2010-01-29,4.8978124,streamflow,9291000,ft3/s,"['A', '[90]']",0
2010-01-30,4.89,streamflow,9291000,ft3/s,"['A', '[90]']",0
2010-01-31,4.918646,streamflow,9291000,ft3/s,"['A', '[90]']",0
2010-02-01,4.89,streamflow,9291000,ft3/s,"['A', '[90]']",0
2010-02-02,4.89,streamflow,9291000,ft3/s,"['A', '[90]']",0
2010-02-03,4.89,streamflow,9291000,ft3/s,"['A', '[90]']",0
2010-02-04,4.89,streamflow,9291000,ft3/s,"['A', '[90]']",0
2010-02-05,4.89,streamflow,9291000,ft3/s,"['A', '[90]']",0
2010-02-06,4.89,streamflow,9291000,ft3/s,"['A', '[90]']",0
2010-02-07,4.89,streamflow,9291000,ft3/s,"['A', '[90]']",0
2010-02-08,4.89,streamflow,9291000,ft3/s,"['A', '[90]']",0
2010-02-09,5.095729,streamflow,9291000,ft3/s,"['A', '[90]']",0
2010-02-10,5.14,streamflow,9291000,ft3/s,"['A', '[90]']",0
2010-02-11,5.14,streamflow,9291000,ft3/s,"['A', '[90]']",0
2010-02-12,5.14,streamflow,9291000,ft3/s,"['A', '[90]']",0
2010-02-13,5.14,streamflow,9291000,ft3/s,"['A', '[90]']",0
2010-02-14,5.14,streamflow,9291000,ft3/s,"['A', '[90]']",0
2010-02-15,5.14,streamflow,9291000,ft3/s,"['A', '[90]']",0
2010-02-16,5.14,streamflow,9291000,ft3/s,"['A', '[90]']",0
2010-02-17,5.14,streamflow,9291000,ft3/s,"['A', '[90]']",0
2010-02-18,5.14,streamflow,9291000,ft3/s,"['A', '[90]']",0
2010-02-19,5.14,streamflow,9291000,ft3/s,"['A', '[90]']",0
2010-02-20,5.14,streamflow,9291000,ft3/s,"['A', '[90]']",0
2010-02-21,5.14,streamflow,9291000,ft3/s,"['A', '[90]']",0
2010-02-22,5.14,streamflow,9291000,ft3/s,"['A', '[90]']",0
2010-02-23,5.14,streamflow,9291000,ft3/s,"['A', '[90]']",0
2010-02-24,5.14,streamflow,9291000,ft3/s,"['A', '[90]']",0
2010-02-25,5.14,streamflow,9291000,ft3/s,"['A', '[90]']",0
2010-02-26,5.14,streamflow,9291000,ft3/s,"['A', '[90]']",0
2010-02-27,5.3040624,streamflow,9291000,ft3/s,"['A', '[90]']",0
2010-02-28,5.39,streamflow,9291000,ft3/s,"['A', '[90]']",0
2010-03-01,5.4929166,streamflow,9291000,ft3/s,"['A', '[90]']",0
2010-03-02,5.65,streamflow,9291000,ft3/s,"['A', '[90]']",0
2010-03-03,5.50375,streamflow,9291000,ft3/s,"['A', '[90]']",0
2010-03-04,5.39,streamflow,9291000,ft3/s,"['A', '[90]']",0
2010-03-05,5.39,streamflow,9291000,ft3/s,"['A', '[90]']",0
2010-03-06,5.2441664,streamflow,9291000,ft3/s,"['A', '[90]']",0
2010-03-07,5.14,streamflow,9291000,ft3/s,"['A', '[90]']",0
2010-03-08,5.14,streamflow,9291000,ft3/s,"['A', '[90]']",0
2010-03-09,5.14,streamflow,9291000,ft3/s,"['A', '[90]']",0
2010-03-10,5.1478124,streamflow,9291000,ft3/s,"['A', '[90]']",0
2010-03-11,5.153021,streamflow,9291000,ft3/s,"['A', '[90]']",0
2010-03-12,5.267604,streamflow,9291000,ft3/s,"['A', '[90]']",0
2010-03-13,5.39,streamflow,9291000,ft3/s,"['A', '[90]']",0
2010-03-14,5.39,streamflow,9291000,ft3/s,"['A', '[90]']",0
2010-03-15,5.2440624,streamflow,9291000,ft3/s,"['A', '[90]']",0
2010-03-16,4.87,streamflow,9291000,ft3/s,"['A', '[90]']",0
2010-03-17,4.87,streamflow,9291000,ft3/s,"['A', '[90]']",0
2010-03-18,4.87,streamflow,9291000,ft3/s,"['A', '[90]']",0
2010-03-19,4.949167,streamflow,9291000,ft3/s,"['A', '[90]']",0
2010-03-20,5.27,streamflow,9291000,ft3/s,"['A', '[90]']",0
2010-03-21,5.27,streamflow,9291000,ft3/s,"['A', '[90]']",0
2010-03-22,5.27,streamflow,9291000,ft3/s,"['A', '[90]']",0
2010-03-23,5.27,streamflow,9291000,ft3/s,"['A', '[90]']",0
2010-03-24,5.27,streamflow,9291000,ft3/s,"['A', '[90]']",0
2010-03-25,5.27,streamflow,9291000,ft3/s,"['A', '[90]']",0
2010-03-26,5.27,streamflow,9291000,ft3/s,"['A', '[90]']",0
2010-03-27,5.27,streamflow,9291000,ft3/s,"['A', '[90]']",0
2010-03-28,5.27,streamflow,9291000,ft3/s,"['A', '[90]']",0
2010-03-29,5.27,streamflow,9291000,ft3/s,"['A', '[90]']",0
2010-03-30,5.27,streamflow,9291000,ft3/s,"['A', '[90]']",0
2010-03-31,5.27,streamflow,9291000,ft3/s,"['A', '[90]']",0
2010-04-01,5.27,streamflow,9291000,ft3/s,"['A', '[90]']",0
2010-04-02,5.27,streamflow,9291000,ft3/s,"['A', '[90]']",0
2010-04-03,5.011667,streamflow,9291000,ft3/s,"['A', '[90]']",0
2010-04-04,4.87,streamflow,9291000,ft3/s,"['A', '[90]']",0
2010-04-05,4.87,streamflow,9291000,ft3/s,"['A', '[90]']",0
2010-04-06,4.87,streamflow,9291000,ft3/s,"['A', '[90]']",0
2010-04-07,4.87,streamflow,9291000,ft3/s,"['A', '[90]']",0
2010-04-08,4.87,streamflow,9291000,ft3/s,"['A', '[90]']",0
2010-04-09,4.87,streamflow,9291000,ft3/s,"['A', '[90]']",0
2010-04-10,4.87,streamflow,9291000,ft3/s,"['A', '[90]']",0
2010-04-11,4.87,streamflow,9291000,ft3/s,"['A', '[90]']",0
2010-04-12,4.87,streamflow,9291000,ft3/s,"['A', '[90]']",0
2010-04-13,4.87,streamflow,9291000,ft3/s,"['A', '[90]']",0
2010-04-14,5.1241665,streamflow,9291000,ft3/s,"['A', '[90]']",0
2010-04-15,5.27,streamflow,9291000,ft3/s,"['A', '[90]']",0
2010-04-16,5.27,streamflow,9291000,ft3/s,"['A', '[90]']",0
2010-04-17,5.27,streamflow,9291000,ft3/s,"['A', '[90]']",0
2010-04-18,5.27,streamflow,9291000,ft3/s,"['A', '[90]']",0
2010-04-19,5.199167,streamflow,9291000,ft3/s,"['A', '[90]']",0
2010-04-20,4.7916665,streamflow,9291000,ft3/s,"['A', '[90]']",0
2010-04-21,37.910416,streamflow,9291000,ft3/s,"['A', '[90]']",0
2010-04-22,148.625,streamflow,9291000,ft3/s,"['A', '[90]']",0
2010-04-23,147.6875,streamflow,9291000,ft3/s,"['A', '[90]']",0
2010-04-24,147.40625,streamflow,9291000,ft3/s,"['A', '[90]']",0
2010-04-25,146.60417,streamflow,9291000,ft3/s,"['A', '[90]']",0
2010-04-26,145.77083,streamflow,9291000,ft3/s,"['A', '[90]']",0
2010-04-27,145.52083,streamflow,9291000,ft3/s,"['A', '[90]']",0
2010-04-28,144.94792,streamflow,9291000,ft3/s,"['A', '[90]']",0
2010-04-29,144.84375,streamflow,9291000,ft3/s,"['A', '[90]']",0
2010-04-30,144.6875,streamflow,9291000,ft3/s,"['A', '[90]']",0
2010-05-01,144.10417,streamflow,9291000,ft3/s,"['A', '[90]']",0
2010-05-02,143.5625,streamflow,9291000,ft3/s,"['A', '[90]']",0
2010-05-03,142.96875,streamflow,9291000,ft3/s,"['A', '[90]']",0
2010-05-04,142.19792,streamflow,9291000,ft3/s,"['A', '[90]']",0
2010-05-05,144.0,streamflow,9291000,ft3/s,"['A', '[90]']",0
2010-05-06,139.67218,streamflow,9291000,ft3/s,"['A', '[90]']",0
2010-05-07,2.8046875,streamflow,9291000,ft3/s,"['A', '[90]']",0
2010-05-08,2.52125,streamflow,9291000,ft3/s,"['A', '[90]']",0
2010-05-09,27.404896,streamflow,9291000,ft3/s,"['A', '[90]']",0
2010-05-10,130.25,streamflow,9291000,ft3/s,"['A', '[90]']",0
2010-05-11,227.79167,streamflow,9291000,ft3/s,"['A', '[90]']",0
2010-05-12,272.85416,streamflow,9291000,ft3/s,"['A', '[90]']",0
2010-05-13,248.96875,streamflow,9291000,ft3/s,"['A', '[90]']",0
2010-05-14,241.88542,streamflow,9291000,ft3/s,"['A', '[90]']",0
2010-05-15,272.5104,streamflow,9291000,ft3/s,"['A', '[90]']",0
2010-05-16,276.1354,streamflow,9291000,ft3/s,"['A', '[90]']",0
2010-05-17,295.27084,streamflow,9291000,ft3/s,"['A', '[90]']",0
2010-05-18,294.79166,streamflow,9291000,ft3/s,"['A', '[90]']",0
2010-05-19,292.66666,streamflow,9291000,ft3/s,"['A', '[90]']",0
2010-05-20,290.33334,streamflow,9291000,ft3/s,"['A', '[90]']",0
2010-05-21,300.0,streamflow,9291000,ft3/s,"['A', '[90]']",0
2010-05-22,332.875,streamflow,9291000,ft3/s,"['A', '[90]']",0
2010-05-23,338.1979,streamflow,9291000,ft3/s,"['A', '[90]']",0
2010-05-24,332.9479,streamflow,9291000,ft3/s,"['A', '[90]']",0
2010-05-25,328.71875,streamflow,9291000,ft3/s,"['A', '[90]']",0
2010-05-26,326.90625,streamflow,9291000,ft3/s,"['A', '[90]']",0
2010-05-27,322.625,streamflow,9291000,ft3/s,"['A', '[90]']",0
2010-05-28,290.04166,streamflow,9291000,ft3/s,"['A', '[90]']",0
2010-05-29,211.10417,streamflow,9291000,ft3/s,"['A', '[90]']",0
2010-05-30,212.45833,streamflow,9291000,ft3/s,"['A', '[90]']",0
2010-05-31,192.20833,streamflow,9291000,ft3/s,"['A', '[90]']",0
2010-06-01,154.33333,streamflow,9291000,ft3/s,"['A', '[90]']",0
2010-06-02,140.28125,streamflow,9291000,ft3/s,"['A', '[90]']",0
2010-06-03,129.77083,streamflow,9291000,ft3/s,"['A', '[90]']",0
2010-06-04,130.75,streamflow,9291000,ft3/s,"['A', '[90]']",0
2010-06-05,134.04167,streamflow,9291000,ft3/s,"['A', '[90]']",0
2010-06-06,126.708336,streamflow,9291000,ft3/s,"['A', '[90]']",0
2010-06-07,129.91667,streamflow,9291000,ft3/s,"['A', '[90]']",0
2010-06-08,155.125,streamflow,9291000,ft3/s,"['A', '[90]']",0
2010-06-09,159.34375,streamflow,9291000,ft3/s,"['A', '[90]']",0
2010-06-10,151.29167,streamflow,9291000,ft3/s,"['A', '[90]']",0
2010-06-11,151.04167,streamflow,9291000,ft3/s,"['A', '[90]']",0
2010-06-12,151.65625,streamflow,9291000,ft3/s,"['A', '[90]']",0
2010-06-13,149.38542,streamflow,9291000,ft3/s,"['A', '[90]']",0
2010-06-14,147.95833,streamflow,9291000,ft3/s,"['A', '[90]']",0
2010-06-15,149.17708,streamflow,9291000,ft3/s,"['A', '[90]']",0
2010-06-16,150.34375,streamflow,9291000,ft3/s,"['A', '[90]']",0
2010-06-17,150.1875,streamflow,9291000,ft3/s,"['A', '[90]']",0
2010-06-18,138.08333,streamflow,9291000,ft3/s,"['A', '[90]']",0
2010-06-19,127.177086,streamflow,9291000,ft3/s,"['A', '[90]']",0
2010-06-20,128.75,streamflow,9291000,ft3/s,"['A', '[90]']",0
2010-06-21,129.63542,streamflow,9291000,ft3/s,"['A', '[90]']",0
2010-06-22,136.46875,streamflow,9291000,ft3/s,"['A', '[90]']",0
2010-06-23,176.05208,streamflow,9291000,ft3/s,"['A', '[90]']",0
2010-06-24,236.34375,streamflow,9291000,ft3/s,"['A', '[90]']",0
2010-06-25,226.57292,streamflow,9291000,ft3/s,"['A', '[90]']",0
2010-06-26,219.64583,streamflow,9291000,ft3/s,"['A', '[90]']",0
2010-06-27,229.19792,streamflow,9291000,ft3/s,"['A', '[90]']",0
2010-06-28,242.55208,streamflow,9291000,ft3/s,"['A', '[90]']",0
2010-06-29,247.54167,streamflow,9291000,ft3/s,"['A', '[90]']",0
2010-06-30,268.78125,streamflow,9291000,ft3/s,"['A', '[90]']",0
2010-07-01,251.21875,streamflow,9291000,ft3/s,"['A', '[90]']",0
2010-07-02,230.23958,streamflow,9291000,ft3/s,"['A', '[90]']",0
2010-07-03,214.41667,streamflow,9291000,ft3/s,"['A', '[90]']",0
2010-07-04,236.11458,streamflow,9291000,ft3/s,"['A', '[90]']",0
2010-07-05,248.14583,streamflow,9291000,ft3/s,"['A', '[90]']",0
2010-07-06,292.64584,streamflow,9291000,ft3/s,"['A', '[90]']",0
2010-07-07,310.47916,streamflow,9291000,ft3/s,"['A', '[90]']",0
2010-07-08,277.0104,streamflow,9291000,ft3/s,"['A', '[90]']",0
2010-07-09,264.9375,streamflow,9291000,ft3/s,"['A', '[90]']",0
2010-07-10,260.46875,streamflow,9291000,ft3/s,"['A', '[90]']",0
2010-07-11,263.33334,streamflow,9291000,ft3/s,"['A', '[90]']",0
2010-07-12,266.52084,streamflow,9291000,ft3/s,"['A', '[90]']",0
2010-07-13,304.4375,streamflow,9291000,ft3/s,"['A', '[90]']",0
2010-07-14,302.60416,streamflow,9291000,ft3/s,"['A', '[90]']",0
2010-07-15,305.375,streamflow,9291000,ft3/s,"['A', '[90]']",0
2010-07-16,314.39584,streamflow,9291000,ft3/s,"['A', '[90]']",0
2010-07-17,324.70834,streamflow,9291000,ft3/s,"['A', '[90]']",0
2010-07-18,318.6354,streamflow,9291000,ft3/s,"['A', '[90]']",0
2010-07-19,292.6354,streamflow,9291000,ft3/s,"['A', '[90]']",0
2010-07-20,305.6771,streamflow,9291000,ft3/s,"['A', '[90]']",0
2010-07-21,307.85416,streamflow,9291000,ft3/s,"['A', '[90]']",0
2010-07-22,275.2604,streamflow,9291000,ft3/s,"['A', '[90]']",0
2010-07-23,286.95834,streamflow,9291000,ft3/s,"['A', '[90]']",0
2010-07-24,302.09375,streamflow,9291000,ft3/s,"['A', '[90]']",0
2010-07-25,302.8021,streamflow,9291000,ft3/s,"['A', '[90]']",0
2010-07-26,310.77084,streamflow,9291000,ft3/s,"['A', '[90]']",0
2010-07-27,326.5521,streamflow,9291000,ft3/s,"['A', '[90]']",0
2010-07-28,323.34375,streamflow,9291000,ft3/s,"['A', '[90]']",0
2010-07-29,307.0521,streamflow,9291000,ft3/s,"['A', '[90]']",0
2010-07-30,293.29166,streamflow,9291000,ft3/s,"['A', '[90]']",0
2010-07-31,306.0521,streamflow,9291000,ft3/s,"['A', '[90]']",0
2010-08-01,307.91666,streamflow,9291000,ft3/s,"['A', '[90]']",0
2010-08-02,280.16666,streamflow,9291000,ft3/s,"['A', '[90]']",0
2010-08-03,270.97916,streamflow,9291000,ft3/s,"['A', '[90]']",0
2010-08-04,285.47916,streamflow,9291000,ft3/s,"['A', '[90]']",0
2010-08-05,177.28125,streamflow,9291000,ft3/s,"['A', '[90]']",0
2010-08-06,125.229164,streamflow,9291000,ft3/s,"['A', '[90]']",0
2010-08-07,93.625,streamflow,9291000,ft3/s,"['A', '[90]']",0
2010-08-08,37.327084,streamflow,9291000,ft3/s,"['A', '[90]']",0
2010-08-09,39.464584,streamflow,9291000,ft3/s,"['A', '[90]']",0
2010-08-10,54.330208,streamflow,9291000,ft3/s,"['A', '[90]']",0
2010-08-11,63.798958,streamflow,9291000,ft3/s,"['A', '[90]']",0
2010-08-12,190.6875,streamflow,9291000,ft3/s,"['A', '[90]']",0
2010-08-13,237.53125,streamflow,9291000,ft3/s,"['A', '[90]']",0
2010-08-14,336.5104,streamflow,9291000,ft3/s,"['A', '[90]']",0
2010-08-15,418.5104,streamflow,9291000,ft3/s,"['A', '[90]']",0
2010-08-16,409.4375,streamflow,9291000,ft3/s,"['A', '[90]']",0
2010-08-17,361.60416,streamflow,9291000,ft3/s,"['A', '[90]']",0
2010-08-18,360.04166,streamflow,9291000,ft3/s,"['A', '[90]']",0
2010-08-19,361.0625,streamflow,9291000,ft3/s,"['A', '[90]']",0
2010-08-20,352.54166,streamflow,9291000,ft3/s,"['A', '[90]']",0
2010-08-21,357.58334,streamflow,9291000,ft3/s,"['A', '[90]']",0
2010-08-22,369.5104,streamflow,9291000,ft3/s,"['A', '[90]']",0
2010-08-23,376.25,streamflow,9291000,ft3/s,"['A', '[90]']",0
2010-08-24,372.09375,streamflow,9291000,ft3/s,"['A', '[90]']",0
2010-08-25,375.34375,streamflow,9291000,ft3/s,"['A', '[90]']",0
2010-08-26,379.7396,streamflow,9291000,ft3/s,"['A', '[90]']",0
2010-08-27,374.1979,streamflow,9291000,ft3/s,"['A', '[90]']",0
2010-08-28,363.6146,streamflow,9291000,ft3/s,"['A', '[90]']",0
2010-08-29,322.85416,streamflow,9291000,ft3/s,"['A', '[90]']",0
2010-08-30,293.91666,streamflow,9291000,ft3/s,"['A', '[90]']",0
2010-08-31,306.20834,streamflow,9291000,ft3/s,"['A', '[90]']",0
2010-09-01,310.53125,streamflow,9291000,ft3/s,"['A', '[90]']",0
2010-09-02,314.0104,streamflow,9291000,ft3/s,"['A', '[90]']",0
2010-09-03,290.28125,streamflow,9291000,ft3/s,"['A', '[90]']",0
2010-09-04,282.71875,streamflow,9291000,ft3/s,"['A', '[90]']",0
2010-09-05,296.3854,streamflow,9291000,ft3/s,"['A', '[90]']",0
2010-09-06,304.6875,streamflow,9291000,ft3/s,"['A', '[90]']",0
2010-09-07,264.6146,streamflow,9291000,ft3/s,"['A', '[90]']",0
2010-09-08,250.58333,streamflow,9291000,ft3/s,"['A', '[90]']",0
2010-09-09,239.34375,streamflow,9291000,ft3/s,"['A', '[90]']",0
2010-09-10,231.41667,streamflow,9291000,ft3/s,"['A', '[90]']",0
2010-09-11,229.71875,streamflow,9291000,ft3/s,"['A', '[90]']",0
2010-09-12,215.98958,streamflow,9291000,ft3/s,"['A', '[90]']",0
2010-09-13,115.184784,streamflow,9291000,ft3/s,"['A', '[90]']",0
2010-09-14,103.21146,streamflow,9291000,ft3/s,"['A', '[90]']",0
2010-09-15,99.890625,streamflow,9291000,ft3/s,"['A', '[90]']",0
2010-09-16,99.56042,streamflow,9291000,ft3/s,"['A', '[90]']",0
2010-09-17,99.438545,streamflow,9291000,ft3/s,"['A', '[90]']",0
2010-09-18,82.25729,streamflow,9291000,ft3/s,"['A', '[90]']",0
2010-09-19,79.00938,streamflow,9291000,ft3/s,"['A', '[90]']",0
2010-09-20,58.85,streamflow,9291000,ft3/s,"['A', '[90]']",0
2010-09-21,4.49,streamflow,9291000,ft3/s,"['A', '[90]']",0
2010-09-22,4.49,streamflow,9291000,ft3/s,"['A', '[90]']",0
2010-09-23,4.5454164,streamflow,9291000,ft3/s,"['A', '[90]']",0
2010-09-24,4.49,streamflow,9291000,ft3/s,"['A', '[90]']",0
2010-09-25,4.49,streamflow,9291000,ft3/s,"['A', '[90]']",0
2010-09-26,4.49,streamflow,9291000,ft3/s,"['A', '[90]']",0
2010-09-27,4.49,streamflow,9291000,ft3/s,"['A', '[90]']",0
2010-09-28,4.49,streamflow,9291000,ft3/s,"['A', '[90]']",0
2010-09-29,4.49,streamflow,9291000,ft3/s,"['A', '[90]']",0
2010-09-30,4.49,streamflow,9291000,ft3/s,['A'],0
2010-10-01,54.8875,streamflow,9291000,ft3/s,['A'],0
2010-10-02,204.27083,streamflow,9291000,ft3/s,['A'],0
2010-10-03,198.1875,streamflow,9291000,ft3/s,['A'],0
2010-10-04,181.375,streamflow,9291000,ft3/s,['A'],0
2010-10-05,179.96875,streamflow,9291000,ft3/s,['A'],0
2010-10-06,177.38437,streamflow,9291000,ft3/s,['A'],0
2010-10-07,3.179375,streamflow,9291000,ft3/s,['A'],0
2010-10-08,2.5933332,streamflow,9291000,ft3/s,['A'],0
2010-10-09,2.57,streamflow,9291000,ft3/s,['A'],0
2010-10-10,2.57,streamflow,9291000,ft3/s,['A'],0
2010-10-11,2.57,streamflow,9291000,ft3/s,['A'],0
2010-10-12,12.319271,streamflow,9291000,ft3/s,['A'],0
2010-10-13,2.0964582,streamflow,9291000,ft3/s,['A'],0
2010-10-14,2.06,streamflow,9291000,ft3/s,['A'],0
2010-10-15,2.06,streamflow,9291000,ft3/s,['A'],0
2010-10-16,2.06,streamflow,9291000,ft3/s,['A'],0
2010-10-17,2.06,streamflow,9291000,ft3/s,['A'],0
2010-10-18,2.06,streamflow,9291000,ft3/s,['A'],0
2010-10-19,2.1289582,streamflow,9291000,ft3/s,['A'],0
2010-10-20,2.1048958,streamflow,9291000,ft3/s,['A'],0
2010-10-21,2.0834374,streamflow,9291000,ft3/s,['A'],0
2010-10-22,2.2917707,streamflow,9291000,ft3/s,['A'],0
2010-10-23,2.3858333,streamflow,9291000,ft3/s,['A'],0
2010-10-24,,streamflow,9291000,ft3/s,['A'],0
2010-10-25,,streamflow,9291000,ft3/s,['A'],0
2010-10-26,,streamflow,9291000,ft3/s,['A'],0
2010-10-27,,streamflow,9291000,ft3/s,['A'],0
2010-10-28,,streamflow,9291000,ft3/s,['A'],0
2010-10-29,,streamflow,9291000,ft3/s,['A'],0
2010-10-30,,streamflow,9291000,ft3/s,['A'],0
2010-10-31,,streamflow,9291000,ft3/s,['A'],0
2010-11-01,,streamflow,9291000,ft3/s,['A'],0
2010-11-02,,streamflow,9291000,ft3/s,['A'],0
2010-11-03,,streamflow,9291000,ft3/s,['A'],0
2010-11-04,,streamflow,9291000,ft3/s,['A'],0
2010-11-05,,streamflow,9291000,ft3/s,['A'],0
2010-11-06,,streamflow,9291000,ft3/s,['A'],0
2010-11-07,,streamflow,9291000,ft3/s,['A'],0
2010-11-08,,streamflow,9291000,ft3/s,['A'],0
2010-11-09,,streamflow,9291000,ft3/s,['A'],0
2010-11-10,,streamflow,9291000,ft3/s,['A'],0
2010-11-11,,streamflow,9291000,ft3/s,['A'],0
2010-11-12,,streamflow,9291000,ft3/s,['A'],0
2010-11-13,,streamflow,9291000,ft3/s,['A'],0
2010-11-14,,streamflow,9291000,ft3/s,['A'],0
2010-11-15,,streamflow,9291000,ft3/s,['A'],0
2010-11-16,,streamflow,9291000,ft3/s,['A'],0
2010-11-17,,streamflow,9291000,ft3/s,['A'],0
2010-11-18,,streamflow,9291000,ft3/s,['A'],0
2010-11-19,,streamflow,9291000,ft3/s,['A'],0
2010-11-20,,streamflow,9291000,ft3/s,['A'],0
2010-11-21,,streamflow,9291000,ft3/s,['A'],0
2010-11-22,,streamflow,9291000,ft3/s,['A'],0
2010-11-23,,streamflow,9291000,ft3/s,['A'],0
2010-11-24,,streamflow,9291000,ft3/s,['A'],0
2010-11-25,,streamflow,9291000,ft3/s,['A'],0
2010-11-26,,streamflow,9291000,ft3/s,['A'],0
2010-11-27,,streamflow,9291000,ft3/s,['A'],0
2010-11-28,,streamflow,9291000,ft3/s,['A'],0
2010-11-29,,streamflow,9291000,ft3/s,['A'],0
2010-11-30,,streamflow,9291000,ft3/s,['A'],0
2010-12-01,,streamflow,9291000,ft3/s,['A'],0
2010-12-02,,streamflow,9291000,ft3/s,['A'],0
2010-12-03,,streamflow,9291000,ft3/s,['A'],0
2010-12-04,,streamflow,9291000,ft3/s,['A'],0
2010-12-05,,streamflow,9291000,ft3/s,['A'],0
2010-12-06,,streamflow,9291000,ft3/s,['A'],0
2010-12-07,,streamflow,9291000,ft3/s,['A'],0
2010-12-08,,streamflow,9291000,ft3/s,['A'],0
2010-12-09,,streamflow,9291000,ft3/s,['A'],0
2010-12-10,,streamflow,9291000,ft3/s,['A'],0
2010-12-11,,streamflow,9291000,ft3/s,['A'],0
2010-12-12,,streamflow,9291000,ft3/s,['A'],0
2010-12-13,,streamflow,9291000,ft3/s,['A'],0
2010-12-14,,streamflow,9291000,ft3/s,['A'],0
2010-12-15,,streamflow,9291000,ft3/s,['A'],0
2010-12-16,,streamflow,9291000,ft3/s,['A'],0
2010-12-17,,streamflow,9291000,ft3/s,['A'],0
2010-12-18,,streamflow,9291000,ft3/s,['A'],0
2010-12-19,,streamflow,9291000,ft3/s,['A'],0
2010-12-20,,streamflow,9291000,ft3/s,['A'],0
2010-12-21,,streamflow,9291000,ft3/s,['A'],0
2010-12-22,,streamflow,9291000,ft3/s,['A'],0
2010-12-23,,streamflow,9291000,ft3/s,['A'],0
2010-12-24,,streamflow,9291000,ft3/s,['A'],0
2010-12-25,,streamflow,9291000,ft3/s,['A'],0
2010-12-26,,streamflow,9291000,ft3/s,['A'],0
2010-12-27,,streamflow,9291000,ft3/s,['A'],0
2010-12-28,,streamflow,9291000,ft3/s,['A'],0
2010-12-29,,streamflow,9291000,ft3/s,['A'],0
2010-12-30,,streamflow,9291000,ft3/s,['A'],0
2010-12-31,,streamflow,9291000,ft3/s,['A'],0
2011-01-01,,streamflow,9291000,ft3/s,['A'],0
2011-01-02,,streamflow,9291000,ft3/s,['A'],0
2011-01-03,,streamflow,9291000,ft3/s,['A'],0
2011-01-04,,streamflow,9291000,ft3/s,['A'],0
2011-01-05,,streamflow,9291000,ft3/s,['A'],0
2011-01-06,,streamflow,9291000,ft3/s,['A'],0
2011-01-07,,streamflow,9291000,ft3/s,['A'],0
2011-01-08,,streamflow,9291000,ft3/s,['A'],0
2011-01-09,,streamflow,9291000,ft3/s,['A'],0
2011-01-10,,streamflow,9291000,ft3/s,['A'],0
2011-01-11,,streamflow,9291000,ft3/s,['A'],0
2011-01-12,,streamflow,9291000,ft3/s,['A'],0
2011-01-13,,streamflow,9291000,ft3/s,['A'],0
2011-01-14,,streamflow,9291000,ft3/s,['A'],0
2011-01-15,,streamflow,9291000,ft3/s,['A'],0
2011-01-16,,streamflow,9291000,ft3/s,['A'],0
2011-01-17,,streamflow,9291000,ft3/s,['A'],0
2011-01-18,,streamflow,9291000,ft3/s,['A'],0
2011-01-19,,streamflow,9291000,ft3/s,['A'],0
2011-01-20,,streamflow,9291000,ft3/s,['A'],0
2011-01-21,,streamflow,9291000,ft3/s,['A'],0
2011-01-22,,streamflow,9291000,ft3/s,['A'],0
2011-01-23,,streamflow,9291000,ft3/s,['A'],0
2011-01-24,,streamflow,9291000,ft3/s,['A'],0
2011-01-25,,streamflow,9291000,ft3/s,['A'],0
2011-01-26,,streamflow,9291000,ft3/s,['A'],0
2011-01-27,,streamflow,9291000,ft3/s,['A'],0
2011-01-28,,streamflow,9291000,ft3/s,['A'],0
2011-01-29,,streamflow,9291000,ft3/s,['A'],0
2011-01-30,,streamflow,9291000,ft3/s,['A'],0
2011-01-31,,streamflow,9291000,ft3/s,['A'],0
2011-02-01,,streamflow,9291000,ft3/s,['A'],0
2011-02-02,,streamflow,9291000,ft3/s,['A'],0
2011-02-03,,streamflow,9291000,ft3/s,['A'],0
2011-02-04,,streamflow,9291000,ft3/s,['A'],0
2011-02-05,,streamflow,9291000,ft3/s,['A'],0
2011-02-06,,streamflow,9291000,ft3/s,['A'],0
2011-02-07,,streamflow,9291000,ft3/s,['A'],0
2011-02-08,,streamflow,9291000,ft3/s,['A'],0
2011-02-09,,streamflow,9291000,ft3/s,['A'],0
2011-02-10,,streamflow,9291000,ft3/s,['A'],0
2011-02-11,,streamflow,9291000,ft3/s,['A'],0
2011-02-12,,streamflow,9291000,ft3/s,['A'],0
2011-02-13,,streamflow,9291000,ft3/s,['A'],0
2011-02-14,,streamflow,9291000,ft3/s,['A'],0
2011-02-15,,streamflow,9291000,ft3/s,['A'],0
2011-02-16,,streamflow,9291000,ft3/s,['A'],0
2011-02-17,,streamflow,9291000,ft3/s,['A'],0
2011-02-18,,streamflow,9291000,ft3/s,['A'],0
2011-02-19,,streamflow,9291000,ft3/s,['A'],0
2011-02-20,,streamflow,9291000,ft3/s,['A'],0
2011-02-21,,streamflow,9291000,ft3/s,['A'],0
2011-02-22,,streamflow,9291000,ft3/s,['A'],0
2011-02-23,,streamflow,9291000,ft3/s,['A'],0
2011-02-24,,streamflow,9291000,ft3/s,['A'],0
2011-02-25,,streamflow,9291000,ft3/s,['A'],0
2011-02-26,,streamflow,9291000,ft3/s,['A'],0
2011-02-27,,streamflow,9291000,ft3/s,['A'],0
2011-02-28,,streamflow,9291000,ft3/s,['A'],0
2011-03-01,,streamflow,9291000,ft3/s,['A'],0
2011-03-02,,streamflow,9291000,ft3/s,['A'],0
2011-03-03,,streamflow,9291000,ft3/s,['A'],0
2011-03-04,,streamflow,9291000,ft3/s,['A'],0
2011-03-05,,streamflow,9291000,ft3/s,['A'],0
2011-03-06,,streamflow,9291000,ft3/s,['A'],0
2011-03-07,,streamflow,9291000,ft3/s,['A'],0
2011-03-08,,streamflow,9291000,ft3/s,['A'],0
2011-03-09,,streamflow,9291000,ft3/s,['A'],0
2011-03-10,,streamflow,9291000,ft3/s,['A'],0
2011-03-11,,streamflow,9291000,ft3/s,['A'],0
2011-03-12,,streamflow,9291000,ft3/s,['A'],0
2011-03-13,,streamflow,9291000,ft3/s,['A'],0
2011-03-14,,streamflow,9291000,ft3/s,['A'],0
2011-03-15,,streamflow,9291000,ft3/s,['A'],0
2011-03-16,,streamflow,9291000,ft3/s,['A'],0
2011-03-17,1.83,streamflow,9291000,ft3/s,['A'],0
2011-03-18,1.83,streamflow,9291000,ft3/s,['A'],0
2011-03-19,1.83,streamflow,9291000,ft3/s,['A'],0
2011-03-20,1.83,streamflow,9291000,ft3/s,['A'],0
2011-03-21,1.83,streamflow,9291000,ft3/s,['A'],0
2011-03-22,1.83,streamflow,9291000,ft3/s,['A'],0
2011-03-23,1.83,streamflow,9291000,ft3/s,['A'],0
2011-03-24,1.83,streamflow,9291000,ft3/s,['A'],0
2011-03-25,1.8755208,streamflow,9291000,ft3/s,['A'],0
2011-03-26,2.045625,streamflow,9291000,ft3/s,['A'],0
2011-03-27,2.06,streamflow,9291000,ft3/s,['A'],0
2011-03-28,2.06,streamflow,9291000,ft3/s,['A'],0
2011-03-29,2.06,streamflow,9291000,ft3/s,['A'],0
2011-03-30,2.06,streamflow,9291000,ft3/s,['A'],0
2011-03-31,2.1172917,streamflow,9291000,ft3/s,['A'],0
2011-04-01,2.31,streamflow,9291000,ft3/s,['A'],0
2011-04-02,2.3587499,streamflow,9291000,ft3/s,['A'],0
2011-04-03,2.57,streamflow,9291000,ft3/s,['A'],0
2011-04-04,2.57,streamflow,9291000,ft3/s,['A'],0
2011-04-05,2.57,streamflow,9291000,ft3/s,['A'],0
2011-04-06,2.57,streamflow,9291000,ft3/s,['A'],0
2011-04-07,2.5758333,streamflow,9291000,ft3/s,['A'],0
2011-04-08,2.85,streamflow,9291000,ft3/s,['A'],0
2011-04-09,2.85,streamflow,9291000,ft3/s,['A'],0
2011-04-10,2.85,streamflow,9291000,ft3/s,['A'],0
2011-04-11,2.85,streamflow,9291000,ft3/s,['A'],0
2011-04-12,2.85,streamflow,9291000,ft3/s,['A'],0
2011-04-13,5.965625,streamflow,9291000,ft3/s,['A'],0
2011-04-14,53.390625,streamflow,9291000,ft3/s,['A'],0
2011-04-15,135.60417,streamflow,9291000,ft3/s,['A'],0
2011-04-16,135.26042,streamflow,9291000,ft3/s,['A'],0
2011-04-17,135.14583,streamflow,9291000,ft3/s,['A'],0
2011-04-18,135.07292,streamflow,9291000,ft3/s,['A'],0
2011-04-19,135.03125,streamflow,9291000,ft3/s,['A'],0
2011-04-20,135.09375,streamflow,9291000,ft3/s,['A'],0
2011-04-21,476.5,streamflow,9291000,ft3/s,['A'],0
2011-04-22,506.0625,streamflow,9291000,ft3/s,['A'],0
2011-04-23,501.4896,streamflow,9291000,ft3/s,['A'],0
2011-04-24,496.3125,streamflow,9291000,ft3/s,['A'],0
2011-04-25,490.59375,streamflow,9291000,ft3/s,['A'],0
2011-04-26,485.8125,streamflow,9291000,ft3/s,['A'],0
2011-04-27,482.125,streamflow,9291000,ft3/s,['A'],0
2011-04-28,471.5625,streamflow,9291000,ft3/s,['A'],0
2011-04-29,422.1354,streamflow,9291000,ft3/s,['A'],0
2011-04-30,339.3125,streamflow,9291000,ft3/s,['A'],0
2011-05-01,316.8854,streamflow,9291000,ft3/s,['A'],0
2011-05-02,294.83334,streamflow,9291000,ft3/s,['A'],0
2011-05-03,294.33334,streamflow,9291000,ft3/s,['A'],0
2011-05-04,307.10416,streamflow,9291000,ft3/s,['A'],0
2011-05-05,309.5,streamflow,9291000,ft3/s,['A'],0
2011-05-06,311.89584,streamflow,9291000,ft3/s,['A'],0
2011-05-07,303.3125,streamflow,9291000,ft3/s,['A'],0
2011-05-08,282.1771,streamflow,9291000,ft3/s,['A'],0
2011-05-09,267.8021,streamflow,9291000,ft3/s,['A'],0
2011-05-10,260.75,streamflow,9291000,ft3/s,['A'],0
2011-05-11,297.66666,streamflow,9291000,ft3/s,['A'],0
2011-05-12,305.25,streamflow,9291000,ft3/s,['A'],0
2011-05-13,302.9375,streamflow,9291000,ft3/s,['A'],0
2011-05-14,328.79166,streamflow,9291000,ft3/s,['A'],0
2011-05-15,344.3229,streamflow,9291000,ft3/s,['A'],0
2011-05-16,342.3021,streamflow,9291000,ft3/s,['A'],0
2011-05-17,361.20834,streamflow,9291000,ft3/s,['A'],0
2011-05-18,358.29166,streamflow,9291000,ft3/s,['A'],0
2011-05-19,247.9375,streamflow,9291000,ft3/s,['A'],0
2011-05-20,199.15625,streamflow,9291000,ft3/s,['A'],0
2011-05-21,198.96875,streamflow,9291000,ft3/s,['A'],0
2011-05-22,199.0,streamflow,9291000,ft3/s,['A'],0
2011-05-23,198.75,streamflow,9291000,ft3/s,['A'],0
2011-05-24,198.71875,streamflow,9291000,ft3/s,['A'],0
2011-05-25,198.9375,streamflow,9291000,ft3/s,['A'],0
2011-05-26,198.90625,streamflow,9291000,ft3/s,['A'],0
2011-05-27,199.6875,streamflow,9291000,ft3/s,['A'],0
2011-05-28,199.71875,streamflow,9291000,ft3/s,['A'],0
2011-05-29,200.15625,streamflow,9291000,ft3/s,['A'],0
2011-05-30,200.0625,streamflow,9291000,ft3/s,['A'],0
2011-05-31,200.21875,streamflow,9291000,ft3/s,['A'],0
2011-06-01,220.69792,streamflow,9291000,ft3/s,['A'],0
2011-06-02,296.66666,streamflow,9291000,ft3/s,['A'],0
2011-06-03,277.85416,streamflow,9291000,ft3/s,['A'],0
2011-06-04,274.96875,streamflow,9291000,ft3/s,['A'],0
2011-06-05,290.40625,streamflow,9291000,ft3/s,['A'],0
2011-06-06,369.5729,streamflow,9291000,ft3/s,['A'],0
2011-06-07,422.14584,streamflow,9291000,ft3/s,['A'],0
2011-06-08,429.09375,streamflow,9291000,ft3/s,['A'],0
2011-06-09,405.52084,streamflow,9291000,ft3/s,['A'],0
2011-06-10,342.2396,streamflow,9291000,ft3/s,['A'],0
2011-06-11,350.21875,streamflow,9291000,ft3/s,['A'],0
2011-06-12,357.8125,streamflow,9291000,ft3/s,['A'],0
2011-06-13,367.9375,streamflow,9291000,ft3/s,['A'],0
2011-06-14,375.64584,streamflow,9291000,ft3/s,['A'],0
2011-06-15,417.89584,streamflow,9291000,ft3/s,['A'],0
2011-06-16,494.8229,streamflow,9291000,ft3/s,['A'],0
2011-06-17,509.72916,streamflow,9291000,ft3/s,['A'],0
2011-06-18,518.7292,streamflow,9291000,ft3/s,['A'],0
2011-06-19,526.1042,streamflow,9291000,ft3/s,['A'],0
2011-06-20,536.4583,streamflow,9291000,ft3/s,['A'],0
2011-06-21,536.3542,streamflow,9291000,ft3/s,['A'],0
2011-06-22,544.375,streamflow,9291000,ft3/s,['A'],0
2011-06-23,563.3125,streamflow,9291000,ft3/s,['A'],0
2011-06-24,678.82294,streamflow,9291000,ft3/s,['A'],0
2011-06-25,1062.8125,streamflow,9291000,ft3/s,['A'],0
2011-06-26,644.98956,streamflow,9291000,ft3/s,['A'],0
2011-06-27,969.82294,streamflow,9291000,ft3/s,['A'],0
2011-06-28,1245.7291,streamflow,9291000,ft3/s,['A'],0
2011-06-29,1472.7084,streamflow,9291000,ft3/s,['A'],0
2011-06-30,1457.7084,streamflow,9291000,ft3/s,['A'],0
2011-07-01,1482.2916,streamflow,9291000,ft3/s,['A'],0
2011-07-02,1460.8334,streamflow,9291000,ft3/s,['A'],0
2011-07-03,1429.8959,streamflow,9291000,ft3/s,['A'],0
2011-07-04,1410.4166,streamflow,9291000,ft3/s,['A'],0
2011-07-05,1292.875,streamflow,9291000,ft3/s,['A'],0
2011-07-06,856.44794,streamflow,9291000,ft3/s,['A'],0
2011-07-07,816.78125,streamflow,9291000,ft3/s,['A'],0
2011-07-08,1323.6459,streamflow,9291000,ft3/s,['A'],0
2011-07-09,1401.7709,streamflow,9291000,ft3/s,['A'],0
2011-07-10,1287.9166,streamflow,9291000,ft3/s,['A'],0
2011-07-11,1136.0625,streamflow,9291000,ft3/s,['A'],0
2011-07-12,642.1042,streamflow,9291000,ft3/s,['A'],0
2011-07-13,666.3125,streamflow,9291000,ft3/s,['A'],0
2011-07-14,961.2708,streamflow,9291000,ft3/s,['A'],0
2011-07-15,1011.5625,streamflow,9291000,ft3/s,['A'],0
2011-07-16,711.6667,streamflow,9291000,ft3/s,['A'],0
2011-07-17,299.21875,streamflow,9291000,ft3/s,['A'],0
2011-07-18,467.0104,streamflow,9291000,ft3/s,['A'],0
2011-07-19,790.6458,streamflow,9291000,ft3/s,['A'],0
2011-07-20,727.26044,streamflow,9291000,ft3/s,['A'],0
2011-07-21,647.4086,streamflow,9291000,ft3/s,['A'],0
2011-07-22,307.34375,streamflow,9291000,ft3/s,['A'],0
2011-07-23,371.53125,streamflow,9291000,ft3/s,['A'],0
2011-07-24,403.75,streamflow,9291000,ft3/s,['A'],0
2011-07-25,379.4271,streamflow,9291000,ft3/s,['A'],0
2011-07-26,361.0,streamflow,9291000,ft3/s,['A'],0
2011-07-27,371.16666,streamflow,9291000,ft3/s,['A'],0
2011-07-28,338.59375,streamflow,9291000,ft3/s,['A'],0
2011-07-29,325.3854,streamflow,9291000,ft3/s,['A'],0
2011-07-30,276.9479,streamflow,9291000,ft3/s,['A'],0
2011-07-31,252.92708,streamflow,9291000,ft3/s,['A'],0
2011-08-01,250.02083,streamflow,9291000,ft3/s,['A'],0
2011-08-02,313.8021,streamflow,9291000,ft3/s,['A'],0
2011-08-03,286.39584,streamflow,9291000,ft3/s,['A'],0
2011-08-04,267.53125,streamflow,9291000,ft3/s,['A'],0
2011-08-05,260.71875,streamflow,9291000,ft3/s,['A'],0
2011-08-06,253.05208,streamflow,9291000,ft3/s,['A'],0
2011-08-07,242.08333,streamflow,9291000,ft3/s,['A'],0
2011-08-08,271.0729,streamflow,9291000,ft3/s,['A'],0
2011-08-09,290.8229,streamflow,9291000,ft3/s,['A'],0
2011-08-10,294.72916,streamflow,9291000,ft3/s,['A'],0
2011-08-11,309.6146,streamflow,9291000,ft3/s,['A'],0
2011-08-12,312.27084,streamflow,9291000,ft3/s,['A'],0
2011-08-13,316.33334,streamflow,9291000,ft3/s,['A'],0
2011-08-14,322.39584,streamflow,9291000,ft3/s,['A'],0
2011-08-15,314.64584,streamflow,9291000,ft3/s,['A'],0
2011-08-16,295.33334,streamflow,9291000,ft3/s,['A'],0
2011-08-17,290.0104,streamflow,9291000,ft3/s,['A'],0
2011-08-18,305.6771,streamflow,9291000,ft3/s,['A'],0
2011-08-19,317.21875,streamflow,9291000,ft3/s,['A'],0
2011-08-20,338.5521,streamflow,9291000,ft3/s,['A'],0
2011-08-21,347.09375,streamflow,9291000,ft3/s,['A'],0
2011-08-22,341.89584,streamflow,9291000,ft3/s,['A'],0
2011-08-23,332.3125,streamflow,9291000,ft3/s,['A'],0
2011-08-24,331.1979,streamflow,9291000,ft3/s,['A'],0
2011-08-25,339.2396,streamflow,9291000,ft3/s,['A'],0
2011-08-26,337.1771,streamflow,9291000,ft3/s,['A'],0
2011-08-27,328.3229,streamflow,9291000,ft3/s,['A'],0
2011-08-28,328.5729,streamflow,9291000,ft3/s,['A'],0
2011-08-29,265.125,streamflow,9291000,ft3/s,['A'],0
2011-08-30,253.35417,streamflow,9291000,ft3/s,['A'],0
2011-08-31,278.6354,streamflow,9291000,ft3/s,['A'],0
2011-09-01,298.90625,streamflow,9291000,ft3/s,['A'],0
2011-09-02,311.0,streamflow,9291000,ft3/s,['A'],0
2011-09-03,324.1146,streamflow,9291000,ft3/s,['A'],0
2011-09-04,327.46875,streamflow,9291000,ft3/s,['A'],0
2011-09-05,329.4479,streamflow,9291000,ft3/s,['A'],0
2011-09-06,310.7604,streamflow,9291000,ft3/s,['A'],0
2011-09-07,306.9896,streamflow,9291000,ft3/s,['A'],0
2011-09-08,303.2604,streamflow,9291000,ft3/s,['A'],0
2011-09-09,289.33334,streamflow,9291000,ft3/s,['A'],0
2011-09-10,286.9271,streamflow,9291000,ft3/s,['A'],0
2011-09-11,285.20834,streamflow,9291000,ft3/s,['A'],0
2011-09-12,284.4479,streamflow,9291000,ft3/s,['A'],0
2011-09-13,279.2604,streamflow,9291000,ft3/s,['A'],0
2011-09-14,269.97916,streamflow,9291000,ft3/s,['A'],0
2011-09-15,269.625,streamflow,9291000,ft3/s,['A'],0
2011-09-16,269.29166,streamflow,9291000,ft3/s,['A'],0
2011-09-17,271.45834,streamflow,9291000,ft3/s,['A'],0
2011-09-18,271.3646,streamflow,9291000,ft3/s,['A'],0
2011-09-19,190.33333,streamflow,9291000,ft3/s,['A'],0
2011-09-20,175.5,streamflow,9291000,ft3/s,['A'],0
2011-09-21,171.375,streamflow,9291000,ft3/s,['A'],0
2011-09-22,171.34375,streamflow,9291000,ft3/s,['A'],0
2011-09-23,171.0625,streamflow,9291000,ft3/s,['A'],0
2011-09-24,171.04167,streamflow,9291000,ft3/s,['A'],0
2011-09-25,170.97917,streamflow,9291000,ft3/s,['A'],0
2011-09-26,33.0725,streamflow,9291000,ft3/s,['A'],0
2011-09-27,7.658125,streamflow,9291000,ft3/s,['A'],0
2011-09-28,8.010625,streamflow,9291000,ft3/s,['A'],0
2011-09-29,8.04,streamflow,9291000,ft3/s,['A'],0
2011-09-30,8.04,streamflow,9291000,ft3/s,['A'],0
2011-10-01,8.173959,streamflow,9291000,ft3/s,['A'],0
2011-10-02,8.080833,streamflow,9291000,ft3/s,['A'],0
2011-10-03,8.152291,streamflow,9291000,ft3/s,['A'],0
2011-10-04,8.376875,streamflow,9291000,ft3/s,['A'],0
2011-10-05,8.567292,streamflow,9291000,ft3/s,['A'],0
2011-10-06,7.9029164,streamflow,9291000,ft3/s,['A'],0
2011-10-07,7.883333,streamflow,9291000,ft3/s,['A'],0
2011-10-08,8.122916,streamflow,9291000,ft3/s,['A'],0
2011-10-09,8.04,streamflow,9291000,ft3/s,['A'],0
2011-10-10,8.04,streamflow,9291000,ft3/s,['A'],0
2011-10-11,8.04,streamflow,9291000,ft3/s,['A'],0
2011-10-12,8.04,streamflow,9291000,ft3/s,['A'],0
2011-10-13,8.050208,streamflow,9291000,ft3/s,['A'],0
2011-10-14,8.04,streamflow,9291000,ft3/s,['A'],0
2011-10-15,8.182917,streamflow,9291000,ft3/s,['A'],0
2011-10-16,8.693334,streamflow,9291000,ft3/s,['A'],0
2011-10-17,9.02,streamflow,9291000,ft3/s,['A'],0
2011-10-18,9.02,streamflow,9291000,ft3/s,['A'],0
2011-10-19,9.02,streamflow,9291000,ft3/s,['A'],0
2011-10-20,9.1425,streamflow,9291000,ft3/s,['A'],0
2011-10-21,9.755,streamflow,9291000,ft3/s,['A'],0
2011-10-22,9.93875,streamflow,9291000,ft3/s,['A'],0
2011-10-23,9.979584,streamflow,9291000,ft3/s,['A'],0
2011-10-24,10.0,streamflow,9291000,ft3/s,['A'],0
2011-10-25,10.0,streamflow,9291000,ft3/s,['A'],0
2011-10-26,10.0,streamflow,9291000,ft3/s,['A'],0
2011-10-27,9.755,streamflow,9291000,ft3/s,['A'],0
2011-10-28,9.02,streamflow,9291000,ft3/s,['A'],0
2011-10-29,9.02,streamflow,9291000,ft3/s,['A'],0
2011-10-30,9.02,streamflow,9291000,ft3/s,['A'],0
2011-10-31,9.02,streamflow,9291000,ft3/s,['A'],0
2011-11-01,9.050626,streamflow,9291000,ft3/s,['A'],0
2011-11-02,9.673333,streamflow,9291000,ft3/s,['A'],0
2011-11-03,9.765208,streamflow,9291000,ft3/s,['A'],0
2011-11-04,9.846875,streamflow,9291000,ft3/s,['A'],0
2011-11-05,20.099792,streamflow,9291000,ft3/s,['A'],0
2011-11-06,136.55208,streamflow,9291000,ft3/s,['A'],0
2011-11-07,163.28125,streamflow,9291000,ft3/s,['A'],0
2011-11-08,162.90625,streamflow,9291000,ft3/s,['A'],0
2011-11-09,189.02083,streamflow,9291000,ft3/s,['A'],0
2011-11-10,213.5,streamflow,9291000,ft3/s,['A'],0
2011-11-11,212.34375,streamflow,9291000,ft3/s,['A'],0
2011-11-12,211.9375,streamflow,9291000,ft3/s,['A'],0
2011-11-13,210.25,streamflow,9291000,ft3/s,['A'],0
2011-11-14,210.15625,streamflow,9291000,ft3/s,['A'],0
2011-11-15,209.46875,streamflow,9291000,ft3/s,['A'],0
2011-11-16,207.90625,streamflow,9291000,ft3/s,['A'],0
2011-11-17,207.21875,streamflow,9291000,ft3/s,['A'],0
2011-11-18,206.28125,streamflow,9291000,ft3/s,['A'],0
2011-11-19,205.5,streamflow,9291000,ft3/s,['A'],0
2011-11-20,204.90625,streamflow,9291000,ft3/s,['A'],0
2011-11-21,203.96875,streamflow,9291000,ft3/s,['A'],0
2011-11-22,203.25,streamflow,9291000,ft3/s,['A'],0
2011-11-23,202.46875,streamflow,9291000,ft3/s,['A'],0
2011-11-24,201.9375,streamflow,9291000,ft3/s,['A'],0
2011-11-25,180.93344,streamflow,9291000,ft3/s,['A'],0
2011-11-26,8.5725,streamflow,9291000,ft3/s,['A'],0
2011-11-27,8.04,streamflow,9291000,ft3/s,['A'],0
2011-11-28,8.04,streamflow,9291000,ft3/s,['A'],0
2011-11-29,8.04,streamflow,9291000,ft3/s,['A'],0
2011-11-30,8.04,streamflow,9291000,ft3/s,['A'],0
2011-12-01,8.04,streamflow,9291000,ft3/s,['A'],0
2011-12-02,8.060416,streamflow,9291000,ft3/s,['A'],0
2011-12-03,8.060416,streamflow,9291000,ft3/s,['A'],0
2011-12-04,8.060416,streamflow,9291000,ft3/s,['A'],0
2011-12-05,8.10125,streamflow,9291000,ft3/s,['A'],0
2011-12-06,8.6831255,streamflow,9291000,ft3/s,['A'],0
2011-12-07,8.999584,streamflow,9291000,ft3/s,['A'],0
2011-12-08,9.02,streamflow,9291000,ft3/s,['A'],0
2011-12-09,9.02,streamflow,9291000,ft3/s,['A'],0
2011-12-10,9.02,streamflow,9291000,ft3/s,['A'],0
2011-12-11,9.02,streamflow,9291000,ft3/s,['A'],0
2011-12-12,9.02,streamflow,9291000,ft3/s,['A'],0
2011-12-13,8.999584,streamflow,9291000,ft3/s,['A'],0
2011-12-14,8.948542,streamflow,9291000,ft3/s,['A'],0
2011-12-15,8.958751,streamflow,9291000,ft3/s,['A'],0
2011-12-16,8.826042,streamflow,9291000,ft3/s,['A'],0
2011-12-17,8.04,streamflow,9291000,ft3/s,['A'],0
2011-12-18,8.04,streamflow,9291000,ft3/s,['A'],0
2011-12-19,8.04,streamflow,9291000,ft3/s,['A'],0
2011-12-20,8.04,streamflow,9291000,ft3/s,['A'],0
2011-12-21,8.04,streamflow,9291000,ft3/s,['A'],0
2011-12-22,8.04,streamflow,9291000,ft3/s,['A'],0
2011-12-23,8.04,streamflow,9291000,ft3/s,['A'],0
2011-12-24,8.04,streamflow,9291000,ft3/s,['A'],0
2011-12-25,8.04,streamflow,9291000,ft3/s,['A'],0
2011-12-26,8.04,streamflow,9291000,ft3/s,['A'],0
2011-12-27,8.04,streamflow,9291000,ft3/s,['A'],0
2011-12-28,8.04,streamflow,9291000,ft3/s,['A'],0
2011-12-29,8.04,streamflow,9291000,ft3/s,['A'],0
2011-12-30,8.04,streamflow,9291000,ft3/s,['A'],0
2011-12-31,8.04,streamflow,9291000,ft3/s,['A'],0
2012-01-01,8.04,streamflow,9291000,ft3/s,['A'],0
2012-01-02,8.04,streamflow,9291000,ft3/s,['A'],0
2012-01-03,8.877084,streamflow,9291000,ft3/s,['A'],0
2012-01-04,9.02,streamflow,9291000,ft3/s,['A'],0
2012-01-05,9.02,streamflow,9291000,ft3/s,['A'],0
2012-01-06,9.02,streamflow,9291000,ft3/s,['A'],0
2012-01-07,9.02,streamflow,9291000,ft3/s,['A'],0
2012-01-08,9.02,streamflow,9291000,ft3/s,['A'],0
2012-01-09,8.744375,streamflow,9291000,ft3/s,['A'],0
2012-01-10,8.04,streamflow,9291000,ft3/s,['A'],0
2012-01-11,8.04,streamflow,9291000,ft3/s,['A'],0
2012-01-12,8.04,streamflow,9291000,ft3/s,['A'],0
2012-01-13,8.04,streamflow,9291000,ft3/s,['A'],0
2012-01-14,8.04,streamflow,9291000,ft3/s,['A'],0
2012-01-15,8.121667,streamflow,9291000,ft3/s,['A'],0
2012-01-16,9.02,streamflow,9291000,ft3/s,['A'],0
2012-01-17,9.02,streamflow,9291000,ft3/s,['A'],0
2012-01-18,9.02,streamflow,9291000,ft3/s,['A'],0
2012-01-19,9.02,streamflow,9291000,ft3/s,['A'],0
2012-01-20,9.02,streamflow,9291000,ft3/s,['A'],0
2012-01-21,9.08125,streamflow,9291000,ft3/s,['A'],0
2012-01-22,9.08125,streamflow,9291000,ft3/s,['A'],0
2012-01-23,9.02,streamflow,9291000,ft3/s,['A'],0
2012-01-24,8.295208,streamflow,9291000,ft3/s,['A'],0
2012-01-25,8.04,streamflow,9291000,ft3/s,['A'],0
2012-01-26,8.060416,streamflow,9291000,ft3/s,['A'],0
2012-01-27,8.060416,streamflow,9291000,ft3/s,['A'],0
2012-01-28,8.366667,streamflow,9291000,ft3/s,['A'],0
2012-01-29,9.030209,streamflow,9291000,ft3/s,['A'],0
2012-01-30,9.02,streamflow,9291000,ft3/s,['A'],0
2012-01-31,8.928125,streamflow,9291000,ft3/s,['A'],0
2012-02-01,8.010625,streamflow,9291000,ft3/s,['A'],0
2012-02-02,8.04,streamflow,9291000,ft3/s,['A'],0
2012-02-03,7.98125,streamflow,9291000,ft3/s,['A'],0
2012-02-04,8.04,streamflow,9291000,ft3/s,['A'],0
2012-02-05,8.04,streamflow,9291000,ft3/s,['A'],0
2012-02-06,8.04,streamflow,9291000,ft3/s,['A'],0
2012-02-07,7.834375,streamflow,9291000,ft3/s,['A'],0
2012-02-08,7.1,streamflow,9291000,ft3/s,['A'],0
2012-02-09,7.1,streamflow,9291000,ft3/s,['A'],0
2012-02-10,7.62875,streamflow,9291000,ft3/s,['A'],0
2012-02-11,8.04,streamflow,9291000,ft3/s,['A'],0
2012-02-12,8.04,streamflow,9291000,ft3/s,['A'],0
2012-02-13,8.04,streamflow,9291000,ft3/s,['A'],0
2012-02-14,8.04,streamflow,9291000,ft3/s,['A'],0
2012-02-15,8.030209,streamflow,9291000,ft3/s,['A'],0
2012-02-16,8.04,streamflow,9291000,ft3/s,['A'],0
2012-02-17,8.04,streamflow,9291000,ft3/s,['A'],0
2012-02-18,8.04,streamflow,9291000,ft3/s,['A'],0
2012-02-19,8.04,streamflow,9291000,ft3/s,['A'],0
2012-02-20,8.04,streamflow,9291000,ft3/s,['A'],0
2012-02-21,8.04,streamflow,9291000,ft3/s,['A'],0
2012-02-22,8.04,streamflow,9291000,ft3/s,['A'],0
2012-02-23,7.8441668,streamflow,9291000,ft3/s,['A'],0
2012-02-24,7.1,streamflow,9291000,ft3/s,['A'],0
2012-02-25,7.1,streamflow,9291000,ft3/s,['A'],0
2012-02-26,7.2277083,streamflow,9291000,ft3/s,['A'],0
2012-02-27,8.04,streamflow,9291000,ft3/s,['A'],0
2012-02-28,8.04,streamflow,9291000,ft3/s,['A'],0
2012-02-29,8.04,streamflow,9291000,ft3/s,['A'],0
2012-03-01,8.04,streamflow,9291000,ft3/s,['A'],0
2012-03-02,8.04,streamflow,9291000,ft3/s,['A'],0
2012-03-03,8.04,streamflow,9291000,ft3/s,['A'],0
2012-03-04,8.04,streamflow,9291000,ft3/s,['A'],0
2012-03-05,8.04,streamflow,9291000,ft3/s,['A'],0
2012-03-06,8.04,streamflow,9291000,ft3/s,['A'],0
2012-03-07,8.04,streamflow,9291000,ft3/s,['A'],0
2012-03-08,7.7952085,streamflow,9291000,ft3/s,['A'],0
2012-03-09,7.1,streamflow,9291000,ft3/s,['A'],0
2012-03-10,7.1,streamflow,9291000,ft3/s,['A'],0
2012-03-11,7.1,streamflow,9291000,ft3/s,['A'],0
2012-03-12,7.1,streamflow,9291000,ft3/s,['A'],0
2012-03-13,7.1,streamflow,9291000,ft3/s,['A'],0
2012-03-14,7.9714584,streamflow,9291000,ft3/s,['A'],0
2012-03-15,7.9029164,streamflow,9291000,ft3/s,['A'],0
2012-03-16,7.7658334,streamflow,9291000,ft3/s,['A'],0
2012-03-17,7.658125,streamflow,9291000,ft3/s,['A'],0
2012-03-18,7.98125,streamflow,9291000,ft3/s,['A'],0
2012-03-19,8.04,streamflow,9291000,ft3/s,['A'],0
2012-03-20,8.010625,streamflow,9291000,ft3/s,['A'],0
2012-03-21,8.04,streamflow,9291000,ft3/s,['A'],0
2012-03-22,7.6875,streamflow,9291000,ft3/s,['A'],0
2012-03-23,6.95,streamflow,9291000,ft3/s,['A'],0
2012-03-24,7.015625,streamflow,9291000,ft3/s,['A'],0
2012-03-25,7.0812497,streamflow,9291000,ft3/s,['A'],0
2012-03-26,7.0812497,streamflow,9291000,ft3/s,['A'],0
2012-03-27,7.1,streamflow,9291000,ft3/s,['A'],0
2012-03-28,7.1,streamflow,9291000,ft3/s,['A'],0
2012-03-29,7.090625,streamflow,9291000,ft3/s,['A'],0
2012-03-30,7.1,streamflow,9291000,ft3/s,['A'],0
2012-03-31,7.1,streamflow,9291000,ft3/s,['A'],0
2012-04-01,7.5602083,streamflow,9291000,ft3/s,['A'],0
2012-04-02,7.893125,streamflow,9291000,ft3/s,['A'],0
2012-04-03,8.04,streamflow,9291000,ft3/s,['A'],0
2012-04-04,7.4035416,streamflow,9291000,ft3/s,['A'],0
2012-04-05,7.1,streamflow,9291000,ft3/s,['A'],0
2012-04-06,6.93125,streamflow,9291000,ft3/s,['A'],0
2012-04-07,6.5656247,streamflow,9291000,ft3/s,['A'],0
2012-04-08,6.265625,streamflow,9291000,ft3/s,['A'],0
2012-04-09,6.21875,streamflow,9291000,ft3/s,['A'],0
2012-04-10,6.490625,streamflow,9291000,ft3/s,['A'],0
2012-04-11,7.501458,streamflow,9291000,ft3/s,['A'],0
2012-04-12,8.815834,streamflow,9291000,ft3/s,['A'],0
2012-04-13,9.02,streamflow,9291000,ft3/s,['A'],0
2012-04-14,9.02,streamflow,9291000,ft3/s,['A'],0
2012-04-15,9.02,streamflow,9291000,ft3/s,['A'],0
2012-04-16,9.02,streamflow,9291000,ft3/s,['A'],0
2012-04-17,9.02,streamflow,9291000,ft3/s,['A'],0
2012-04-18,9.02,streamflow,9291000,ft3/s,['A'],0
2012-04-19,9.02,streamflow,9291000,ft3/s,['A'],0
2012-04-20,9.02,streamflow,9291000,ft3/s,['A'],0
2012-04-21,9.02,streamflow,9291000,ft3/s,['A'],0
2012-04-22,9.02,streamflow,9291000,ft3/s,['A'],0
2012-04-23,9.02,streamflow,9291000,ft3/s,['A'],0
2012-04-24,9.02,streamflow,9291000,ft3/s,['A'],0
2012-04-25,12.231667,streamflow,9291000,ft3/s,['A'],0
2012-04-26,118.188545,streamflow,9291000,ft3/s,['A'],0
2012-04-27,184.3125,streamflow,9291000,ft3/s,['A'],0
2012-04-28,203.59375,streamflow,9291000,ft3/s,['A'],0
2012-04-29,225.94792,streamflow,9291000,ft3/s,['A'],0
2012-04-30,268.20834,streamflow,9291000,ft3/s,['A'],0
2012-05-01,378.34375,streamflow,9291000,ft3/s,['A'],0
2012-05-02,375.2396,streamflow,9291000,ft3/s,['A'],0
2012-05-03,318.96875,streamflow,9291000,ft3/s,['A'],0
2012-05-04,208.875,streamflow,9291000,ft3/s,['A'],0
2012-05-05,192.0625,streamflow,9291000,ft3/s,['A'],0
2012-05-06,191.875,streamflow,9291000,ft3/s,['A'],0
2012-05-07,204.1875,streamflow,9291000,ft3/s,['A'],0
2012-05-08,211.91667,streamflow,9291000,ft3/s,['A'],0
2012-05-09,211.34375,streamflow,9291000,ft3/s,['A'],0
2012-05-10,184.27083,streamflow,9291000,ft3/s,['A'],0
2012-05-11,145.17708,streamflow,9291000,ft3/s,['A'],0
2012-05-12,129.85417,streamflow,9291000,ft3/s,['A'],0
2012-05-13,159.41667,streamflow,9291000,ft3/s,['A'],0
2012-05-14,206.875,streamflow,9291000,ft3/s,['A'],0
2012-05-15,201.32292,streamflow,9291000,ft3/s,['A'],0
2012-05-16,192.59375,streamflow,9291000,ft3/s,['A'],0
2012-05-17,237.41667,streamflow,9291000,ft3/s,['A'],0
2012-05-18,292.3021,streamflow,9291000,ft3/s,['A'],0
2012-05-19,286.7396,streamflow,9291000,ft3/s,['A'],0
2012-05-20,294.64584,streamflow,9291000,ft3/s,['A'],0
2012-05-21,291.90625,streamflow,9291000,ft3/s,['A'],0
2012-05-22,281.41666,streamflow,9291000,ft3/s,['A'],0
2012-05-23,268.7604,streamflow,9291000,ft3/s,['A'],0
2012-05-24,277.54166,streamflow,9291000,ft3/s,['A'],0
2012-05-25,307.1979,streamflow,9291000,ft3/s,['A'],0
2012-05-26,321.8021,streamflow,9291000,ft3/s,['A'],0
2012-05-27,328.0729,streamflow,9291000,ft3/s,['A'],0
2012-05-28,334.25,streamflow,9291000,ft3/s,['A'],0
2012-05-29,336.40625,streamflow,9291000,ft3/s,['A'],0
2012-05-30,331.71875,streamflow,9291000,ft3/s,['A'],0
2012-05-31,328.78125,streamflow,9291000,ft3/s,['A'],0
2012-06-01,316.72916,streamflow,9291000,ft3/s,['A'],0
2012-06-02,273.8854,streamflow,9291000,ft3/s,['A'],0
2012-06-03,278.58334,streamflow,9291000,ft3/s,['A'],0
2012-06-04,333.83334,streamflow,9291000,ft3/s,['A'],0
2012-06-05,332.875,streamflow,9291000,ft3/s,['A'],0
2012-06-06,334.03125,streamflow,9291000,ft3/s,['A'],0
2012-06-07,342.47916,streamflow,9291000,ft3/s,['A'],0
2012-06-08,345.9479,streamflow,9291000,ft3/s,['A'],0
2012-06-09,349.5,streamflow,9291000,ft3/s,['A'],0
2012-06-10,353.59375,streamflow,9291000,ft3/s,['A'],0
2012-06-11,357.96875,streamflow,9291000,ft3/s,['A'],0
2012-06-12,358.15625,streamflow,9291000,ft3/s,['A'],0
2012-06-13,339.4479,streamflow,9291000,ft3/s,['A'],0
2012-06-14,336.1146,streamflow,9291000,ft3/s,['A'],0
2012-06-15,337.6771,streamflow,9291000,ft3/s,['A'],0
2012-06-16,337.6146,streamflow,9291000,ft3/s,['A'],0
2012-06-17,338.1875,streamflow,9291000,ft3/s,['A'],0
2012-06-18,340.54166,streamflow,9291000,ft3/s,['A'],0
2012-06-19,343.1354,streamflow,9291000,ft3/s,['A'],0
2012-06-20,338.1354,streamflow,9291000,ft3/s,['A'],0
2012-06-21,357.79166,streamflow,9291000,ft3/s,['A'],0
2012-06-22,358.53125,streamflow,9291000,ft3/s,['A'],0
2012-06-23,361.08334,streamflow,9291000,ft3/s,['A'],0
2012-06-24,360.3021,streamflow,9291000,ft3/s,['A'],0
2012-06-25,358.375,streamflow,9291000,ft3/s,['A'],0
2012-06-26,344.66666,streamflow,9291000,ft3/s,['A'],0
2012-06-27,346.2604,streamflow,9291000,ft3/s,['A'],0
2012-06-28,347.27084,streamflow,9291000,ft3/s,['A'],0
2012-06-29,344.8021,streamflow,9291000,ft3/s,['A'],0
2012-06-30,345.03125,streamflow,9291000,ft3/s,['A'],0
2012-07-01,344.33334,streamflow,9291000,ft3/s,['A'],0
2012-07-02,341.4375,streamflow,9291000,ft3/s,['A'],0
2012-07-03,327.46875,streamflow,9291000,ft3/s,['A'],0
2012-07-04,357.04166,streamflow,9291000,ft3/s,['A'],0
2012-07-05,347.52084,streamflow,9291000,ft3/s,['A'],0
2012-07-06,342.9479,streamflow,9291000,ft3/s,['A'],0
2012-07-07,338.04166,streamflow,9291000,ft3/s,['A'],0
2012-07-08,312.77084,streamflow,9291000,ft3/s,['A'],0
2012-07-09,172.66667,streamflow,9291000,ft3/s,['A'],0
2012-07-10,119.89687,streamflow,9291000,ft3/s,['A'],0
2012-07-11,88.34375,streamflow,9291000,ft3/s,['A'],0
2012-07-12,92.83125,streamflow,9291000,ft3/s,['A'],0
2012-07-13,96.63959,streamflow,9291000,ft3/s,['A'],0
2012-07-14,94.62604,streamflow,9291000,ft3/s,['A'],0
2012-07-15,71.66146,streamflow,9291000,ft3/s,['A'],0
2012-07-16,29.945833,streamflow,9291000,ft3/s,['A'],0
2012-07-17,54.435417,streamflow,9291000,ft3/s,['A'],0
2012-07-18,44.9,streamflow,9291000,ft3/s,['A'],0
2012-07-19,47.270836,streamflow,9291000,ft3/s,['A'],0
2012-07-20,55.785416,streamflow,9291000,ft3/s,['A'],0
2012-07-21,65.3,streamflow,9291000,ft3/s,['A'],0
2012-07-22,72.17604,streamflow,9291000,ft3/s,['A'],0
2012-07-23,73.254166,streamflow,9291000,ft3/s,['A'],0
2012-07-24,60.1,streamflow,9291000,ft3/s,['A'],0
2012-07-25,60.083332,streamflow,9291000,ft3/s,['A'],0
2012-07-26,66.53438,streamflow,9291000,ft3/s,['A'],0
2012-07-27,69.339584,streamflow,9291000,ft3/s,['A'],0
2012-07-28,72.5,streamflow,9291000,ft3/s,['A'],0
2012-07-29,72.51979,streamflow,9291000,ft3/s,['A'],0
2012-07-30,72.5,streamflow,9291000,ft3/s,['A'],0
2012-07-31,65.65625,streamflow,9291000,ft3/s,['A'],0
2012-08-01,63.5,streamflow,9291000,ft3/s,['A'],0
2012-08-02,63.5,streamflow,9291000,ft3/s,['A'],0
2012-08-03,63.5,streamflow,9291000,ft3/s,['A'],0
2012-08-04,66.38646,streamflow,9291000,ft3/s,['A'],0
2012-08-05,100.96667,streamflow,9291000,ft3/s,['A'],0
2012-08-06,205.54167,streamflow,9291000,ft3/s,['A'],0
2012-08-07,193.03125,streamflow,9291000,ft3/s,['A'],0
2012-08-08,187.71875,streamflow,9291000,ft3/s,['A'],0
2012-08-09,182.875,streamflow,9291000,ft3/s,['A'],0
2012-08-10,180.64583,streamflow,9291000,ft3/s,['A'],0
2012-08-11,179.625,streamflow,9291000,ft3/s,['A'],0
2012-08-12,177.91667,streamflow,9291000,ft3/s,['A'],0
2012-08-13,70.59583,streamflow,9291000,ft3/s,['A'],0
2012-08-14,52.732292,streamflow,9291000,ft3/s,['A'],0
2012-08-15,54.51146,streamflow,9291000,ft3/s,['A'],0
2012-08-16,58.016666,streamflow,9291000,ft3/s,['A'],0
2012-08-17,57.133335,streamflow,9291000,ft3/s,['A'],0
2012-08-18,57.033333,streamflow,9291000,ft3/s,['A'],0
2012-08-19,55.96771,streamflow,9291000,ft3/s,['A'],0
2012-08-20,20.159374,streamflow,9291000,ft3/s,['A'],0
2012-08-21,16.345833,streamflow,9291000,ft3/s,['A'],0
2012-08-22,14.9,streamflow,9291000,ft3/s,['A'],0
2012-08-23,14.9,streamflow,9291000,ft3/s,['A'],0
2012-08-24,14.9,streamflow,9291000,ft3/s,['A'],0
2012-08-25,14.9,streamflow,9291000,ft3/s,['A'],0
2012-08-26,14.91875,streamflow,9291000,ft3/s,['A'],0
2012-08-27,38.734375,streamflow,9291000,ft3/s,['A'],0
2012-08-28,56.360416,streamflow,9291000,ft3/s,['A'],0
2012-08-29,58.5,streamflow,9291000,ft3/s,['A'],0
2012-08-30,58.5,streamflow,9291000,ft3/s,['A'],0
2012-08-31,58.55104,streamflow,9291000,ft3/s,['A'],0
2012-09-01,58.5,streamflow,9291000,ft3/s,['A'],0
2012-09-02,58.5,streamflow,9291000,ft3/s,['A'],0
2012-09-03,76.64271,streamflow,9291000,ft3/s,['A'],0
2012-09-04,70.26458,streamflow,9291000,ft3/s,['A'],0
2012-09-05,69.71042,streamflow,9291000,ft3/s,['A'],0
2012-09-06,68.938545,streamflow,9291000,ft3/s,['A'],0
2012-09-07,68.81979,streamflow,9291000,ft3/s,['A'],0
2012-09-08,68.8,streamflow,9291000,ft3/s,['A'],0
2012-09-09,68.8,streamflow,9291000,ft3/s,['A'],0
2012-09-10,45.4375,streamflow,9291000,ft3/s,['A'],0
2012-09-11,53.71875,streamflow,9291000,ft3/s,['A'],0
2012-09-12,53.7,streamflow,9291000,ft3/s,['A'],0
2012-09-13,53.7,streamflow,9291000,ft3/s,['A'],0
2012-09-14,53.7,streamflow,9291000,ft3/s,['A'],0
2012-09-15,53.7,streamflow,9291000,ft3/s,['A'],0
2012-09-16,53.7,streamflow,9291000,ft3/s,['A'],0
2012-09-17,53.7,streamflow,9291000,ft3/s,['A'],0
2012-09-18,53.7,streamflow,9291000,ft3/s,['A'],0
2012-09-19,53.7,streamflow,9291000,ft3/s,['A'],0
2012-09-20,47.255207,streamflow,9291000,ft3/s,['A'],0
2012-09-21,46.285416,streamflow,9291000,ft3/s,['A'],0
2012-09-22,46.3,streamflow,9291000,ft3/s,['A'],0
2012-09-23,46.25625,streamflow,9291000,ft3/s,['A'],0
2012-09-24,46.183334,streamflow,9291000,ft3/s,['A'],0
2012-09-25,16.287708,streamflow,9291000,ft3/s,['A'],0
2012-09-26,8.184375,streamflow,9291000,ft3/s,['A'],0
2012-09-27,8.17,streamflow,9291000,ft3/s,['A'],0
2012-09-28,8.179791,streamflow,9291000,ft3/s,['A'],0
2012-09-29,8.17,streamflow,9291000,ft3/s,['A'],0
2012-09-30,8.174791,streamflow,9291000,ft3/s,['A'],0
2012-10-01,5.404792,streamflow,9291000,ft3/s,['A'],0
2012-10-02,1.1238542,streamflow,9291000,ft3/s,['A'],0
2012-10-03,1.1323959,streamflow,9291000,ft3/s,['A'],0
2012-10-04,1.2291666,streamflow,9291000,ft3/s,['A'],0
2012-10-05,1.2982292,streamflow,9291000,ft3/s,['A'],0
2012-10-06,1.3376042,streamflow,9291000,ft3/s,['A'],0
2012-10-07,1.2548958,streamflow,9291000,ft3/s,['A'],0
2012-10-08,1.7570833,streamflow,9291000,ft3/s,['A'],0
2012-10-09,2.72875,streamflow,9291000,ft3/s,['A'],0
2012-10-10,2.115,streamflow,9291000,ft3/s,['A'],0
2012-10-11,2.1941667,streamflow,9291000,ft3/s,['A'],0
2012-10-12,2.2710416,streamflow,9291000,ft3/s,['A'],0
2012-10-13,2.2654166,streamflow,9291000,ft3/s,['A'],0
2012-10-14,2.1981251,streamflow,9291000,ft3/s,['A'],0
2012-10-15,2.21,streamflow,9291000,ft3/s,['A'],0
2012-10-16,2.2060418,streamflow,9291000,ft3/s,['A'],0
2012-10-17,2.2416668,streamflow,9291000,ft3/s,['A'],0
2012-10-18,2.374271,streamflow,9291000,ft3/s,['A'],0
2012-10-19,2.3544793,streamflow,9291000,ft3/s,['A'],0
2012-10-20,2.2119792,streamflow,9291000,ft3/s,['A'],0
2012-10-21,2.21,streamflow,9291000,ft3/s,['A'],0
2012-10-22,2.2297916,streamflow,9291000,ft3/s,['A'],0
2012-10-23,2.2139583,streamflow,9291000,ft3/s,['A'],0
2012-10-24,2.2001042,streamflow,9291000,ft3/s,['A'],0
2012-10-25,2.1961458,streamflow,9291000,ft3/s,['A'],0
2012-10-26,2.21,streamflow,9291000,ft3/s,['A'],0
2012-10-27,2.136771,streamflow,9291000,ft3/s,['A'],0
2012-10-28,2.02,streamflow,9291000,ft3/s,['A'],0
2012-10-29,1.950625,streamflow,9291000,ft3/s,['A'],0
2012-10-30,1.84,streamflow,9291000,ft3/s,['A'],0
2012-10-31,1.84,streamflow,9291000,ft3/s,['A'],0
2012-11-01,1.84,streamflow,9291000,ft3/s,['A'],0
2012-11-02,1.84,streamflow,9291000,ft3/s,['A'],0
2012-11-03,1.7516667,streamflow,9291000,ft3/s,['A'],0
2012-11-04,1.68,streamflow,9291000,ft3/s,['A'],0
2012-11-05,1.68,streamflow,9291000,ft3/s,['A'],0
2012-11-06,1.68,streamflow,9291000,ft3/s,['A'],0
2012-11-07,1.6633333,streamflow,9291000,ft3/s,['A'],0
2012-11-08,2.9570832,streamflow,9291000,ft3/s,['A'],0
2012-11-09,48.191666,streamflow,9291000,ft3/s,['A'],0
2012-11-10,48.675,streamflow,9291000,ft3/s,['A'],0
2012-11-11,48.4125,streamflow,9291000,ft3/s,['A'],0
2012-11-12,48.0625,streamflow,9291000,ft3/s,['A'],0
2012-11-13,47.94583,streamflow,9291000,ft3/s,['A'],0
2012-11-14,14.457916,streamflow,9291000,ft3/s,['A'],0
2012-11-15,3.07,streamflow,9291000,ft3/s,['A'],0
2012-11-16,3.07,streamflow,9291000,ft3/s,['A'],0
2012-11-17,3.0149999,streamflow,9291000,ft3/s,['A'],0
2012-11-18,2.975,streamflow,9291000,ft3/s,['A'],0
2012-11-19,1.9651042,streamflow,9291000,ft3/s,['A'],0
2012-11-20,1.84375,streamflow,9291000,ft3/s,['A'],0
2012-11-21,1.84,streamflow,9291000,ft3/s,['A'],0
2012-11-22,1.8383334,streamflow,9291000,ft3/s,['A'],0
2012-11-23,1.84,streamflow,9291000,ft3/s,['A'],0
2012-11-24,1.84,streamflow,9291000,ft3/s,['A'],0
2012-11-25,1.84,streamflow,9291000,ft3/s,['A'],0
2012-11-26,1.8283334,streamflow,9291000,ft3/s,['A'],0
2012-11-27,1.755,streamflow,9291000,ft3/s,['A'],0
2012-11-28,1.72,streamflow,9291000,ft3/s,['A'],0
2012-11-29,1.68,streamflow,9291000,ft3/s,['A'],0
2012-11-30,1.68,streamflow,9291000,ft3/s,['A'],0
2012-12-01,1.68,streamflow,9291000,ft3/s,['A'],0
2012-12-02,1.68,streamflow,9291000,ft3/s,['A'],0
2012-12-03,1.6899999,streamflow,9291000,ft3/s,['A'],0
2012-12-04,1.68,streamflow,9291000,ft3/s,['A'],0
2012-12-05,1.68,streamflow,9291000,ft3/s,['A'],0
2012-12-06,1.68,streamflow,9291000,ft3/s,['A'],0
2012-12-07,1.6766666,streamflow,9291000,ft3/s,['A'],0
2012-12-08,1.6733333,streamflow,9291000,ft3/s,['A'],0
2012-12-09,1.62,streamflow,9291000,ft3/s,['A'],0
2012-12-10,1.7216667,streamflow,9291000,ft3/s,['A'],0
2012-12-11,1.68,streamflow,9291000,ft3/s,['A'],0
2012-12-12,1.68,streamflow,9291000,ft3/s,['A'],0
2012-12-13,1.68,streamflow,9291000,ft3/s,['A'],0
2012-12-14,1.6483333,streamflow,9291000,ft3/s,['A'],0
2012-12-15,1.5466666,streamflow,9291000,ft3/s,['A'],0
2012-12-16,1.52,streamflow,9291000,ft3/s,['A'],0
2012-12-17,1.5383333,streamflow,9291000,ft3/s,['A'],0
2012-12-18,1.5283333,streamflow,9291000,ft3/s,['A'],0
2012-12-19,1.5433333,streamflow,9291000,ft3/s,['A'],0
2012-12-20,1.7307143,streamflow,9291000,ft3/s,['A'],0
2012-12-21,,streamflow,9291000,ft3/s,['A'],0
2012-12-22,1.7435294,streamflow,9291000,ft3/s,['A'],0
2012-12-23,1.5866666,streamflow,9291000,ft3/s,['A'],0
2012-12-24,1.5216666,streamflow,9291000,ft3/s,['A'],0
2012-12-25,1.5816666,streamflow,9291000,ft3/s,['A'],0
2012-12-26,1.52,streamflow,9291000,ft3/s,['A'],0
2012-12-27,1.52,streamflow,9291000,ft3/s,['A'],0
2012-12-28,1.52,streamflow,9291000,ft3/s,['A'],0
2012-12-29,,streamflow,9291000,ft3/s,['A'],0
2012-12-30,1.7035294,streamflow,9291000,ft3/s,['A'],0
2012-12-31,1.68,streamflow,9291000,ft3/s,['A'],0
2013-01-01,,streamflow,9291000,ft3/s,['A'],0
2013-01-02,,streamflow,9291000,ft3/s,['A'],0
2013-01-03,,streamflow,9291000,ft3/s,['A'],0
2013-01-04,,streamflow,9291000,ft3/s,['A'],0
2013-01-05,1.6070588,streamflow,9291000,ft3/s,['A'],0
2013-01-06,1.52,streamflow,9291000,ft3/s,['A'],0
2013-01-07,1.3903126,streamflow,9291000,ft3/s,['A'],0
2013-01-08,1.361875,streamflow,9291000,ft3/s,['A'],0
2013-01-09,1.28875,streamflow,9291000,ft3/s,['A'],0
2013-01-10,1.2535417,streamflow,9291000,ft3/s,['A'],0
2013-01-11,1.2467709,streamflow,9291000,ft3/s,['A'],0
2013-01-12,1.24,streamflow,9291000,ft3/s,['A'],0
2013-01-13,,streamflow,9291000,ft3/s,['A'],0
2013-01-14,,streamflow,9291000,ft3/s,['A'],0
2013-01-15,,streamflow,9291000,ft3/s,['A'],0
2013-01-16,,streamflow,9291000,ft3/s,['A'],0
2013-01-17,1.2572058,streamflow,9291000,ft3/s,['A'],0
2013-01-18,1.2386458,streamflow,9291000,ft3/s,['A'],0
2013-01-19,1.11,streamflow,9291000,ft3/s,['A'],0
2013-01-20,1.11,streamflow,9291000,ft3/s,['A'],0
2013-01-21,1.11,streamflow,9291000,ft3/s,['A'],0
2013-01-22,1.11,streamflow,9291000,ft3/s,['A'],0
2013-01-23,1.10625,streamflow,9291000,ft3/s,['A'],0
2013-01-24,1.01875,streamflow,9291000,ft3/s,['A'],0
2013-01-25,0.99,streamflow,9291000,ft3/s,['A'],0
2013-01-26,0.99,streamflow,9291000,ft3/s,['A'],0
2013-01-27,0.99,streamflow,9291000,ft3/s,['A'],0
2013-01-28,0.9975,streamflow,9291000,ft3/s,['A'],0
2013-01-29,0.9942857,streamflow,9291000,ft3/s,['A'],0
2013-01-30,0.9970588,streamflow,9291000,ft3/s,['A'],0
2013-01-31,0.99,streamflow,9291000,ft3/s,['A'],0
2013-02-01,0.99,streamflow,9291000,ft3/s,['A'],0
2013-02-02,1.1052084,streamflow,9291000,ft3/s,['A'],0
2013-02-03,1.03125,streamflow,9291000,ft3/s,['A'],0
2013-02-04,1.11,streamflow,9291000,ft3/s,['A'],0
2013-02-05,1.11,streamflow,9291000,ft3/s,['A'],0
2013-02-06,1.11,streamflow,9291000,ft3/s,['A'],0
2013-02-07,1.05,streamflow,9291000,ft3/s,['A'],0
2013-02-08,1.1195588,streamflow,9291000,ft3/s,['A'],0
2013-02-09,1.1113542,streamflow,9291000,ft3/s,['A'],0
2013-02-10,1.1057143,streamflow,9291000,ft3/s,['A'],0
2013-02-11,,streamflow,9291000,ft3/s,['A'],0
2013-02-12,,streamflow,9291000,ft3/s,['A'],0
2013-02-13,1.11,streamflow,9291000,ft3/s,['A'],0
2013-02-14,1.1,streamflow,9291000,ft3/s,['A'],0
2013-02-15,1.11,streamflow,9291000,ft3/s,['A'],0
2013-02-16,1.065,streamflow,9291000,ft3/s,['A'],0
2013-02-17,1.1940625,streamflow,9291000,ft3/s,['A'],0
2013-02-18,1.2121428,streamflow,9291000,ft3/s,['A'],0
2013-02-19,1.2227942,streamflow,9291000,ft3/s,['A'],0
2013-02-20,1.1614584,streamflow,9291000,ft3/s,['A'],0
2013-02-21,1.1208334,streamflow,9291000,ft3/s,['A'],0
2013-02-22,1.1411458,streamflow,9291000,ft3/s,['A'],0
2013-02-23,1.1628125,streamflow,9291000,ft3/s,['A'],0
2013-02-24,1.11,streamflow,9291000,ft3/s,['A'],0
2013-02-25,,streamflow,9291000,ft3/s,['A'],0
2013-02-26,1.2572058,streamflow,9291000,ft3/s,['A'],0
2013-02-27,1.2585714,streamflow,9291000,ft3/s,['A'],0
2013-02-28,1.3108823,streamflow,9291000,ft3/s,['A'],0
2013-03-01,1.2454166,streamflow,9291000,ft3/s,['A'],0
2013-03-02,1.2833333,streamflow,9291000,ft3/s,['A'],0
2013-03-03,1.2657292,streamflow,9291000,ft3/s,['A'],0
2013-03-04,1.24,streamflow,9291000,ft3/s,['A'],0
2013-03-05,1.24,streamflow,9291000,ft3/s,['A'],0
2013-03-06,1.24,streamflow,9291000,ft3/s,['A'],0
2013-03-07,1.329375,streamflow,9291000,ft3/s,['A'],0
2013-03-08,1.37,streamflow,9291000,ft3/s,['A'],0
2013-03-09,1.37,streamflow,9291000,ft3/s,['A'],0
2013-03-10,1.3009375,streamflow,9291000,ft3/s,['A'],0
2013-03-11,1.3951042,streamflow,9291000,ft3/s,['A'],0
2013-03-12,1.48875,streamflow,9291000,ft3/s,['A'],0
2013-03-13,1.37,streamflow,9291000,ft3/s,['A'],0
2013-03-14,1.2711458,streamflow,9291000,ft3/s,['A'],0
2013-03-15,1.2576041,streamflow,9291000,ft3/s,['A'],0
2013-03-16,1.24,streamflow,9291000,ft3/s,['A'],0
2013-03-17,1.2454166,streamflow,9291000,ft3/s,['A'],0
2013-03-18,1.24,streamflow,9291000,ft3/s,['A'],0
2013-03-19,1.2440625,streamflow,9291000,ft3/s,['A'],0
2013-03-20,1.2657292,streamflow,9291000,ft3/s,['A'],0
2013-03-21,1.2508334,streamflow,9291000,ft3/s,['A'],0
2013-03-22,1.2901042,streamflow,9291000,ft3/s,['A'],0
2013-03-23,1.24,streamflow,9291000,ft3/s,['A'],0
2013-03-24,,streamflow,9291000,ft3/s,['A'],0
2013-03-25,,streamflow,9291000,ft3/s,['A'],0
2013-03-26,1.24,streamflow,9291000,ft3/s,['A'],0
2013-03-27,1.24,streamflow,9291000,ft3/s,['A'],0
2013-03-28,1.24,streamflow,9291000,ft3/s,['A'],0
2013-03-29,1.24,streamflow,9291000,ft3/s,['A'],0
2013-03-30,1.2088542,streamflow,9291000,ft3/s,['A'],0
2013-03-31,1.1330209,streamflow,9291000,ft3/s,['A'],0
2013-04-01,1.1638541,streamflow,9291000,ft3/s,['A'],0
2013-04-02,1.2036458,streamflow,9291000,ft3/s,['A'],0
2013-04-03,1.11,streamflow,9291000,ft3/s,['A'],0
2013-04-04,1.11,streamflow,9291000,ft3/s,['A'],0
2013-04-05,1.11,streamflow,9291000,ft3/s,['A'],0
2013-04-06,1.11,streamflow,9291000,ft3/s,['A'],0
2013-04-07,1.11,streamflow,9291000,ft3/s,['A'],0
2013-04-08,1.1167709,streamflow,9291000,ft3/s,['A'],0
2013-04-09,1.2879167,streamflow,9291000,ft3/s,['A'],0
2013-04-10,1.1397917,streamflow,9291000,ft3/s,['A'],0
2013-04-11,1.1465625,streamflow,9291000,ft3/s,['A'],0
2013-04-12,1.11,streamflow,9291000,ft3/s,['A'],0
2013-04-13,1.1167709,streamflow,9291000,ft3/s,['A'],0
2013-04-14,1.1425,streamflow,9291000,ft3/s,['A'],0
2013-04-15,1.1844792,streamflow,9291000,ft3/s,['A'],0
2013-04-16,1.1722916,streamflow,9291000,ft3/s,['A'],0
2013-04-17,1.1235417,streamflow,9291000,ft3/s,['A'],0
2013-04-18,1.09625,streamflow,9291000,ft3/s,['A'],0
2013-04-19,0.9925,streamflow,9291000,ft3/s,['A'],0
2013-04-20,0.99,streamflow,9291000,ft3/s,['A'],0
2013-04-21,0.99,streamflow,9291000,ft3/s,['A'],0
2013-04-22,0.99,streamflow,9291000,ft3/s,['A'],0
2013-04-23,0.98770833,streamflow,9291000,ft3/s,['A'],0
2013-04-24,0.99125004,streamflow,9291000,ft3/s,['A'],0
2013-04-25,0.9925,streamflow,9291000,ft3/s,['A'],0
2013-04-26,0.9510417,streamflow,9291000,ft3/s,['A'],0
2013-04-27,0.87583333,streamflow,9291000,ft3/s,['A'],0
2013-04-28,0.86125,streamflow,9291000,ft3/s,['A'],0
2013-04-29,0.858125,streamflow,9291000,ft3/s,['A'],0
2013-04-30,0.77374995,streamflow,9291000,ft3/s,['A'],0
2013-05-01,0.7501041,streamflow,9291000,ft3/s,['A'],0
2013-05-02,0.77197915,streamflow,9291000,ft3/s,['A'],0
2013-05-03,0.6473958,streamflow,9291000,ft3/s,['A'],0
2013-05-04,0.18,streamflow,9291000,ft3/s,['A'],0
2013-05-05,0.18,streamflow,9291000,ft3/s,['A'],0
2013-05-06,5.793125,streamflow,9291000,ft3/s,['A'],0
2013-05-07,58.701668,streamflow,9291000,ft3/s,['A'],0
2013-05-08,0.18,streamflow,9291000,ft3/s,['A'],0
2013-05-09,0.18,streamflow,9291000,ft3/s,['A'],0
2013-05-10,0.18,streamflow,9291000,ft3/s,['A'],0
2013-05-11,0.16229166,streamflow,9291000,ft3/s,['A'],0
2013-05-12,21.20125,streamflow,9291000,ft3/s,['A'],0
2013-05-13,165.125,streamflow,9291000,ft3/s,['A'],0
2013-05-14,342.27084,streamflow,9291000,ft3/s,['A'],0
2013-05-15,183.19792,streamflow,9291000,ft3/s,['A'],0
2013-05-16,150.75,streamflow,9291000,ft3/s,['A'],0
2013-05-17,191.39583,streamflow,9291000,ft3/s,['A'],0
2013-05-18,194.9375,streamflow,9291000,ft3/s,['A'],0
2013-05-19,206.91667,streamflow,9291000,ft3/s,['A'],0
2013-05-20,301.39584,streamflow,9291000,ft3/s,['A'],0
2013-05-21,325.2396,streamflow,9291000,ft3/s,['A'],0
2013-05-22,325.96875,streamflow,9291000,ft3/s,['A'],0
2013-05-23,274.6146,streamflow,9291000,ft3/s,['A'],0
2013-05-24,180.73958,streamflow,9291000,ft3/s,['A'],0
2013-05-25,161.96875,streamflow,9291000,ft3/s,['A'],0
2013-05-26,163.40625,streamflow,9291000,ft3/s,['A'],0
2013-05-27,160.85417,streamflow,9291000,ft3/s,['A'],0
2013-05-28,221.20833,streamflow,9291000,ft3/s,['A'],0
2013-05-29,283.8229,streamflow,9291000,ft3/s,['A'],0
2013-05-30,357.3229,streamflow,9291000,ft3/s,['A'],0
2013-05-31,412.3854,streamflow,9291000,ft3/s,['A'],0
2013-06-01,416.4375,streamflow,9291000,ft3/s,['A'],0
2013-06-02,414.65625,streamflow,9291000,ft3/s,['A'],0
2013-06-03,372.0729,streamflow,9291000,ft3/s,['A'],0
2013-06-04,356.6146,streamflow,9291000,ft3/s,['A'],0
2013-06-05,343.03125,streamflow,9291000,ft3/s,['A'],0
2013-06-06,337.83334,streamflow,9291000,ft3/s,['A'],0
2013-06-07,315.0729,streamflow,9291000,ft3/s,['A'],0
2013-06-08,308.4271,streamflow,9291000,ft3/s,['A'],0
2013-06-09,294.4479,streamflow,9291000,ft3/s,['A'],0
2013-06-10,267.14584,streamflow,9291000,ft3/s,['A'],0
2013-06-11,269.7158,streamflow,9291000,ft3/s,['A'],0
2013-06-12,298.89584,streamflow,9291000,ft3/s,['A'],0
2013-06-13,360.09375,streamflow,9291000,ft3/s,['A'],0
2013-06-14,381.4479,streamflow,9291000,ft3/s,['A'],0
2013-06-15,384.0521,streamflow,9291000,ft3/s,['A'],0
2013-06-16,408.70834,streamflow,9291000,ft3/s,['A'],0
2013-06-17,413.0521,streamflow,9291000,ft3/s,['A'],0
2013-06-18,416.33334,streamflow,9291000,ft3/s,['A'],0
2013-06-19,418.6354,streamflow,9291000,ft3/s,['A'],0
2013-06-20,425.5625,streamflow,9291000,ft3/s,['A'],0
2013-06-21,427.77084,streamflow,9291000,ft3/s,['A'],0
2013-06-22,411.5729,streamflow,9291000,ft3/s,['A'],0
2013-06-23,411.48422,streamflow,9291000,ft3/s,['A'],0
2013-06-24,366.3125,streamflow,9291000,ft3/s,['A'],0
2013-06-25,355.79166,streamflow,9291000,ft3/s,['A'],0
2013-06-26,353.75,streamflow,9291000,ft3/s,['A'],0
2013-06-27,350.16666,streamflow,9291000,ft3/s,['A'],0
2013-06-28,349.39584,streamflow,9291000,ft3/s,['A'],0
2013-06-29,352.27084,streamflow,9291000,ft3/s,['A'],0
2013-06-30,355.39584,streamflow,9291000,ft3/s,['A'],0
2013-07-01,357.22916,streamflow,9291000,ft3/s,['A'],0
2013-07-02,362.3646,streamflow,9291000,ft3/s,['A'],0
2013-07-03,365.95834,streamflow,9291000,ft3/s,['A'],0
2013-07-04,367.1354,streamflow,9291000,ft3/s,['A'],0
2013-07-05,369.4896,streamflow,9291000,ft3/s,['A'],0
2013-07-06,373.1875,streamflow,9291000,ft3/s,['A'],0
2013-07-07,377.9896,streamflow,9291000,ft3/s,['A'],0
2013-07-08,345.15625,streamflow,9291000,ft3/s,['A'],0
2013-07-09,337.3021,streamflow,9291000,ft3/s,['A'],0
2013-07-10,342.6771,streamflow,9291000,ft3/s,['A'],0
2013-07-11,339.58334,streamflow,9291000,ft3/s,['A'],0
2013-07-12,346.125,streamflow,9291000,ft3/s,['A'],0
2013-07-13,336.08334,streamflow,9291000,ft3/s,['A'],0
2013-07-14,309.9479,streamflow,9291000,ft3/s,['A'],0
2013-07-15,308.2604,streamflow,9291000,ft3/s,['A'],0
2013-07-16,315.34375,streamflow,9291000,ft3/s,['A'],0
2013-07-17,326.58334,streamflow,9291000,ft3/s,['A'],0
2013-07-18,313.53125,streamflow,9291000,ft3/s,['A'],0
2013-07-19,300.77084,streamflow,9291000,ft3/s,['A'],0
2013-07-20,331.22916,streamflow,9291000,ft3/s,['A'],0
2013-07-21,337.22916,streamflow,9291000,ft3/s,['A'],0
2013-07-22,323.375,streamflow,9291000,ft3/s,['A'],0
2013-07-23,261.3854,streamflow,9291000,ft3/s,['A'],0
2013-07-24,255.35417,streamflow,9291000,ft3/s,['A'],0
2013-07-25,258.7604,streamflow,9291000,ft3/s,['A'],0
2013-07-26,252.89583,streamflow,9291000,ft3/s,['A'],0
2013-07-27,256.4375,streamflow,9291000,ft3/s,['A'],0
2013-07-28,256.33334,streamflow,9291000,ft3/s,['A'],0
2013-07-29,127.197914,streamflow,9291000,ft3/s,['A'],0
2013-07-30,105.925,streamflow,9291000,ft3/s,['A'],0
2013-07-31,98.12292,streamflow,9291000,ft3/s,['A'],0
2013-08-01,108.34062,streamflow,9291000,ft3/s,['A'],0
2013-08-02,95.24688,streamflow,9291000,ft3/s,['A'],0
2013-08-03,88.99688,streamflow,9291000,ft3/s,['A'],0
2013-08-04,98.85104,streamflow,9291000,ft3/s,['A'],0
2013-08-05,85.28438,streamflow,9291000,ft3/s,['A'],0
2013-08-06,76.379166,streamflow,9291000,ft3/s,['A'],0
2013-08-07,76.4,streamflow,9291000,ft3/s,['A'],0
2013-08-08,76.4,streamflow,9291000,ft3/s,['A'],0
2013-08-09,76.4,streamflow,9291000,ft3/s,['A'],0
2013-08-10,76.35834,streamflow,9291000,ft3/s,['A'],0
2013-08-11,76.35834,streamflow,9291000,ft3/s,['A'],0
2013-08-12,76.2125,streamflow,9291000,ft3/s,['A'],0
2013-08-13,76.316666,streamflow,9291000,ft3/s,['A'],0
2013-08-14,78.825005,streamflow,9291000,ft3/s,['A'],0
2013-08-15,80.671875,streamflow,9291000,ft3/s,['A'],0
2013-08-16,84.49062,streamflow,9291000,ft3/s,['A'],0
2013-08-17,84.99062,streamflow,9291000,ft3/s,['A'],0
2013-08-18,84.4875,streamflow,9291000,ft3/s,['A'],0
2013-08-19,104.31875,streamflow,9291000,ft3/s,['A'],0
2013-08-20,95.17708,streamflow,9291000,ft3/s,['A'],0
2013-08-21,95.08541,streamflow,9291000,ft3/s,['A'],0
2013-08-22,94.76458,streamflow,9291000,ft3/s,['A'],0
2013-08-23,125.43125,streamflow,9291000,ft3/s,['A'],0
2013-08-24,104.625,streamflow,9291000,ft3/s,['A'],0
2013-08-25,104.0625,streamflow,9291000,ft3/s,['A'],0
2013-08-26,76.82396,streamflow,9291000,ft3/s,['A'],0
2013-08-27,136.52083,streamflow,9291000,ft3/s,['A'],0
2013-08-28,114.197914,streamflow,9291000,ft3/s,['A'],0
2013-08-29,108.895836,streamflow,9291000,ft3/s,['A'],0
2013-08-30,97.06458,streamflow,9291000,ft3/s,['A'],0
2013-08-31,80.7375,streamflow,9291000,ft3/s,['A'],0
2013-09-01,79.325005,streamflow,9291000,ft3/s,['A'],0
2013-09-02,70.71875,streamflow,9291000,ft3/s,['A'],0
2013-09-03,48.081146,streamflow,9291000,ft3/s,['A'],0
2013-09-04,1.6261458,streamflow,9291000,ft3/s,['A'],0
2013-09-05,5.6342707,streamflow,9291000,ft3/s,['A'],0
2013-09-06,5.7109375,streamflow,9291000,ft3/s,['A'],0
2013-09-07,5.7035413,streamflow,9291000,ft3/s,['A'],0
2013-09-08,5.7592707,streamflow,9291000,ft3/s,['A'],0
2013-09-09,5.763125,streamflow,9291000,ft3/s,['A'],0
2013-09-10,5.901875,streamflow,9291000,ft3/s,['A'],0
2013-09-11,6.0704165,streamflow,9291000,ft3/s,['A'],0
2013-09-12,6.2730207,streamflow,9291000,ft3/s,['A'],0
2013-09-13,6.358021,streamflow,9291000,ft3/s,['A'],0
2013-09-14,6.515,streamflow,9291000,ft3/s,['A'],0
2013-09-15,6.6572914,streamflow,9291000,ft3/s,['A'],0
2013-09-16,6.515,streamflow,9291000,ft3/s,['A'],0
2013-09-17,6.6191664,streamflow,9291000,ft3/s,['A'],0
2013-09-18,37.892082,streamflow,9291000,ft3/s,['A'],0
2013-09-19,109.3125,streamflow,9291000,ft3/s,['A'],0
2013-09-20,110.5625,streamflow,9291000,ft3/s,['A'],0
2013-09-21,91.66563,streamflow,9291000,ft3/s,['A'],0
2013-09-22,8.235312,streamflow,9291000,ft3/s,['A'],0
2013-09-23,8.041667,streamflow,9291000,ft3/s,['A'],0
2013-09-24,7.146042,streamflow,9291000,ft3/s,['A'],0
2013-09-25,5.383125,streamflow,9291000,ft3/s,['A'],0
2013-09-26,5.3581247,streamflow,9291000,ft3/s,['A'],0
2013-09-27,5.280521,streamflow,9291000,ft3/s,['A'],0
2013-09-28,5.074792,streamflow,9291000,ft3/s,['A'],0
2013-09-29,5.1420836,streamflow,9291000,ft3/s,['A'],0
2013-09-30,5.4642706,streamflow,9291000,ft3/s,['A'],0
2013-10-01,5.227083,streamflow,9291000,ft3/s,['A'],0
2013-10-02,5.05,streamflow,9291000,ft3/s,['A'],0
2013-10-03,5.04,streamflow,9291000,ft3/s,['A'],0
2013-10-04,5.4157295,streamflow,9291000,ft3/s,['A'],0
2013-10-05,5.8864584,streamflow,9291000,ft3/s,['A'],0
2013-10-06,5.74,streamflow,9291000,ft3/s,['A'],0
2013-10-07,5.74,streamflow,9291000,ft3/s,['A'],0
2013-10-08,5.7554164,streamflow,9291000,ft3/s,['A'],0
2013-10-09,5.6353126,streamflow,9291000,ft3/s,['A'],0
2013-10-10,5.7367706,streamflow,9291000,ft3/s,['A'],0
2013-10-11,5.74,streamflow,9291000,ft3/s,['A'],0
2013-10-12,5.74,streamflow,9291000,ft3/s,['A'],0
2013-10-13,5.451979,streamflow,9291000,ft3/s,['A'],0
2013-10-14,5.770833,streamflow,9291000,ft3/s,['A'],0
2013-10-15,5.851771,streamflow,9291000,ft3/s,['A'],0
2013-10-16,6.0637503,streamflow,9291000,ft3/s,['A'],0
2013-10-17,5.743854,streamflow,9291000,ft3/s,['A'],0
2013-10-18,5.6248956,streamflow,9291000,ft3/s,['A'],0
2013-10-19,5.05,streamflow,9291000,ft3/s,['A'],0
2013-10-20,5.0133333,streamflow,9291000,ft3/s,['A'],0
2013-10-21,4.73,streamflow,9291000,ft3/s,['A'],0
2013-10-22,4.73,streamflow,9291000,ft3/s,['A'],0
2013-10-23,4.73,streamflow,9291000,ft3/s,['A'],0
2013-10-24,4.73,streamflow,9291000,ft3/s,['A'],0
2013-10-25,4.73,streamflow,9291000,ft3/s,['A'],0
2013-10-26,4.73,streamflow,9291000,ft3/s,['A'],0
2013-10-27,4.73,streamflow,9291000,ft3/s,['A'],0
2013-10-28,4.9433336,streamflow,9291000,ft3/s,['A'],0
2013-10-29,5.05,streamflow,9291000,ft3/s,['A'],0
2013-10-30,5.05,streamflow,9291000,ft3/s,['A'],0
2013-10-31,5.05,streamflow,9291000,ft3/s,['A'],0
2013-11-01,5.05,streamflow,9291000,ft3/s,['A'],0
2013-11-02,5.05,streamflow,9291000,ft3/s,['A'],0
2013-11-03,5.05,streamflow,9291000,ft3/s,['A'],0
2013-11-04,5.064167,streamflow,9291000,ft3/s,['A'],0
2013-11-05,5.064167,streamflow,9291000,ft3/s,['A'],0
2013-11-06,5.2022915,streamflow,9291000,ft3/s,['A'],0
2013-11-07,5.2164583,streamflow,9291000,ft3/s,['A'],0
2013-11-08,5.07125,streamflow,9291000,ft3/s,['A'],0
2013-11-09,5.05,streamflow,9291000,ft3/s,['A'],0
2013-11-10,5.05,streamflow,9291000,ft3/s,['A'],0
2013-11-11,5.05,streamflow,9291000,ft3/s,['A'],0
2013-11-12,5.05,streamflow,9291000,ft3/s,['A'],0
2013-11-13,5.05,streamflow,9291000,ft3/s,['A'],0
2013-11-14,5.05,streamflow,9291000,ft3/s,['A'],0
2013-11-15,5.11375,streamflow,9291000,ft3/s,['A'],0
2013-11-16,5.05,streamflow,9291000,ft3/s,['A'],0
2013-11-17,5.05,streamflow,9291000,ft3/s,['A'],0
2013-11-18,5.05,streamflow,9291000,ft3/s,['A'],0
2013-11-19,5.0433335,streamflow,9291000,ft3/s,['A'],0
2013-11-20,4.9300003,streamflow,9291000,ft3/s,['A'],0
2013-11-21,5.0266666,streamflow,9291000,ft3/s,['A'],0
2013-11-22,5.04,streamflow,9291000,ft3/s,['A'],0
2013-11-23,5.04,streamflow,9291000,ft3/s,['A'],0
2013-11-24,5.05,streamflow,9291000,ft3/s,['A'],0
2013-11-25,5.04,streamflow,9291000,ft3/s,['A'],0
2013-11-26,5.0466666,streamflow,9291000,ft3/s,['A'],0
2013-11-27,5.05,streamflow,9291000,ft3/s,['A'],0
2013-11-28,5.03,streamflow,9291000,ft3/s,['A'],0
2013-11-29,4.9833336,streamflow,9291000,ft3/s,['A'],0
2013-11-30,5.036667,streamflow,9291000,ft3/s,['A'],0
2013-12-01,5.05,streamflow,9291000,ft3/s,['A'],0
2013-12-02,4.96,streamflow,9291000,ft3/s,['A'],0
2013-12-03,4.9300003,streamflow,9291000,ft3/s,['A'],0
2013-12-04,4.73,streamflow,9291000,ft3/s,['A'],0
2013-12-05,4.73,streamflow,9291000,ft3/s,['A'],0
2013-12-06,4.73,streamflow,9291000,ft3/s,['A'],0
2013-12-07,4.73,streamflow,9291000,ft3/s,['A'],0
2013-12-08,4.9833336,streamflow,9291000,ft3/s,['A'],0
2013-12-09,5.05,streamflow,9291000,ft3/s,['A'],0
2013-12-10,4.7366667,streamflow,9291000,ft3/s,['A'],0
2013-12-11,4.73,streamflow,9291000,ft3/s,['A'],0
2013-12-12,4.73,streamflow,9291000,ft3/s,['A'],0
2013-12-13,4.73,streamflow,9291000,ft3/s,['A'],0
2013-12-14,4.73,streamflow,9291000,ft3/s,['A'],0
2013-12-15,4.73,streamflow,9291000,ft3/s,['A'],0
2013-12-16,4.73,streamflow,9291000,ft3/s,['A'],0
2013-12-17,4.6880207,streamflow,9291000,ft3/s,['A'],0
2013-12-18,4.6916666,streamflow,9291000,ft3/s,['A'],0
2013-12-19,4.9266667,streamflow,9291000,ft3/s,['A'],0
2013-12-20,4.8233333,streamflow,9291000,ft3/s,['A'],0
2013-12-21,4.746667,streamflow,9291000,ft3/s,['A'],0
2013-12-22,4.7366667,streamflow,9291000,ft3/s,['A'],0
2013-12-23,4.73,streamflow,9291000,ft3/s,['A'],0
2013-12-24,4.5104165,streamflow,9291000,ft3/s,['A'],0
2013-12-25,4.42,streamflow,9291000,ft3/s,['A'],0
2013-12-26,4.42,streamflow,9291000,ft3/s,['A'],0
2013-12-27,4.42,streamflow,9291000,ft3/s,['A'],0
2013-12-28,4.42,streamflow,9291000,ft3/s,['A'],0
2013-12-29,4.53625,streamflow,9291000,ft3/s,['A'],0
2013-12-30,4.73,streamflow,9291000,ft3/s,['A'],0
2013-12-31,4.73,streamflow,9291000,ft3/s,['A'],0
2014-01-01,4.73,streamflow,9291000,ft3/s,['A'],0
2014-01-02,4.73,streamflow,9291000,ft3/s,['A'],0
2014-01-03,4.73,streamflow,9291000,ft3/s,['A'],0
2014-01-04,4.73,streamflow,9291000,ft3/s,['A'],0
2014-01-05,4.73,streamflow,9291000,ft3/s,['A'],0
2014-01-06,4.73,streamflow,9291000,ft3/s,['A'],0
2014-01-07,4.594375,streamflow,9291000,ft3/s,['A'],0
2014-01-08,4.42,streamflow,9291000,ft3/s,['A'],0
2014-01-09,4.6266665,streamflow,9291000,ft3/s,['A'],0
2014-01-10,4.73,streamflow,9291000,ft3/s,['A'],0
2014-01-11,4.73,streamflow,9291000,ft3/s,['A'],0
2014-01-12,4.73,streamflow,9291000,ft3/s,['A'],0
2014-01-13,4.73,streamflow,9291000,ft3/s,['A'],0
2014-01-14,4.73,streamflow,9291000,ft3/s,['A'],0
2014-01-15,4.786667,streamflow,9291000,ft3/s,['A'],0
2014-01-16,4.73,streamflow,9291000,ft3/s,['A'],0
2014-01-17,4.806667,streamflow,9291000,ft3/s,['A'],0
2014-01-18,4.83,streamflow,9291000,ft3/s,['A'],0
2014-01-19,5.07125,streamflow,9291000,ft3/s,['A'],0
2014-01-20,5.05,streamflow,9291000,ft3/s,['A'],0
2014-01-21,4.9500003,streamflow,9291000,ft3/s,['A'],0
2014-01-22,4.7333336,streamflow,9291000,ft3/s,['A'],0
2014-01-23,4.73,streamflow,9291000,ft3/s,['A'],0
2014-01-24,4.7333336,streamflow,9291000,ft3/s,['A'],0
2014-01-25,4.73,streamflow,9291000,ft3/s,['A'],0
2014-01-26,4.73,streamflow,9291000,ft3/s,['A'],0
2014-01-27,4.96,streamflow,9291000,ft3/s,['A'],0
2014-01-28,5.05,streamflow,9291000,ft3/s,['A'],0
2014-01-29,5.05,streamflow,9291000,ft3/s,['A'],0
2014-01-30,5.05,streamflow,9291000,ft3/s,['A'],0
2014-01-31,5.0333333,streamflow,9291000,ft3/s,['A'],0
2014-02-01,4.8933334,streamflow,9291000,ft3/s,['A'],0
2014-02-02,4.8566666,streamflow,9291000,ft3/s,['A'],0
2014-02-03,5.0033336,streamflow,9291000,ft3/s,['A'],0
2014-02-04,5.0333333,streamflow,9291000,ft3/s,['A'],0
2014-02-05,5.05,streamflow,9291000,ft3/s,['A'],0
2014-02-06,5.05,streamflow,9291000,ft3/s,['A'],0
2014-02-07,5.0133333,streamflow,9291000,ft3/s,['A'],0
2014-02-08,4.9433336,streamflow,9291000,ft3/s,['A'],0
2014-02-09,4.73,streamflow,9291000,ft3/s,['A'],0
2014-02-10,4.7966666,streamflow,9291000,ft3/s,['A'],0
2014-02-11,4.73,streamflow,9291000,ft3/s,['A'],0
2014-02-12,4.73,streamflow,9291000,ft3/s,['A'],0
2014-02-13,5.02,streamflow,9291000,ft3/s,['A'],0
2014-02-14,5.05,streamflow,9291000,ft3/s,['A'],0
2014-02-15,5.05,streamflow,9291000,ft3/s,['A'],0
2014-02-16,5.05,streamflow,9291000,ft3/s,['A'],0
2014-02-17,5.03,streamflow,9291000,ft3/s,['A'],0
2014-02-18,4.891667,streamflow,9291000,ft3/s,['A'],0
2014-02-19,4.675104,streamflow,9291000,ft3/s,['A'],0
2014-02-20,4.5168753,streamflow,9291000,ft3/s,['A'],0
2014-02-21,4.8003125,streamflow,9291000,ft3/s,['A'],0
2014-02-22,4.8933334,streamflow,9291000,ft3/s,['A'],0
2014-02-23,4.766667,streamflow,9291000,ft3/s,['A'],0
2014-02-24,4.786667,streamflow,9291000,ft3/s,['A'],0
2014-02-25,4.73,streamflow,9291000,ft3/s,['A'],0
2014-02-26,4.726771,streamflow,9291000,ft3/s,['A'],0
2014-02-27,4.73,streamflow,9291000,ft3/s,['A'],0
2014-02-28,4.73,streamflow,9291000,ft3/s,['A'],0
2014-03-01,4.7566667,streamflow,9291000,ft3/s,['A'],0
2014-03-02,4.73,streamflow,9291000,ft3/s,['A'],0
2014-03-03,4.73,streamflow,9291000,ft3/s,['A'],0
2014-03-04,4.73,streamflow,9291000,ft3/s,['A'],0
2014-03-05,4.73,streamflow,9291000,ft3/s,['A'],0
2014-03-06,4.73,streamflow,9291000,ft3/s,['A'],0
2014-03-07,4.73,streamflow,9291000,ft3/s,['A'],0
2014-03-08,4.7138543,streamflow,9291000,ft3/s,['A'],0
2014-03-09,4.668646,streamflow,9291000,ft3/s,['A'],0
2014-03-10,4.5653124,streamflow,9291000,ft3/s,['A'],0
2014-03-11,4.5104165,streamflow,9291000,ft3/s,['A'],0
2014-03-12,4.503958,streamflow,9291000,ft3/s,['A'],0
2014-03-13,4.587917,streamflow,9291000,ft3/s,['A'],0
2014-03-14,4.5491667,streamflow,9291000,ft3/s,['A'],0
2014-03-15,4.5201044,streamflow,9291000,ft3/s,['A'],0
2014-03-16,4.7138543,streamflow,9291000,ft3/s,['A'],0
2014-03-17,4.704167,streamflow,9291000,ft3/s,['A'],0
2014-03-18,4.73,streamflow,9291000,ft3/s,['A'],0
2014-03-19,4.73,streamflow,9291000,ft3/s,['A'],0
2014-03-20,4.73,streamflow,9291000,ft3/s,['A'],0
2014-03-21,4.73,streamflow,9291000,ft3/s,['A'],0
2014-03-22,4.73,streamflow,9291000,ft3/s,['A'],0
2014-03-23,4.73,streamflow,9291000,ft3/s,['A'],0
2014-03-24,4.73,streamflow,9291000,ft3/s,['A'],0
2014-03-25,4.73,streamflow,9291000,ft3/s,['A'],0
2014-03-26,4.73,streamflow,9291000,ft3/s,['A'],0
2014-03-27,4.7366667,streamflow,9291000,ft3/s,['A'],0
2014-03-28,4.73,streamflow,9291000,ft3/s,['A'],0
2014-03-29,4.7400002,streamflow,9291000,ft3/s,['A'],0
2014-03-30,4.7366667,streamflow,9291000,ft3/s,['A'],0
2014-03-31,4.73,streamflow,9291000,ft3/s,['A'],0
2014-04-01,4.73,streamflow,9291000,ft3/s,['A'],0
2014-04-02,4.73,streamflow,9291000,ft3/s,['A'],0
2014-04-03,4.7203126,streamflow,9291000,ft3/s,['A'],0
2014-04-04,4.73,streamflow,9291000,ft3/s,['A'],0
2014-04-05,4.73,streamflow,9291000,ft3/s,['A'],0
2014-04-06,4.7009377,streamflow,9291000,ft3/s,['A'],0
2014-04-07,4.6298957,streamflow,9291000,ft3/s,['A'],0
2014-04-08,4.591146,streamflow,9291000,ft3/s,['A'],0
2014-04-09,4.494271,streamflow,9291000,ft3/s,['A'],0
2014-04-10,4.4264584,streamflow,9291000,ft3/s,['A'],0
2014-04-11,4.4329166,streamflow,9291000,ft3/s,['A'],0
2014-04-12,4.503958,streamflow,9291000,ft3/s,['A'],0
2014-04-13,4.7433333,streamflow,9291000,ft3/s,['A'],0
2014-04-14,4.73,streamflow,9291000,ft3/s,['A'],0
2014-04-15,6.361875,streamflow,9291000,ft3/s,['A'],0
2014-04-16,5.4902086,streamflow,9291000,ft3/s,['A'],0
2014-04-17,5.0,streamflow,9291000,ft3/s,['A'],0
2014-04-18,91.96135,streamflow,9291000,ft3/s,['A'],0
2014-04-19,95.08541,streamflow,9291000,ft3/s,['A'],0
2014-04-20,94.604164,streamflow,9291000,ft3/s,['A'],0
2014-04-21,94.604164,streamflow,9291000,ft3/s,['A'],0
2014-04-22,94.5125,streamflow,9291000,ft3/s,['A'],0
2014-04-23,94.28333,streamflow,9291000,ft3/s,['A'],0
2014-04-24,94.42083,streamflow,9291000,ft3/s,['A'],0
2014-04-25,94.00833,streamflow,9291000,ft3/s,['A'],0
2014-04-26,94.1,streamflow,9291000,ft3/s,['A'],0
2014-04-27,93.893745,streamflow,9291000,ft3/s,['A'],0
2014-04-28,93.71042,streamflow,9291000,ft3/s,['A'],0
2014-04-29,93.64166,streamflow,9291000,ft3/s,['A'],0
2014-04-30,114.7375,streamflow,9291000,ft3/s,['A'],0
2014-05-01,204.21875,streamflow,9291000,ft3/s,['A'],0
2014-05-02,202.92708,streamflow,9291000,ft3/s,['A'],0
2014-05-03,201.47917,streamflow,9291000,ft3/s,['A'],0
2014-05-04,222.73958,streamflow,9291000,ft3/s,['A'],0
2014-05-05,293.33334,streamflow,9291000,ft3/s,['A'],0
2014-05-06,280.9271,streamflow,9291000,ft3/s,['A'],0
2014-05-07,271.15625,streamflow,9291000,ft3/s,['A'],0
2014-05-08,284.9479,streamflow,9291000,ft3/s,['A'],0
2014-05-09,296.1771,streamflow,9291000,ft3/s,['A'],0
2014-05-10,322.29166,streamflow,9291000,ft3/s,['A'],0
2014-05-11,320.0625,streamflow,9291000,ft3/s,['A'],0
2014-05-12,318.59375,streamflow,9291000,ft3/s,['A'],0
2014-05-13,318.1979,streamflow,9291000,ft3/s,['A'],0
2014-05-14,315.5729,streamflow,9291000,ft3/s,['A'],0
2014-05-15,314.2604,streamflow,9291000,ft3/s,['A'],0
2014-05-16,312.54166,streamflow,9291000,ft3/s,['A'],0
2014-05-17,310.8854,streamflow,9291000,ft3/s,['A'],0
2014-05-18,272.02084,streamflow,9291000,ft3/s,['A'],0
2014-05-19,234.90625,streamflow,9291000,ft3/s,['A'],0
2014-05-20,239.42708,streamflow,9291000,ft3/s,['A'],0
2014-05-21,255.21875,streamflow,9291000,ft3/s,['A'],0
2014-05-22,279.58334,streamflow,9291000,ft3/s,['A'],0
2014-05-23,294.84375,streamflow,9291000,ft3/s,['A'],0
2014-05-24,296.3021,streamflow,9291000,ft3/s,['A'],0
2014-05-25,297.96875,streamflow,9291000,ft3/s,['A'],0
2014-05-26,280.9479,streamflow,9291000,ft3/s,['A'],0
2014-05-27,142.88542,streamflow,9291000,ft3/s,['A'],0
2014-05-28,160.125,streamflow,9291000,ft3/s,['A'],0
2014-05-29,232.23958,streamflow,9291000,ft3/s,['A'],0
2014-05-30,235.23958,streamflow,9291000,ft3/s,['A'],0
2014-05-31,244.64583,streamflow,9291000,ft3/s,['A'],0
2014-06-01,270.35416,streamflow,9291000,ft3/s,['A'],0
2014-06-02,340.97916,streamflow,9291000,ft3/s,['A'],0
2014-06-03,369.0104,streamflow,9291000,ft3/s,['A'],0
2014-06-04,376.04166,streamflow,9291000,ft3/s,['A'],0
2014-06-05,383.20834,streamflow,9291000,ft3/s,['A'],0
2014-06-06,382.39584,streamflow,9291000,ft3/s,['A'],0
2014-06-07,347.6979,streamflow,9291000,ft3/s,['A'],0
2014-06-08,362.77084,streamflow,9291000,ft3/s,['A'],0
2014-06-09,381.64584,streamflow,9291000,ft3/s,['A'],0
2014-06-10,386.52084,streamflow,9291000,ft3/s,['A'],0
2014-06-11,386.21875,streamflow,9291000,ft3/s,['A'],0
2014-06-12,386.5729,streamflow,9291000,ft3/s,['A'],0
2014-06-13,387.65625,streamflow,9291000,ft3/s,['A'],0
2014-06-14,399.125,streamflow,9291000,ft3/s,['A'],0
2014-06-15,411.8229,streamflow,9291000,ft3/s,['A'],0
2014-06-16,418.27084,streamflow,9291000,ft3/s,['A'],0
2014-06-17,419.22916,streamflow,9291000,ft3/s,['A'],0
2014-06-18,425.02084,streamflow,9291000,ft3/s,['A'],0
2014-06-19,433.1146,streamflow,9291000,ft3/s,['A'],0
2014-06-20,429.40625,streamflow,9291000,ft3/s,['A'],0
2014-06-21,472.8125,streamflow,9291000,ft3/s,['A'],0
2014-06-22,490.7396,streamflow,9291000,ft3/s,['A'],0
2014-06-23,451.8854,streamflow,9291000,ft3/s,['A'],0
2014-06-24,437.78125,streamflow,9291000,ft3/s,['A'],0
2014-06-25,436.97916,streamflow,9291000,ft3/s,['A'],0
2014-06-26,433.95834,streamflow,9291000,ft3/s,['A'],0
2014-06-27,432.14584,streamflow,9291000,ft3/s,['A'],0
2014-06-28,429.46875,streamflow,9291000,ft3/s,['A'],0
2014-06-29,380.6146,streamflow,9291000,ft3/s,['A'],0
2014-06-30,378.8646,streamflow,9291000,ft3/s,['A'],0
2014-07-01,374.8229,streamflow,9291000,ft3/s,['A'],0
2014-07-02,385.4896,streamflow,9291000,ft3/s,['A'],0
2014-07-03,386.1146,streamflow,9291000,ft3/s,['A'],0
2014-07-04,404.875,streamflow,9291000,ft3/s,['A'],0
2014-07-05,405.84375,streamflow,9291000,ft3/s,['A'],0
2014-07-06,402.54166,streamflow,9291000,ft3/s,['A'],0
2014-07-07,378.2396,streamflow,9291000,ft3/s,['A'],0
2014-07-08,375.90625,streamflow,9291000,ft3/s,['A'],0
2014-07-09,382.5729,streamflow,9291000,ft3/s,['A'],0
2014-07-10,382.25,streamflow,9291000,ft3/s,['A'],0
2014-07-11,379.25,streamflow,9291000,ft3/s,['A'],0
2014-07-12,378.9896,streamflow,9291000,ft3/s,['A'],0
2014-07-13,370.7604,streamflow,9291000,ft3/s,['A'],0
2014-07-14,343.1146,streamflow,9291000,ft3/s,['A'],0
2014-07-15,333.5104,streamflow,9291000,ft3/s,['A'],0
2014-07-16,330.0,streamflow,9291000,ft3/s,['A'],0
2014-07-17,343.27084,streamflow,9291000,ft3/s,['A'],0
2014-07-18,359.39584,streamflow,9291000,ft3/s,['A'],0
2014-07-19,358.25,streamflow,9291000,ft3/s,['A'],0
2014-07-20,361.41666,streamflow,9291000,ft3/s,['A'],0
2014-07-21,329.3021,streamflow,9291000,ft3/s,['A'],0
2014-07-22,316.64584,streamflow,9291000,ft3/s,['A'],0
2014-07-23,321.8021,streamflow,9291000,ft3/s,['A'],0
2014-07-24,286.9271,streamflow,9291000,ft3/s,['A'],0
2014-07-25,269.8854,streamflow,9291000,ft3/s,['A'],0
2014-07-26,272.96875,streamflow,9291000,ft3/s,['A'],0
2014-07-27,271.8854,streamflow,9291000,ft3/s,['A'],0
2014-07-28,141.20833,streamflow,9291000,ft3/s,['A'],0
2014-07-29,140.46875,streamflow,9291000,ft3/s,['A'],0
2014-07-30,135.04167,streamflow,9291000,ft3/s,['A'],0
2014-07-31,86.77187,streamflow,9291000,ft3/s,['A'],0
2014-08-01,95.07917,streamflow,9291000,ft3/s,['A'],0
2014-08-02,95.4625,streamflow,9291000,ft3/s,['A'],0
2014-08-03,99.40833,streamflow,9291000,ft3/s,['A'],0
2014-08-04,102.052086,streamflow,9291000,ft3/s,['A'],0
2014-08-05,101.995834,streamflow,9291000,ft3/s,['A'],0
2014-08-06,96.50625,streamflow,9291000,ft3/s,['A'],0
2014-08-07,67.01979,streamflow,9291000,ft3/s,['A'],0
2014-08-08,82.42084,streamflow,9291000,ft3/s,['A'],0
2014-08-09,77.94063,streamflow,9291000,ft3/s,['A'],0
2014-08-10,76.4,streamflow,9291000,ft3/s,['A'],0
2014-08-11,76.4,streamflow,9291000,ft3/s,['A'],0
2014-08-12,76.4,streamflow,9291000,ft3/s,['A'],0
2014-08-13,105.17292,streamflow,9291000,ft3/s,['A'],0
2014-08-14,114.5625,streamflow,9291000,ft3/s,['A'],0
2014-08-15,66.359375,streamflow,9291000,ft3/s,['A'],0
2014-08-16,55.903126,streamflow,9291000,ft3/s,['A'],0
2014-08-17,73.81458,streamflow,9291000,ft3/s,['A'],0
2014-08-18,85.67812,streamflow,9291000,ft3/s,['A'],0
2014-08-19,88.62292,streamflow,9291000,ft3/s,['A'],0
2014-08-20,88.6,streamflow,9291000,ft3/s,['A'],0
2014-08-21,88.7625,streamflow,9291000,ft3/s,['A'],0
2014-08-22,88.6,streamflow,9291000,ft3/s,['A'],0
2014-08-23,63.64427,streamflow,9291000,ft3/s,['A'],0
2014-08-24,7.3134375,streamflow,9291000,ft3/s,['A'],0
2014-08-25,7.331354,streamflow,9291000,ft3/s,['A'],0
2014-08-26,7.1684375,streamflow,9291000,ft3/s,['A'],0
2014-08-27,6.928437,streamflow,9291000,ft3/s,['A'],0
2014-08-28,9.084375,streamflow,9291000,ft3/s,['A'],0
2014-08-29,13.6,streamflow,9291000,ft3/s,['A'],0
2014-08-30,13.75625,streamflow,9291000,ft3/s,['A'],0
2014-08-31,14.2,streamflow,9291000,ft3/s,['A'],0
2014-09-01,14.2,streamflow,9291000,ft3/s,['A'],0
2014-09-02,14.2,streamflow,9291000,ft3/s,['A'],0
2014-09-03,14.2,streamflow,9291000,ft3/s,['A'],0
2014-09-04,31.662498,streamflow,9291000,ft3/s,['A'],0
2014-09-05,32.660416,streamflow,9291000,ft3/s,['A'],0
2014-09-06,32.5,streamflow,9291000,ft3/s,['A'],0
2014-09-07,71.395836,streamflow,9291000,ft3/s,['A'],0
2014-09-08,220.09375,streamflow,9291000,ft3/s,['A'],0
2014-09-09,221.42708,streamflow,9291000,ft3/s,['A'],0
2014-09-10,208.89583,streamflow,9291000,ft3/s,['A'],0
2014-09-11,188.73958,streamflow,9291000,ft3/s,['A'],0
2014-09-12,188.375,streamflow,9291000,ft3/s,['A'],0
2014-09-13,187.89583,streamflow,9291000,ft3/s,['A'],0
2014-09-14,185.04167,streamflow,9291000,ft3/s,['A'],0
2014-09-15,165.30208,streamflow,9291000,ft3/s,['A'],0
2014-09-16,159.53125,streamflow,9291000,ft3/s,['A'],0
2014-09-17,181.91667,streamflow,9291000,ft3/s,['A'],0
2014-09-18,186.60417,streamflow,9291000,ft3/s,['A'],0
2014-09-19,185.19792,streamflow,9291000,ft3/s,['A'],0
2014-09-20,177.375,streamflow,9291000,ft3/s,['A'],0
2014-09-21,180.05208,streamflow,9291000,ft3/s,['A'],0
2014-09-22,190.0,streamflow,9291000,ft3/s,['A'],0
2014-09-23,158.59895,streamflow,9291000,ft3/s,['A'],0
2014-09-24,21.992708,streamflow,9291000,ft3/s,['A'],0
2014-09-25,26.654167,streamflow,9291000,ft3/s,['A'],0
2014-09-26,38.00417,streamflow,9291000,ft3/s,['A'],0
2014-09-27,38.790627,streamflow,9291000,ft3/s,['A'],0
2014-09-28,18.277084,streamflow,9291000,ft3/s,['A'],0
2014-09-29,71.40312,streamflow,9291000,ft3/s,['A'],0
2014-09-30,127.745834,streamflow,9291000,ft3/s,['A'],0
2014-10-01,12.41875,streamflow,9291000,ft3/s,['A'],0
2014-10-02,10.544167,streamflow,9291000,ft3/s,['A'],0
2014-10-03,3.5320833,streamflow,9291000,ft3/s,['A'],0
2014-10-04,3.3127084,streamflow,9291000,ft3/s,['A'],0
2014-10-05,3.4427083,streamflow,9291000,ft3/s,['A'],0
2014-10-06,3.6556249,streamflow,9291000,ft3/s,['A'],0
2014-10-07,3.910625,streamflow,9291000,ft3/s,['A'],0
2014-10-08,4.1520834,streamflow,9291000,ft3/s,['A'],0
2014-10-09,4.42,streamflow,9291000,ft3/s,['A'],0
2014-10-10,4.494271,streamflow,9291000,ft3/s,['A'],0
2014-10-11,4.707396,streamflow,9291000,ft3/s,['A'],0
2014-10-12,4.73,streamflow,9291000,ft3/s,['A'],0
2014-10-13,4.8133335,streamflow,9291000,ft3/s,['A'],0
2014-10-14,5.0066667,streamflow,9291000,ft3/s,['A'],0
2014-10-15,5.0266666,streamflow,9291000,ft3/s,['A'],0
2014-10-16,5.05,streamflow,9291000,ft3/s,['A'],0
2014-10-17,5.05,streamflow,9291000,ft3/s,['A'],0
2014-10-18,5.05,streamflow,9291000,ft3/s,['A'],0
2014-10-19,5.05,streamflow,9291000,ft3/s,['A'],0
2014-10-20,5.05,streamflow,9291000,ft3/s,['A'],0
2014-10-21,5.0677085,streamflow,9291000,ft3/s,['A'],0
2014-10-22,4.839896,streamflow,9291000,ft3/s,['A'],0
2014-10-23,4.42,streamflow,9291000,ft3/s,['A'],0
2014-10-24,4.42,streamflow,9291000,ft3/s,['A'],0
2014-10-25,4.42,streamflow,9291000,ft3/s,['A'],0
2014-10-26,4.42,streamflow,9291000,ft3/s,['A'],0
2014-10-27,4.42,streamflow,9291000,ft3/s,['A'],0
2014-10-28,4.42,streamflow,9291000,ft3/s,['A'],0
2014-10-29,4.42,streamflow,9291000,ft3/s,['A'],0
2014-10-30,4.42,streamflow,9291000,ft3/s,['A'],0
2014-10-31,4.42,streamflow,9291000,ft3/s,['A'],0
2014-11-01,4.4296875,streamflow,9291000,ft3/s,['A'],0
2014-11-02,4.436146,streamflow,9291000,ft3/s,['A'],0
2014-11-03,4.42,streamflow,9291000,ft3/s,['A'],0
2014-11-04,4.42,streamflow,9291000,ft3/s,['A'],0
2014-11-05,4.42,streamflow,9291000,ft3/s,['A'],0
2014-11-06,4.42,streamflow,9291000,ft3/s,['A'],0
2014-11-07,4.42,streamflow,9291000,ft3/s,['A'],0
2014-11-08,4.42,streamflow,9291000,ft3/s,['A'],0
2014-11-09,4.42,streamflow,9291000,ft3/s,['A'],0
2014-11-10,4.42,streamflow,9291000,ft3/s,['A'],0
2014-11-11,4.42,streamflow,9291000,ft3/s,['A'],0
2014-11-12,4.42,streamflow,9291000,ft3/s,['A'],0
2014-11-13,4.503958,streamflow,9291000,ft3/s,['A'],0
2014-11-14,4.616979,streamflow,9291000,ft3/s,['A'],0
2014-11-15,4.4975,streamflow,9291000,ft3/s,['A'],0
2014-11-16,4.5653124,streamflow,9291000,ft3/s,['A'],0
2014-11-17,4.7203126,streamflow,9291000,ft3/s,['A'],0
2014-11-18,4.73,streamflow,9291000,ft3/s,['A'],0
2014-11-19,4.73,streamflow,9291000,ft3/s,['A'],0
2014-11-20,4.73,streamflow,9291000,ft3/s,['A'],0
2014-11-21,4.73,streamflow,9291000,ft3/s,['A'],0
2014-11-22,4.73,streamflow,9291000,ft3/s,['A'],0
2014-11-23,4.73,streamflow,9291000,ft3/s,['A'],0
2014-11-24,4.73,streamflow,9291000,ft3/s,['A'],0
2014-11-25,4.73,streamflow,9291000,ft3/s,['A'],0
2014-11-26,4.73,streamflow,9291000,ft3/s,['A'],0
2014-11-27,4.726771,streamflow,9291000,ft3/s,['A'],0
2014-11-28,4.6847916,streamflow,9291000,ft3/s,['A'],0
2014-11-29,4.5233335,streamflow,9291000,ft3/s,['A'],0
2014-11-30,4.423229,streamflow,9291000,ft3/s,['A'],0
2014-12-01,4.4329166,streamflow,9291000,ft3/s,['A'],0
2014-12-02,4.455521,streamflow,9291000,ft3/s,['A'],0
2014-12-03,4.42,streamflow,9291000,ft3/s,['A'],0
2014-12-04,4.5394793,streamflow,9291000,ft3/s,['A'],0
2014-12-05,4.6502085,streamflow,9291000,ft3/s,['A'],0
2014-12-06,4.12,streamflow,9291000,ft3/s,['A'],0
2014-12-07,4.1575,streamflow,9291000,ft3/s,['A'],0
2014-12-08,4.20125,streamflow,9291000,ft3/s,['A'],0
2014-12-09,4.341875,streamflow,9291000,ft3/s,['A'],0
2014-12-10,4.416875,streamflow,9291000,ft3/s,['A'],0
2014-12-11,4.42,streamflow,9291000,ft3/s,['A'],0
2014-12-12,4.42,streamflow,9291000,ft3/s,['A'],0
2014-12-13,4.442604,streamflow,9291000,ft3/s,['A'],0
2014-12-14,4.503958,streamflow,9291000,ft3/s,['A'],0
2014-12-15,4.565521,streamflow,9291000,ft3/s,['A'],0
2014-12-16,4.73,streamflow,9291000,ft3/s,['A'],0
2014-12-17,4.73,streamflow,9291000,ft3/s,['A'],0
2014-12-18,4.766667,streamflow,9291000,ft3/s,['A'],0
2014-12-19,4.83,streamflow,9291000,ft3/s,['A'],0
2014-12-20,5.01,streamflow,9291000,ft3/s,['A'],0
2014-12-21,5.0466666,streamflow,9291000,ft3/s,['A'],0
2014-12-22,4.996667,streamflow,9291000,ft3/s,['A'],0
2014-12-23,5.05,streamflow,9291000,ft3/s,['A'],0
2014-12-24,5.05,streamflow,9291000,ft3/s,['A'],0
2014-12-25,5.05,streamflow,9291000,ft3/s,['A'],0
2014-12-26,5.0570836,streamflow,9291000,ft3/s,['A'],0
2014-12-27,5.2022915,streamflow,9291000,ft3/s,['A'],0
2014-12-28,5.39,streamflow,9291000,ft3/s,['A'],0
2014-12-29,5.39,streamflow,9291000,ft3/s,['A'],0
2014-12-30,5.39,streamflow,9291000,ft3/s,['A'],0
2014-12-31,5.630625,streamflow,9291000,ft3/s,['A'],0
2015-01-01,5.732708,streamflow,9291000,ft3/s,['A'],0
2015-01-02,5.7785416,streamflow,9291000,ft3/s,['A'],0
2015-01-03,5.871042,streamflow,9291000,ft3/s,['A'],0
2015-01-04,5.909583,streamflow,9291000,ft3/s,['A'],0
2015-01-05,6.0020833,streamflow,9291000,ft3/s,['A'],0
2015-01-06,5.840208,streamflow,9291000,ft3/s,['A'],0
2015-01-07,5.9172916,streamflow,9291000,ft3/s,['A'],0
2015-01-08,6.11,streamflow,9291000,ft3/s,['A'],0
2015-01-09,6.11,streamflow,9291000,ft3/s,['A'],0
2015-01-10,6.11,streamflow,9291000,ft3/s,['A'],0
2015-01-11,6.11,streamflow,9291000,ft3/s,['A'],0
2015-01-12,6.11,streamflow,9291000,ft3/s,['A'],0
2015-01-13,6.11,streamflow,9291000,ft3/s,['A'],0
2015-01-14,6.11,streamflow,9291000,ft3/s,['A'],0
2015-01-15,6.11,streamflow,9291000,ft3/s,['A'],0
2015-01-16,6.11,streamflow,9291000,ft3/s,['A'],0
2015-01-17,5.8556247,streamflow,9291000,ft3/s,['A'],0
2015-01-18,5.9057293,streamflow,9291000,ft3/s,['A'],0
2015-01-19,6.3280206,streamflow,9291000,ft3/s,['A'],0
2015-01-20,6.3277082,streamflow,9291000,ft3/s,['A'],0
2015-01-21,6.49,streamflow,9291000,ft3/s,['A'],0
2015-01-22,6.408125,streamflow,9291000,ft3/s,['A'],0
2015-01-23,6.4941664,streamflow,9291000,ft3/s,['A'],0
2015-01-24,6.560833,streamflow,9291000,ft3/s,['A'],0
2015-01-25,6.49,streamflow,9291000,ft3/s,['A'],0
2015-01-26,6.49,streamflow,9291000,ft3/s,['A'],0
2015-01-27,6.49,streamflow,9291000,ft3/s,['A'],0
2015-01-28,6.49,streamflow,9291000,ft3/s,['A'],0
2015-01-29,6.49,streamflow,9291000,ft3/s,['A'],0
2015-01-30,6.49,streamflow,9291000,ft3/s,['A'],0
2015-01-31,6.49,streamflow,9291000,ft3/s,['A'],0
2015-02-01,6.490208,streamflow,9291000,ft3/s,['A'],0
2015-02-02,6.5024996,streamflow,9291000,ft3/s,['A'],0
2015-02-03,6.5899997,streamflow,9291000,ft3/s,['A'],0
2015-02-04,6.8525,streamflow,9291000,ft3/s,['A'],0
2015-02-05,6.8566666,streamflow,9291000,ft3/s,['A'],0
2015-02-06,6.8566666,streamflow,9291000,ft3/s,['A'],0
2015-02-07,6.9028125,streamflow,9291000,ft3/s,['A'],0
2015-02-08,6.89,streamflow,9291000,ft3/s,['A'],0
2015-02-09,6.89,streamflow,9291000,ft3/s,['A'],0
2015-02-10,6.9198956,streamflow,9291000,ft3/s,['A'],0
2015-02-11,7.1120834,streamflow,9291000,ft3/s,['A'],0
2015-02-12,7.483646,streamflow,9291000,ft3/s,['A'],0
2015-02-13,7.5329165,streamflow,9291000,ft3/s,['A'],0
2015-02-14,7.7165627,streamflow,9291000,ft3/s,['A'],0
2015-02-15,7.703125,streamflow,9291000,ft3/s,['A'],0
2015-02-16,7.73,streamflow,9291000,ft3/s,['A'],0
2015-02-17,7.73,streamflow,9291000,ft3/s,['A'],0
2015-02-18,7.73,streamflow,9291000,ft3/s,['A'],0
2015-02-19,7.73,streamflow,9291000,ft3/s,['A'],0
2015-02-20,7.73,streamflow,9291000,ft3/s,['A'],0
2015-02-21,7.73,streamflow,9291000,ft3/s,['A'],0
2015-02-22,7.73,streamflow,9291000,ft3/s,['A'],0
2015-02-23,7.73,streamflow,9291000,ft3/s,['A'],0
2015-02-24,7.73,streamflow,9291000,ft3/s,['A'],0
2015-02-25,7.7345834,streamflow,9291000,ft3/s,['A'],0
2015-02-26,7.7391667,streamflow,9291000,ft3/s,['A'],0
2015-02-27,7.73,streamflow,9291000,ft3/s,['A'],0
2015-02-28,7.73,streamflow,9291000,ft3/s,['A'],0
2015-03-01,7.73,streamflow,9291000,ft3/s,['A'],0
2015-03-02,7.73,streamflow,9291000,ft3/s,['A'],0
2015-03-03,7.73,streamflow,9291000,ft3/s,['A'],0
2015-03-04,7.73,streamflow,9291000,ft3/s,['A'],0
2015-03-05,7.73,streamflow,9291000,ft3/s,['A'],0
2015-03-06,7.73,streamflow,9291000,ft3/s,['A'],0
2015-03-07,8.041667,streamflow,9291000,ft3/s,['A'],0
2015-03-08,8.17,streamflow,9291000,ft3/s,['A'],0
2015-03-09,8.17,streamflow,9291000,ft3/s,['A'],0
2015-03-10,8.137917,streamflow,9291000,ft3/s,['A'],0
2015-03-11,8.014167,streamflow,9291000,ft3/s,['A'],0
2015-03-12,8.17,streamflow,9291000,ft3/s,['A'],0
2015-03-13,8.17,streamflow,9291000,ft3/s,['A'],0
2015-03-14,7.917917,streamflow,9291000,ft3/s,['A'],0
2015-03-15,8.110416,streamflow,9291000,ft3/s,['A'],0
2015-03-16,8.165417,streamflow,9291000,ft3/s,['A'],0
2015-03-17,8.0875,streamflow,9291000,ft3/s,['A'],0
2015-03-18,7.7620835,streamflow,9291000,ft3/s,['A'],0
2015-03-19,7.73,streamflow,9291000,ft3/s,['A'],0
2015-03-20,7.73,streamflow,9291000,ft3/s,['A'],0
2015-03-21,7.73,streamflow,9291000,ft3/s,['A'],0
2015-03-22,7.73,streamflow,9291000,ft3/s,['A'],0
2015-03-23,7.73,streamflow,9291000,ft3/s,['A'],0
2015-03-24,7.73,streamflow,9291000,ft3/s,['A'],0
2015-03-25,7.6225,streamflow,9291000,ft3/s,['A'],0
2015-03-26,7.3,streamflow,9291000,ft3/s,['A'],0
2015-03-27,7.3806252,streamflow,9291000,ft3/s,['A'],0
2015-03-28,7.6672916,streamflow,9291000,ft3/s,['A'],0
2015-03-29,7.1590624,streamflow,9291000,ft3/s,['A'],0
2015-03-30,7.0010414,streamflow,9291000,ft3/s,['A'],0
2015-03-31,7.193229,streamflow,9291000,ft3/s,['A'],0
2015-04-01,7.2316666,streamflow,9291000,ft3/s,['A'],0
2015-04-02,6.8985415,streamflow,9291000,ft3/s,['A'],0
2015-04-03,6.89,streamflow,9291000,ft3/s,['A'],0
2015-04-04,6.89,streamflow,9291000,ft3/s,['A'],0
2015-04-05,6.89,streamflow,9291000,ft3/s,['A'],0
2015-04-06,6.89,streamflow,9291000,ft3/s,['A'],0
2015-04-07,6.7282977,streamflow,9291000,ft3/s,['A'],0
2015-04-08,6.89,streamflow,9291000,ft3/s,['A'],0
2015-04-09,6.89,streamflow,9291000,ft3/s,['A'],0
2015-04-10,6.89,streamflow,9291000,ft3/s,['A'],0
2015-04-11,6.894271,streamflow,9291000,ft3/s,['A'],0
2015-04-12,6.7774997,streamflow,9291000,ft3/s,['A'],0
2015-04-13,6.8020835,streamflow,9291000,ft3/s,['A'],0
2015-04-14,7.3125,streamflow,9291000,ft3/s,['A'],0
2015-04-15,7.2660418,streamflow,9291000,ft3/s,['A'],0
2015-04-16,7.176146,streamflow,9291000,ft3/s,['A'],0
2015-04-17,6.89,streamflow,9291000,ft3/s,['A'],0
2015-04-18,6.89,streamflow,9291000,ft3/s,['A'],0
2015-04-19,6.8858333,streamflow,9291000,ft3/s,['A'],0
2015-04-20,6.89,streamflow,9291000,ft3/s,['A'],0
2015-04-21,6.9540625,streamflow,9291000,ft3/s,['A'],0
2015-04-22,7.210313,streamflow,9291000,ft3/s,['A'],0
2015-04-23,7.3,streamflow,9291000,ft3/s,['A'],0
2015-04-24,7.317917,streamflow,9291000,ft3/s,['A'],0
2015-04-25,7.5421877,streamflow,9291000,ft3/s,['A'],0
2015-04-26,7.6498957,streamflow,9291000,ft3/s,['A'],0
2015-04-27,7.8864584,streamflow,9291000,ft3/s,['A'],0
2015-04-28,8.174791,streamflow,9291000,ft3/s,['A'],0
2015-04-29,8.203542,streamflow,9291000,ft3/s,['A'],0
2015-04-30,8.610833,streamflow,9291000,ft3/s,['A'],0
2015-05-01,8.826771,streamflow,9291000,ft3/s,['A'],0
2015-05-02,9.11,streamflow,9291000,ft3/s,['A'],0
2015-05-03,49.65229,streamflow,9291000,ft3/s,['A'],0
2015-05-04,157.86458,streamflow,9291000,ft3/s,['A'],0
2015-05-05,257.58334,streamflow,9291000,ft3/s,['A'],0
2015-05-06,239.45833,streamflow,9291000,ft3/s,['A'],0
2015-05-07,242.35417,streamflow,9291000,ft3/s,['A'],0
2015-05-08,252.95833,streamflow,9291000,ft3/s,['A'],0
2015-05-09,364.14584,streamflow,9291000,ft3/s,['A'],0
2015-05-10,429.29166,streamflow,9291000,ft3/s,['A'],0
2015-05-11,446.3021,streamflow,9291000,ft3/s,['A'],0
2015-05-12,443.79166,streamflow,9291000,ft3/s,['A'],0
2015-05-13,443.78125,streamflow,9291000,ft3/s,['A'],0
2015-05-14,438.65625,streamflow,9291000,ft3/s,['A'],0
2015-05-15,427.5104,streamflow,9291000,ft3/s,['A'],0
2015-05-16,410.10416,streamflow,9291000,ft3/s,['A'],0
2015-05-17,407.21875,streamflow,9291000,ft3/s,['A'],0
2015-05-18,405.7396,streamflow,9291000,ft3/s,['A'],0
2015-05-19,391.6979,streamflow,9291000,ft3/s,['A'],0
2015-05-20,370.0729,streamflow,9291000,ft3/s,['A'],0
2015-05-21,353.91666,streamflow,9291000,ft3/s,['A'],0
2015-05-22,334.25,streamflow,9291000,ft3/s,['A'],0
2015-05-23,225.6875,streamflow,9291000,ft3/s,['A'],0
2015-05-24,289.34375,streamflow,9291000,ft3/s,['A'],0
2015-05-25,288.20834,streamflow,9291000,ft3/s,['A'],0
2015-05-26,287.5104,streamflow,9291000,ft3/s,['A'],0
2015-05-27,288.4479,streamflow,9291000,ft3/s,['A'],0
2015-05-28,289.34375,streamflow,9291000,ft3/s,['A'],0
2015-05-29,325.5104,streamflow,9291000,ft3/s,['A'],0
2015-05-30,312.5,streamflow,9291000,ft3/s,['A'],0
2015-05-31,292.8125,streamflow,9291000,ft3/s,['A'],0
2015-06-01,265.8229,streamflow,9291000,ft3/s,['A'],0
2015-06-02,271.5104,streamflow,9291000,ft3/s,['A'],0
2015-06-03,272.5521,streamflow,9291000,ft3/s,['A'],0
2015-06-04,274.52084,streamflow,9291000,ft3/s,['A'],0
2015-06-05,277.34375,streamflow,9291000,ft3/s,['A'],0
2015-06-06,278.25,streamflow,9291000,ft3/s,['A'],0
2015-06-07,251.9375,streamflow,9291000,ft3/s,['A'],0
2015-06-08,250.375,streamflow,9291000,ft3/s,['A'],0
2015-06-09,421.3125,streamflow,9291000,ft3/s,['A'],0
2015-06-10,602.4167,streamflow,9291000,ft3/s,['A'],0
2015-06-11,572.6667,streamflow,9291000,ft3/s,['A'],0
2015-06-12,641.38544,streamflow,9291000,ft3/s,['A'],0
2015-06-13,669.5833,streamflow,9291000,ft3/s,['A'],0
2015-06-14,670.48956,streamflow,9291000,ft3/s,['A'],0
2015-06-15,567.375,streamflow,9291000,ft3/s,['A'],0
2015-06-16,745.5208,streamflow,9291000,ft3/s,['A'],0
2015-06-17,619.2917,streamflow,9291000,ft3/s,['A'],0
2015-06-18,506.39584,streamflow,9291000,ft3/s,['A'],0
2015-06-19,497.8229,streamflow,9291000,ft3/s,['A'],0
2015-06-20,410.6771,streamflow,9291000,ft3/s,['A'],0
2015-06-21,283.29166,streamflow,9291000,ft3/s,['A'],0
2015-06-22,232.17708,streamflow,9291000,ft3/s,['A'],0
2015-06-23,234.125,streamflow,9291000,ft3/s,['A'],0
2015-06-24,245.875,streamflow,9291000,ft3/s,['A'],0
2015-06-25,269.6771,streamflow,9291000,ft3/s,['A'],0
2015-06-26,304.8646,streamflow,9291000,ft3/s,['A'],0
2015-06-27,316.5104,streamflow,9291000,ft3/s,['A'],0
2015-06-28,321.375,streamflow,9291000,ft3/s,['A'],0
2015-06-29,297.90625,streamflow,9291000,ft3/s,['A'],0
2015-06-30,319.08334,streamflow,9291000,ft3/s,['A'],0
2015-07-01,317.9479,streamflow,9291000,ft3/s,['A'],0
2015-07-02,315.47916,streamflow,9291000,ft3/s,['A'],0
2015-07-03,330.5104,streamflow,9291000,ft3/s,['A'],0
2015-07-04,339.83334,streamflow,9291000,ft3/s,['A'],0
2015-07-05,344.6875,streamflow,9291000,ft3/s,['A'],0
2015-07-06,326.72916,streamflow,9291000,ft3/s,['A'],0
2015-07-07,288.6354,streamflow,9291000,ft3/s,['A'],0
2015-07-08,287.16666,streamflow,9291000,ft3/s,['A'],0
2015-07-09,313.1146,streamflow,9291000,ft3/s,['A'],0
2015-07-10,226.77083,streamflow,9291000,ft3/s,['A'],0
2015-07-11,91.00729,streamflow,9291000,ft3/s,['A'],0
2015-07-12,105.80312,streamflow,9291000,ft3/s,['A'],0
2015-07-13,109.53125,streamflow,9291000,ft3/s,['A'],0
2015-07-14,127.260414,streamflow,9291000,ft3/s,['A'],0
2015-07-15,130.8125,streamflow,9291000,ft3/s,['A'],0
2015-07-16,136.64583,streamflow,9291000,ft3/s,['A'],0
2015-07-17,293.7396,streamflow,9291000,ft3/s,['A'],0
2015-07-18,332.46875,streamflow,9291000,ft3/s,['A'],0
2015-07-19,328.6979,streamflow,9291000,ft3/s,['A'],0
2015-07-20,308.65625,streamflow,9291000,ft3/s,['A'],0
2015-07-21,307.02084,streamflow,9291000,ft3/s,['A'],0
2015-07-22,304.8125,streamflow,9291000,ft3/s,['A'],0
2015-07-23,304.0729,streamflow,9291000,ft3/s,['A'],0
2015-07-24,303.375,streamflow,9291000,ft3/s,['A'],0
2015-07-25,304.6875,streamflow,9291000,ft3/s,['A'],0
2015-07-26,319.35416,streamflow,9291000,ft3/s,['A'],0
2015-07-27,336.20834,streamflow,9291000,ft3/s,['A'],0
2015-07-28,340.78125,streamflow,9291000,ft3/s,['A'],0
2015-07-29,331.95834,streamflow,9291000,ft3/s,['A'],0
2015-07-30,344.1875,streamflow,9291000,ft3/s,['A'],0
2015-07-31,355.70834,streamflow,9291000,ft3/s,['A'],0
2015-08-01,361.90625,streamflow,9291000,ft3/s,['A'],0
2015-08-02,359.1146,streamflow,9291000,ft3/s,['A'],0
2015-08-03,358.25,streamflow,9291000,ft3/s,['A'],0
2015-08-04,356.02084,streamflow,9291000,ft3/s,['A'],0
2015-08-05,337.64584,streamflow,9291000,ft3/s,['A'],0
2015-08-06,313.0729,streamflow,9291000,ft3/s,['A'],0
2015-08-07,315.0625,streamflow,9291000,ft3/s,['A'],0
2015-08-08,286.29166,streamflow,9291000,ft3/s,['A'],0
2015-08-09,187.22917,streamflow,9291000,ft3/s,['A'],0
2015-08-10,159.55208,streamflow,9291000,ft3/s,['A'],0
2015-08-11,143.95833,streamflow,9291000,ft3/s,['A'],0
2015-08-12,159.14583,streamflow,9291000,ft3/s,['A'],0
2015-08-13,166.3125,streamflow,9291000,ft3/s,['A'],0
2015-08-14,166.07292,streamflow,9291000,ft3/s,['A'],0
2015-08-15,264.0729,streamflow,9291000,ft3/s,['A'],0
2015-08-16,279.08334,streamflow,9291000,ft3/s,['A'],0
2015-08-17,300.2396,streamflow,9291000,ft3/s,['A'],0
2015-08-18,319.35416,streamflow,9291000,ft3/s,['A'],0
2015-08-19,316.5625,streamflow,9291000,ft3/s,['A'],0
2015-08-20,318.5729,streamflow,9291000,ft3/s,['A'],0
2015-08-21,335.5,streamflow,9291000,ft3/s,['A'],0
2015-08-22,355.71875,streamflow,9291000,ft3/s,['A'],0
2015-08-23,352.71875,streamflow,9291000,ft3/s,['A'],0
2015-08-24,216.6875,streamflow,9291000,ft3/s,['A'],0
2015-08-25,231.30208,streamflow,9291000,ft3/s,['A'],0
2015-08-26,230.52083,streamflow,9291000,ft3/s,['A'],0
2015-08-27,227.98958,streamflow,9291000,ft3/s,['A'],0
2015-08-28,221.88542,streamflow,9291000,ft3/s,['A'],0
2015-08-29,221.40625,streamflow,9291000,ft3/s,['A'],0
2015-08-30,220.15625,streamflow,9291000,ft3/s,['A'],0
2015-08-31,217.61458,streamflow,9291000,ft3/s,['A'],0
2015-09-01,216.25,streamflow,9291000,ft3/s,['A'],0
2015-09-02,203.45833,streamflow,9291000,ft3/s,['A'],0
2015-09-03,188.35417,streamflow,9291000,ft3/s,['A'],0
2015-09-04,152.78125,streamflow,9291000,ft3/s,['A'],0
2015-09-05,141.5,streamflow,9291000,ft3/s,['A'],0
2015-09-06,137.1875,streamflow,9291000,ft3/s,['A'],0
2015-09-07,134.84375,streamflow,9291000,ft3/s,['A'],0
2015-09-08,92.58646,streamflow,9291000,ft3/s,['A'],0
2015-09-09,72.5,streamflow,9291000,ft3/s,['A'],0
2015-09-10,77.09271,streamflow,9291000,ft3/s,['A'],0
2015-09-11,90.168755,streamflow,9291000,ft3/s,['A'],0
2015-09-12,96.32604,streamflow,9291000,ft3/s,['A'],0
2015-09-13,97.71562,streamflow,9291000,ft3/s,['A'],0
2015-09-14,39.86875,streamflow,9291000,ft3/s,['A'],0
2015-09-15,8.326771,streamflow,9291000,ft3/s,['A'],0
2015-09-16,8.92,streamflow,9291000,ft3/s,['A'],0
2015-09-17,8.84,streamflow,9291000,ft3/s,['A'],0
2015-09-18,8.63,streamflow,9291000,ft3/s,['A'],0
2015-09-19,8.63,streamflow,9291000,ft3/s,['A'],0
2015-09-20,8.63,streamflow,9291000,ft3/s,['A'],0
2015-09-21,8.591667,streamflow,9291000,ft3/s,['A'],0
2015-09-22,8.17,streamflow,9291000,ft3/s,['A'],0
2015-09-23,8.17,streamflow,9291000,ft3/s,['A'],0
2015-09-24,8.332917,streamflow,9291000,ft3/s,['A'],0
2015-09-25,8.63,streamflow,9291000,ft3/s,['A'],0
2015-09-26,8.63,streamflow,9291000,ft3/s,['A'],0
2015-09-27,8.63,streamflow,9291000,ft3/s,['A'],0
2015-09-28,8.63,streamflow,9291000,ft3/s,['A'],0
2015-09-29,8.65,streamflow,9291000,ft3/s,['A'],0
2015-09-30,8.76,streamflow,9291000,ft3/s,['A'],0
2015-10-01,7.0092707,streamflow,9291000,ft3/s,['A'],0
2015-10-02,4.498021,streamflow,9291000,ft3/s,['A'],0
2015-10-03,4.697708,streamflow,9291000,ft3/s,['A'],0
2015-10-04,4.7009377,streamflow,9291000,ft3/s,['A'],0
2015-10-05,4.73,streamflow,9291000,ft3/s,['A'],0
2015-10-06,4.746667,streamflow,9291000,ft3/s,['A'],0
2015-10-07,4.75,streamflow,9291000,ft3/s,['A'],0
2015-10-08,4.73,streamflow,9291000,ft3/s,['A'],0
2015-10-09,4.73,streamflow,9291000,ft3/s,['A'],0
2015-10-10,4.73,streamflow,9291000,ft3/s,['A'],0
2015-10-11,4.73,streamflow,9291000,ft3/s,['A'],0
2015-10-12,4.73,streamflow,9291000,ft3/s,['A'],0
2015-10-13,4.73,streamflow,9291000,ft3/s,['A'],0
2015-10-14,4.73,streamflow,9291000,ft3/s,['A'],0
2015-10-15,4.73,streamflow,9291000,ft3/s,['A'],0
2015-10-16,4.73,streamflow,9291000,ft3/s,['A'],0
2015-10-17,4.73,streamflow,9291000,ft3/s,['A'],0
2015-10-18,4.73,streamflow,9291000,ft3/s,['A'],0
2015-10-19,4.9118752,streamflow,9291000,ft3/s,['A'],0
2015-10-20,24.885208,streamflow,9291000,ft3/s,['A'],0
2015-10-21,67.24375,streamflow,9291000,ft3/s,['A'],0
2015-10-22,67.4125,streamflow,9291000,ft3/s,['A'],0
2015-10-23,67.675,streamflow,9291000,ft3/s,['A'],0
2015-10-24,67.39375,streamflow,9291000,ft3/s,['A'],0
2015-10-25,67.50625,streamflow,9291000,ft3/s,['A'],0
2015-10-26,67.58125,streamflow,9291000,ft3/s,['A'],0
2015-10-27,38.305416,streamflow,9291000,ft3/s,['A'],0
2015-10-28,6.106146,streamflow,9291000,ft3/s,['A'],0
2015-10-29,5.9828124,streamflow,9291000,ft3/s,['A'],0
2015-10-30,5.728333,streamflow,9291000,ft3/s,['A'],0
2015-10-31,4.423229,streamflow,9291000,ft3/s,['A'],0
2015-11-01,4.42,streamflow,9291000,ft3/s,['A'],0
2015-11-02,4.42,streamflow,9291000,ft3/s,['A'],0
2015-11-03,4.423229,streamflow,9291000,ft3/s,['A'],0
2015-11-04,4.42,streamflow,9291000,ft3/s,['A'],0
2015-11-05,4.42,streamflow,9291000,ft3/s,['A'],0
2015-11-06,4.42,streamflow,9291000,ft3/s,['A'],0
2015-11-07,4.42,streamflow,9291000,ft3/s,['A'],0
2015-11-08,4.42,streamflow,9291000,ft3/s,['A'],0
2015-11-09,4.42,streamflow,9291000,ft3/s,['A'],0
2015-11-10,4.42,streamflow,9291000,ft3/s,['A'],0
2015-11-11,4.398229,streamflow,9291000,ft3/s,['A'],0
2015-11-12,4.398646,streamflow,9291000,ft3/s,['A'],0
2015-11-13,4.4590626,streamflow,9291000,ft3/s,['A'],0
2015-11-14,4.416875,streamflow,9291000,ft3/s,['A'],0
2015-11-15,4.42,streamflow,9291000,ft3/s,['A'],0
2015-11-16,4.416875,streamflow,9291000,ft3/s,['A'],0
2015-11-17,4.379375,streamflow,9291000,ft3/s,['A'],0
2015-11-18,4.416875,streamflow,9291000,ft3/s,['A'],0
2015-11-19,4.42,streamflow,9291000,ft3/s,['A'],0
2015-11-20,4.42,streamflow,9291000,ft3/s,['A'],0
2015-11-21,4.42,streamflow,9291000,ft3/s,['A'],0
2015-11-22,4.42,streamflow,9291000,ft3/s,['A'],0
2015-11-23,4.42,streamflow,9291000,ft3/s,['A'],0
2015-11-24,4.42,streamflow,9291000,ft3/s,['A'],0
2015-11-25,4.42,streamflow,9291000,ft3/s,['A'],0
2015-11-26,4.42,streamflow,9291000,ft3/s,['A'],0
2015-11-27,4.42,streamflow,9291000,ft3/s,['A'],0
2015-11-28,4.4264584,streamflow,9291000,ft3/s,['A'],0
2015-11-29,4.481354,streamflow,9291000,ft3/s,['A'],0
2015-11-30,4.533021,streamflow,9291000,ft3/s,['A'],0
2015-12-01,4.503958,streamflow,9291000,ft3/s,['A'],0
2015-12-02,4.591146,streamflow,9291000,ft3/s,['A'],0
2015-12-03,4.710625,streamflow,9291000,ft3/s,['A'],0
2015-12-04,4.7170835,streamflow,9291000,ft3/s,['A'],0
2015-12-05,4.704167,streamflow,9291000,ft3/s,['A'],0
2015-12-06,4.7235417,streamflow,9291000,ft3/s,['A'],0
2015-12-07,4.73,streamflow,9291000,ft3/s,['A'],0
2015-12-08,4.69125,streamflow,9291000,ft3/s,['A'],0
2015-12-09,4.4075003,streamflow,9291000,ft3/s,['A'],0
2015-12-10,4.4075003,streamflow,9291000,ft3/s,['A'],0
2015-12-11,4.42,streamflow,9291000,ft3/s,['A'],0
2015-12-12,4.42,streamflow,9291000,ft3/s,['A'],0
2015-12-13,4.42,streamflow,9291000,ft3/s,['A'],0
2015-12-14,4.42,streamflow,9291000,ft3/s,['A'],0
2015-12-15,4.42,streamflow,9291000,ft3/s,['A'],0
2015-12-16,4.42,streamflow,9291000,ft3/s,['A'],0
2015-12-17,4.7203126,streamflow,9291000,ft3/s,['A'],0
2015-12-18,4.73,streamflow,9291000,ft3/s,['A'],0
2015-12-19,4.73,streamflow,9291000,ft3/s,['A'],0
2015-12-20,4.73,streamflow,9291000,ft3/s,['A'],0
2015-12-21,4.73,streamflow,9291000,ft3/s,['A'],0
2015-12-22,4.85,streamflow,9291000,ft3/s,['A'],0
2015-12-23,4.73,streamflow,9291000,ft3/s,['A'],0
2015-12-24,4.73,streamflow,9291000,ft3/s,['A'],0
2015-12-25,4.73,streamflow,9291000,ft3/s,['A'],0
2015-12-26,4.73,streamflow,9291000,ft3/s,['A'],0
2015-12-27,4.73,streamflow,9291000,ft3/s,['A'],0
2015-12-28,4.73,streamflow,9291000,ft3/s,['A'],0
2015-12-29,4.73,streamflow,9291000,ft3/s,['A'],0
2015-12-30,4.675104,streamflow,9291000,ft3/s,['A'],0
2015-12-31,4.423229,streamflow,9291000,ft3/s,['A'],0
2016-01-01,4.5653124,streamflow,9291000,ft3/s,['A'],0
2016-01-02,4.5814586,streamflow,9291000,ft3/s,['A'],0
2016-01-03,4.73,streamflow,9291000,ft3/s,['A'],0
2016-01-04,4.913438,streamflow,9291000,ft3/s,['A'],0
2016-01-05,5.036667,streamflow,9291000,ft3/s,['A'],0
2016-01-06,5.05,streamflow,9291000,ft3/s,['A'],0
2016-01-07,5.0266666,streamflow,9291000,ft3/s,['A'],0
2016-01-08,4.86,streamflow,9291000,ft3/s,['A'],0
2016-01-09,4.886667,streamflow,9291000,ft3/s,['A'],0
2016-01-10,5.05,streamflow,9291000,ft3/s,['A'],0
2016-01-11,5.05,streamflow,9291000,ft3/s,['A'],0
2016-01-12,5.05,streamflow,9291000,ft3/s,['A'],0
2016-01-13,5.05,streamflow,9291000,ft3/s,['A'],0
2016-01-14,5.05,streamflow,9291000,ft3/s,['A'],0
2016-01-15,5.05,streamflow,9291000,ft3/s,['A'],0
2016-01-16,5.05,streamflow,9291000,ft3/s,['A'],0
2016-01-17,5.05,streamflow,9291000,ft3/s,['A'],0
2016-01-18,5.05,streamflow,9291000,ft3/s,['A'],0
2016-01-19,5.05,streamflow,9291000,ft3/s,['A'],0
2016-01-20,5.05,streamflow,9291000,ft3/s,['A'],0
2016-01-21,5.05,streamflow,9291000,ft3/s,['A'],0
2016-01-22,5.117292,streamflow,9291000,ft3/s,['A'],0
2016-01-23,5.39,streamflow,9291000,ft3/s,['A'],0
2016-01-24,5.39,streamflow,9291000,ft3/s,['A'],0
2016-01-25,5.39,streamflow,9291000,ft3/s,['A'],0
2016-01-26,5.3297915,streamflow,9291000,ft3/s,['A'],0
2016-01-27,5.3722916,streamflow,9291000,ft3/s,['A'],0
2016-01-28,5.3864584,streamflow,9291000,ft3/s,['A'],0
2016-01-29,5.3864584,streamflow,9291000,ft3/s,['A'],0
2016-01-30,5.3545833,streamflow,9291000,ft3/s,['A'],0
2016-01-31,5.3014584,streamflow,9291000,ft3/s,['A'],0
2016-02-01,5.3864584,streamflow,9291000,ft3/s,['A'],0
2016-02-02,5.39,streamflow,9291000,ft3/s,['A'],0
2016-02-03,5.3829165,streamflow,9291000,ft3/s,['A'],0
2016-02-04,5.39,streamflow,9291000,ft3/s,['A'],0
2016-02-05,5.3864584,streamflow,9291000,ft3/s,['A'],0
2016-02-06,5.3404164,streamflow,9291000,ft3/s,['A'],0
2016-02-07,5.3722916,streamflow,9291000,ft3/s,['A'],0
2016-02-08,5.3475,streamflow,9291000,ft3/s,['A'],0
2016-02-09,5.3864584,streamflow,9291000,ft3/s,['A'],0
2016-02-10,5.481562,streamflow,9291000,ft3/s,['A'],0
2016-02-11,5.5248957,streamflow,9291000,ft3/s,['A'],0
2016-02-12,5.4410415,streamflow,9291000,ft3/s,['A'],0
2016-02-13,5.39,streamflow,9291000,ft3/s,['A'],0
2016-02-14,5.308542,streamflow,9291000,ft3/s,['A'],0
2016-02-15,5.05,streamflow,9291000,ft3/s,['A'],0
2016-02-16,5.11375,streamflow,9291000,ft3/s,['A'],0
2016-02-17,5.117292,streamflow,9291000,ft3/s,['A'],0
2016-02-18,5.15625,streamflow,9291000,ft3/s,['A'],0
2016-02-19,5.05,streamflow,9291000,ft3/s,['A'],0
2016-02-20,5.05,streamflow,9291000,ft3/s,['A'],0
2016-02-21,5.05,streamflow,9291000,ft3/s,['A'],0
2016-02-22,5.05,streamflow,9291000,ft3/s,['A'],0
2016-02-23,5.05,streamflow,9291000,ft3/s,['A'],0
2016-02-24,5.05,streamflow,9291000,ft3/s,['A'],0
2016-02-25,5.05,streamflow,9291000,ft3/s,['A'],0
2016-02-26,5.05,streamflow,9291000,ft3/s,['A'],0
2016-02-27,5.05,streamflow,9291000,ft3/s,['A'],0
2016-02-28,5.19875,streamflow,9291000,ft3/s,['A'],0
2016-02-29,5.39,streamflow,9291000,ft3/s,['A'],0
2016-03-01,5.3864584,streamflow,9291000,ft3/s,['A'],0
2016-03-02,5.2660418,streamflow,9291000,ft3/s,['A'],0
2016-03-03,5.1420836,streamflow,9291000,ft3/s,['A'],0
2016-03-04,5.05,streamflow,9291000,ft3/s,['A'],0
2016-03-05,5.05,streamflow,9291000,ft3/s,['A'],0
2016-03-06,5.064167,streamflow,9291000,ft3/s,['A'],0
2016-03-07,5.085417,streamflow,9291000,ft3/s,['A'],0
2016-03-08,5.071563,streamflow,9291000,ft3/s,['A'],0
2016-03-09,5.014375,streamflow,9291000,ft3/s,['A'],0
2016-03-10,4.855,streamflow,9291000,ft3/s,['A'],0
2016-03-11,4.7735415,streamflow,9291000,ft3/s,['A'],0
2016-03-12,4.784167,streamflow,9291000,ft3/s,['A'],0
2016-03-13,4.77,streamflow,9291000,ft3/s,['A'],0
2016-03-14,4.7735415,streamflow,9291000,ft3/s,['A'],0
2016-03-15,4.77,streamflow,9291000,ft3/s,['A'],0
2016-03-16,5.089375,streamflow,9291000,ft3/s,['A'],0
2016-03-17,5.11,streamflow,9291000,ft3/s,['A'],0
2016-03-18,5.1138544,streamflow,9291000,ft3/s,['A'],0
2016-03-19,5.11,streamflow,9291000,ft3/s,['A'],0
2016-03-20,5.11,streamflow,9291000,ft3/s,['A'],0
2016-03-21,5.11,streamflow,9291000,ft3/s,['A'],0
2016-03-22,5.11,streamflow,9291000,ft3/s,['A'],0
2016-03-23,5.11,streamflow,9291000,ft3/s,['A'],0
2016-03-24,5.11,streamflow,9291000,ft3/s,['A'],0
2016-03-25,5.1064587,streamflow,9291000,ft3/s,['A'],0
2016-03-26,5.11,streamflow,9291000,ft3/s,['A'],0
2016-03-27,5.1064587,streamflow,9291000,ft3/s,['A'],0
2016-03-28,5.092292,streamflow,9291000,ft3/s,['A'],0
2016-03-29,5.1157293,streamflow,9291000,ft3/s,['A'],0
2016-03-30,4.9238544,streamflow,9291000,ft3/s,['A'],0
2016-03-31,5.1138544,streamflow,9291000,ft3/s,['A'],0
2016-04-01,5.11,streamflow,9291000,ft3/s,['A'],0
2016-04-02,5.0852084,streamflow,9291000,ft3/s,['A'],0
2016-04-03,4.9470835,streamflow,9291000,ft3/s,['A'],0
2016-04-04,4.869167,streamflow,9291000,ft3/s,['A'],0
2016-04-05,4.8762503,streamflow,9291000,ft3/s,['A'],0
2016-04-06,4.9045835,streamflow,9291000,ft3/s,['A'],0
2016-04-07,4.8054166,streamflow,9291000,ft3/s,['A'],0
2016-04-08,4.7947917,streamflow,9291000,ft3/s,['A'],0
2016-04-09,4.8125,streamflow,9291000,ft3/s,['A'],0
2016-04-10,4.8089585,streamflow,9291000,ft3/s,['A'],0
2016-04-11,4.77,streamflow,9291000,ft3/s,['A'],0
2016-04-12,4.77,streamflow,9291000,ft3/s,['A'],0
2016-04-13,4.77,streamflow,9291000,ft3/s,['A'],0
2016-04-14,11.4852085,streamflow,9291000,ft3/s,['A'],0
2016-04-15,24.050001,streamflow,9291000,ft3/s,['A'],0
2016-04-16,23.4375,streamflow,9291000,ft3/s,['A'],0
2016-04-17,27.398958,streamflow,9291000,ft3/s,['A'],0
2016-04-18,43.514584,streamflow,9291000,ft3/s,['A'],0
2016-04-19,55.27708,streamflow,9291000,ft3/s,['A'],0
2016-04-20,55.418747,streamflow,9291000,ft3/s,['A'],0
2016-04-21,70.2,streamflow,9291000,ft3/s,['A'],0
2016-04-22,74.04385,streamflow,9291000,ft3/s,['A'],0
2016-04-23,5.891354,streamflow,9291000,ft3/s,['A'],0
2016-04-24,5.796875,streamflow,9291000,ft3/s,['A'],0
2016-04-25,26.233541,streamflow,9291000,ft3/s,['A'],0
2016-04-26,113.645836,streamflow,9291000,ft3/s,['A'],0
2016-04-27,134.28125,streamflow,9291000,ft3/s,['A'],0
2016-04-28,143.0,streamflow,9291000,ft3/s,['A'],0
2016-04-29,142.40625,streamflow,9291000,ft3/s,['A'],0
2016-04-30,160.63542,streamflow,9291000,ft3/s,['A'],0
2016-05-01,163.84375,streamflow,9291000,ft3/s,['A'],0
2016-05-02,193.03125,streamflow,9291000,ft3/s,['A'],0
2016-05-03,192.4375,streamflow,9291000,ft3/s,['A'],0
2016-05-04,192.0625,streamflow,9291000,ft3/s,['A'],0
2016-05-05,191.40625,streamflow,9291000,ft3/s,['A'],0
2016-05-06,190.28125,streamflow,9291000,ft3/s,['A'],0
2016-05-07,66.69688,streamflow,9291000,ft3/s,['A'],0
2016-05-08,87.65625,streamflow,9291000,ft3/s,['A'],0
2016-05-09,154.15625,streamflow,9291000,ft3/s,['A'],0
2016-05-10,151.25,streamflow,9291000,ft3/s,['A'],0
2016-05-11,151.53125,streamflow,9291000,ft3/s,['A'],0
2016-05-12,247.10417,streamflow,9291000,ft3/s,['A'],0
2016-05-13,271.28125,streamflow,9291000,ft3/s,['A'],0
2016-05-14,332.3646,streamflow,9291000,ft3/s,['A'],0
2016-05-15,320.1979,streamflow,9291000,ft3/s,['A'],0
2016-05-16,299.8854,streamflow,9291000,ft3/s,['A'],0
2016-05-17,297.91666,streamflow,9291000,ft3/s,['A'],0
2016-05-18,299.3125,streamflow,9291000,ft3/s,['A'],0
2016-05-19,292.70834,streamflow,9291000,ft3/s,['A'],0
2016-05-20,283.83334,streamflow,9291000,ft3/s,['A'],0
2016-05-21,255.38542,streamflow,9291000,ft3/s,['A'],0
2016-05-22,257.3125,streamflow,9291000,ft3/s,['A'],0
2016-05-23,337.97916,streamflow,9291000,ft3/s,['A'],0
2016-05-24,375.83334,streamflow,9291000,ft3/s,['A'],0
2016-05-25,376.2604,streamflow,9291000,ft3/s,['A'],0
2016-05-26,376.3229,streamflow,9291000,ft3/s,['A'],0
2016-05-27,374.91666,streamflow,9291000,ft3/s,['A'],0
2016-05-28,368.79166,streamflow,9291000,ft3/s,['A'],0
2016-05-29,359.0729,streamflow,9291000,ft3/s,['A'],0
2016-05-30,334.85416,streamflow,9291000,ft3/s,['A'],0
2016-05-31,271.96875,streamflow,9291000,ft3/s,['A'],0
2016-06-01,200.45833,streamflow,9291000,ft3/s,['A'],0
2016-06-02,173.78125,streamflow,9291000,ft3/s,['A'],0
2016-06-03,175.8125,streamflow,9291000,ft3/s,['A'],0
2016-06-04,185.0,streamflow,9291000,ft3/s,['A'],0
2016-06-05,186.5625,streamflow,9291000,ft3/s,['A'],0
2016-06-06,195.53125,streamflow,9291000,ft3/s,['A'],0
2016-06-07,216.57292,streamflow,9291000,ft3/s,['A'],0
2016-06-08,207.20833,streamflow,9291000,ft3/s,['A'],0
2016-06-09,289.21875,streamflow,9291000,ft3/s,['A'],0
2016-06-10,554.61456,streamflow,9291000,ft3/s,['A'],0
2016-06-11,898.1875,streamflow,9291000,ft3/s,['A'],0
2016-06-12,840.44794,streamflow,9291000,ft3/s,['A'],0
2016-06-13,765.46875,streamflow,9291000,ft3/s,['A'],0
2016-06-14,520.125,streamflow,9291000,ft3/s,['A'],0
2016-06-15,518.2917,streamflow,9291000,ft3/s,['A'],0
2016-06-16,581.65625,streamflow,9291000,ft3/s,['A'],0
2016-06-17,545.55206,streamflow,9291000,ft3/s,['A'],0
2016-06-18,535.76044,streamflow,9291000,ft3/s,['A'],0
2016-06-19,515.25,streamflow,9291000,ft3/s,['A'],0
2016-06-20,443.39584,streamflow,9291000,ft3/s,['A'],0
2016-06-21,456.29166,streamflow,9291000,ft3/s,['A'],0
2016-06-22,430.8646,streamflow,9291000,ft3/s,['A'],0
2016-06-23,410.20834,streamflow,9291000,ft3/s,['A'],0
2016-06-24,370.91666,streamflow,9291000,ft3/s,['A'],0
2016-06-25,334.5,streamflow,9291000,ft3/s,['A'],0
2016-06-26,298.9271,streamflow,9291000,ft3/s,['A'],0
2016-06-27,238.29167,streamflow,9291000,ft3/s,['A'],0
2016-06-28,230.75,streamflow,9291000,ft3/s,['A'],0
2016-06-29,269.6146,streamflow,9291000,ft3/s,['A'],0
2016-06-30,273.28125,streamflow,9291000,ft3/s,['A'],0
2016-07-01,271.20834,streamflow,9291000,ft3/s,['A'],0
2016-07-02,269.8021,streamflow,9291000,ft3/s,['A'],0
2016-07-03,287.53125,streamflow,9291000,ft3/s,['A'],0
2016-07-04,299.3021,streamflow,9291000,ft3/s,['A'],0
2016-07-05,307.29166,streamflow,9291000,ft3/s,['A'],0
2016-07-06,327.95834,streamflow,9291000,ft3/s,['A'],0
2016-07-07,335.8646,streamflow,9291000,ft3/s,['A'],0
2016-07-08,320.20834,streamflow,9291000,ft3/s,['A'],0
2016-07-09,325.70834,streamflow,9291000,ft3/s,['A'],0
2016-07-10,333.41666,streamflow,9291000,ft3/s,['A'],0
2016-07-11,306.5104,streamflow,9291000,ft3/s,['A'],0
2016-07-12,298.1979,streamflow,9291000,ft3/s,['A'],0
2016-07-13,302.60416,streamflow,9291000,ft3/s,['A'],0
2016-07-14,309.54166,streamflow,9291000,ft3/s,['A'],0
2016-07-15,312.79166,streamflow,9291000,ft3/s,['A'],0
2016-07-16,313.16666,streamflow,9291000,ft3/s,['A'],0
2016-07-17,312.375,streamflow,9291000,ft3/s,['A'],0
2016-07-18,307.3646,streamflow,9291000,ft3/s,['A'],0
2016-07-19,294.85416,streamflow,9291000,ft3/s,['A'],0
2016-07-20,295.25,streamflow,9291000,ft3/s,['A'],0
2016-07-21,300.72916,streamflow,9291000,ft3/s,['A'],0
2016-07-22,301.0104,streamflow,9291000,ft3/s,['A'],0
2016-07-23,299.22916,streamflow,9291000,ft3/s,['A'],0
2016-07-24,297.7396,streamflow,9291000,ft3/s,['A'],0
2016-07-25,296.78125,streamflow,9291000,ft3/s,['A'],0
2016-07-26,304.4271,streamflow,9291000,ft3/s,['A'],0
2016-07-27,304.58334,streamflow,9291000,ft3/s,['A'],0
2016-07-28,302.2396,streamflow,9291000,ft3/s,['A'],0
2016-07-29,311.6771,streamflow,9291000,ft3/s,['A'],0
2016-07-30,316.54166,streamflow,9291000,ft3/s,['A'],0
2016-07-31,319.0,streamflow,9291000,ft3/s,['A'],0
2016-08-01,316.375,streamflow,9291000,ft3/s,['A'],0
2016-08-02,315.33334,streamflow,9291000,ft3/s,['A'],0
2016-08-03,313.70834,streamflow,9291000,ft3/s,['A'],0
2016-08-04,312.125,streamflow,9291000,ft3/s,['A'],0
2016-08-05,311.08334,streamflow,9291000,ft3/s,['A'],0
2016-08-06,310.16666,streamflow,9291000,ft3/s,['A'],0
2016-08-07,308.6354,streamflow,9291000,ft3/s,['A'],0
2016-08-08,307.4375,streamflow,9291000,ft3/s,['A'],0
2016-08-09,299.5729,streamflow,9291000,ft3/s,['A'],0
2016-08-10,291.16666,streamflow,9291000,ft3/s,['A'],0
2016-08-11,289.7604,streamflow,9291000,ft3/s,['A'],0
2016-08-12,285.5104,streamflow,9291000,ft3/s,['A'],0
2016-08-13,281.0625,streamflow,9291000,ft3/s,['A'],0
2016-08-14,280.4896,streamflow,9291000,ft3/s,['A'],0
2016-08-15,278.125,streamflow,9291000,ft3/s,['A'],0
2016-08-16,276.79166,streamflow,9291000,ft3/s,['A'],0
2016-08-17,274.95834,streamflow,9291000,ft3/s,['A'],0
2016-08-18,289.0625,streamflow,9291000,ft3/s,['A'],0
2016-08-19,293.79166,streamflow,9291000,ft3/s,['A'],0
2016-08-20,300.625,streamflow,9291000,ft3/s,['A'],0
2016-08-21,307.7396,streamflow,9291000,ft3/s,['A'],0
2016-08-22,204.64583,streamflow,9291000,ft3/s,['A'],0
2016-08-23,235.69792,streamflow,9291000,ft3/s,['A'],0
2016-08-24,233.51042,streamflow,9291000,ft3/s,['A'],0
2016-08-25,197.0,streamflow,9291000,ft3/s,['A'],0
2016-08-26,158.75,streamflow,9291000,ft3/s,['A'],0
2016-08-27,151.38542,streamflow,9291000,ft3/s,['A'],0
2016-08-28,125.427086,streamflow,9291000,ft3/s,['A'],0
2016-08-29,116.364586,streamflow,9291000,ft3/s,['A'],0
2016-08-30,114.0,streamflow,9291000,ft3/s,['A'],0
2016-08-31,113.958336,streamflow,9291000,ft3/s,['A'],0
2016-09-01,98.91771,streamflow,9291000,ft3/s,['A'],0
2016-09-02,79.208336,streamflow,9291000,ft3/s,['A'],0
2016-09-03,79.125,streamflow,9291000,ft3/s,['A'],0
2016-09-04,79.125,streamflow,9291000,ft3/s,['A'],0
2016-09-05,79.0,streamflow,9291000,ft3/s,['A'],0
2016-09-06,79.0,streamflow,9291000,ft3/s,['A'],0
2016-09-07,74.166664,streamflow,9291000,ft3/s,['A'],0
2016-09-08,67.4,streamflow,9291000,ft3/s,['A'],0
2016-09-09,67.4,streamflow,9291000,ft3/s,['A'],0
2016-09-10,67.4,streamflow,9291000,ft3/s,['A'],0
2016-09-11,66.18125,streamflow,9291000,ft3/s,['A'],0
2016-09-12,65.6,streamflow,9291000,ft3/s,['A'],0
2016-09-13,65.6,streamflow,9291000,ft3/s,['A'],0
2016-09-14,65.6375,streamflow,9291000,ft3/s,['A'],0
2016-09-15,65.6,streamflow,9291000,ft3/s,['A'],0
2016-09-16,65.6,streamflow,9291000,ft3/s,['A'],0
2016-09-17,65.6,streamflow,9291000,ft3/s,['A'],0
2016-09-18,65.6,streamflow,9291000,ft3/s,['A'],0
2016-09-19,65.6,streamflow,9291000,ft3/s,['A'],0
2016-09-20,65.6,streamflow,9291000,ft3/s,['A'],0
2016-09-21,65.6,streamflow,9291000,ft3/s,['A'],0
2016-09-22,65.6375,streamflow,9291000,ft3/s,['A'],0
2016-09-23,46.989895,streamflow,9291000,ft3/s,['A'],0
2016-09-24,7.1608334,streamflow,9291000,ft3/s,['A'],0
2016-09-25,7.1560416,streamflow,9291000,ft3/s,['A'],0
2016-09-26,6.945208,streamflow,9291000,ft3/s,['A'],0
2016-09-27,7.017083,streamflow,9291000,ft3/s,['A'],0
2016-09-28,7.175208,streamflow,9291000,ft3/s,['A'],0
2016-09-29,7.2322917,streamflow,9291000,ft3/s,['A'],0
2016-09-30,7.2815623,streamflow,9291000,ft3/s,['A'],0
2016-10-01,7.2549996,streamflow,9291000,ft3/s,['A'],0
2016-10-02,7.66,streamflow,9291000,ft3/s,['A'],0
2016-10-03,7.7466664,streamflow,9291000,ft3/s,['A'],0
2016-10-04,7.66,streamflow,9291000,ft3/s,['A'],0
2016-10-05,21.792292,streamflow,9291000,ft3/s,['A'],0
2016-10-06,62.075,streamflow,9291000,ft3/s,['A'],0
2016-10-07,62.3375,streamflow,9291000,ft3/s,['A'],0
2016-10-08,62.5625,streamflow,9291000,ft3/s,['A'],0
2016-10-09,62.73125,streamflow,9291000,ft3/s,['A'],0
2016-10-10,63.2,streamflow,9291000,ft3/s,['A'],0
2016-10-11,42.880417,streamflow,9291000,ft3/s,['A'],0
2016-10-12,4.2770834,streamflow,9291000,ft3/s,['A'],0
2016-10-13,3.8331249,streamflow,9291000,ft3/s,['A'],0
2016-10-14,3.839375,streamflow,9291000,ft3/s,['A'],0
2016-10-15,3.83,streamflow,9291000,ft3/s,['A'],0
2016-10-16,3.83,streamflow,9291000,ft3/s,['A'],0
2016-10-17,3.8739583,streamflow,9291000,ft3/s,['A'],0
2016-10-18,4.0706253,streamflow,9291000,ft3/s,['A'],0
2016-10-19,4.126875,streamflow,9291000,ft3/s,['A'],0
2016-10-20,4.13,streamflow,9291000,ft3/s,['A'],0
2016-10-21,4.13,streamflow,9291000,ft3/s,['A'],0
2016-10-22,4.13,streamflow,9291000,ft3/s,['A'],0
2016-10-23,4.13,streamflow,9291000,ft3/s,['A'],0
2016-10-24,4.1429167,streamflow,9291000,ft3/s,['A'],0
2016-10-25,4.13,streamflow,9291000,ft3/s,['A'],0
2016-10-26,4.13,streamflow,9291000,ft3/s,['A'],0
2016-10-27,4.13,streamflow,9291000,ft3/s,['A'],0
2016-10-28,4.13,streamflow,9291000,ft3/s,['A'],0
2016-10-29,4.159479,streamflow,9291000,ft3/s,['A'],0
2016-10-30,4.1332293,streamflow,9291000,ft3/s,['A'],0
2016-10-31,4.1558332,streamflow,9291000,ft3/s,['A'],0
2016-11-01,4.1590624,streamflow,9291000,ft3/s,['A'],0
2016-11-02,4.1332293,streamflow,9291000,ft3/s,['A'],0
2016-11-03,4.13,streamflow,9291000,ft3/s,['A'],0
2016-11-04,4.13,streamflow,9291000,ft3/s,['A'],0
2016-11-05,4.13,streamflow,9291000,ft3/s,['A'],0
2016-11-06,4.13,streamflow,9291000,ft3/s,['A'],0
2016-11-07,4.13,streamflow,9291000,ft3/s,['A'],0
2016-11-08,4.13,streamflow,9291000,ft3/s,['A'],0
2016-11-09,4.13,streamflow,9291000,ft3/s,['A'],0
2016-11-10,4.13,streamflow,9291000,ft3/s,['A'],0
2016-11-11,4.13,streamflow,9291000,ft3/s,['A'],0
2016-11-12,4.13,streamflow,9291000,ft3/s,['A'],0
2016-11-13,4.13,streamflow,9291000,ft3/s,['A'],0
2016-11-14,4.13,streamflow,9291000,ft3/s,['A'],0
2016-11-15,4.13,streamflow,9291000,ft3/s,['A'],0
2016-11-16,4.13,streamflow,9291000,ft3/s,['A'],0
2016-11-17,4.13,streamflow,9291000,ft3/s,['A'],0
2016-11-18,4.3334374,streamflow,9291000,ft3/s,['A'],0
2016-11-19,4.404479,streamflow,9291000,ft3/s,['A'],0
2016-11-20,4.1696877,streamflow,9291000,ft3/s,['A'],0
2016-11-21,4.095625,streamflow,9291000,ft3/s,['A'],0
2016-11-22,4.126875,streamflow,9291000,ft3/s,['A'],0
2016-11-23,4.126875,streamflow,9291000,ft3/s,['A'],0
2016-11-24,4.09875,streamflow,9291000,ft3/s,['A'],0
2016-11-25,4.1175003,streamflow,9291000,ft3/s,['A'],0
2016-11-26,4.13,streamflow,9291000,ft3/s,['A'],0
2016-11-27,4.13,streamflow,9291000,ft3/s,['A'],0
2016-11-28,4.13,streamflow,9291000,ft3/s,['A'],0
2016-11-29,4.13,streamflow,9291000,ft3/s,['A'],0
2016-11-30,4.181146,streamflow,9291000,ft3/s,['A'],0
2016-12-01,4.3754168,streamflow,9291000,ft3/s,['A'],0
2016-12-02,4.404479,streamflow,9291000,ft3/s,['A'],0
2016-12-03,4.436771,streamflow,9291000,ft3/s,['A'],0
2016-12-04,4.44,streamflow,9291000,ft3/s,['A'],0
2016-12-05,4.44,streamflow,9291000,ft3/s,['A'],0
2016-12-06,4.44,streamflow,9291000,ft3/s,['A'],0
2016-12-07,4.44,streamflow,9291000,ft3/s,['A'],0
2016-12-08,4.4310417,streamflow,9291000,ft3/s,['A'],0
2016-12-09,4.421146,streamflow,9291000,ft3/s,['A'],0
2016-12-10,4.41125,streamflow,9291000,ft3/s,['A'],0
2016-12-11,4.4014583,streamflow,9291000,ft3/s,['A'],0
2016-12-12,4.3915625,streamflow,9291000,ft3/s,['A'],0
2016-12-13,4.381771,streamflow,9291000,ft3/s,['A'],0
2016-12-14,4.371979,streamflow,9291000,ft3/s,['A'],0
2016-12-15,4.3621874,streamflow,9291000,ft3/s,['A'],0
2016-12-16,4.4511456,streamflow,9291000,ft3/s,['A'],0
2016-12-17,4.3427086,streamflow,9291000,ft3/s,['A'],0
2016-12-18,4.3330207,streamflow,9291000,ft3/s,['A'],0
2016-12-19,4.3233333,streamflow,9291000,ft3/s,['A'],0
2016-12-20,4.3303127,streamflow,9291000,ft3/s,['A'],0
2016-12-21,4.5419793,streamflow,9291000,ft3/s,['A'],0
2016-12-22,4.5684376,streamflow,9291000,ft3/s,['A'],0
2016-12-23,4.5014586,streamflow,9291000,ft3/s,['A'],0
2016-12-24,4.6021876,streamflow,9291000,ft3/s,['A'],0
2016-12-25,4.5845833,streamflow,9291000,ft3/s,['A'],0
2016-12-26,4.469375,streamflow,9291000,ft3/s,['A'],0
2016-12-27,4.5510416,streamflow,9291000,ft3/s,['A'],0
2016-12-28,4.554167,streamflow,9291000,ft3/s,['A'],0
2016-12-29,4.5440626,streamflow,9291000,ft3/s,['A'],0
2016-12-30,4.5339584,streamflow,9291000,ft3/s,['A'],0
2016-12-31,4.5238543,streamflow,9291000,ft3/s,['A'],0
2017-01-01,4.5138545,streamflow,9291000,ft3/s,['A'],0
2017-01-02,4.5215626,streamflow,9291000,ft3/s,['A'],0
2017-01-03,4.493854,streamflow,9291000,ft3/s,['A'],0
2017-01-04,4.4838543,streamflow,9291000,ft3/s,['A'],0
2017-01-05,4.473854,streamflow,9291000,ft3/s,['A'],0
2017-01-06,4.4638543,streamflow,9291000,ft3/s,['A'],0
2017-01-07,4.453958,streamflow,9291000,ft3/s,['A'],0
2017-01-08,4.4578123,streamflow,9291000,ft3/s,['A'],0
2017-01-09,4.523542,streamflow,9291000,ft3/s,['A'],0
2017-01-10,4.4448957,streamflow,9291000,ft3/s,['A'],0
2017-01-11,4.4246874,streamflow,9291000,ft3/s,['A'],0
2017-01-12,4.4045835,streamflow,9291000,ft3/s,['A'],0
2017-01-13,4.3946877,streamflow,9291000,ft3/s,['A'],0
2017-01-14,4.384896,streamflow,9291000,ft3/s,['A'],0
2017-01-15,4.375104,streamflow,9291000,ft3/s,['A'],0
2017-01-16,4.3653126,streamflow,9291000,ft3/s,['A'],0
2017-01-17,4.355625,streamflow,9291000,ft3/s,['A'],0
2017-01-18,4.359479,streamflow,9291000,ft3/s,['A'],0
2017-01-19,4.360104,streamflow,9291000,ft3/s,['A'],0
2017-01-20,4.4539585,streamflow,9291000,ft3/s,['A'],0
2017-01-21,4.5441666,streamflow,9291000,ft3/s,['A'],0
2017-01-22,4.3537498,streamflow,9291000,ft3/s,['A'],0
2017-01-23,4.6115623,streamflow,9291000,ft3/s,['A'],0
2017-01-24,4.4178123,streamflow,9291000,ft3/s,['A'],0
2017-01-25,4.321563,streamflow,9291000,ft3/s,['A'],0
2017-01-26,4.2753124,streamflow,9291000,ft3/s,['A'],0
2017-01-27,4.2991667,streamflow,9291000,ft3/s,['A'],0
2017-01-28,4.324375,streamflow,9291000,ft3/s,['A'],0
2017-01-29,4.5372915,streamflow,9291000,ft3/s,['A'],0
2017-01-30,4.5310416,streamflow,9291000,ft3/s,['A'],0
2017-01-31,4.5079165,streamflow,9291000,ft3/s,['A'],0
2017-02-01,4.5171876,streamflow,9291000,ft3/s,['A'],0
2017-02-02,4.516979,streamflow,9291000,ft3/s,['A'],0
2017-02-03,4.5069795,streamflow,9291000,ft3/s,['A'],0
2017-02-04,4.496979,streamflow,9291000,ft3/s,['A'],0
2017-02-05,4.486979,streamflow,9291000,ft3/s,['A'],0
2017-02-06,4.4769793,streamflow,9291000,ft3/s,['A'],0
2017-02-07,4.466979,streamflow,9291000,ft3/s,['A'],0
2017-02-08,4.4605207,streamflow,9291000,ft3/s,['A'],0
2017-02-09,4.4471874,streamflow,9291000,ft3/s,['A'],0
2017-02-10,4.4372916,streamflow,9291000,ft3/s,['A'],0
2017-02-11,4.427396,streamflow,9291000,ft3/s,['A'],0
2017-02-12,4.4175,streamflow,9291000,ft3/s,['A'],0
2017-02-13,4.407708,streamflow,9291000,ft3/s,['A'],0
2017-02-14,4.3978124,streamflow,9291000,ft3/s,['A'],0
2017-02-15,4.3880205,streamflow,9291000,ft3/s,['A'],0
2017-02-16,4.378229,streamflow,9291000,ft3/s,['A'],0
2017-02-17,4.3684373,streamflow,9291000,ft3/s,['A'],0
2017-02-18,4.3587503,streamflow,9291000,ft3/s,['A'],0
2017-02-19,4.3489585,streamflow,9291000,ft3/s,['A'],0
2017-02-20,4.339271,streamflow,9291000,ft3/s,['A'],0
2017-02-21,4.329583,streamflow,9291000,ft3/s,['A'],0
2017-02-22,4.319896,streamflow,9291000,ft3/s,['A'],0
2017-02-23,4.31,streamflow,9291000,ft3/s,['A'],0
2017-02-24,4.3002086,streamflow,9291000,ft3/s,['A'],0
2017-02-25,4.290625,streamflow,9291000,ft3/s,['A'],0
2017-02-26,4.2809377,streamflow,9291000,ft3/s,['A'],0
2017-02-27,4.271354,streamflow,9291000,ft3/s,['A'],0
2017-02-28,4.261771,streamflow,9291000,ft3/s,['A'],0
2017-03-01,4.2521877,streamflow,9291000,ft3/s,['A'],0
2017-03-02,4.242708,streamflow,9291000,ft3/s,['A'],0
2017-03-03,4.2331247,streamflow,9291000,ft3/s,['A'],0
2017-03-04,4.2236457,streamflow,9291000,ft3/s,['A'],0
2017-03-05,4.2141666,streamflow,9291000,ft3/s,['A'],0
2017-03-06,4.2046876,streamflow,9291000,ft3/s,['A'],0
2017-03-07,4.1953125,streamflow,9291000,ft3/s,['A'],0
2017-03-08,4.1858335,streamflow,9291000,ft3/s,['A'],0
2017-03-09,4.1764584,streamflow,9291000,ft3/s,['A'],0
2017-03-10,4.1670833,streamflow,9291000,ft3/s,['A'],0
2017-03-11,4.157708,streamflow,9291000,ft3/s,['A'],0
2017-03-12,4.1483335,streamflow,9291000,ft3/s,['A'],0
2017-03-13,4.1390624,streamflow,9291000,ft3/s,['A'],0
2017-03-14,4.181875,streamflow,9291000,ft3/s,['A'],0
2017-03-15,6.884896,streamflow,9291000,ft3/s,['A'],0
2017-03-16,8.6125,streamflow,9291000,ft3/s,['A'],0
2017-03-17,8.81875,streamflow,9291000,ft3/s,['A'],0
2017-03-18,9.109688,streamflow,9291000,ft3/s,['A'],0
2017-03-19,9.282292,streamflow,9291000,ft3/s,['A'],0
2017-03-20,9.718646,streamflow,9291000,ft3/s,['A'],0
2017-03-21,9.86,streamflow,9291000,ft3/s,['A'],0
2017-03-22,10.24,streamflow,9291000,ft3/s,['A'],0
2017-03-23,10.8125,streamflow,9291000,ft3/s,['A'],0
2017-03-24,10.7,streamflow,9291000,ft3/s,['A'],0
2017-03-25,11.09375,streamflow,9291000,ft3/s,['A'],0
2017-03-26,11.1,streamflow,9291000,ft3/s,['A'],0
2017-03-27,11.544792,streamflow,9291000,ft3/s,['A'],0
2017-03-28,11.8,streamflow,9291000,ft3/s,['A'],0
2017-03-29,12.091667,streamflow,9291000,ft3/s,['A'],0
2017-03-30,12.508333,streamflow,9291000,ft3/s,['A'],0
2017-03-31,12.575,streamflow,9291000,ft3/s,['A'],0
2017-04-01,13.175,streamflow,9291000,ft3/s,['A'],0
2017-04-02,13.3,streamflow,9291000,ft3/s,['A'],0
2017-04-03,13.3,streamflow,9291000,ft3/s,['A'],0
2017-04-04,13.3,streamflow,9291000,ft3/s,['A'],0
2017-04-05,13.3,streamflow,9291000,ft3/s,['A'],0
2017-04-06,13.3,streamflow,9291000,ft3/s,['A'],0
2017-04-07,13.3,streamflow,9291000,ft3/s,['A'],0
2017-04-08,13.3,streamflow,9291000,ft3/s,['A'],0
2017-04-09,13.458334,streamflow,9291000,ft3/s,['A'],0
2017-04-10,14.847917,streamflow,9291000,ft3/s,['A'],0
2017-04-11,42.017708,streamflow,9291000,ft3/s,['A'],0
2017-04-12,85.23021,streamflow,9291000,ft3/s,['A'],0
2017-04-13,77.95052,streamflow,9291000,ft3/s,['A'],0
2017-04-14,16.7,streamflow,9291000,ft3/s,['A'],0
2017-04-15,51.64479,streamflow,9291000,ft3/s,['A'],0
2017-04-16,193.16667,streamflow,9291000,ft3/s,['A'],0
2017-04-17,197.11458,streamflow,9291000,ft3/s,['A'],0
2017-04-18,213.47917,streamflow,9291000,ft3/s,['A'],0
2017-04-19,214.35417,streamflow,9291000,ft3/s,['A'],0
2017-04-20,223.72917,streamflow,9291000,ft3/s,['A'],0
2017-04-21,223.10417,streamflow,9291000,ft3/s,['A'],0
2017-04-22,222.0,streamflow,9291000,ft3/s,['A'],0
2017-04-23,221.38542,streamflow,9291000,ft3/s,['A'],0
2017-04-24,220.25,streamflow,9291000,ft3/s,['A'],0
2017-04-25,209.77083,streamflow,9291000,ft3/s,['A'],0
2017-04-26,195.6875,streamflow,9291000,ft3/s,['A'],0
2017-04-27,195.71875,streamflow,9291000,ft3/s,['A'],0
2017-04-28,252.82292,streamflow,9291000,ft3/s,['A'],0
2017-04-29,255.20833,streamflow,9291000,ft3/s,['A'],0
2017-04-30,254.16667,streamflow,9291000,ft3/s,['A'],0
2017-05-01,253.25,streamflow,9291000,ft3/s,['A'],0
2017-05-02,252.33333,streamflow,9291000,ft3/s,['A'],0
2017-05-03,250.59375,streamflow,9291000,ft3/s,['A'],0
2017-05-04,340.20834,streamflow,9291000,ft3/s,['A'],0
2017-05-05,527.73956,streamflow,9291000,ft3/s,['A'],0
2017-05-06,524.4375,streamflow,9291000,ft3/s,['A'],0
2017-05-07,522.44794,streamflow,9291000,ft3/s,['A'],0
2017-05-08,521.71875,streamflow,9291000,ft3/s,['A'],0
2017-05-09,521.3958,streamflow,9291000,ft3/s,['A'],0
2017-05-10,521.51044,streamflow,9291000,ft3/s,['A'],0
2017-05-11,524.5625,streamflow,9291000,ft3/s,['A'],0
2017-05-12,524.3333,streamflow,9291000,ft3/s,['A'],0
2017-05-13,527.4167,streamflow,9291000,ft3/s,['A'],0
2017-05-14,532.13544,streamflow,9291000,ft3/s,['A'],0
2017-05-15,533.23956,streamflow,9291000,ft3/s,['A'],0
2017-05-16,533.75,streamflow,9291000,ft3/s,['A'],0
2017-05-17,534.3542,streamflow,9291000,ft3/s,['A'],0
2017-05-18,532.01044,streamflow,9291000,ft3/s,['A'],0
2017-05-19,531.1667,streamflow,9291000,ft3/s,['A'],0
2017-05-20,529.9167,streamflow,9291000,ft3/s,['A'],0
2017-05-21,525.6042,streamflow,9291000,ft3/s,['A'],0
2017-05-22,521.9167,streamflow,9291000,ft3/s,['A'],0
2017-05-23,486.1354,streamflow,9291000,ft3/s,['A'],0
2017-05-24,334.04166,streamflow,9291000,ft3/s,['A'],0
2017-05-25,366.9896,streamflow,9291000,ft3/s,['A'],0
2017-05-26,437.65625,streamflow,9291000,ft3/s,['A'],0
2017-05-27,439.8021,streamflow,9291000,ft3/s,['A'],0
2017-05-28,441.6771,streamflow,9291000,ft3/s,['A'],0
2017-05-29,478.6771,streamflow,9291000,ft3/s,['A'],0
2017-05-30,534.67706,streamflow,9291000,ft3/s,['A'],0
2017-05-31,515.875,streamflow,9291000,ft3/s,['A'],0
2017-06-01,397.71875,streamflow,9291000,ft3/s,['A'],0
2017-06-02,347.58334,streamflow,9291000,ft3/s,['A'],0
2017-06-03,536.0,streamflow,9291000,ft3/s,['A'],0
2017-06-04,825.7917,streamflow,9291000,ft3/s,['A'],0
2017-06-05,847.4375,streamflow,9291000,ft3/s,['A'],0
2017-06-06,1048.4536,streamflow,9291000,ft3/s,['A'],0
2017-06-07,1087.8125,streamflow,9291000,ft3/s,['A'],0
2017-06-08,1081.5625,streamflow,9291000,ft3/s,['A'],0
2017-06-09,1065.4166,streamflow,9291000,ft3/s,['A'],0
2017-06-10,905.6667,streamflow,9291000,ft3/s,['A'],0
2017-06-11,941.3958,streamflow,9291000,ft3/s,['A'],0
2017-06-12,793.67706,streamflow,9291000,ft3/s,['A'],0
2017-06-13,518.55206,streamflow,9291000,ft3/s,['A'],0
2017-06-14,326.16666,streamflow,9291000,ft3/s,['A'],0
2017-06-15,325.5,streamflow,9291000,ft3/s,['A'],0
2017-06-16,421.79166,streamflow,9291000,ft3/s,['A'],0
2017-06-17,566.0833,streamflow,9291000,ft3/s,['A'],0
2017-06-18,746.80206,streamflow,9291000,ft3/s,['A'],0
2017-06-19,671.71875,streamflow,9291000,ft3/s,['A'],0
2017-06-20,611.9375,streamflow,9291000,ft3/s,['A'],0
2017-06-21,635.57294,streamflow,9291000,ft3/s,['A'],0
2017-06-22,583.42706,streamflow,9291000,ft3/s,['A'],0
2017-06-23,511.1354,streamflow,9291000,ft3/s,['A'],0
2017-06-24,467.3229,streamflow,9291000,ft3/s,['A'],0
2017-06-25,386.29166,streamflow,9291000,ft3/s,['A'],0
2017-06-26,376.33334,streamflow,9291000,ft3/s,['A'],0
2017-06-27,360.0625,streamflow,9291000,ft3/s,['A'],0
2017-06-28,342.5625,streamflow,9291000,ft3/s,['A'],0
2017-06-29,335.3854,streamflow,9291000,ft3/s,['A'],0
2017-06-30,327.6146,streamflow,9291000,ft3/s,['A'],0
2017-07-01,320.04166,streamflow,9291000,ft3/s,['A'],0
2017-07-02,317.04166,streamflow,9291000,ft3/s,['A'],0
2017-07-03,314.29166,streamflow,9291000,ft3/s,['A'],0
2017-07-04,328.70834,streamflow,9291000,ft3/s,['A'],0
2017-07-05,321.66666,streamflow,9291000,ft3/s,['A'],0
2017-07-06,319.875,streamflow,9291000,ft3/s,['A'],0
2017-07-07,318.83334,streamflow,9291000,ft3/s,['A'],0
2017-07-08,317.41666,streamflow,9291000,ft3/s,['A'],0
2017-07-09,316.83334,streamflow,9291000,ft3/s,['A'],0
2017-07-10,305.8125,streamflow,9291000,ft3/s,['A'],0
2017-07-11,310.25,streamflow,9291000,ft3/s,['A'],0
2017-07-12,309.70834,streamflow,9291000,ft3/s,['A'],0
2017-07-13,295.58334,streamflow,9291000,ft3/s,['A'],0
2017-07-14,268.96875,streamflow,9291000,ft3/s,['A'],0
2017-07-15,264.71875,streamflow,9291000,ft3/s,['A'],0
2017-07-16,247.21875,streamflow,9291000,ft3/s,['A'],0
2017-07-17,239.75,streamflow,9291000,ft3/s,['A'],0
2017-07-18,246.59375,streamflow,9291000,ft3/s,['A'],0
2017-07-19,239.42708,streamflow,9291000,ft3/s,['A'],0
2017-07-20,239.57292,streamflow,9291000,ft3/s,['A'],0
2017-07-21,242.34375,streamflow,9291000,ft3/s,['A'],0
2017-07-22,248.29167,streamflow,9291000,ft3/s,['A'],0
2017-07-23,247.57292,streamflow,9291000,ft3/s,['A'],0
2017-07-24,232.48958,streamflow,9291000,ft3/s,['A'],0
2017-07-25,225.69792,streamflow,9291000,ft3/s,['A'],0
2017-07-26,227.79167,streamflow,9291000,ft3/s,['A'],0
2017-07-27,227.51042,streamflow,9291000,ft3/s,['A'],0
2017-07-28,227.79167,streamflow,9291000,ft3/s,['A'],0
2017-07-29,227.14583,streamflow,9291000,ft3/s,['A'],0
2017-07-30,228.36458,streamflow,9291000,ft3/s,['A'],0
2017-07-31,217.58333,streamflow,9291000,ft3/s,['A'],0
2017-08-01,235.70833,streamflow,9291000,ft3/s,['A'],0
2017-08-02,243.05208,streamflow,9291000,ft3/s,['A'],0
2017-08-03,243.45833,streamflow,9291000,ft3/s,['A'],0
2017-08-04,253.54167,streamflow,9291000,ft3/s,['A'],0
2017-08-05,255.58333,streamflow,9291000,ft3/s,['A'],0
2017-08-06,255.46875,streamflow,9291000,ft3/s,['A'],0
2017-08-07,263.4479,streamflow,9291000,ft3/s,['A'],0
2017-08-08,255.59375,streamflow,9291000,ft3/s,['A'],0
2017-08-09,261.20834,streamflow,9291000,ft3/s,['A'],0
2017-08-10,260.95834,streamflow,9291000,ft3/s,['A'],0
2017-08-11,259.33334,streamflow,9291000,ft3/s,['A'],0
2017-08-12,258.75,streamflow,9291000,ft3/s,['A'],0
2017-08-13,247.64583,streamflow,9291000,ft3/s,['A'],0
2017-08-14,244.15625,streamflow,9291000,ft3/s,['A'],0
2017-08-15,242.41667,streamflow,9291000,ft3/s,['A'],0
2017-08-16,186.95833,streamflow,9291000,ft3/s,['A'],0
2017-08-17,101.83229,streamflow,9291000,ft3/s,['A'],0
2017-08-18,92.725,streamflow,9291000,ft3/s,['A'],0
2017-08-19,96.120834,streamflow,9291000,ft3/s,['A'],0
2017-08-20,102.3125,streamflow,9291000,ft3/s,['A'],0
2017-08-21,102.020836,streamflow,9291000,ft3/s,['A'],0
2017-08-22,132.82292,streamflow,9291000,ft3/s,['A'],0
2017-08-23,264.60416,streamflow,9291000,ft3/s,['A'],0
2017-08-24,262.75,streamflow,9291000,ft3/s,['A'],0
2017-08-25,259.8854,streamflow,9291000,ft3/s,['A'],0
2017-08-26,257.5625,streamflow,9291000,ft3/s,['A'],0
2017-08-27,270.5521,streamflow,9291000,ft3/s,['A'],0
2017-08-28,271.58334,streamflow,9291000,ft3/s,['A'],0
2017-08-29,279.41666,streamflow,9291000,ft3/s,['A'],0
2017-08-30,287.0104,streamflow,9291000,ft3/s,['A'],0
2017-08-31,290.0104,streamflow,9291000,ft3/s,['A'],0
2017-09-01,294.0104,streamflow,9291000,ft3/s,['A'],0
2017-09-02,299.78125,streamflow,9291000,ft3/s,['A'],0
2017-09-03,298.27084,streamflow,9291000,ft3/s,['A'],0
2017-09-04,296.1875,streamflow,9291000,ft3/s,['A'],0
2017-09-05,298.9896,streamflow,9291000,ft3/s,['A'],0
2017-09-06,297.64584,streamflow,9291000,ft3/s,['A'],0
2017-09-07,298.45834,streamflow,9291000,ft3/s,['A'],0
2017-09-08,256.08334,streamflow,9291000,ft3/s,['A'],0
2017-09-09,246.48958,streamflow,9291000,ft3/s,['A'],0
2017-09-10,240.46875,streamflow,9291000,ft3/s,['A'],0
2017-09-11,117.979164,streamflow,9291000,ft3/s,['A'],0
2017-09-12,95.137505,streamflow,9291000,ft3/s,['A'],0
2017-09-13,84.56146,streamflow,9291000,ft3/s,['A'],0
2017-09-14,97.140625,streamflow,9291000,ft3/s,['A'],0
2017-09-15,89.35833,streamflow,9291000,ft3/s,['A'],0
2017-09-16,60.91875,streamflow,9291000,ft3/s,['A'],0
2017-09-17,56.1,streamflow,9291000,ft3/s,['A'],0
2017-09-18,29.885416,streamflow,9291000,ft3/s,['A'],0
2017-09-19,17.6,streamflow,9291000,ft3/s,['A'],0
2017-09-20,14.781771,streamflow,9291000,ft3/s,['A'],0
2017-09-21,8.274896,streamflow,9291000,ft3/s,['A'],0
2017-09-22,8.473646,streamflow,9291000,ft3/s,['A'],0
2017-09-23,8.17,streamflow,9291000,ft3/s,['A'],0
2017-09-24,8.357708,streamflow,9291000,ft3/s,['A'],0
2017-09-25,8.412916,streamflow,9291000,ft3/s,['A'],0
2017-09-26,8.7,streamflow,9291000,ft3/s,['A'],0
2017-09-27,8.7,streamflow,9291000,ft3/s,['A'],0
2017-09-28,12.361458,streamflow,9291000,ft3/s,['A'],0
2017-09-29,55.421875,streamflow,9291000,ft3/s,['A'],0
2017-09-30,122.22083,streamflow,9291000,ft3/s,['A'],0
2017-10-01,123.125,streamflow,9291000,ft3/s,['A'],0
2017-10-02,123.09375,streamflow,9291000,ft3/s,['A'],0
2017-10-03,133.51042,streamflow,9291000,ft3/s,['A'],0
2017-10-04,148.90625,streamflow,9291000,ft3/s,['A'],0
2017-10-05,147.0625,streamflow,9291000,ft3/s,['A'],0
2017-10-06,146.75,streamflow,9291000,ft3/s,['A'],0
2017-10-07,146.59375,streamflow,9291000,ft3/s,['A'],0
2017-10-08,90.88438,streamflow,9291000,ft3/s,['A'],0
2017-10-09,11.8,streamflow,9291000,ft3/s,['A'],0
2017-10-10,11.8,streamflow,9291000,ft3/s,['A'],0
2017-10-11,11.8,streamflow,9291000,ft3/s,['A'],0
2017-10-12,11.807292,streamflow,9291000,ft3/s,['A'],0
2017-10-13,11.8,streamflow,9291000,ft3/s,['A'],0
2017-10-14,12.142709,streamflow,9291000,ft3/s,['A'],0
2017-10-15,12.5,streamflow,9291000,ft3/s,['A'],0
2017-10-16,12.5,streamflow,9291000,ft3/s,['A'],0
2017-10-17,12.5,streamflow,9291000,ft3/s,['A'],0
2017-10-18,12.5,streamflow,9291000,ft3/s,['A'],0
2017-10-19,12.5,streamflow,9291000,ft3/s,['A'],0
2017-10-20,12.541667,streamflow,9291000,ft3/s,['A'],0
2017-10-21,12.6,streamflow,9291000,ft3/s,['A'],0
2017-10-22,12.541667,streamflow,9291000,ft3/s,['A'],0
2017-10-23,12.5,streamflow,9291000,ft3/s,['A'],0
2017-10-24,12.5,streamflow,9291000,ft3/s,['A'],0
2017-10-25,12.5,streamflow,9291000,ft3/s,['A'],0
2017-10-26,12.5,streamflow,9291000,ft3/s,['A'],0
2017-10-27,12.733334,streamflow,9291000,ft3/s,['A'],0
2017-10-28,12.5,streamflow,9291000,ft3/s,['A'],0
2017-10-29,12.5,streamflow,9291000,ft3/s,['A'],0
2017-10-30,12.5,streamflow,9291000,ft3/s,['A'],0
2017-10-31,11.686563,streamflow,9291000,ft3/s,['A'],0
2017-11-01,9.27,streamflow,9291000,ft3/s,['A'],0
2017-11-02,9.296452,streamflow,9291000,ft3/s,['A'],0
2017-11-03,9.520208,streamflow,9291000,ft3/s,['A'],0
2017-11-04,9.627292,streamflow,9291000,ft3/s,['A'],0
2017-11-05,9.659166,streamflow,9291000,ft3/s,['A'],0
2017-11-06,9.65552,streamflow,9291000,ft3/s,['A'],0
2017-11-07,9.651563,streamflow,9291000,ft3/s,['A'],0
2017-11-08,9.616875,streamflow,9291000,ft3/s,['A'],0
2017-11-09,9.643021,streamflow,9291000,ft3/s,['A'],0
2017-11-10,9.572395,streamflow,9291000,ft3/s,['A'],0
2017-11-11,9.580417,streamflow,9291000,ft3/s,['A'],0
2017-11-12,9.5581255,streamflow,9291000,ft3/s,['A'],0
2017-11-13,9.53,streamflow,9291000,ft3/s,['A'],0
2017-11-14,9.501562,streamflow,9291000,ft3/s,['A'],0
2017-11-15,9.473541,streamflow,9291000,ft3/s,['A'],0
2017-11-16,9.445729,streamflow,9291000,ft3/s,['A'],0
2017-11-17,9.508542,streamflow,9291000,ft3/s,['A'],0
2017-11-18,9.389895,streamflow,9291000,ft3/s,['A'],0
2017-11-19,9.361771,streamflow,9291000,ft3/s,['A'],0
2017-11-20,9.3342705,streamflow,9291000,ft3/s,['A'],0
2017-11-21,9.306771,streamflow,9291000,ft3/s,['A'],0
2017-11-22,9.279271,streamflow,9291000,ft3/s,['A'],0
2017-11-23,9.25125,streamflow,9291000,ft3/s,['A'],0
2017-11-24,9.224062,streamflow,9291000,ft3/s,['A'],0
2017-11-25,9.196875,streamflow,9291000,ft3/s,['A'],0
2017-11-26,9.169479,streamflow,9291000,ft3/s,['A'],0
2017-11-27,9.141666,streamflow,9291000,ft3/s,['A'],0
2017-11-28,9.163125,streamflow,9291000,ft3/s,['A'],0
2017-11-29,9.385417,streamflow,9291000,ft3/s,['A'],0
2017-11-30,9.314896,streamflow,9291000,ft3/s,['A'],0
2017-12-01,9.0575,streamflow,9291000,ft3/s,['A'],0
2017-12-02,9.259791,streamflow,9291000,ft3/s,['A'],0
2017-12-03,9.129896,streamflow,9291000,ft3/s,['A'],0
2017-12-04,9.4625,streamflow,9291000,ft3/s,['A'],0
2017-12-05,9.500313,streamflow,9291000,ft3/s,['A'],0
2017-12-06,9.472187,streamflow,9291000,ft3/s,['A'],0
2017-12-07,9.444271,streamflow,9291000,ft3/s,['A'],0
2017-12-08,9.416458,streamflow,9291000,ft3/s,['A'],0
2017-12-09,9.388854,streamflow,9291000,ft3/s,['A'],0
2017-12-10,9.36052,streamflow,9291000,ft3/s,['A'],0
2017-12-11,9.332812,streamflow,9291000,ft3/s,['A'],0
2017-12-12,9.305313,streamflow,9291000,ft3/s,['A'],0
2017-12-13,9.278229,streamflow,9291000,ft3/s,['A'],0
2017-12-14,9.235937,streamflow,9291000,ft3/s,['A'],0
2017-12-15,9.18125,streamflow,9291000,ft3/s,['A'],0
2017-12-16,9.12625,streamflow,9291000,ft3/s,['A'],0
2017-12-17,9.072187,streamflow,9291000,ft3/s,['A'],0
2017-12-18,9.0175,streamflow,9291000,ft3/s,['A'],0
2017-12-19,8.963854,streamflow,9291000,ft3/s,['A'],0
2017-12-20,9.017709,streamflow,9291000,ft3/s,['A'],0
2017-12-21,9.153334,streamflow,9291000,ft3/s,['A'],0
2017-12-22,8.963125,streamflow,9291000,ft3/s,['A'],0
2017-12-23,9.303958,streamflow,9291000,ft3/s,['A'],0
2017-12-24,9.236875,streamflow,9291000,ft3/s,['A'],0
2017-12-25,9.205417,streamflow,9291000,ft3/s,['A'],0
2017-12-26,9.150625,streamflow,9291000,ft3/s,['A'],0
2017-12-27,9.095833,streamflow,9291000,ft3/s,['A'],0
2017-12-28,9.041771,streamflow,9291000,ft3/s,['A'],0
2017-12-29,8.987396,streamflow,9291000,ft3/s,['A'],0
2017-12-30,8.933958,streamflow,9291000,ft3/s,['A'],0
2017-12-31,8.880104,streamflow,9291000,ft3/s,['A'],0
2018-01-01,8.695,streamflow,9291000,ft3/s,['A'],0
2018-01-02,7.739375,streamflow,9291000,ft3/s,['A'],0
2018-01-03,7.75,streamflow,9291000,ft3/s,['A'],0
2018-01-04,7.881875,streamflow,9291000,ft3/s,['A'],0
2018-01-05,7.8960414,streamflow,9291000,ft3/s,['A'],0
2018-01-06,7.868854,streamflow,9291000,ft3/s,['A'],0
2018-01-07,7.986979,streamflow,9291000,ft3/s,['A'],0
2018-01-08,7.938125,streamflow,9291000,ft3/s,['A'],0
2018-01-09,7.8893747,streamflow,9291000,ft3/s,['A'],0
2018-01-10,7.840729,streamflow,9291000,ft3/s,['A'],0
2018-01-11,7.792396,streamflow,9291000,ft3/s,['A'],0
2018-01-12,7.744479,streamflow,9291000,ft3/s,['A'],0
2018-01-13,7.6970835,streamflow,9291000,ft3/s,['A'],0
2018-01-14,7.6494794,streamflow,9291000,ft3/s,['A'],0
2018-01-15,7.601875,streamflow,9291000,ft3/s,['A'],0
2018-01-16,7.5551043,streamflow,9291000,ft3/s,['A'],0
2018-01-17,7.51375,streamflow,9291000,ft3/s,['A'],0
2018-01-18,7.4769793,streamflow,9291000,ft3/s,['A'],0
2018-01-19,7.67875,streamflow,9291000,ft3/s,['A'],0
2018-01-20,7.5745835,streamflow,9291000,ft3/s,['A'],0
2018-01-21,7.80375,streamflow,9291000,ft3/s,['A'],0
2018-01-22,7.61875,streamflow,9291000,ft3/s,['A'],0
2018-01-23,7.718125,streamflow,9291000,ft3/s,['A'],0
2018-01-24,7.6717706,streamflow,9291000,ft3/s,['A'],0
2018-01-25,7.641875,streamflow,9291000,ft3/s,['A'],0
2018-01-26,7.6185417,streamflow,9291000,ft3/s,['A'],0
2018-01-27,7.5940623,streamflow,9291000,ft3/s,['A'],0
2018-01-28,7.570417,streamflow,9291000,ft3/s,['A'],0
2018-01-29,7.5469794,streamflow,9291000,ft3/s,['A'],0
2018-01-30,7.538021,streamflow,9291000,ft3/s,['A'],0
2018-01-31,7.499271,streamflow,9291000,ft3/s,['A'],0
2018-02-01,7.5484376,streamflow,9291000,ft3/s,['A'],0
2018-02-02,7.4980206,streamflow,9291000,ft3/s,['A'],0
2018-02-03,7.4286456,streamflow,9291000,ft3/s,['A'],0
2018-02-04,7.4049997,streamflow,9291000,ft3/s,['A'],0
2018-02-05,7.4683332,streamflow,9291000,ft3/s,['A'],0
2018-02-06,7.5278125,streamflow,9291000,ft3/s,['A'],0
2018-02-07,7.610729,streamflow,9291000,ft3/s,['A'],0
2018-02-08,7.566458,streamflow,9291000,ft3/s,['A'],0
2018-02-09,7.629896,streamflow,9291000,ft3/s,['A'],0
2018-02-10,7.707083,streamflow,9291000,ft3/s,['A'],0
2018-02-11,7.7287498,streamflow,9291000,ft3/s,['A'],0
2018-02-12,7.7041664,streamflow,9291000,ft3/s,['A'],0
2018-02-13,7.6801043,streamflow,9291000,ft3/s,['A'],0
2018-02-14,7.65625,streamflow,9291000,ft3/s,['A'],0
2018-02-15,7.6316667,streamflow,9291000,ft3/s,['A'],0
2018-02-16,7.608333,streamflow,9291000,ft3/s,['A'],0
2018-02-17,7.583854,streamflow,9291000,ft3/s,['A'],0
2018-02-18,7.5602083,streamflow,9291000,ft3/s,['A'],0
2018-02-19,7.5420833,streamflow,9291000,ft3/s,['A'],0
2018-02-20,7.5175,streamflow,9291000,ft3/s,['A'],0
2018-02-21,7.4891667,streamflow,9291000,ft3/s,['A'],0
2018-02-22,7.465521,streamflow,9291000,ft3/s,['A'],0
2018-02-23,7.530104,streamflow,9291000,ft3/s,['A'],0
2018-02-24,7.439479,streamflow,9291000,ft3/s,['A'],0
2018-02-25,7.4359374,streamflow,9291000,ft3/s,['A'],0
2018-02-26,7.4845834,streamflow,9291000,ft3/s,['A'],0
2018-02-27,7.6408334,streamflow,9291000,ft3/s,['A'],0
2018-02-28,7.7080207,streamflow,9291000,ft3/s,['A'],0
2018-03-01,7.7654166,streamflow,9291000,ft3/s,['A'],0
2018-03-02,7.7670836,streamflow,9291000,ft3/s,['A'],0
2018-03-03,7.741979,streamflow,9291000,ft3/s,['A'],0
2018-03-04,7.7185416,streamflow,9291000,ft3/s,['A'],0
2018-03-05,7.69375,streamflow,9291000,ft3/s,['A'],0
2018-03-06,7.6589584,streamflow,9291000,ft3/s,['A'],0
2018-03-07,7.4,streamflow,9291000,ft3/s,['A'],0
2018-03-08,7.4,streamflow,9291000,ft3/s,['A'],0
2018-03-09,7.4,streamflow,9291000,ft3/s,['A'],0
2018-03-10,7.4,streamflow,9291000,ft3/s,['A'],0
2018-03-11,7.4,streamflow,9291000,ft3/s,['A'],0
2018-03-12,7.4,streamflow,9291000,ft3/s,['A'],0
2018-03-13,7.4,streamflow,9291000,ft3/s,['A'],0
2018-03-14,7.4,streamflow,9291000,ft3/s,['A'],0
2018-03-15,7.4333334,streamflow,9291000,ft3/s,['A'],0
2018-03-16,7.4041667,streamflow,9291000,ft3/s,['A'],0
2018-03-17,7.65,streamflow,9291000,ft3/s,['A'],0
2018-03-18,7.8,streamflow,9291000,ft3/s,['A'],0
2018-03-19,7.766667,streamflow,9291000,ft3/s,['A'],0
2018-03-20,7.796042,streamflow,9291000,ft3/s,['A'],0
2018-03-21,7.8,streamflow,9291000,ft3/s,['A'],0
2018-03-22,7.8,streamflow,9291000,ft3/s,['A'],0
2018-03-23,7.8726044,streamflow,9291000,ft3/s,['A'],0
2018-03-24,7.898229,streamflow,9291000,ft3/s,['A'],0
2018-03-25,7.864063,streamflow,9291000,ft3/s,['A'],0
2018-03-26,7.898229,streamflow,9291000,ft3/s,['A'],0
2018-03-27,7.898229,streamflow,9291000,ft3/s,['A'],0
2018-03-28,7.8213544,streamflow,9291000,ft3/s,['A'],0
2018-03-29,7.779896,streamflow,9291000,ft3/s,['A'],0
2018-03-30,7.8,streamflow,9291000,ft3/s,['A'],0
2018-03-31,7.8,streamflow,9291000,ft3/s,['A'],0
2018-04-01,7.8,streamflow,9291000,ft3/s,['A'],0
2018-04-02,7.8,streamflow,9291000,ft3/s,['A'],0
2018-04-03,7.8384376,streamflow,9291000,ft3/s,['A'],0
2018-04-04,7.8,streamflow,9291000,ft3/s,['A'],0
2018-04-05,7.8,streamflow,9291000,ft3/s,['A'],0
2018-04-06,7.8,streamflow,9291000,ft3/s,['A'],0
2018-04-07,7.8170834,streamflow,9291000,ft3/s,['A'],0
2018-04-08,7.812813,streamflow,9291000,ft3/s,['A'],0
2018-04-09,7.8,streamflow,9291000,ft3/s,['A'],0
2018-04-10,7.8,streamflow,9291000,ft3/s,['A'],0
2018-04-11,7.8,streamflow,9291000,ft3/s,['A'],0
2018-04-12,7.804271,streamflow,9291000,ft3/s,['A'],0
2018-04-13,7.9921875,streamflow,9291000,ft3/s,['A'],0
2018-04-14,7.9281254,streamflow,9291000,ft3/s,['A'],0
2018-04-15,8.094687,streamflow,9291000,ft3/s,['A'],0
2018-04-16,8.116042,streamflow,9291000,ft3/s,['A'],0
2018-04-17,8.0180855,streamflow,9291000,ft3/s,['A'],0
2018-04-18,8.21,streamflow,9291000,ft3/s,['A'],0
2018-04-19,8.21,streamflow,9291000,ft3/s,['A'],0
2018-04-20,8.201458,streamflow,9291000,ft3/s,['A'],0
2018-04-21,8.124583,streamflow,9291000,ft3/s,['A'],0
2018-04-22,7.915313,streamflow,9291000,ft3/s,['A'],0
2018-04-23,7.834167,streamflow,9291000,ft3/s,['A'],0
2018-04-24,7.8737082,streamflow,9291000,ft3/s,['A'],0
2018-04-25,7.8,streamflow,9291000,ft3/s,['A'],0
2018-04-26,7.8,streamflow,9291000,ft3/s,['A'],0
2018-04-27,7.8,streamflow,9291000,ft3/s,['A'],0
2018-04-28,7.7250004,streamflow,9291000,ft3/s,['A'],0
2018-04-29,7.7583337,streamflow,9291000,ft3/s,['A'],0
2018-04-30,7.8,streamflow,9291000,ft3/s,['A'],0
2018-05-01,7.8,streamflow,9291000,ft3/s,['A'],0
2018-05-02,8.034896,streamflow,9291000,ft3/s,['A'],0
2018-05-03,7.8170834,streamflow,9291000,ft3/s,['A'],0
2018-05-04,7.936667,streamflow,9291000,ft3/s,['A'],0
2018-05-05,8.192917,streamflow,9291000,ft3/s,['A'],0
2018-05-06,33.29125,streamflow,9291000,ft3/s,['A'],0
2018-05-07,141.61458,streamflow,9291000,ft3/s,['A'],0
2018-05-08,293.5625,streamflow,9291000,ft3/s,['A'],0
2018-05-09,212.35417,streamflow,9291000,ft3/s,['A'],0
2018-05-10,143.6875,streamflow,9291000,ft3/s,['A'],0
2018-05-11,157.125,streamflow,9291000,ft3/s,['A'],0
2018-05-12,191.57292,streamflow,9291000,ft3/s,['A'],0
2018-05-13,300.02084,streamflow,9291000,ft3/s,['A'],0
2018-05-14,338.5,streamflow,9291000,ft3/s,['A'],0
2018-05-15,345.5,streamflow,9291000,ft3/s,['A'],0
2018-05-16,372.41666,streamflow,9291000,ft3/s,['A'],0
2018-05-17,299.2396,streamflow,9291000,ft3/s,['A'],0
2018-05-18,195.70833,streamflow,9291000,ft3/s,['A'],0
2018-05-19,199.52083,streamflow,9291000,ft3/s,['A'],0
2018-05-20,223.15625,streamflow,9291000,ft3/s,['A'],0
2018-05-21,219.28125,streamflow,9291000,ft3/s,['A'],0
2018-05-22,180.6875,streamflow,9291000,ft3/s,['A'],0
2018-05-23,210.88542,streamflow,9291000,ft3/s,['A'],0
2018-05-24,269.77084,streamflow,9291000,ft3/s,['A'],0
2018-05-25,239.125,streamflow,9291000,ft3/s,['A'],0
2018-05-26,190.30208,streamflow,9291000,ft3/s,['A'],0
2018-05-27,257.3646,streamflow,9291000,ft3/s,['A'],0
2018-05-28,281.1979,streamflow,9291000,ft3/s,['A'],0
2018-05-29,366.95834,streamflow,9291000,ft3/s,['A'],0
2018-05-30,328.8229,streamflow,9291000,ft3/s,['A'],0
2018-05-31,262.125,streamflow,9291000,ft3/s,['A'],0
2018-06-01,238.25,streamflow,9291000,ft3/s,['A'],0
2018-06-02,276.08334,streamflow,9291000,ft3/s,['A'],0
2018-06-03,282.53125,streamflow,9291000,ft3/s,['A'],0
2018-06-04,292.1354,streamflow,9291000,ft3/s,['A'],0
2018-06-05,308.375,streamflow,9291000,ft3/s,['A'],0
2018-06-06,308.29166,streamflow,9291000,ft3/s,['A'],0
2018-06-07,323.39584,streamflow,9291000,ft3/s,['A'],0
2018-06-08,337.3021,streamflow,9291000,ft3/s,['A'],0
2018-06-09,290.20834,streamflow,9291000,ft3/s,['A'],0
2018-06-10,311.40625,streamflow,9291000,ft3/s,['A'],0
2018-06-11,318.45834,streamflow,9291000,ft3/s,['A'],0
2018-06-12,333.625,streamflow,9291000,ft3/s,['A'],0
2018-06-13,334.58334,streamflow,9291000,ft3/s,['A'],0
2018-06-14,339.91666,streamflow,9291000,ft3/s,['A'],0
2018-06-15,361.33334,streamflow,9291000,ft3/s,['A'],0
2018-06-16,387.0,streamflow,9291000,ft3/s,['A'],0
2018-06-17,394.54166,streamflow,9291000,ft3/s,['A'],0
2018-06-18,358.54166,streamflow,9291000,ft3/s,['A'],0
2018-06-19,354.54166,streamflow,9291000,ft3/s,['A'],0
2018-06-20,370.16666,streamflow,9291000,ft3/s,['A'],0
2018-06-21,395.59375,streamflow,9291000,ft3/s,['A'],0
2018-06-22,391.08334,streamflow,9291000,ft3/s,['A'],0
2018-06-23,373.04166,streamflow,9291000,ft3/s,['A'],0
2018-06-24,369.66666,streamflow,9291000,ft3/s,['A'],0
2018-06-25,372.25,streamflow,9291000,ft3/s,['A'],0
2018-06-26,369.375,streamflow,9291000,ft3/s,['A'],0
2018-06-27,371.58334,streamflow,9291000,ft3/s,['A'],0
2018-06-28,343.83334,streamflow,9291000,ft3/s,['A'],0
2018-06-29,348.58334,streamflow,9291000,ft3/s,['A'],0
2018-06-30,346.20834,streamflow,9291000,ft3/s,['A'],0
2018-07-01,344.5,streamflow,9291000,ft3/s,['A'],0
2018-07-02,335.25,streamflow,9291000,ft3/s,['A'],0
2018-07-03,332.20834,streamflow,9291000,ft3/s,['A'],0
2018-07-04,340.75,streamflow,9291000,ft3/s,['A'],0
2018-07-05,338.375,streamflow,9291000,ft3/s,['A'],0
2018-07-06,333.79166,streamflow,9291000,ft3/s,['A'],0
2018-07-07,320.15625,streamflow,9291000,ft3/s,['A'],0
2018-07-08,320.21875,streamflow,9291000,ft3/s,['A'],0
2018-07-09,314.3854,streamflow,9291000,ft3/s,['A'],0
2018-07-10,312.66666,streamflow,9291000,ft3/s,['A'],0
2018-07-11,311.33334,streamflow,9291000,ft3/s,['A'],0
2018-07-12,309.78125,streamflow,9291000,ft3/s,['A'],0
2018-07-13,307.75,streamflow,9291000,ft3/s,['A'],0
2018-07-14,306.41666,streamflow,9291000,ft3/s,['A'],0
2018-07-15,304.70834,streamflow,9291000,ft3/s,['A'],0
2018-07-16,204.67708,streamflow,9291000,ft3/s,['A'],0
2018-07-17,196.125,streamflow,9291000,ft3/s,['A'],0
2018-07-18,195.25,streamflow,9291000,ft3/s,['A'],0
2018-07-19,194.33333,streamflow,9291000,ft3/s,['A'],0
2018-07-20,194.08333,streamflow,9291000,ft3/s,['A'],0
2018-07-21,193.78125,streamflow,9291000,ft3/s,['A'],0
2018-07-22,193.21875,streamflow,9291000,ft3/s,['A'],0
2018-07-23,192.3125,streamflow,9291000,ft3/s,['A'],0
2018-07-24,191.71875,streamflow,9291000,ft3/s,['A'],0
2018-07-25,191.1875,streamflow,9291000,ft3/s,['A'],0
2018-07-26,223.26042,streamflow,9291000,ft3/s,['A'],0
2018-07-27,273.54166,streamflow,9291000,ft3/s,['A'],0
2018-07-28,271.75,streamflow,9291000,ft3/s,['A'],0
2018-07-29,269.3125,streamflow,9291000,ft3/s,['A'],0
2018-07-30,267.40625,streamflow,9291000,ft3/s,['A'],0
2018-07-31,258.1979,streamflow,9291000,ft3/s,['A'],0
2018-08-01,236.3125,streamflow,9291000,ft3/s,['A'],0
2018-08-02,224.96875,streamflow,9291000,ft3/s,['A'],0
2018-08-03,221.22917,streamflow,9291000,ft3/s,['A'],0
2018-08-04,219.54167,streamflow,9291000,ft3/s,['A'],0
2018-08-05,218.13542,streamflow,9291000,ft3/s,['A'],0
2018-08-06,217.13542,streamflow,9291000,ft3/s,['A'],0
2018-08-07,206.40625,streamflow,9291000,ft3/s,['A'],0
2018-08-08,147.26042,streamflow,9291000,ft3/s,['A'],0
2018-08-09,117.0,streamflow,9291000,ft3/s,['A'],0
2018-08-10,116.979164,streamflow,9291000,ft3/s,['A'],0
2018-08-11,117.0,streamflow,9291000,ft3/s,['A'],0
2018-08-12,116.625,streamflow,9291000,ft3/s,['A'],0
2018-08-13,115.75,streamflow,9291000,ft3/s,['A'],0
2018-08-14,115.1875,streamflow,9291000,ft3/s,['A'],0
2018-08-15,115.020836,streamflow,9291000,ft3/s,['A'],0
2018-08-16,115.0,streamflow,9291000,ft3/s,['A'],0
2018-08-17,115.0,streamflow,9291000,ft3/s,['A'],0
2018-08-18,114.9375,streamflow,9291000,ft3/s,['A'],0
2018-08-19,114.666664,streamflow,9291000,ft3/s,['A'],0
2018-08-20,114.208336,streamflow,9291000,ft3/s,['A'],0
2018-08-21,113.416664,streamflow,9291000,ft3/s,['A'],0
2018-08-22,113.354164,streamflow,9291000,ft3/s,['A'],0
2018-08-23,82.35208,streamflow,9291000,ft3/s,['A'],0
2018-08-24,76.08021,streamflow,9291000,ft3/s,['A'],0
2018-08-25,76.06042,streamflow,9291000,ft3/s,['A'],0
2018-08-26,72.4427,streamflow,9291000,ft3/s,['A'],0
2018-08-27,67.11771,streamflow,9291000,ft3/s,['A'],0
2018-08-28,63.41354,streamflow,9291000,ft3/s,['A'],0
2018-08-29,51.95625,streamflow,9291000,ft3/s,['A'],0
2018-08-30,52.235416,streamflow,9291000,ft3/s,['A'],0
2018-08-31,66.26979,streamflow,9291000,ft3/s,['A'],0
2018-09-01,59.015625,streamflow,9291000,ft3/s,['A'],0
2018-09-02,59.015625,streamflow,9291000,ft3/s,['A'],0
2018-09-03,59.0,streamflow,9291000,ft3/s,['A'],0
2018-09-04,59.0,streamflow,9291000,ft3/s,['A'],0
2018-09-05,59.0,streamflow,9291000,ft3/s,['A'],0
2018-09-06,59.0,streamflow,9291000,ft3/s,['A'],0
2018-09-07,39.19479,streamflow,9291000,ft3/s,['A'],0
2018-09-08,21.8,streamflow,9291000,ft3/s,['A'],0
2018-09-09,21.8,streamflow,9291000,ft3/s,['A'],0
2018-09-10,21.8,streamflow,9291000,ft3/s,['A'],0
2018-09-11,21.8,streamflow,9291000,ft3/s,['A'],0
2018-09-12,21.8,streamflow,9291000,ft3/s,['A'],0
2018-09-13,21.8,streamflow,9291000,ft3/s,['A'],0
2018-09-14,21.8,streamflow,9291000,ft3/s,['A'],0
2018-09-15,21.8,streamflow,9291000,ft3/s,['A'],0
2018-09-16,21.8,streamflow,9291000,ft3/s,['A'],0
2018-09-17,32.916668,streamflow,9291000,ft3/s,['A'],0
2018-09-18,48.128124,streamflow,9291000,ft3/s,['A'],0
2018-09-19,47.909374,streamflow,9291000,ft3/s,['A'],0
2018-09-20,47.821873,streamflow,9291000,ft3/s,['A'],0
2018-09-21,47.8,streamflow,9291000,ft3/s,['A'],0
2018-09-22,47.84375,streamflow,9291000,ft3/s,['A'],0
2018-09-23,47.865623,streamflow,9291000,ft3/s,['A'],0
2018-09-24,34.047916,streamflow,9291000,ft3/s,['A'],0
2018-09-25,10.4,streamflow,9291000,ft3/s,['A'],0
2018-09-26,10.4,streamflow,9291000,ft3/s,['A'],0
2018-09-27,10.4,streamflow,9291000,ft3/s,['A'],0
2018-09-28,9.687604,streamflow,9291000,ft3/s,['A'],0
2018-09-29,7.26,streamflow,9291000,ft3/s,['A'],0
2018-09-30,7.264792,streamflow,9291000,ft3/s,['A'],0
2018-10-01,6.339688,streamflow,9291000,ft3/s,['A'],0
2018-10-02,3.6340625,streamflow,9291000,ft3/s,['A'],0
2018-10-03,3.8182292,streamflow,9291000,ft3/s,['A'],0
2018-10-04,3.8376842,streamflow,9291000,ft3/s,['A'],0
2018-10-05,3.7970834,streamflow,9291000,ft3/s,['A'],0
2018-10-06,3.79,streamflow,9291000,ft3/s,['A'],0
2018-10-07,3.8854167,streamflow,9291000,ft3/s,['A'],0
2018-10-08,3.94625,streamflow,9291000,ft3/s,['A'],0
2018-10-09,4.0,streamflow,9291000,ft3/s,['A'],0
2018-10-10,4.0464582,streamflow,9291000,ft3/s,['A'],0
2018-10-11,4.0165625,streamflow,9291000,ft3/s,['A'],0
2018-10-12,4.045,streamflow,9291000,ft3/s,['A'],0
2018-10-13,4.120625,streamflow,9291000,ft3/s,['A'],0
2018-10-14,4.2036457,streamflow,9291000,ft3/s,['A'],0
2018-10-15,4.1985416,streamflow,9291000,ft3/s,['A'],0
2018-10-16,4.19,streamflow,9291000,ft3/s,['A'],0
2018-10-17,4.1019793,streamflow,9291000,ft3/s,['A'],0
2018-10-18,4.1992707,streamflow,9291000,ft3/s,['A'],0
2018-10-19,4.17,streamflow,9291000,ft3/s,['A'],0
2018-10-20,4.1609373,streamflow,9291000,ft3/s,['A'],0
2018-10-21,4.1584373,streamflow,9291000,ft3/s,['A'],0
2018-10-22,4.15,streamflow,9291000,ft3/s,['A'],0
2018-10-23,4.1790624,streamflow,9291000,ft3/s,['A'],0
2018-10-24,4.1385417,streamflow,9291000,ft3/s,['A'],0
2018-10-25,4.13,streamflow,9291000,ft3/s,['A'],0
2018-10-26,4.123646,streamflow,9291000,ft3/s,['A'],0
2018-10-27,4.11875,streamflow,9291000,ft3/s,['A'],0
2018-10-28,4.11,streamflow,9291000,ft3/s,['A'],0
2018-10-29,4.103958,streamflow,9291000,ft3/s,['A'],0
2018-10-30,4.0991664,streamflow,9291000,ft3/s,['A'],0
2018-10-31,4.09,streamflow,9291000,ft3/s,['A'],0
2018-11-01,4.084375,streamflow,9291000,ft3/s,['A'],0
2018-11-02,4.079583,streamflow,9291000,ft3/s,['A'],0
2018-11-03,4.072604,streamflow,9291000,ft3/s,['A'],0
2018-11-04,4.07,streamflow,9291000,ft3/s,['A'],0
2018-11-05,4.06,streamflow,9291000,ft3/s,['A'],0
2018-11-06,4.048021,streamflow,9291000,ft3/s,['A'],0
2018-11-07,4.025625,streamflow,9291000,ft3/s,['A'],0
2018-11-08,4.043646,streamflow,9291000,ft3/s,['A'],0
2018-11-09,4.0602083,streamflow,9291000,ft3/s,['A'],0
2018-11-10,4.076875,streamflow,9291000,ft3/s,['A'],0
2018-11-11,4.0946875,streamflow,9291000,ft3/s,['A'],0
2018-11-12,4.111875,streamflow,9291000,ft3/s,['A'],0
2018-11-13,4.12875,streamflow,9291000,ft3/s,['A'],0
2018-11-14,4.145729,streamflow,9291000,ft3/s,['A'],0
2018-11-15,4.120312,streamflow,9291000,ft3/s,['A'],0
2018-11-16,4.006562,streamflow,9291000,ft3/s,['A'],0
2018-11-17,3.9739583,streamflow,9291000,ft3/s,['A'],0
2018-11-18,3.8631248,streamflow,9291000,ft3/s,['A'],0
2018-11-19,3.837396,streamflow,9291000,ft3/s,['A'],0
2018-11-20,3.554375,streamflow,9291000,ft3/s,['A'],0
2018-11-21,3.5496874,streamflow,9291000,ft3/s,['A'],0
2018-11-22,3.561979,streamflow,9291000,ft3/s,['A'],0
2018-11-23,3.4735415,streamflow,9291000,ft3/s,['A'],0
2018-11-24,3.2691667,streamflow,9291000,ft3/s,['A'],0
2018-11-25,3.3091667,streamflow,9291000,ft3/s,['A'],0
2018-11-26,3.3027081,streamflow,9291000,ft3/s,['A'],0
2018-11-27,3.3267708,streamflow,9291000,ft3/s,['A'],0
2018-11-28,3.3546875,streamflow,9291000,ft3/s,['A'],0
2018-11-29,3.3970833,streamflow,9291000,ft3/s,['A'],0
2018-11-30,3.4228127,streamflow,9291000,ft3/s,['A'],0
2018-12-01,3.4003127,streamflow,9291000,ft3/s,['A'],0
2018-12-02,3.4153125,streamflow,9291000,ft3/s,['A'],0
2018-12-03,3.7796874,streamflow,9291000,ft3/s,['A'],0
2018-12-04,4.130104,streamflow,9291000,ft3/s,['A'],0
2018-12-05,4.221667,streamflow,9291000,ft3/s,['A'],0
2018-12-06,4.168646,streamflow,9291000,ft3/s,['A'],0
2018-12-07,4.2059374,streamflow,9291000,ft3/s,['A'],0
2018-12-08,4.199479,streamflow,9291000,ft3/s,['A'],0
2018-12-09,4.2165623,streamflow,9291000,ft3/s,['A'],0
2018-12-10,4.250625,streamflow,9291000,ft3/s,['A'],0
2018-12-11,4.319479,streamflow,9291000,ft3/s,['A'],0
2018-12-12,4.4202085,streamflow,9291000,ft3/s,['A'],0
2018-12-13,4.600729,streamflow,9291000,ft3/s,['A'],0
2018-12-14,4.606875,streamflow,9291000,ft3/s,['A'],0
2018-12-15,4.689479,streamflow,9291000,ft3/s,['A'],0
2018-12-16,4.6447916,streamflow,9291000,ft3/s,['A'],0
2018-12-17,4.7036457,streamflow,9291000,ft3/s,['A'],0
2018-12-18,4.5602083,streamflow,9291000,ft3/s,['A'],0
2018-12-19,4.428646,streamflow,9291000,ft3/s,['A'],0
2018-12-20,4.534375,streamflow,9291000,ft3/s,['A'],0
2018-12-21,4.5779166,streamflow,9291000,ft3/s,['A'],0
2018-12-22,4.620625,streamflow,9291000,ft3/s,['A'],0
2018-12-23,4.492708,streamflow,9291000,ft3/s,['A'],0
2018-12-24,4.6852083,streamflow,9291000,ft3/s,['A'],0
2018-12-25,4.7378125,streamflow,9291000,ft3/s,['A'],0
2018-12-26,4.725,streamflow,9291000,ft3/s,['A'],0
2018-12-27,4.7241664,streamflow,9291000,ft3/s,['A'],0
2018-12-28,4.62625,streamflow,9291000,ft3/s,['A'],0
2018-12-29,4.485833,streamflow,9291000,ft3/s,['A'],0
2018-12-30,4.389583,streamflow,9291000,ft3/s,['A'],0
2018-12-31,4.3427086,streamflow,9291000,ft3/s,['A'],0
2019-01-01,4.34,streamflow,9291000,ft3/s,['A'],0
2019-01-02,4.34,streamflow,9291000,ft3/s,['A'],0
2019-01-03,4.3366666,streamflow,9291000,ft3/s,['A'],0
2019-01-04,3.99625,streamflow,9291000,ft3/s,['A'],0
2019-01-05,3.9850001,streamflow,9291000,ft3/s,['A'],0
2019-01-06,4.1778126,streamflow,9291000,ft3/s,['A'],0
2019-01-07,4.02,streamflow,9291000,ft3/s,['A'],0
2019-01-08,3.96,streamflow,9291000,ft3/s,['A'],0
2019-01-09,3.958125,streamflow,9291000,ft3/s,['A'],0
2019-01-10,3.95,streamflow,9291000,ft3/s,['A'],0
2019-01-11,3.95,streamflow,9291000,ft3/s,['A'],0
2019-01-12,3.95,streamflow,9291000,ft3/s,['A'],0
2019-01-13,3.9441667,streamflow,9291000,ft3/s,['A'],0
2019-01-14,3.94,streamflow,9291000,ft3/s,['A'],0
2019-01-15,3.94,streamflow,9291000,ft3/s,['A'],0
2019-01-16,3.94,streamflow,9291000,ft3/s,['A'],0
2019-01-17,3.9453125,streamflow,9291000,ft3/s,['A'],0
2019-01-18,3.9862502,streamflow,9291000,ft3/s,['A'],0
2019-01-19,3.93,streamflow,9291000,ft3/s,['A'],0
2019-01-20,3.9264584,streamflow,9291000,ft3/s,['A'],0
2019-01-21,3.9350002,streamflow,9291000,ft3/s,['A'],0
2019-01-22,3.9237502,streamflow,9291000,ft3/s,['A'],0
2019-01-23,3.92,streamflow,9291000,ft3/s,['A'],0
2019-01-24,3.9127085,streamflow,9291000,ft3/s,['A'],0
2019-01-25,3.91,streamflow,9291000,ft3/s,['A'],0
2019-01-26,3.91,streamflow,9291000,ft3/s,['A'],0
2019-01-27,3.9090626,streamflow,9291000,ft3/s,['A'],0
2019-01-28,3.9,streamflow,9291000,ft3/s,['A'],0
2019-01-29,3.9,streamflow,9291000,ft3/s,['A'],0
2019-01-30,3.9,streamflow,9291000,ft3/s,['A'],0
2019-01-31,3.8954167,streamflow,9291000,ft3/s,['A'],0
2019-02-01,3.89,streamflow,9291000,ft3/s,['A'],0
2019-02-02,3.89,streamflow,9291000,ft3/s,['A'],0
2019-02-03,3.9491668,streamflow,9291000,ft3/s,['A'],0
2019-02-04,3.881875,streamflow,9291000,ft3/s,['A'],0
2019-02-05,3.9137502,streamflow,9291000,ft3/s,['A'],0
2019-02-06,3.88,streamflow,9291000,ft3/s,['A'],0
2019-02-07,3.8783333,streamflow,9291000,ft3/s,['A'],0
2019-02-08,3.87,streamflow,9291000,ft3/s,['A'],0
2019-02-09,3.87,streamflow,9291000,ft3/s,['A'],0
2019-02-10,3.87,streamflow,9291000,ft3/s,['A'],0
2019-02-11,3.8648958,streamflow,9291000,ft3/s,['A'],0
2019-02-12,3.8565624,streamflow,9291000,ft3/s,['A'],0
2019-02-13,3.86,streamflow,9291000,ft3/s,['A'],0
2019-02-14,3.86,streamflow,9291000,ft3/s,['A'],0
2019-02-15,3.8664582,streamflow,9291000,ft3/s,['A'],0
2019-02-16,3.8464582,streamflow,9291000,ft3/s,['A'],0
2019-02-17,3.775625,streamflow,9291000,ft3/s,['A'],0
2019-02-18,3.6719792,streamflow,9291000,ft3/s,['A'],0
2019-02-19,3.6165624,streamflow,9291000,ft3/s,['A'],0
2019-02-20,3.57125,streamflow,9291000,ft3/s,['A'],0
2019-02-21,3.585,streamflow,9291000,ft3/s,['A'],0
2019-02-22,3.7180207,streamflow,9291000,ft3/s,['A'],0
2019-02-23,3.5790625,streamflow,9291000,ft3/s,['A'],0
2019-02-24,3.563125,streamflow,9291000,ft3/s,['A'],0
2019-02-25,3.606875,streamflow,9291000,ft3/s,['A'],0
2019-02-26,3.5315626,streamflow,9291000,ft3/s,['A'],0
2019-02-27,3.510625,streamflow,9291000,ft3/s,['A'],0
2019-02-28,3.4927084,streamflow,9291000,ft3/s,['A'],0
2019-03-01,3.48,streamflow,9291000,ft3/s,['A'],0
2019-03-02,3.48,streamflow,9291000,ft3/s,['A'],0
2019-03-03,3.48,streamflow,9291000,ft3/s,['A'],0
2019-03-04,3.47125,streamflow,9291000,ft3/s,['A'],0
2019-03-05,3.47,streamflow,9291000,ft3/s,['A'],0
2019-03-06,3.5284376,streamflow,9291000,ft3/s,['A'],0
2019-03-07,3.47,streamflow,9291000,ft3/s,['A'],0
2019-03-08,3.4958334,streamflow,9291000,ft3/s,['A'],0
2019-03-09,3.46,streamflow,9291000,ft3/s,['A'],0
2019-03-10,3.46,streamflow,9291000,ft3/s,['A'],0
2019-03-11,3.4596875,streamflow,9291000,ft3/s,['A'],0
2019-03-12,3.45,streamflow,9291000,ft3/s,['A'],0
2019-03-13,3.45,streamflow,9291000,ft3/s,['A'],0
2019-03-14,3.45,streamflow,9291000,ft3/s,['A'],0
2019-03-15,3.4489584,streamflow,9291000,ft3/s,['A'],0
2019-03-16,3.44,streamflow,9291000,ft3/s,['A'],0
2019-03-17,3.44,streamflow,9291000,ft3/s,['A'],0
2019-03-18,3.44,streamflow,9291000,ft3/s,['A'],0
2019-03-19,3.4384375,streamflow,9291000,ft3/s,['A'],0
2019-03-20,3.43,streamflow,9291000,ft3/s,['A'],0
2019-03-21,3.4575,streamflow,9291000,ft3/s,['A'],0
2019-03-22,3.4334376,streamflow,9291000,ft3/s,['A'],0
2019-03-23,3.4278126,streamflow,9291000,ft3/s,['A'],0
2019-03-24,3.426875,streamflow,9291000,ft3/s,['A'],0
2019-03-25,3.42,streamflow,9291000,ft3/s,['A'],0
2019-03-26,3.42,streamflow,9291000,ft3/s,['A'],0
2019-03-27,3.4173958,streamflow,9291000,ft3/s,['A'],0
2019-03-28,3.41,streamflow,9291000,ft3/s,['A'],0
2019-03-29,3.41,streamflow,9291000,ft3/s,['A'],0
2019-03-30,3.41,streamflow,9291000,ft3/s,['A'],0
2019-03-31,3.4069793,streamflow,9291000,ft3/s,['A'],0
2019-04-01,3.4,streamflow,9291000,ft3/s,['A'],0
2019-04-02,3.4,streamflow,9291000,ft3/s,['A'],0
2019-04-03,3.4,streamflow,9291000,ft3/s,['A'],0
2019-04-04,3.3966668,streamflow,9291000,ft3/s,['A'],0
2019-04-05,6.9397917,streamflow,9291000,ft3/s,['A'],0
2019-04-06,21.5,streamflow,9291000,ft3/s,['A'],0
2019-04-07,24.195833,streamflow,9291000,ft3/s,['A'],0
2019-04-08,26.726042,streamflow,9291000,ft3/s,['A'],0
2019-04-09,32.633335,streamflow,9291000,ft3/s,['A'],0
2019-04-10,72.3,streamflow,9291000,ft3/s,['A'],0
2019-04-11,80.10417,streamflow,9291000,ft3/s,['A'],0
2019-04-12,102.18021,streamflow,9291000,ft3/s,['A'],0
2019-04-13,107.0,streamflow,9291000,ft3/s,['A'],0
2019-04-14,106.875,streamflow,9291000,ft3/s,['A'],0
2019-04-15,126.125,streamflow,9291000,ft3/s,['A'],0
2019-04-16,179.75,streamflow,9291000,ft3/s,['A'],0
2019-04-17,178.28125,streamflow,9291000,ft3/s,['A'],0
2019-04-18,177.28125,streamflow,9291000,ft3/s,['A'],0
2019-04-19,176.9375,streamflow,9291000,ft3/s,['A'],0
2019-04-20,176.66667,streamflow,9291000,ft3/s,['A'],0
2019-04-21,176.41667,streamflow,9291000,ft3/s,['A'],0
2019-04-22,175.85417,streamflow,9291000,ft3/s,['A'],0
2019-04-23,175.35417,streamflow,9291000,ft3/s,['A'],0
2019-04-24,163.59271,streamflow,9291000,ft3/s,['A'],0
2019-04-25,176.125,streamflow,9291000,ft3/s,['A'],0
2019-04-26,186.125,streamflow,9291000,ft3/s,['A'],0
2019-04-27,186.21875,streamflow,9291000,ft3/s,['A'],0
2019-04-28,73.87292,streamflow,9291000,ft3/s,['A'],0
2019-04-29,163.0,streamflow,9291000,ft3/s,['A'],0
2019-04-30,167.21875,streamflow,9291000,ft3/s,['A'],0
2019-05-01,174.64583,streamflow,9291000,ft3/s,['A'],0
2019-05-02,251.33333,streamflow,9291000,ft3/s,['A'],0
2019-05-03,249.60417,streamflow,9291000,ft3/s,['A'],0
2019-05-04,265.0,streamflow,9291000,ft3/s,['A'],0
2019-05-05,268.8229,streamflow,9291000,ft3/s,['A'],0
2019-05-06,267.40625,streamflow,9291000,ft3/s,['A'],0
2019-05-07,265.1979,streamflow,9291000,ft3/s,['A'],0
2019-05-08,259.28125,streamflow,9291000,ft3/s,['A'],0
2019-05-09,249.57292,streamflow,9291000,ft3/s,['A'],0
2019-05-10,245.3125,streamflow,9291000,ft3/s,['A'],0
2019-05-11,264.4375,streamflow,9291000,ft3/s,['A'],0
2019-05-12,296.3646,streamflow,9291000,ft3/s,['A'],0
2019-05-13,346.16666,streamflow,9291000,ft3/s,['A'],0
2019-05-14,341.0,streamflow,9291000,ft3/s,['A'],0
2019-05-15,268.8229,streamflow,9291000,ft3/s,['A'],0
2019-05-16,258.09375,streamflow,9291000,ft3/s,['A'],0
2019-05-17,252.0625,streamflow,9291000,ft3/s,['A'],0
2019-05-18,248.77083,streamflow,9291000,ft3/s,['A'],0
2019-05-19,272.77084,streamflow,9291000,ft3/s,['A'],0
2019-05-20,259.34375,streamflow,9291000,ft3/s,['A'],0
2019-05-21,184.33333,streamflow,9291000,ft3/s,['A'],0
2019-05-22,251.10417,streamflow,9291000,ft3/s,['A'],0
2019-05-23,101.609375,streamflow,9291000,ft3/s,['A'],0
2019-05-24,7.855,streamflow,9291000,ft3/s,['A'],0
2019-05-25,7.9562497,streamflow,9291000,ft3/s,['A'],0
2019-05-26,8.013437,streamflow,9291000,ft3/s,['A'],0
2019-05-27,8.0925,streamflow,9291000,ft3/s,['A'],0
2019-05-28,8.127708,streamflow,9291000,ft3/s,['A'],0
2019-05-29,16.939583,streamflow,9291000,ft3/s,['A'],0
2019-05-30,152.9375,streamflow,9291000,ft3/s,['A'],0
2019-05-31,153.8125,streamflow,9291000,ft3/s,['A'],0
2019-06-01,153.96875,streamflow,9291000,ft3/s,['A'],0
2019-06-02,154.34375,streamflow,9291000,ft3/s,['A'],0
2019-06-03,272.14584,streamflow,9291000,ft3/s,['A'],0
2019-06-04,410.66666,streamflow,9291000,ft3/s,['A'],0
2019-06-05,439.60416,streamflow,9291000,ft3/s,['A'],0
2019-06-06,452.375,streamflow,9291000,ft3/s,['A'],0
2019-06-07,456.75,streamflow,9291000,ft3/s,['A'],0
2019-06-08,464.5521,streamflow,9291000,ft3/s,['A'],0
2019-06-09,472.33334,streamflow,9291000,ft3/s,['A'],0
2019-06-10,477.16666,streamflow,9291000,ft3/s,['A'],0
2019-06-11,482.27084,streamflow,9291000,ft3/s,['A'],0
2019-06-12,505.29166,streamflow,9291000,ft3/s,['A'],0
2019-06-13,517.4792,streamflow,9291000,ft3/s,['A'],0
2019-06-14,536.90625,streamflow,9291000,ft3/s,['A'],0
2019-06-15,731.94794,streamflow,9291000,ft3/s,['A'],0
2019-06-16,1074.5834,streamflow,9291000,ft3/s,['A'],0
2019-06-17,1114.7916,streamflow,9291000,ft3/s,['A'],0
2019-06-18,1059.1875,streamflow,9291000,ft3/s,['A'],0
2019-06-19,919.82294,streamflow,9291000,ft3/s,['A'],0
2019-06-20,943.8542,streamflow,9291000,ft3/s,['A'],0
2019-06-21,972.80206,streamflow,9291000,ft3/s,['A'],0
2019-06-22,929.3542,streamflow,9291000,ft3/s,['A'],0
2019-06-23,410.95834,streamflow,9291000,ft3/s,['A'],0
2019-06-24,281.8021,streamflow,9291000,ft3/s,['A'],0
2019-06-25,545.86456,streamflow,9291000,ft3/s,['A'],0
2019-06-26,596.1875,streamflow,9291000,ft3/s,['A'],0
2019-06-27,599.05206,streamflow,9291000,ft3/s,['A'],0
2019-06-28,918.32294,streamflow,9291000,ft3/s,['A'],0
2019-06-29,930.8125,streamflow,9291000,ft3/s,['A'],0
2019-06-30,877.8542,streamflow,9291000,ft3/s,['A'],0
2019-07-01,974.78125,streamflow,9291000,ft3/s,['A'],0
2019-07-02,907.13544,streamflow,9291000,ft3/s,['A'],0
2019-07-03,748.3333,streamflow,9291000,ft3/s,['A'],0
2019-07-04,692.6667,streamflow,9291000,ft3/s,['A'],0
2019-07-05,645.5833,streamflow,9291000,ft3/s,['A'],0
2019-07-06,622.59375,streamflow,9291000,ft3/s,['A'],0
2019-07-07,507.625,streamflow,9291000,ft3/s,['A'],0
2019-07-08,472.33334,streamflow,9291000,ft3/s,['A'],0
2019-07-09,464.33334,streamflow,9291000,ft3/s,['A'],0
2019-07-10,429.35416,streamflow,9291000,ft3/s,['A'],0
2019-07-11,394.4271,streamflow,9291000,ft3/s,['A'],0
2019-07-12,389.1771,streamflow,9291000,ft3/s,['A'],0
2019-07-13,359.375,streamflow,9291000,ft3/s,['A'],0
2019-07-14,363.83334,streamflow,9291000,ft3/s,['A'],0
2019-07-15,336.27084,streamflow,9291000,ft3/s,['A'],0
2019-07-16,307.14584,streamflow,9291000,ft3/s,['A'],0
2019-07-17,286.89584,streamflow,9291000,ft3/s,['A'],0
2019-07-18,269.8021,streamflow,9291000,ft3/s,['A'],0
2019-07-19,263.08334,streamflow,9291000,ft3/s,['A'],0
2019-07-20,236.4375,streamflow,9291000,ft3/s,['A'],0
2019-07-21,205.4375,streamflow,9291000,ft3/s,['A'],0
2019-07-22,202.64583,streamflow,9291000,ft3/s,['A'],0
2019-07-23,205.9375,streamflow,9291000,ft3/s,['A'],0
2019-07-24,199.0625,streamflow,9291000,ft3/s,['A'],0
2019-07-25,195.75,streamflow,9291000,ft3/s,['A'],0
2019-07-26,194.8125,streamflow,9291000,ft3/s,['A'],0
2019-07-27,190.875,streamflow,9291000,ft3/s,['A'],0
2019-07-28,188.98958,streamflow,9291000,ft3/s,['A'],0
2019-07-29,194.32292,streamflow,9291000,ft3/s,['A'],0
2019-07-30,237.63542,streamflow,9291000,ft3/s,['A'],0
2019-07-31,279.33334,streamflow,9291000,ft3/s,['A'],0
2019-08-01,282.1354,streamflow,9291000,ft3/s,['A'],0
2019-08-02,246.51042,streamflow,9291000,ft3/s,['A'],0
2019-08-03,257.33334,streamflow,9291000,ft3/s,['A'],0
2019-08-04,246.77083,streamflow,9291000,ft3/s,['A'],0
2019-08-05,219.63542,streamflow,9291000,ft3/s,['A'],0
2019-08-06,183.30208,streamflow,9291000,ft3/s,['A'],0
2019-08-07,198.21875,streamflow,9291000,ft3/s,['A'],0
2019-08-08,207.8125,streamflow,9291000,ft3/s,['A'],0
2019-08-09,208.34375,streamflow,9291000,ft3/s,['A'],0
2019-08-10,215.9375,streamflow,9291000,ft3/s,['A'],0
2019-08-11,228.6875,streamflow,9291000,ft3/s,['A'],0
2019-08-12,261.9479,streamflow,9291000,ft3/s,['A'],0
2019-08-13,286.8021,streamflow,9291000,ft3/s,['A'],0
2019-08-14,307.84375,streamflow,9291000,ft3/s,['A'],0
2019-08-15,317.4896,streamflow,9291000,ft3/s,['A'],0
2019-08-16,327.10416,streamflow,9291000,ft3/s,['A'],0
2019-08-17,328.35416,streamflow,9291000,ft3/s,['A'],0
2019-08-18,326.71875,streamflow,9291000,ft3/s,['A'],0
2019-08-19,324.4271,streamflow,9291000,ft3/s,['A'],0
2019-08-20,364.16666,streamflow,9291000,ft3/s,['A'],0
2019-08-21,363.58334,streamflow,9291000,ft3/s,['A'],0
2019-08-22,362.125,streamflow,9291000,ft3/s,['A'],0
2019-08-23,359.08334,streamflow,9291000,ft3/s,['A'],0
2019-08-24,356.6354,streamflow,9291000,ft3/s,['A'],0
2019-08-25,353.5729,streamflow,9291000,ft3/s,['A'],0
2019-08-26,336.09375,streamflow,9291000,ft3/s,['A'],0
2019-08-27,330.77084,streamflow,9291000,ft3/s,['A'],0
2019-08-28,328.97916,streamflow,9291000,ft3/s,['A'],0
2019-08-29,330.3021,streamflow,9291000,ft3/s,['A'],0
2019-08-30,327.70834,streamflow,9291000,ft3/s,['A'],0
2019-08-31,319.83334,streamflow,9291000,ft3/s,['A'],0
2019-09-01,324.25,streamflow,9291000,ft3/s,['A'],0
2019-09-02,324.875,streamflow,9291000,ft3/s,['A'],0
2019-09-03,323.5104,streamflow,9291000,ft3/s,['A'],0
2019-09-04,329.40625,streamflow,9291000,ft3/s,['A'],0
2019-09-05,329.53125,streamflow,9291000,ft3/s,['A'],0
2019-09-06,328.09375,streamflow,9291000,ft3/s,['A'],0
2019-09-07,326.34375,streamflow,9291000,ft3/s,['A'],0
2019-09-08,324.60416,streamflow,9291000,ft3/s,['A'],0
2019-09-09,316.8229,streamflow,9291000,ft3/s,['A'],0
2019-09-10,313.71875,streamflow,9291000,ft3/s,['A'],0
2019-09-11,309.8854,streamflow,9291000,ft3/s,['A'],0
2019-09-12,220.82292,streamflow,9291000,ft3/s,['A'],0
2019-09-13,186.33333,streamflow,9291000,ft3/s,['A'],0
2019-09-14,209.8125,streamflow,9291000,ft3/s,['A'],0
2019-09-15,202.16562,streamflow,9291000,ft3/s,['A'],0
2019-09-16,56.117706,streamflow,9291000,ft3/s,['A'],0
2019-09-17,56.328125,streamflow,9291000,ft3/s,['A'],0
2019-09-18,39.49896,streamflow,9291000,ft3/s,['A'],0
2019-09-19,28.658333,streamflow,9291000,ft3/s,['A'],0
2019-09-20,30.984375,streamflow,9291000,ft3/s,['A'],0
2019-09-21,32.052082,streamflow,9291000,ft3/s,['A'],0
2019-09-22,32.51875,streamflow,9291000,ft3/s,['A'],0
2019-09-23,28.334375,streamflow,9291000,ft3/s,['A'],0
2019-09-24,11.428124,streamflow,9291000,ft3/s,['A'],0
2019-09-25,11.307292,streamflow,9291000,ft3/s,['A'],0
2019-09-26,11.611458,streamflow,9291000,ft3/s,['A'],0
2019-09-27,11.780209,streamflow,9291000,ft3/s,['A'],0
2019-09-28,11.722917,streamflow,9291000,ft3/s,['A'],0
2019-09-29,12.002084,streamflow,9291000,ft3/s,['A'],0
2019-09-30,12.146875,streamflow,9291000,ft3/s,['A'],0
2019-10-01,12.080209,streamflow,9291000,ft3/s,['A'],0
2019-10-02,11.978125,streamflow,9291000,ft3/s,['A'],0
2019-10-03,11.876041,streamflow,9291000,ft3/s,['A'],0
2019-10-04,11.775,streamflow,9291000,ft3/s,['A'],0
2019-10-05,11.804167,streamflow,9291000,ft3/s,['A'],0
2019-10-06,12.183333,streamflow,9291000,ft3/s,['A'],0
2019-10-07,11.490937,streamflow,9291000,ft3/s,['A'],0
2019-10-08,7.7097917,streamflow,9291000,ft3/s,['A'],0
2019-10-09,7.695104,streamflow,9291000,ft3/s,['A'],0
2019-10-10,8.052105,streamflow,9291000,ft3/s,['A'],0
2019-10-11,8.08,streamflow,9291000,ft3/s,['A'],0
2019-10-12,8.08,streamflow,9291000,ft3/s,['A'],0
2019-10-13,8.08,streamflow,9291000,ft3/s,['A'],0
2019-10-14,8.638229,streamflow,9291000,ft3/s,['A'],0
2019-10-15,8.975104,streamflow,9291000,ft3/s,['A'],0
2019-10-16,8.65,streamflow,9291000,ft3/s,['A'],0
2019-10-17,8.65,streamflow,9291000,ft3/s,['A'],0
2019-10-18,8.87125,streamflow,9291000,ft3/s,['A'],0
2019-10-19,8.852812,streamflow,9291000,ft3/s,['A'],0
2019-10-20,9.172396,streamflow,9291000,ft3/s,['A'],0
2019-10-21,9.24,streamflow,9291000,ft3/s,['A'],0
2019-10-22,9.24,streamflow,9291000,ft3/s,['A'],0
2019-10-23,9.24,streamflow,9291000,ft3/s,['A'],0
2019-10-24,9.24,streamflow,9291000,ft3/s,['A'],0
2019-10-25,9.24,streamflow,9291000,ft3/s,['A'],0
2019-10-26,9.24,streamflow,9291000,ft3/s,['A'],0
2019-10-27,9.24,streamflow,9291000,ft3/s,['A'],0
2019-10-28,9.24,streamflow,9291000,ft3/s,['A'],0
2019-10-29,9.24,streamflow,9291000,ft3/s,['A'],0
2019-10-30,9.24,streamflow,9291000,ft3/s,['A'],0
2019-10-31,9.24,streamflow,9291000,ft3/s,['A'],0
2019-11-01,9.24,streamflow,9291000,ft3/s,['A'],0
2019-11-02,9.24,streamflow,9291000,ft3/s,['A'],0
2019-11-03,9.24,streamflow,9291000,ft3/s,['A'],0
2019-11-04,9.24,streamflow,9291000,ft3/s,['A'],0
2019-11-05,9.24,streamflow,9291000,ft3/s,['A'],0
2019-11-06,9.24,streamflow,9291000,ft3/s,['A'],0
2019-11-07,9.24,streamflow,9291000,ft3/s,['A'],0
2019-11-08,9.24,streamflow,9291000,ft3/s,['A'],0
2019-11-09,9.24,streamflow,9291000,ft3/s,['A'],0
2019-11-10,9.24,streamflow,9291000,ft3/s,['A'],0
2019-11-11,9.24,streamflow,9291000,ft3/s,['A'],0
2019-11-12,9.24,streamflow,9291000,ft3/s,['A'],0
2019-11-13,9.24,streamflow,9291000,ft3/s,['A'],0
2019-11-14,9.232604,streamflow,9291000,ft3/s,['A'],0
2019-11-15,9.222396,streamflow,9291000,ft3/s,['A'],0
2019-11-16,9.212292,streamflow,9291000,ft3/s,['A'],0
2019-11-17,9.189896,streamflow,9291000,ft3/s,['A'],0
2019-11-18,9.173541,streamflow,9291000,ft3/s,['A'],0
2019-11-19,9.169583,streamflow,9291000,ft3/s,['A'],0
2019-11-20,9.153334,streamflow,9291000,ft3/s,['A'],0
2019-11-21,9.161667,streamflow,9291000,ft3/s,['A'],0
2019-11-22,9.151562,streamflow,9291000,ft3/s,['A'],0
2019-11-23,9.1414585,streamflow,9291000,ft3/s,['A'],0
2019-11-24,9.131354,streamflow,9291000,ft3/s,['A'],0
2019-11-25,9.121354,streamflow,9291000,ft3/s,['A'],0
2019-11-26,9.11125,streamflow,9291000,ft3/s,['A'],0
2019-11-27,9.101146,streamflow,9291000,ft3/s,['A'],0
2019-11-28,9.091146,streamflow,9291000,ft3/s,['A'],0
2019-11-29,9.087396,streamflow,9291000,ft3/s,['A'],0
2019-11-30,9.071041,streamflow,9291000,ft3/s,['A'],0
2019-12-01,9.061042,streamflow,9291000,ft3/s,['A'],0
2019-12-02,9.050938,streamflow,9291000,ft3/s,['A'],0
2019-12-03,9.040937,streamflow,9291000,ft3/s,['A'],0
2019-12-04,9.030937,streamflow,9291000,ft3/s,['A'],0
2019-12-05,9.020938,streamflow,9291000,ft3/s,['A'],0
2019-12-06,9.010938,streamflow,9291000,ft3/s,['A'],0
2019-12-07,9.000937,streamflow,9291000,ft3/s,['A'],0
2019-12-08,8.990937,streamflow,9291000,ft3/s,['A'],0
2019-12-09,8.980937,streamflow,9291000,ft3/s,['A'],0
2019-12-10,8.970938,streamflow,9291000,ft3/s,['A'],0
2019-12-11,8.961041,streamflow,9291000,ft3/s,['A'],0
2019-12-12,8.951041,streamflow,9291000,ft3/s,['A'],0
2019-12-13,8.941041,streamflow,9291000,ft3/s,['A'],0
2019-12-14,8.931146,streamflow,9291000,ft3/s,['A'],0
2019-12-15,8.921146,streamflow,9291000,ft3/s,['A'],0
2019-12-16,8.91125,streamflow,9291000,ft3/s,['A'],0
2019-12-17,8.901354,streamflow,9291000,ft3/s,['A'],0
2019-12-18,8.8914585,streamflow,9291000,ft3/s,['A'],0
2019-12-19,8.881458,streamflow,9291000,ft3/s,['A'],0
2019-12-20,8.871562,streamflow,9291000,ft3/s,['A'],0
2019-12-21,8.861667,streamflow,9291000,ft3/s,['A'],0
2019-12-22,8.851771,streamflow,9291000,ft3/s,['A'],0
2019-12-23,8.841979,streamflow,9291000,ft3/s,['A'],0
2019-12-24,8.832084,streamflow,9291000,ft3/s,['A'],0
2019-12-25,8.822187,streamflow,9291000,ft3/s,['A'],0
2019-12-26,8.812292,streamflow,9291000,ft3/s,['A'],0
2019-12-27,8.8025,streamflow,9291000,ft3/s,['A'],0
2019-12-28,8.792604,streamflow,9291000,ft3/s,['A'],0
2019-12-29,8.782812,streamflow,9291000,ft3/s,['A'],0
2019-12-30,8.773021,streamflow,9291000,ft3/s,['A'],0
2019-12-31,8.763125,streamflow,9291000,ft3/s,['A'],0
2020-01-01,8.828125,streamflow,9291000,ft3/s,['A'],0
2020-01-02,8.861146,streamflow,9291000,ft3/s,['A'],0
2020-01-03,8.942708,streamflow,9291000,ft3/s,['A'],0
2020-01-04,8.797916,streamflow,9291000,ft3/s,['A'],0
2020-01-05,8.831146,streamflow,9291000,ft3/s,['A'],0
2020-01-06,9.1554165,streamflow,9291000,ft3/s,['A'],0
2020-01-07,9.083542,streamflow,9291000,ft3/s,['A'],0
2020-01-08,9.252708,streamflow,9291000,ft3/s,['A'],0
2020-01-09,9.2425,streamflow,9291000,ft3/s,['A'],0
2020-01-10,9.238542,streamflow,9291000,ft3/s,['A'],0
2020-01-11,9.246771,streamflow,9291000,ft3/s,['A'],0
2020-01-12,9.236667,streamflow,9291000,ft3/s,['A'],0
2020-01-13,9.226459,streamflow,9291000,ft3/s,['A'],0
2020-01-14,9.216354,streamflow,9291000,ft3/s,['A'],0
2020-01-15,9.193958,streamflow,9291000,ft3/s,['A'],0
2020-01-16,9.140729,streamflow,9291000,ft3/s,['A'],0
2020-01-17,9.185937,streamflow,9291000,ft3/s,['A'],0
2020-01-18,9.175834,streamflow,9291000,ft3/s,['A'],0
2020-01-19,9.1657295,streamflow,9291000,ft3/s,['A'],0
2020-01-20,9.155624,streamflow,9291000,ft3/s,['A'],0
2020-01-21,9.145521,streamflow,9291000,ft3/s,['A'],0
2020-01-22,9.135417,streamflow,9291000,ft3/s,['A'],0
2020-01-23,9.125417,streamflow,9291000,ft3/s,['A'],0
2020-01-24,9.115313,streamflow,9291000,ft3/s,['A'],0
2020-01-25,9.105208,streamflow,9291000,ft3/s,['A'],0
2020-01-26,9.095208,streamflow,9291000,ft3/s,['A'],0
2020-01-27,9.085104,streamflow,9291000,ft3/s,['A'],0
2020-01-28,9.075104,streamflow,9291000,ft3/s,['A'],0
2020-01-29,9.065001,streamflow,9291000,ft3/s,['A'],0
2020-01-30,9.055,streamflow,9291000,ft3/s,['A'],0
2020-01-31,9.045,streamflow,9291000,ft3/s,['A'],0
2020-02-01,9.035,streamflow,9291000,ft3/s,['A'],0
2020-02-02,9.025,streamflow,9291000,ft3/s,['A'],0
2020-02-03,9.015,streamflow,9291000,ft3/s,['A'],0
2020-02-04,9.005,streamflow,9291000,ft3/s,['A'],0
2020-02-05,8.995,streamflow,9291000,ft3/s,['A'],0
2020-02-06,8.985,streamflow,9291000,ft3/s,['A'],0
2020-02-07,8.975,streamflow,9291000,ft3/s,['A'],0
2020-02-08,8.965104,streamflow,9291000,ft3/s,['A'],0
2020-02-09,8.961458,streamflow,9291000,ft3/s,['A'],0
2020-02-10,8.957812,streamflow,9291000,ft3/s,['A'],0
2020-02-11,8.954166,streamflow,9291000,ft3/s,['A'],0
2020-02-12,8.982187,streamflow,9291000,ft3/s,['A'],0
2020-02-13,8.952917,streamflow,9291000,ft3/s,['A'],0
2020-02-14,8.930416,streamflow,9291000,ft3/s,['A'],0
2020-02-15,8.945833,streamflow,9291000,ft3/s,['A'],0
2020-02-16,8.885521,streamflow,9291000,ft3/s,['A'],0
2020-02-17,8.875625,streamflow,9291000,ft3/s,['A'],0
2020-02-18,8.872065,streamflow,9291000,ft3/s,['A'],0
2020-02-19,8.943334,streamflow,9291000,ft3/s,['A'],0
2020-02-20,8.896042,streamflow,9291000,ft3/s,['A'],0
2020-02-21,8.836146,streamflow,9291000,ft3/s,['A'],0
2020-02-22,8.82625,streamflow,9291000,ft3/s,['A'],0
2020-02-23,8.816354,streamflow,9291000,ft3/s,['A'],0
2020-02-24,8.806562,streamflow,9291000,ft3/s,['A'],0
2020-02-25,8.796667,streamflow,9291000,ft3/s,['A'],0
2020-02-26,8.786875,streamflow,9291000,ft3/s,['A'],0
2020-02-27,8.777083,streamflow,9291000,ft3/s,['A'],0
2020-02-28,8.767188,streamflow,9291000,ft3/s,['A'],0
2020-02-29,8.757396,streamflow,9291000,ft3/s,['A'],0
2020-03-01,8.747604,streamflow,9291000,ft3/s,['A'],0
2020-03-02,8.737812,streamflow,9291000,ft3/s,['A'],0
2020-03-03,8.728021,streamflow,9291000,ft3/s,['A'],0
2020-03-04,8.718229,streamflow,9291000,ft3/s,['A'],0
2020-03-05,8.511666,streamflow,9291000,ft3/s,['A'],0
2020-03-06,8.891146,streamflow,9291000,ft3/s,['A'],0
2020-03-07,10.633333,streamflow,9291000,ft3/s,['A'],0
2020-03-08,12.239583,streamflow,9291000,ft3/s,['A'],0
2020-03-09,12.590625,streamflow,9291000,ft3/s,['A'],0
2020-03-10,12.45,streamflow,9291000,ft3/s,['A'],0
2020-03-11,12.240217,streamflow,9291000,ft3/s,['A'],0
2020-03-12,11.458333,streamflow,9291000,ft3/s,['A'],0
2020-03-13,11.2,streamflow,9291000,ft3/s,['A'],0
2020-03-14,11.2,streamflow,9291000,ft3/s,['A'],0
2020-03-15,11.2,streamflow,9291000,ft3/s,['A'],0
2020-03-16,11.289583,streamflow,9291000,ft3/s,['A'],0
2020-03-17,11.25625,streamflow,9291000,ft3/s,['A'],0
2020-03-18,10.607292,streamflow,9291000,ft3/s,['A'],0
2020-03-19,10.6,streamflow,9291000,ft3/s,['A'],0
2020-03-20,10.6,streamflow,9291000,ft3/s,['A'],0
2020-03-21,10.658334,streamflow,9291000,ft3/s,['A'],0
2020-03-22,10.7,streamflow,9291000,ft3/s,['A'],0
2020-03-23,10.714583,streamflow,9291000,ft3/s,['A'],0
2020-03-24,10.7,streamflow,9291000,ft3/s,['A'],0
2020-03-25,10.7,streamflow,9291000,ft3/s,['A'],0
2020-03-26,10.7,streamflow,9291000,ft3/s,['A'],0
2020-03-27,11.51875,streamflow,9291000,ft3/s,['A'],0
2020-03-28,15.067708,streamflow,9291000,ft3/s,['A'],0
2020-03-29,24.643751,streamflow,9291000,ft3/s,['A'],0
2020-03-30,49.28021,streamflow,9291000,ft3/s,['A'],0
2020-03-31,87.47083,streamflow,9291000,ft3/s,['A'],0
2020-04-01,99.30104,streamflow,9291000,ft3/s,['A'],0
2020-04-02,98.65938,streamflow,9291000,ft3/s,['A'],0
2020-04-03,98.427086,streamflow,9291000,ft3/s,['A'],0
2020-04-04,98.44271,streamflow,9291000,ft3/s,['A'],0
2020-04-05,98.5,streamflow,9291000,ft3/s,['A'],0
2020-04-06,99.55625,streamflow,9291000,ft3/s,['A'],0
2020-04-07,106.916664,streamflow,9291000,ft3/s,['A'],0
2020-04-08,106.125,streamflow,9291000,ft3/s,['A'],0
2020-04-09,106.0,streamflow,9291000,ft3/s,['A'],0
2020-04-10,106.0,streamflow,9291000,ft3/s,['A'],0
2020-04-11,135.41667,streamflow,9291000,ft3/s,['A'],0
2020-04-12,137.5625,streamflow,9291000,ft3/s,['A'],0
2020-04-13,137.23958,streamflow,9291000,ft3/s,['A'],0
2020-04-14,137.03125,streamflow,9291000,ft3/s,['A'],0
2020-04-15,136.85417,streamflow,9291000,ft3/s,['A'],0
2020-04-16,136.5625,streamflow,9291000,ft3/s,['A'],0
2020-04-17,135.95833,streamflow,9291000,ft3/s,['A'],0
2020-04-18,135.11458,streamflow,9291000,ft3/s,['A'],0
2020-04-19,134.96875,streamflow,9291000,ft3/s,['A'],0
2020-04-20,134.78125,streamflow,9291000,ft3/s,['A'],0
2020-04-21,133.4375,streamflow,9291000,ft3/s,['A'],0
2020-04-22,75.63229,streamflow,9291000,ft3/s,['A'],0
2020-04-23,12.9,streamflow,9291000,ft3/s,['A'],0
2020-04-24,12.9,streamflow,9291000,ft3/s,['A'],0
2020-04-25,12.9,streamflow,9291000,ft3/s,['A'],0
2020-04-26,12.9,streamflow,9291000,ft3/s,['A'],0
2020-04-27,13.193749,streamflow,9291000,ft3/s,['A'],0
2020-04-28,20.938541,streamflow,9291000,ft3/s,['A'],0
2020-04-29,24.0,streamflow,9291000,ft3/s,['A'],0
2020-04-30,24.0,streamflow,9291000,ft3/s,['A'],0
2020-05-01,29.467709,streamflow,9291000,ft3/s,['A'],0
2020-05-02,115.629166,streamflow,9291000,ft3/s,['A'],0
2020-05-03,131.73958,streamflow,9291000,ft3/s,['A'],0
2020-05-04,249.17708,streamflow,9291000,ft3/s,['A'],0
2020-05-05,250.42708,streamflow,9291000,ft3/s,['A'],0
2020-05-06,243.92708,streamflow,9291000,ft3/s,['A'],0
2020-05-07,234.6875,streamflow,9291000,ft3/s,['A'],0
2020-05-08,261.97916,streamflow,9291000,ft3/s,['A'],0
2020-05-09,286.03125,streamflow,9291000,ft3/s,['A'],0
2020-05-10,278.77084,streamflow,9291000,ft3/s,['A'],0
2020-05-11,264.29166,streamflow,9291000,ft3/s,['A'],0
2020-05-12,239.03125,streamflow,9291000,ft3/s,['A'],0
2020-05-13,213.29167,streamflow,9291000,ft3/s,['A'],0
2020-05-14,203.125,streamflow,9291000,ft3/s,['A'],0
2020-05-15,218.58333,streamflow,9291000,ft3/s,['A'],0
2020-05-16,238.22917,streamflow,9291000,ft3/s,['A'],0
2020-05-17,230.14583,streamflow,9291000,ft3/s,['A'],0
2020-05-18,232.88542,streamflow,9291000,ft3/s,['A'],0
2020-05-19,209.125,streamflow,9291000,ft3/s,['A'],0
2020-05-20,209.0,streamflow,9291000,ft3/s,['A'],0
2020-05-21,210.03125,streamflow,9291000,ft3/s,['A'],0
2020-05-22,210.3125,streamflow,9291000,ft3/s,['A'],0
2020-05-23,229.75,streamflow,9291000,ft3/s,['A'],0
2020-05-24,256.0,streamflow,9291000,ft3/s,['A'],0
2020-05-25,258.79166,streamflow,9291000,ft3/s,['A'],0
2020-05-26,260.70834,streamflow,9291000,ft3/s,['A'],0
2020-05-27,245.75,streamflow,9291000,ft3/s,['A'],0
2020-05-28,281.5104,streamflow,9291000,ft3/s,['A'],0
2020-05-29,272.6771,streamflow,9291000,ft3/s,['A'],0
2020-05-30,363.78125,streamflow,9291000,ft3/s,['A'],0
2020-05-31,570.34375,streamflow,9291000,ft3/s,['A'],0
2020-06-01,860.8958,streamflow,9291000,ft3/s,['A'],0
2020-06-02,797.54736,streamflow,9291000,ft3/s,['A'],0
2020-06-03,656.05206,streamflow,9291000,ft3/s,['A'],0
2020-06-04,630.2292,streamflow,9291000,ft3/s,['A'],0
2020-06-05,470.8229,streamflow,9291000,ft3/s,['A'],0
2020-06-06,931.32294,streamflow,9291000,ft3/s,['A'],0
2020-06-07,789.0208,streamflow,9291000,ft3/s,['A'],0
2020-06-08,556.0208,streamflow,9291000,ft3/s,['A'],0
2020-06-09,385.6771,streamflow,9291000,ft3/s,['A'],0
2020-06-10,421.35416,streamflow,9291000,ft3/s,['A'],0
2020-06-11,451.0729,streamflow,9291000,ft3/s,['A'],0
2020-06-12,439.47916,streamflow,9291000,ft3/s,['A'],0
2020-06-13,416.8229,streamflow,9291000,ft3/s,['A'],0
2020-06-14,429.29166,streamflow,9291000,ft3/s,['A'],0
2020-06-15,381.33334,streamflow,9291000,ft3/s,['A'],0
2020-06-16,345.5,streamflow,9291000,ft3/s,['A'],0
2020-06-17,344.96875,streamflow,9291000,ft3/s,['A'],0
2020-06-18,294.60416,streamflow,9291000,ft3/s,['A'],0
2020-06-19,266.6875,streamflow,9291000,ft3/s,['A'],0
2020-06-20,264.25,streamflow,9291000,ft3/s,['A'],0
2020-06-21,286.14584,streamflow,9291000,ft3/s,['A'],0
2020-06-22,298.125,streamflow,9291000,ft3/s,['A'],0
2020-06-23,287.0729,streamflow,9291000,ft3/s,['A'],0
2020-06-24,255.79167,streamflow,9291000,ft3/s,['A'],0
2020-06-25,250.17708,streamflow,9291000,ft3/s,['A'],0
2020-06-26,249.64583,streamflow,9291000,ft3/s,['A'],0
2020-06-27,253.48958,streamflow,9291000,ft3/s,['A'],0
2020-06-28,268.4271,streamflow,9291000,ft3/s,['A'],0
2020-06-29,247.29167,streamflow,9291000,ft3/s,['A'],0
2020-06-30,229.98958,streamflow,9291000,ft3/s,['A'],0
2020-07-01,230.5625,streamflow,9291000,ft3/s,['A'],0
2020-07-02,229.73958,streamflow,9291000,ft3/s,['A'],0
2020-07-03,245.02083,streamflow,9291000,ft3/s,['A'],0
2020-07-04,256.125,streamflow,9291000,ft3/s,['A'],0
2020-07-05,265.78125,streamflow,9291000,ft3/s,['A'],0
2020-07-06,274.70834,streamflow,9291000,ft3/s,['A'],0
2020-07-07,280.84375,streamflow,9291000,ft3/s,['A'],0
2020-07-08,285.39584,streamflow,9291000,ft3/s,['A'],0
2020-07-09,287.0104,streamflow,9291000,ft3/s,['A'],0
2020-07-10,288.10416,streamflow,9291000,ft3/s,['A'],0
2020-07-11,292.4271,streamflow,9291000,ft3/s,['A'],0
2020-07-12,294.54166,streamflow,9291000,ft3/s,['A'],0
2020-07-13,279.91666,streamflow,9291000,ft3/s,['A'],0
2020-07-14,278.3646,streamflow,9291000,ft3/s,['A'],0
2020-07-15,293.28125,streamflow,9291000,ft3/s,['A'],0
2020-07-16,302.97916,streamflow,9291000,ft3/s,['A'],0
2020-07-17,315.09375,streamflow,9291000,ft3/s,['A'],0
2020-07-18,334.41666,streamflow,9291000,ft3/s,['A'],0
2020-07-19,348.6146,streamflow,9291000,ft3/s,['A'],0
2020-07-20,369.45834,streamflow,9291000,ft3/s,['A'],0
2020-07-21,402.1875,streamflow,9291000,ft3/s,['A'],0
2020-07-22,396.08334,streamflow,9291000,ft3/s,['A'],0
2020-07-23,388.3854,streamflow,9291000,ft3/s,['A'],0
2020-07-24,385.5104,streamflow,9291000,ft3/s,['A'],0
2020-07-25,381.2604,streamflow,9291000,ft3/s,['A'],0
2020-07-26,377.15625,streamflow,9291000,ft3/s,['A'],0
2020-07-27,379.4271,streamflow,9291000,ft3/s,['A'],0
2020-07-28,376.14584,streamflow,9291000,ft3/s,['A'],0
2020-07-29,373.20834,streamflow,9291000,ft3/s,['A'],0
2020-07-30,370.20834,streamflow,9291000,ft3/s,['A'],0
2020-07-31,366.29166,streamflow,9291000,ft3/s,['A'],0
2020-08-01,368.08334,streamflow,9291000,ft3/s,['A'],0
2020-08-02,366.70834,streamflow,9291000,ft3/s,['A'],0
2020-08-03,354.02084,streamflow,9291000,ft3/s,['A'],0
2020-08-04,352.4479,streamflow,9291000,ft3/s,['A'],0
2020-08-05,354.3854,streamflow,9291000,ft3/s,['A'],0
2020-08-06,355.21875,streamflow,9291000,ft3/s,['A'],0
2020-08-07,353.4479,streamflow,9291000,ft3/s,['A'],0
2020-08-08,355.39584,streamflow,9291000,ft3/s,['A'],0
2020-08-09,346.6146,streamflow,9291000,ft3/s,['A'],0
2020-08-10,334.6771,streamflow,9291000,ft3/s,['A'],0
2020-08-11,332.3646,streamflow,9291000,ft3/s,['A'],0
2020-08-12,336.375,streamflow,9291000,ft3/s,['A'],0
2020-08-13,334.27084,streamflow,9291000,ft3/s,['A'],0
2020-08-14,334.95834,streamflow,9291000,ft3/s,['A'],0
2020-08-15,285.40625,streamflow,9291000,ft3/s,['A'],0
2020-08-16,238.86458,streamflow,9291000,ft3/s,['A'],0
2020-08-17,124.90625,streamflow,9291000,ft3/s,['A'],0
2020-08-18,124.46875,streamflow,9291000,ft3/s,['A'],0
2020-08-19,124.15625,streamflow,9291000,ft3/s,['A'],0
2020-08-20,124.0625,streamflow,9291000,ft3/s,['A'],0
2020-08-21,124.1875,streamflow,9291000,ft3/s,['A'],0
2020-08-22,123.8125,streamflow,9291000,ft3/s,['A'],0
2020-08-23,123.15625,streamflow,9291000,ft3/s,['A'],0
2020-08-24,123.0625,streamflow,9291000,ft3/s,['A'],0
2020-08-25,122.4375,streamflow,9291000,ft3/s,['A'],0
2020-08-26,122.09375,streamflow,9291000,ft3/s,['A'],0
2020-08-27,128.65625,streamflow,9291000,ft3/s,['A'],0
2020-08-28,143.25,streamflow,9291000,ft3/s,['A'],0
2020-08-29,143.1875,streamflow,9291000,ft3/s,['A'],0
2020-08-30,143.03125,streamflow,9291000,ft3/s,['A'],0
2020-08-31,143.0,streamflow,9291000,ft3/s,['A'],0
2020-09-01,143.0,streamflow,9291000,ft3/s,['A'],0
2020-09-02,143.0,streamflow,9291000,ft3/s,['A'],0
2020-09-03,142.625,streamflow,9291000,ft3/s,['A'],0
2020-09-04,146.04167,streamflow,9291000,ft3/s,['A'],0
2020-09-05,153.78125,streamflow,9291000,ft3/s,['A'],0
2020-09-06,158.375,streamflow,9291000,ft3/s,['A'],0
2020-09-07,167.4375,streamflow,9291000,ft3/s,['A'],0
2020-09-08,244.6875,streamflow,9291000,ft3/s,['A'],0
2020-09-09,246.66667,streamflow,9291000,ft3/s,['A'],0
2020-09-10,245.40625,streamflow,9291000,ft3/s,['A'],0
2020-09-11,244.14583,streamflow,9291000,ft3/s,['A'],0
2020-09-12,240.01042,streamflow,9291000,ft3/s,['A'],0
2020-09-13,174.9375,streamflow,9291000,ft3/s,['A'],0
2020-09-14,171.14792,streamflow,9291000,ft3/s,['A'],0
2020-09-15,68.5,streamflow,9291000,ft3/s,['A'],0
2020-09-16,68.5,streamflow,9291000,ft3/s,['A'],0
2020-09-17,71.66458,streamflow,9291000,ft3/s,['A'],0
2020-09-18,78.637505,streamflow,9291000,ft3/s,['A'],0
2020-09-19,78.71875,streamflow,9291000,ft3/s,['A'],0
2020-09-20,64.69063,streamflow,9291000,ft3/s,['A'],0
2020-09-21,25.7,streamflow,9291000,ft3/s,['A'],0
2020-09-22,25.7,streamflow,9291000,ft3/s,['A'],0
2020-09-23,25.7,streamflow,9291000,ft3/s,['A'],0
2020-09-24,25.712502,streamflow,9291000,ft3/s,['A'],0
2020-09-25,25.7625,streamflow,9291000,ft3/s,['A'],0
2020-09-26,25.987501,streamflow,9291000,ft3/s,['A'],0
2020-09-27,26.45,streamflow,9291000,ft3/s,['A'],0
2020-09-28,26.9,streamflow,9291000,ft3/s,['A'],0
2020-09-29,21.991398,streamflow,9291000,ft3/s,['A'],0
