Datetime,USGS_flow,variable,USGS_ID,measurement_unit,qualifiers,series
1986-10-01,103.882355,streamflow,10154200,ft3/s,"['A', '[91]']",0
1986-10-02,110.458336,streamflow,10154200,ft3/s,"['A', '[91]']",0
1986-10-03,114.0,streamflow,10154200,ft3/s,"['A', '[91]']",0
1986-10-04,105.291664,streamflow,10154200,ft3/s,"['A', '[91]']",0
1986-10-05,105.958336,streamflow,10154200,ft3/s,"['A', '[91]']",0
1986-10-06,106.708336,streamflow,10154200,ft3/s,"['A', '[91]']",0
1986-10-07,108.708336,streamflow,10154200,ft3/s,"['A', '[91]']",0
1986-10-08,114.166664,streamflow,10154200,ft3/s,"['A', '[91]']",0
1986-10-09,115.166664,streamflow,10154200,ft3/s,"['A', '[91]']",0
1986-10-10,114.166664,streamflow,10154200,ft3/s,"['A', '[91]']",0
1986-10-11,114.0,streamflow,10154200,ft3/s,"['A', '[91]']",0
1986-10-12,113.416664,streamflow,10154200,ft3/s,"['A', '[91]']",0
1986-10-13,115.875,streamflow,10154200,ft3/s,"['A', '[91]']",0
1986-10-14,115.416664,streamflow,10154200,ft3/s,"['A', '[91]']",0
1986-10-15,102.833336,streamflow,10154200,ft3/s,"['A', '[91]']",0
1986-10-16,123.833336,streamflow,10154200,ft3/s,"['A', '[91]']",0
1986-10-17,105.458336,streamflow,10154200,ft3/s,"['A', '[91]']",0
1986-10-18,135.20833,streamflow,10154200,ft3/s,"['A', '[91]']",0
1986-10-19,133.66667,streamflow,10154200,ft3/s,"['A', '[91]']",0
1986-10-20,129.75,streamflow,10154200,ft3/s,"['A', '[91]']",0
1986-10-21,120.75,streamflow,10154200,ft3/s,"['A', '[91]']",0
1986-10-22,116.333336,streamflow,10154200,ft3/s,"['A', '[91]']",0
1986-10-23,119.416664,streamflow,10154200,ft3/s,"['A', '[91]']",0
1986-10-24,116.5,streamflow,10154200,ft3/s,"['A', '[91]']",0
1986-10-25,114.666664,streamflow,10154200,ft3/s,"['A', '[91]']",0
1986-10-26,113.652176,streamflow,10154200,ft3/s,"['A', '[91]']",0
1986-10-27,113.458336,streamflow,10154200,ft3/s,"['A', '[91]']",0
1986-10-28,114.166664,streamflow,10154200,ft3/s,"['A', '[91]']",0
1986-10-29,113.458336,streamflow,10154200,ft3/s,"['A', '[91]']",0
1986-10-30,117.5,streamflow,10154200,ft3/s,"['A', '[91]']",0
1986-10-31,121.083336,streamflow,10154200,ft3/s,"['A', '[91]']",0
1986-11-01,114.25,streamflow,10154200,ft3/s,"['A', '[91]']",0
1986-11-02,113.416664,streamflow,10154200,ft3/s,"['A', '[91]']",0
1986-11-03,109.708336,streamflow,10154200,ft3/s,"['A', '[91]']",0
1986-11-04,115.416664,streamflow,10154200,ft3/s,"['A', '[91]']",0
1986-11-05,113.375,streamflow,10154200,ft3/s,"['A', '[91]']",0
1986-11-06,108.833336,streamflow,10154200,ft3/s,"['A', '[91]']",0
1986-11-07,101.14286,streamflow,10154200,ft3/s,"['A', '[91]']",0
1986-11-08,,streamflow,10154200,ft3/s,"['A', '[91]']",0
1986-11-09,,streamflow,10154200,ft3/s,"['A', '[91]']",0
1986-11-10,,streamflow,10154200,ft3/s,"['A', '[91]']",0
1986-11-11,,streamflow,10154200,ft3/s,"['A', '[91]']",0
1986-11-12,,streamflow,10154200,ft3/s,"['A', '[91]']",0
1986-11-13,,streamflow,10154200,ft3/s,"['A', '[91]']",0
1986-11-14,,streamflow,10154200,ft3/s,"['A', '[91]']",0
1986-11-15,,streamflow,10154200,ft3/s,"['A', '[91]']",0
1986-11-16,,streamflow,10154200,ft3/s,"['A', '[91]']",0
1986-11-17,,streamflow,10154200,ft3/s,"['A', '[91]']",0
1986-11-18,,streamflow,10154200,ft3/s,"['A', '[91]']",0
1986-11-19,,streamflow,10154200,ft3/s,"['A', '[91]']",0
1986-11-20,,streamflow,10154200,ft3/s,"['A', '[91]']",0
1986-11-21,,streamflow,10154200,ft3/s,"['A', '[91]']",0
1986-11-22,,streamflow,10154200,ft3/s,"['A', '[91]']",0
1986-11-23,,streamflow,10154200,ft3/s,"['A', '[91]']",0
1986-11-24,,streamflow,10154200,ft3/s,"['A', '[91]']",0
1986-11-25,,streamflow,10154200,ft3/s,"['A', '[91]']",0
1986-11-26,,streamflow,10154200,ft3/s,"['A', '[91]']",0
1986-11-27,71.0,streamflow,10154200,ft3/s,"['A', '[91]']",0
1986-11-28,83.5,streamflow,10154200,ft3/s,"['A', '[91]']",0
1986-11-29,89.0,streamflow,10154200,ft3/s,"['A', '[91]']",0
1986-11-30,84.375,streamflow,10154200,ft3/s,"['A', '[91]']",0
1986-12-01,66.708336,streamflow,10154200,ft3/s,"['A', '[91]']",0
1986-12-02,79.625,streamflow,10154200,ft3/s,"['A', '[91]']",0
1986-12-03,82.25,streamflow,10154200,ft3/s,"['A', '[91]']",0
1986-12-04,81.041664,streamflow,10154200,ft3/s,"['A', '[91]']",0
1986-12-05,83.916664,streamflow,10154200,ft3/s,"['A', '[91]']",0
1986-12-06,83.125,streamflow,10154200,ft3/s,"['A', '[91]']",0
1986-12-07,78.5,streamflow,10154200,ft3/s,"['A', '[91]']",0
1986-12-08,73.125,streamflow,10154200,ft3/s,"['A', '[91]']",0
1986-12-09,74.416664,streamflow,10154200,ft3/s,"['A', '[91]']",0
1986-12-10,52.083332,streamflow,10154200,ft3/s,"['A', '[91]']",0
1986-12-11,58.25,streamflow,10154200,ft3/s,"['A', '[91]']",0
1986-12-12,67.833336,streamflow,10154200,ft3/s,"['A', '[91]']",0
1986-12-13,76.416664,streamflow,10154200,ft3/s,"['A', '[91]']",0
1986-12-14,76.208336,streamflow,10154200,ft3/s,"['A', '[91]']",0
1986-12-15,72.916664,streamflow,10154200,ft3/s,"['A', '[91]']",0
1986-12-16,78.333336,streamflow,10154200,ft3/s,"['A', '[91]']",0
1986-12-17,74.583336,streamflow,10154200,ft3/s,"['A', '[91]']",0
1986-12-18,69.958336,streamflow,10154200,ft3/s,"['A', '[91]']",0
1986-12-19,71.916664,streamflow,10154200,ft3/s,"['A', '[91]']",0
1986-12-20,72.708336,streamflow,10154200,ft3/s,"['A', '[91]']",0
1986-12-21,70.791664,streamflow,10154200,ft3/s,"['A', '[91]']",0
1986-12-22,68.125,streamflow,10154200,ft3/s,"['A', '[91]']",0
1986-12-23,69.583336,streamflow,10154200,ft3/s,"['A', '[91]']",0
1986-12-24,68.75,streamflow,10154200,ft3/s,"['A', '[91]']",0
1986-12-25,69.875,streamflow,10154200,ft3/s,"['A', '[91]']",0
1986-12-26,73.583336,streamflow,10154200,ft3/s,"['A', '[91]']",0
1986-12-27,76.541664,streamflow,10154200,ft3/s,"['A', '[91]']",0
1986-12-28,78.708336,streamflow,10154200,ft3/s,"['A', '[91]']",0
1986-12-29,75.583336,streamflow,10154200,ft3/s,"['A', '[91]']",0
1986-12-30,73.416664,streamflow,10154200,ft3/s,"['A', '[91]']",0
1986-12-31,67.875,streamflow,10154200,ft3/s,"['A', '[91]']",0
1987-01-01,69.5,streamflow,10154200,ft3/s,"['A', '[91]']",0
1987-01-02,73.416664,streamflow,10154200,ft3/s,"['A', '[91]']",0
1987-01-03,73.666664,streamflow,10154200,ft3/s,"['A', '[91]']",0
1987-01-04,76.083336,streamflow,10154200,ft3/s,"['A', '[91]']",0
1987-01-05,79.916664,streamflow,10154200,ft3/s,"['A', '[91]']",0
1987-01-06,82.75,streamflow,10154200,ft3/s,"['A', '[91]']",0
1987-01-07,82.416664,streamflow,10154200,ft3/s,"['A', '[91]']",0
1987-01-08,74.875,streamflow,10154200,ft3/s,"['A', '[91]']",0
1987-01-09,72.416664,streamflow,10154200,ft3/s,"['A', '[91]']",0
1987-01-10,70.125,streamflow,10154200,ft3/s,"['A', '[91]']",0
1987-01-11,75.416664,streamflow,10154200,ft3/s,"['A', '[91]']",0
1987-01-12,81.833336,streamflow,10154200,ft3/s,"['A', '[91]']",0
1987-01-13,80.458336,streamflow,10154200,ft3/s,"['A', '[91]']",0
1987-01-14,74.833336,streamflow,10154200,ft3/s,"['A', '[91]']",0
1987-01-15,69.791664,streamflow,10154200,ft3/s,"['A', '[91]']",0
1987-01-16,67.666664,streamflow,10154200,ft3/s,"['A', '[91]']",0
1987-01-17,64.25,streamflow,10154200,ft3/s,"['A', '[91]']",0
1987-01-18,65.791664,streamflow,10154200,ft3/s,"['A', '[91]']",0
1987-01-19,71.583336,streamflow,10154200,ft3/s,"['A', '[91]']",0
1987-01-20,70.75,streamflow,10154200,ft3/s,"['A', '[91]']",0
1987-01-21,67.625,streamflow,10154200,ft3/s,"['A', '[91]']",0
1987-01-22,70.333336,streamflow,10154200,ft3/s,"['A', '[91]']",0
1987-01-23,74.75,streamflow,10154200,ft3/s,"['A', '[91]']",0
1987-01-24,74.958336,streamflow,10154200,ft3/s,"['A', '[91]']",0
1987-01-25,73.5,streamflow,10154200,ft3/s,"['A', '[91]']",0
1987-01-26,72.833336,streamflow,10154200,ft3/s,"['A', '[91]']",0
1987-01-27,72.375,streamflow,10154200,ft3/s,"['A', '[91]']",0
1987-01-28,73.625,streamflow,10154200,ft3/s,"['A', '[91]']",0
1987-01-29,73.666664,streamflow,10154200,ft3/s,"['A', '[91]']",0
1987-01-30,75.333336,streamflow,10154200,ft3/s,"['A', '[91]']",0
1987-01-31,73.916664,streamflow,10154200,ft3/s,"['A', '[91]']",0
1987-02-01,73.0,streamflow,10154200,ft3/s,"['A', '[91]']",0
1987-02-02,73.0,streamflow,10154200,ft3/s,"['A', '[91]']",0
1987-02-03,73.166664,streamflow,10154200,ft3/s,"['A', '[91]']",0
1987-02-04,72.833336,streamflow,10154200,ft3/s,"['A', '[91]']",0
1987-02-05,69.041664,streamflow,10154200,ft3/s,"['A', '[91]']",0
1987-02-06,72.75,streamflow,10154200,ft3/s,"['A', '[91]']",0
1987-02-07,72.333336,streamflow,10154200,ft3/s,"['A', '[91]']",0
1987-02-08,71.291664,streamflow,10154200,ft3/s,"['A', '[91]']",0
1987-02-09,71.333336,streamflow,10154200,ft3/s,"['A', '[91]']",0
1987-02-10,71.0,streamflow,10154200,ft3/s,"['A', '[91]']",0
1987-02-11,70.833336,streamflow,10154200,ft3/s,"['A', '[91]']",0
1987-02-12,72.0,streamflow,10154200,ft3/s,"['A', '[91]']",0
1987-02-13,,streamflow,10154200,ft3/s,"['A', '[91]']",0
1987-02-14,,streamflow,10154200,ft3/s,"['A', '[91]']",0
1987-02-15,,streamflow,10154200,ft3/s,"['A', '[91]']",0
1987-02-16,,streamflow,10154200,ft3/s,"['A', '[91]']",0
1987-02-17,,streamflow,10154200,ft3/s,"['A', '[91]']",0
1987-02-18,,streamflow,10154200,ft3/s,"['A', '[91]']",0
1987-02-19,,streamflow,10154200,ft3/s,"['A', '[91]']",0
1987-02-20,,streamflow,10154200,ft3/s,"['A', '[91]']",0
1987-02-21,,streamflow,10154200,ft3/s,"['A', '[91]']",0
1987-02-22,,streamflow,10154200,ft3/s,"['A', '[91]']",0
1987-02-23,,streamflow,10154200,ft3/s,"['A', '[91]']",0
1987-02-24,,streamflow,10154200,ft3/s,"['A', '[91]']",0
1987-02-25,,streamflow,10154200,ft3/s,"['A', '[91]']",0
1987-02-26,,streamflow,10154200,ft3/s,"['A', '[91]']",0
1987-02-27,69.882355,streamflow,10154200,ft3/s,"['A', '[91]']",0
1987-02-28,65.333336,streamflow,10154200,ft3/s,"['A', '[91]']",0
1987-03-01,67.708336,streamflow,10154200,ft3/s,"['A', '[91]']",0
1987-03-02,66.958336,streamflow,10154200,ft3/s,"['A', '[91]']",0
1987-03-03,66.458336,streamflow,10154200,ft3/s,"['A', '[91]']",0
1987-03-04,69.041664,streamflow,10154200,ft3/s,"['A', '[91]']",0
1987-03-05,71.666664,streamflow,10154200,ft3/s,"['A', '[91]']",0
1987-03-06,73.666664,streamflow,10154200,ft3/s,"['A', '[91]']",0
1987-03-07,73.041664,streamflow,10154200,ft3/s,"['A', '[91]']",0
1987-03-08,73.791664,streamflow,10154200,ft3/s,"['A', '[91]']",0
1987-03-09,72.75,streamflow,10154200,ft3/s,"['A', '[91]']",0
1987-03-10,69.708336,streamflow,10154200,ft3/s,"['A', '[91]']",0
1987-03-11,74.375,streamflow,10154200,ft3/s,"['A', '[91]']",0
1987-03-12,65.375,streamflow,10154200,ft3/s,"['A', '[91]']",0
1987-03-13,77.5,streamflow,10154200,ft3/s,"['A', '[91]']",0
1987-03-14,72.916664,streamflow,10154200,ft3/s,"['A', '[91]']",0
1987-03-15,72.541664,streamflow,10154200,ft3/s,"['A', '[91]']",0
1987-03-16,71.416664,streamflow,10154200,ft3/s,"['A', '[91]']",0
1987-03-17,72.5,streamflow,10154200,ft3/s,"['A', '[91]']",0
1987-03-18,69.166664,streamflow,10154200,ft3/s,"['A', '[91]']",0
1987-03-19,70.0,streamflow,10154200,ft3/s,"['A', '[91]']",0
1987-03-20,68.416664,streamflow,10154200,ft3/s,"['A', '[91]']",0
1987-03-21,58.083332,streamflow,10154200,ft3/s,"['A', '[91]']",0
1987-03-22,70.0,streamflow,10154200,ft3/s,"['A', '[91]']",0
1987-03-23,67.875,streamflow,10154200,ft3/s,"['A', '[91]']",0
1987-03-24,61.791668,streamflow,10154200,ft3/s,"['A', '[91]']",0
1987-03-25,64.916664,streamflow,10154200,ft3/s,"['A', '[91]']",0
1987-03-26,61.75,streamflow,10154200,ft3/s,"['A', '[91]']",0
1987-03-27,66.0,streamflow,10154200,ft3/s,"['A', '[91]']",0
1987-03-28,60.333332,streamflow,10154200,ft3/s,"['A', '[91]']",0
1987-03-29,62.041668,streamflow,10154200,ft3/s,"['A', '[91]']",0
1987-03-30,57.041668,streamflow,10154200,ft3/s,"['A', '[91]']",0
1987-03-31,65.958336,streamflow,10154200,ft3/s,"['A', '[91]']",0
1987-04-01,70.25,streamflow,10154200,ft3/s,"['A', '[91]']",0
1987-04-02,78.291664,streamflow,10154200,ft3/s,"['A', '[91]']",0
1987-04-03,83.541664,streamflow,10154200,ft3/s,"['A', '[91]']",0
1987-04-04,92.458336,streamflow,10154200,ft3/s,"['A', '[91]']",0
1987-04-05,95.125,streamflow,10154200,ft3/s,"['A', '[91]']",0
1987-04-06,100.75,streamflow,10154200,ft3/s,"['A', '[91]']",0
1987-04-07,103.625,streamflow,10154200,ft3/s,"['A', '[91]']",0
1987-04-08,117.416664,streamflow,10154200,ft3/s,"['A', '[91]']",0
1987-04-09,124.916664,streamflow,10154200,ft3/s,"['A', '[91]']",0
1987-04-10,123.333336,streamflow,10154200,ft3/s,"['A', '[91]']",0
1987-04-11,135.75,streamflow,10154200,ft3/s,"['A', '[91]']",0
1987-04-12,130.20833,streamflow,10154200,ft3/s,"['A', '[91]']",0
1987-04-13,111.375,streamflow,10154200,ft3/s,"['A', '[91]']",0
1987-04-14,123.041664,streamflow,10154200,ft3/s,"['A', '[91]']",0
1987-04-15,157.91667,streamflow,10154200,ft3/s,"['A', '[91]']",0
1987-04-16,212.79167,streamflow,10154200,ft3/s,"['A', '[91]']",0
1987-04-17,260.875,streamflow,10154200,ft3/s,"['A', '[91]']",0
1987-04-18,320.70834,streamflow,10154200,ft3/s,"['A', '[91]']",0
1987-04-19,337.125,streamflow,10154200,ft3/s,"['A', '[91]']",0
1987-04-20,267.625,streamflow,10154200,ft3/s,"['A', '[91]']",0
1987-04-21,241.54167,streamflow,10154200,ft3/s,"['A', '[91]']",0
1987-04-22,278.83334,streamflow,10154200,ft3/s,"['A', '[91]']",0
1987-04-23,374.70834,streamflow,10154200,ft3/s,"['A', '[91]']",0
1987-04-24,495.5,streamflow,10154200,ft3/s,"['A', '[91]']",0
1987-04-25,548.5417,streamflow,10154200,ft3/s,"['A', '[91]']",0
1987-04-26,579.2083,streamflow,10154200,ft3/s,"['A', '[91]']",0
1987-04-27,547.7083,streamflow,10154200,ft3/s,"['A', '[91]']",0
1987-04-28,687.5833,streamflow,10154200,ft3/s,"['A', '[91]']",0
1987-04-29,783.2083,streamflow,10154200,ft3/s,"['A', '[91]']",0
1987-04-30,840.0833,streamflow,10154200,ft3/s,"['A', '[91]']",0
1987-05-01,889.0833,streamflow,10154200,ft3/s,"['A', '[91]']",0
1987-05-02,856.4583,streamflow,10154200,ft3/s,"['A', '[91]']",0
1987-05-03,685.7083,streamflow,10154200,ft3/s,"['A', '[91]']",0
1987-05-04,630.8333,streamflow,10154200,ft3/s,"['A', '[91]']",0
1987-05-05,691.0417,streamflow,10154200,ft3/s,"['A', '[91]']",0
1987-05-06,813.3333,streamflow,10154200,ft3/s,"['A', '[91]']",0
1987-05-07,942.5,streamflow,10154200,ft3/s,"['A', '[91]']",0
1987-05-08,1007.8333,streamflow,10154200,ft3/s,"['A', '[91]']",0
1987-05-09,913.5417,streamflow,10154200,ft3/s,"['A', '[91]']",0
1987-05-10,914.0417,streamflow,10154200,ft3/s,"['A', '[91]']",0
1987-05-11,892.8333,streamflow,10154200,ft3/s,"['A', '[91]']",0
1987-05-12,904.875,streamflow,10154200,ft3/s,"['A', '[91]']",0
1987-05-13,955.7917,streamflow,10154200,ft3/s,"['A', '[91]']",0
1987-05-14,976.0,streamflow,10154200,ft3/s,"['A', '[91]']",0
1987-05-15,952.4583,streamflow,10154200,ft3/s,"['A', '[91]']",0
1987-05-16,970.8333,streamflow,10154200,ft3/s,"['A', '[91]']",0
1987-05-17,969.5417,streamflow,10154200,ft3/s,"['A', '[91]']",0
1987-05-18,1057.7084,streamflow,10154200,ft3/s,"['A', '[91]']",0
1987-05-19,1161.25,streamflow,10154200,ft3/s,"['A', '[91]']",0
1987-05-20,1083.875,streamflow,10154200,ft3/s,"['A', '[91]']",0
1987-05-21,972.9583,streamflow,10154200,ft3/s,"['A', '[91]']",0
1987-05-22,839.375,streamflow,10154200,ft3/s,"['A', '[91]']",0
1987-05-23,727.1667,streamflow,10154200,ft3/s,"['A', '[91]']",0
1987-05-24,647.5,streamflow,10154200,ft3/s,"['A', '[91]']",0
1987-05-25,599.125,streamflow,10154200,ft3/s,"['A', '[91]']",0
1987-05-26,610.125,streamflow,10154200,ft3/s,"['A', '[91]']",0
1987-05-27,572.1667,streamflow,10154200,ft3/s,"['A', '[91]']",0
1987-05-28,524.5833,streamflow,10154200,ft3/s,"['A', '[91]']",0
1987-05-29,513.0,streamflow,10154200,ft3/s,"['A', '[91]']",0
1987-05-30,485.08334,streamflow,10154200,ft3/s,"['A', '[91]']",0
1987-05-31,471.375,streamflow,10154200,ft3/s,"['A', '[91]']",0
1987-06-01,504.375,streamflow,10154200,ft3/s,"['A', '[91]']",0
1987-06-02,494.58334,streamflow,10154200,ft3/s,"['A', '[91]']",0
1987-06-03,485.45834,streamflow,10154200,ft3/s,"['A', '[91]']",0
1987-06-04,516.875,streamflow,10154200,ft3/s,"['A', '[91]']",0
1987-06-05,543.375,streamflow,10154200,ft3/s,"['A', '[91]']",0
1987-06-06,550.75,streamflow,10154200,ft3/s,"['A', '[91]']",0
1987-06-07,546.5833,streamflow,10154200,ft3/s,"['A', '[91]']",0
1987-06-08,576.5833,streamflow,10154200,ft3/s,"['A', '[91]']",0
1987-06-09,552.125,streamflow,10154200,ft3/s,"['A', '[91]']",0
1987-06-10,491.5,streamflow,10154200,ft3/s,"['A', '[91]']",0
1987-06-11,445.95834,streamflow,10154200,ft3/s,"['A', '[91]']",0
1987-06-12,431.0,streamflow,10154200,ft3/s,"['A', '[91]']",0
1987-06-13,406.125,streamflow,10154200,ft3/s,"['A', '[91]']",0
1987-06-14,415.33334,streamflow,10154200,ft3/s,"['A', '[91]']",0
1987-06-15,397.45834,streamflow,10154200,ft3/s,"['A', '[91]']",0
1987-06-16,402.91666,streamflow,10154200,ft3/s,"['A', '[91]']",0
1987-06-17,352.0,streamflow,10154200,ft3/s,"['A', '[91]']",0
1987-06-18,318.875,streamflow,10154200,ft3/s,"['A', '[91]']",0
1987-06-19,297.20834,streamflow,10154200,ft3/s,"['A', '[91]']",0
1987-06-20,281.125,streamflow,10154200,ft3/s,"['A', '[91]']",0
1987-06-21,269.75,streamflow,10154200,ft3/s,"['A', '[91]']",0
1987-06-22,266.875,streamflow,10154200,ft3/s,"['A', '[91]']",0
1987-06-23,256.375,streamflow,10154200,ft3/s,"['A', '[91]']",0
1987-06-24,245.625,streamflow,10154200,ft3/s,"['A', '[91]']",0
1987-06-25,233.25,streamflow,10154200,ft3/s,"['A', '[91]']",0
1987-06-26,222.54167,streamflow,10154200,ft3/s,"['A', '[91]']",0
1987-06-27,214.20833,streamflow,10154200,ft3/s,"['A', '[91]']",0
1987-06-28,204.33333,streamflow,10154200,ft3/s,"['A', '[91]']",0
1987-06-29,222.20833,streamflow,10154200,ft3/s,"['A', '[91]']",0
1987-06-30,231.25,streamflow,10154200,ft3/s,"['A', '[91]']",0
1987-07-01,210.83333,streamflow,10154200,ft3/s,"['A', '[91]']",0
1987-07-02,180.41667,streamflow,10154200,ft3/s,"['A', '[91]']",0
1987-07-03,169.0,streamflow,10154200,ft3/s,"['A', '[91]']",0
1987-07-04,162.20833,streamflow,10154200,ft3/s,"['A', '[91]']",0
1987-07-05,154.91667,streamflow,10154200,ft3/s,"['A', '[91]']",0
1987-07-06,146.41667,streamflow,10154200,ft3/s,"['A', '[91]']",0
1987-07-07,140.16667,streamflow,10154200,ft3/s,"['A', '[91]']",0
1987-07-08,133.33333,streamflow,10154200,ft3/s,"['A', '[91]']",0
1987-07-09,130.41667,streamflow,10154200,ft3/s,"['A', '[91]']",0
1987-07-10,122.166664,streamflow,10154200,ft3/s,"['A', '[91]']",0
1987-07-11,129.5,streamflow,10154200,ft3/s,"['A', '[91]']",0
1987-07-12,127.583336,streamflow,10154200,ft3/s,"['A', '[91]']",0
1987-07-13,121.083336,streamflow,10154200,ft3/s,"['A', '[91]']",0
1987-07-14,112.208336,streamflow,10154200,ft3/s,"['A', '[91]']",0
1987-07-15,110.5,streamflow,10154200,ft3/s,"['A', '[91]']",0
1987-07-16,107.416664,streamflow,10154200,ft3/s,"['A', '[91]']",0
1987-07-17,118.333336,streamflow,10154200,ft3/s,"['A', '[91]']",0
1987-07-18,134.08333,streamflow,10154200,ft3/s,"['A', '[91]']",0
1987-07-19,115.708336,streamflow,10154200,ft3/s,"['A', '[91]']",0
1987-07-20,109.625,streamflow,10154200,ft3/s,"['A', '[91]']",0
1987-07-21,123.75,streamflow,10154200,ft3/s,"['A', '[91]']",0
1987-07-22,158.29167,streamflow,10154200,ft3/s,"['A', '[91]']",0
1987-07-23,121.75,streamflow,10154200,ft3/s,"['A', '[91]']",0
1987-07-24,109.125,streamflow,10154200,ft3/s,"['A', '[91]']",0
1987-07-25,102.666664,streamflow,10154200,ft3/s,"['A', '[91]']",0
1987-07-26,101.75,streamflow,10154200,ft3/s,"['A', '[91]']",0
1987-07-27,116.041664,streamflow,10154200,ft3/s,"['A', '[91]']",0
1987-07-28,112.333336,streamflow,10154200,ft3/s,"['A', '[91]']",0
1987-07-29,120.083336,streamflow,10154200,ft3/s,"['A', '[91]']",0
1987-07-30,120.75,streamflow,10154200,ft3/s,"['A', '[91]']",0
1987-07-31,114.333336,streamflow,10154200,ft3/s,"['A', '[91]']",0
1987-08-01,106.333336,streamflow,10154200,ft3/s,"['A', '[91]']",0
1987-08-02,116.333336,streamflow,10154200,ft3/s,"['A', '[91]']",0
1987-08-03,116.416664,streamflow,10154200,ft3/s,"['A', '[91]']",0
1987-08-04,107.083336,streamflow,10154200,ft3/s,"['A', '[91]']",0
1987-08-05,101.083336,streamflow,10154200,ft3/s,"['A', '[91]']",0
1987-08-06,101.333336,streamflow,10154200,ft3/s,"['A', '[91]']",0
1987-08-07,100.666664,streamflow,10154200,ft3/s,"['A', '[91]']",0
1987-08-08,91.791664,streamflow,10154200,ft3/s,"['A', '[91]']",0
1987-08-09,85.416664,streamflow,10154200,ft3/s,"['A', '[91]']",0
1987-08-10,82.875,streamflow,10154200,ft3/s,"['A', '[91]']",0
1987-08-11,83.958336,streamflow,10154200,ft3/s,"['A', '[91]']",0
1987-08-12,80.458336,streamflow,10154200,ft3/s,"['A', '[91]']",0
1987-08-13,69.291664,streamflow,10154200,ft3/s,"['A', '[91]']",0
1987-08-14,77.708336,streamflow,10154200,ft3/s,"['A', '[91]']",0
1987-08-15,79.625,streamflow,10154200,ft3/s,"['A', '[91]']",0
1987-08-16,86.166664,streamflow,10154200,ft3/s,"['A', '[91]']",0
1987-08-17,78.375,streamflow,10154200,ft3/s,"['A', '[91]']",0
1987-08-18,73.833336,streamflow,10154200,ft3/s,"['A', '[91]']",0
1987-08-19,71.291664,streamflow,10154200,ft3/s,"['A', '[91]']",0
1987-08-20,69.416664,streamflow,10154200,ft3/s,"['A', '[91]']",0
1987-08-21,69.0,streamflow,10154200,ft3/s,"['A', '[91]']",0
1987-08-22,87.666664,streamflow,10154200,ft3/s,"['A', '[91]']",0
1987-08-23,76.625,streamflow,10154200,ft3/s,"['A', '[91]']",0
1987-08-24,76.291664,streamflow,10154200,ft3/s,"['A', '[91]']",0
1987-08-25,82.916664,streamflow,10154200,ft3/s,"['A', '[91]']",0
1987-08-26,75.541664,streamflow,10154200,ft3/s,"['A', '[91]']",0
1987-08-27,82.208336,streamflow,10154200,ft3/s,"['A', '[91]']",0
1987-08-28,83.666664,streamflow,10154200,ft3/s,"['A', '[91]']",0
1987-08-29,78.583336,streamflow,10154200,ft3/s,"['A', '[91]']",0
1987-08-30,75.708336,streamflow,10154200,ft3/s,"['A', '[91]']",0
1987-08-31,71.708336,streamflow,10154200,ft3/s,"['A', '[91]']",0
1987-09-01,70.125,streamflow,10154200,ft3/s,"['A', '[91]']",0
1987-09-02,68.375,streamflow,10154200,ft3/s,"['A', '[91]']",0
1987-09-03,68.083336,streamflow,10154200,ft3/s,"['A', '[91]']",0
1987-09-04,74.958336,streamflow,10154200,ft3/s,"['A', '[91]']",0
1987-09-05,73.958336,streamflow,10154200,ft3/s,"['A', '[91]']",0
1987-09-06,69.75,streamflow,10154200,ft3/s,"['A', '[91]']",0
1987-09-07,68.958336,streamflow,10154200,ft3/s,"['A', '[91]']",0
1987-09-08,67.625,streamflow,10154200,ft3/s,"['A', '[91]']",0
1987-09-09,66.541664,streamflow,10154200,ft3/s,"['A', '[91]']",0
1987-09-10,64.666664,streamflow,10154200,ft3/s,"['A', '[91]']",0
1987-09-11,64.458336,streamflow,10154200,ft3/s,"['A', '[91]']",0
1987-09-12,63.583332,streamflow,10154200,ft3/s,"['A', '[91]']",0
1987-09-13,61.25,streamflow,10154200,ft3/s,"['A', '[91]']",0
1987-09-14,62.625,streamflow,10154200,ft3/s,"['A', '[91]']",0
1987-09-15,65.958336,streamflow,10154200,ft3/s,"['A', '[91]']",0
1987-09-16,64.416664,streamflow,10154200,ft3/s,"['A', '[91]']",0
1987-09-17,64.583336,streamflow,10154200,ft3/s,"['A', '[91]']",0
1987-09-18,63.333332,streamflow,10154200,ft3/s,"['A', '[91]']",0
1987-09-19,61.666668,streamflow,10154200,ft3/s,"['A', '[91]']",0
1987-09-20,63.291668,streamflow,10154200,ft3/s,"['A', '[91]']",0
1987-09-21,61.041668,streamflow,10154200,ft3/s,"['A', '[91]']",0
1987-09-22,60.041668,streamflow,10154200,ft3/s,"['A', '[91]']",0
1987-09-23,59.375,streamflow,10154200,ft3/s,"['A', '[91]']",0
1987-09-24,61.583332,streamflow,10154200,ft3/s,"['A', '[91]']",0
1987-09-25,61.583332,streamflow,10154200,ft3/s,"['A', '[91]']",0
1987-09-26,60.375,streamflow,10154200,ft3/s,"['A', '[91]']",0
1987-09-27,59.0,streamflow,10154200,ft3/s,"['A', '[91]']",0
1987-09-28,56.541668,streamflow,10154200,ft3/s,"['A', '[91]']",0
1987-09-29,56.458332,streamflow,10154200,ft3/s,"['A', '[91]']",0
1987-09-30,56.083332,streamflow,10154200,ft3/s,"['A', '[91]']",0
1987-10-01,55.083332,streamflow,10154200,ft3/s,"['A', '[91]']",0
1987-10-02,54.416668,streamflow,10154200,ft3/s,"['A', '[91]']",0
1987-10-03,54.166668,streamflow,10154200,ft3/s,"['A', '[91]']",0
1987-10-04,53.416668,streamflow,10154200,ft3/s,"['A', '[91]']",0
1987-10-05,53.208332,streamflow,10154200,ft3/s,"['A', '[91]']",0
1987-10-06,53.0,streamflow,10154200,ft3/s,"['A', '[91]']",0
1987-10-07,53.0,streamflow,10154200,ft3/s,"['A', '[91]']",0
1987-10-08,52.875,streamflow,10154200,ft3/s,"['A', '[91]']",0
1987-10-09,52.125,streamflow,10154200,ft3/s,"['A', '[91]']",0
1987-10-10,52.416668,streamflow,10154200,ft3/s,"['A', '[91]']",0
1987-10-11,52.333332,streamflow,10154200,ft3/s,"['A', '[91]']",0
1987-10-12,52.0,streamflow,10154200,ft3/s,"['A', '[91]']",0
1987-10-13,57.5,streamflow,10154200,ft3/s,"['A', '[91]']",0
1987-10-14,68.333336,streamflow,10154200,ft3/s,"['A', '[91]']",0
1987-10-15,63.0,streamflow,10154200,ft3/s,"['A', '[91]']",0
1987-10-16,57.875,streamflow,10154200,ft3/s,"['A', '[91]']",0
1987-10-17,55.458332,streamflow,10154200,ft3/s,"['A', '[91]']",0
1987-10-18,54.583332,streamflow,10154200,ft3/s,"['A', '[91]']",0
1987-10-19,53.833332,streamflow,10154200,ft3/s,"['A', '[91]']",0
1987-10-20,52.916668,streamflow,10154200,ft3/s,"['A', '[91]']",0
1987-10-21,52.625,streamflow,10154200,ft3/s,"['A', '[91]']",0
1987-10-22,52.916668,streamflow,10154200,ft3/s,"['A', '[91]']",0
1987-10-23,53.666668,streamflow,10154200,ft3/s,"['A', '[91]']",0
1987-10-24,59.25,streamflow,10154200,ft3/s,"['A', '[91]']",0
1987-10-25,59.173912,streamflow,10154200,ft3/s,"['A', '[91]']",0
1987-10-26,56.333332,streamflow,10154200,ft3/s,"['A', '[91]']",0
1987-10-27,54.791668,streamflow,10154200,ft3/s,"['A', '[91]']",0
1987-10-28,54.041668,streamflow,10154200,ft3/s,"['A', '[91]']",0
1987-10-29,55.708332,streamflow,10154200,ft3/s,"['A', '[91]']",0
1987-10-30,58.791668,streamflow,10154200,ft3/s,"['A', '[91]']",0
1987-10-31,61.041668,streamflow,10154200,ft3/s,"['A', '[91]']",0
1987-11-01,59.291668,streamflow,10154200,ft3/s,"['A', '[91]']",0
1987-11-02,60.0,streamflow,10154200,ft3/s,"['A', '[91]']",0
1987-11-03,65.333336,streamflow,10154200,ft3/s,"['A', '[91]']",0
1987-11-04,62.25,streamflow,10154200,ft3/s,"['A', '[91]']",0
1987-11-05,58.708332,streamflow,10154200,ft3/s,"['A', '[91]']",0
1987-11-06,64.583336,streamflow,10154200,ft3/s,"['A', '[91]']",0
1987-11-07,67.541664,streamflow,10154200,ft3/s,"['A', '[91]']",0
1987-11-08,63.958332,streamflow,10154200,ft3/s,"['A', '[91]']",0
1987-11-09,60.541668,streamflow,10154200,ft3/s,"['A', '[91]']",0
1987-11-10,60.5,streamflow,10154200,ft3/s,"['A', '[91]']",0
1987-11-11,61.041668,streamflow,10154200,ft3/s,"['A', '[91]']",0
1987-11-12,59.75,streamflow,10154200,ft3/s,"['A', '[91]']",0
1987-11-13,60.708332,streamflow,10154200,ft3/s,"['A', '[91]']",0
1987-11-14,64.25,streamflow,10154200,ft3/s,"['A', '[91]']",0
1987-11-15,57.666668,streamflow,10154200,ft3/s,"['A', '[91]']",0
1987-11-16,46.5,streamflow,10154200,ft3/s,"['A', '[91]']",0
1987-11-17,65.958336,streamflow,10154200,ft3/s,"['A', '[91]']",0
1987-11-18,42.666668,streamflow,10154200,ft3/s,"['A', '[91]']",0
1987-11-19,57.125,streamflow,10154200,ft3/s,"['A', '[91]']",0
1987-11-20,63.916668,streamflow,10154200,ft3/s,"['A', '[91]']",0
1987-11-21,64.458336,streamflow,10154200,ft3/s,"['A', '[91]']",0
1987-11-22,62.708332,streamflow,10154200,ft3/s,"['A', '[91]']",0
1987-11-23,58.5,streamflow,10154200,ft3/s,"['A', '[91]']",0
1987-11-24,59.166668,streamflow,10154200,ft3/s,"['A', '[91]']",0
1987-11-25,63.708332,streamflow,10154200,ft3/s,"['A', '[91]']",0
1987-11-26,61.583332,streamflow,10154200,ft3/s,"['A', '[91]']",0
1987-11-27,52.75,streamflow,10154200,ft3/s,"['A', '[91]']",0
1987-11-28,56.875,streamflow,10154200,ft3/s,"['A', '[91]']",0
1987-11-29,60.125,streamflow,10154200,ft3/s,"['A', '[91]']",0
1987-11-30,55.833332,streamflow,10154200,ft3/s,"['A', '[91]']",0
1987-12-01,55.625,streamflow,10154200,ft3/s,"['A', '[91]']",0
1987-12-02,63.791668,streamflow,10154200,ft3/s,"['A', '[91]']",0
1987-12-03,62.333332,streamflow,10154200,ft3/s,"['A', '[91]']",0
1987-12-04,61.833332,streamflow,10154200,ft3/s,"['A', '[91]']",0
1987-12-05,62.375,streamflow,10154200,ft3/s,"['A', '[91]']",0
1987-12-06,63.25,streamflow,10154200,ft3/s,"['A', '[91]']",0
1987-12-07,63.416668,streamflow,10154200,ft3/s,"['A', '[91]']",0
1987-12-08,59.875,streamflow,10154200,ft3/s,"['A', '[91]']",0
1987-12-09,66.25,streamflow,10154200,ft3/s,"['A', '[91]']",0
1987-12-10,67.0,streamflow,10154200,ft3/s,"['A', '[91]']",0
1987-12-11,69.208336,streamflow,10154200,ft3/s,"['A', '[91]']",0
1987-12-12,55.875,streamflow,10154200,ft3/s,"['A', '[91]']",0
1987-12-13,42.416668,streamflow,10154200,ft3/s,"['A', '[91]']",0
1987-12-14,48.25,streamflow,10154200,ft3/s,"['A', '[91]']",0
1987-12-15,50.75,streamflow,10154200,ft3/s,"['A', '[91]']",0
1987-12-16,55.916668,streamflow,10154200,ft3/s,"['A', '[91]']",0
1987-12-17,63.291668,streamflow,10154200,ft3/s,"['A', '[91]']",0
1987-12-18,66.541664,streamflow,10154200,ft3/s,"['A', '[91]']",0
1987-12-19,70.083336,streamflow,10154200,ft3/s,"['A', '[91]']",0
1987-12-20,66.083336,streamflow,10154200,ft3/s,"['A', '[91]']",0
1987-12-21,63.333332,streamflow,10154200,ft3/s,"['A', '[91]']",0
1987-12-22,63.666668,streamflow,10154200,ft3/s,"['A', '[91]']",0
1987-12-23,66.041664,streamflow,10154200,ft3/s,"['A', '[91]']",0
1987-12-24,62.041668,streamflow,10154200,ft3/s,"['A', '[91]']",0
1987-12-25,55.75,streamflow,10154200,ft3/s,"['A', '[91]']",0
1987-12-26,56.083332,streamflow,10154200,ft3/s,"['A', '[91]']",0
1987-12-27,60.75,streamflow,10154200,ft3/s,"['A', '[91]']",0
1987-12-28,62.625,streamflow,10154200,ft3/s,"['A', '[91]']",0
1987-12-29,64.041664,streamflow,10154200,ft3/s,"['A', '[91]']",0
1987-12-30,65.416664,streamflow,10154200,ft3/s,"['A', '[91]']",0
1987-12-31,63.5,streamflow,10154200,ft3/s,"['A', '[91]']",0
1988-01-01,62.291668,streamflow,10154200,ft3/s,"['A', '[91]']",0
1988-01-02,55.708332,streamflow,10154200,ft3/s,"['A', '[91]']",0
1988-01-03,57.541668,streamflow,10154200,ft3/s,"['A', '[91]']",0
1988-01-04,64.125,streamflow,10154200,ft3/s,"['A', '[91]']",0
1988-01-05,62.625,streamflow,10154200,ft3/s,"['A', '[91]']",0
1988-01-06,62.916668,streamflow,10154200,ft3/s,"['A', '[91]']",0
1988-01-07,61.833332,streamflow,10154200,ft3/s,"['A', '[91]']",0
1988-01-08,61.75,streamflow,10154200,ft3/s,"['A', '[91]']",0
1988-01-09,62.0,streamflow,10154200,ft3/s,"['A', '[91]']",0
1988-01-10,62.166668,streamflow,10154200,ft3/s,"['A', '[91]']",0
1988-01-11,63.208332,streamflow,10154200,ft3/s,"['A', '[91]']",0
1988-01-12,59.583332,streamflow,10154200,ft3/s,"['A', '[91]']",0
1988-01-13,57.875,streamflow,10154200,ft3/s,"['A', '[91]']",0
1988-01-14,67.458336,streamflow,10154200,ft3/s,"['A', '[91]']",0
1988-01-15,66.291664,streamflow,10154200,ft3/s,"['A', '[91]']",0
1988-01-16,62.791668,streamflow,10154200,ft3/s,"['A', '[91]']",0
1988-01-17,65.375,streamflow,10154200,ft3/s,"['A', '[91]']",0
1988-01-18,66.25,streamflow,10154200,ft3/s,"['A', '[91]']",0
1988-01-19,59.583332,streamflow,10154200,ft3/s,"['A', '[91]']",0
1988-01-20,53.25,streamflow,10154200,ft3/s,"['A', '[91]']",0
1988-01-21,64.125,streamflow,10154200,ft3/s,"['A', '[91]']",0
1988-01-22,59.291668,streamflow,10154200,ft3/s,"['A', '[91]']",0
1988-01-23,63.458332,streamflow,10154200,ft3/s,"['A', '[91]']",0
1988-01-24,62.333332,streamflow,10154200,ft3/s,"['A', '[91]']",0
1988-01-25,58.208332,streamflow,10154200,ft3/s,"['A', '[91]']",0
1988-01-26,61.916668,streamflow,10154200,ft3/s,"['A', '[91]']",0
1988-01-27,61.916668,streamflow,10154200,ft3/s,"['A', '[91]']",0
1988-01-28,62.166668,streamflow,10154200,ft3/s,"['A', '[91]']",0
1988-01-29,63.291668,streamflow,10154200,ft3/s,"['A', '[91]']",0
1988-01-30,63.958332,streamflow,10154200,ft3/s,"['A', '[91]']",0
1988-01-31,62.958332,streamflow,10154200,ft3/s,"['A', '[91]']",0
1988-02-01,63.083332,streamflow,10154200,ft3/s,"['A', '[91]']",0
1988-02-02,62.791668,streamflow,10154200,ft3/s,"['A', '[91]']",0
1988-02-03,54.875,streamflow,10154200,ft3/s,"['A', '[91]']",0
1988-02-04,53.75,streamflow,10154200,ft3/s,"['A', '[91]']",0
1988-02-05,58.5,streamflow,10154200,ft3/s,"['A', '[91]']",0
1988-02-06,59.625,streamflow,10154200,ft3/s,"['A', '[91]']",0
1988-02-07,60.708332,streamflow,10154200,ft3/s,"['A', '[91]']",0
1988-02-08,61.5,streamflow,10154200,ft3/s,"['A', '[91]']",0
1988-02-09,60.583332,streamflow,10154200,ft3/s,"['A', '[91]']",0
1988-02-10,58.25,streamflow,10154200,ft3/s,"['A', '[91]']",0
1988-02-11,50.25,streamflow,10154200,ft3/s,"['A', '[91]']",0
1988-02-12,49.5,streamflow,10154200,ft3/s,"['A', '[91]']",0
1988-02-13,50.5,streamflow,10154200,ft3/s,"['A', '[91]']",0
1988-02-14,49.375,streamflow,10154200,ft3/s,"['A', '[91]']",0
1988-02-15,50.166668,streamflow,10154200,ft3/s,"['A', '[91]']",0
1988-02-16,49.958332,streamflow,10154200,ft3/s,"['A', '[91]']",0
1988-02-17,43.25,streamflow,10154200,ft3/s,"['A', '[91]']",0
1988-02-18,47.583332,streamflow,10154200,ft3/s,"['A', '[91]']",0
1988-02-19,47.541668,streamflow,10154200,ft3/s,"['A', '[91]']",0
1988-02-20,47.875,streamflow,10154200,ft3/s,"['A', '[91]']",0
1988-02-21,46.708332,streamflow,10154200,ft3/s,"['A', '[91]']",0
1988-02-22,46.583332,streamflow,10154200,ft3/s,"['A', '[91]']",0
1988-02-23,44.875,streamflow,10154200,ft3/s,"['A', '[91]']",0
1988-02-24,44.791668,streamflow,10154200,ft3/s,"['A', '[91]']",0
1988-02-25,49.041668,streamflow,10154200,ft3/s,"['A', '[91]']",0
1988-02-26,57.5,streamflow,10154200,ft3/s,"['A', '[91]']",0
1988-02-27,58.791668,streamflow,10154200,ft3/s,"['A', '[91]']",0
1988-02-28,62.25,streamflow,10154200,ft3/s,"['A', '[91]']",0
1988-02-29,64.5,streamflow,10154200,ft3/s,"['A', '[91]']",0
1988-03-01,65.916664,streamflow,10154200,ft3/s,"['A', '[91]']",0
1988-03-02,63.041668,streamflow,10154200,ft3/s,"['A', '[91]']",0
1988-03-03,59.541668,streamflow,10154200,ft3/s,"['A', '[91]']",0
1988-03-04,63.208332,streamflow,10154200,ft3/s,"['A', '[91]']",0
1988-03-05,55.791668,streamflow,10154200,ft3/s,"['A', '[91]']",0
1988-03-06,65.625,streamflow,10154200,ft3/s,"['A', '[91]']",0
1988-03-07,58.833332,streamflow,10154200,ft3/s,"['A', '[91]']",0
1988-03-08,54.375,streamflow,10154200,ft3/s,"['A', '[91]']",0
1988-03-09,66.458336,streamflow,10154200,ft3/s,"['A', '[91]']",0
1988-03-10,66.291664,streamflow,10154200,ft3/s,"['A', '[91]']",0
1988-03-11,63.958332,streamflow,10154200,ft3/s,"['A', '[91]']",0
1988-03-12,59.125,streamflow,10154200,ft3/s,"['A', '[91]']",0
1988-03-13,61.333332,streamflow,10154200,ft3/s,"['A', '[91]']",0
1988-03-14,55.791668,streamflow,10154200,ft3/s,"['A', '[91]']",0
1988-03-15,66.583336,streamflow,10154200,ft3/s,"['A', '[91]']",0
1988-03-16,62.0,streamflow,10154200,ft3/s,"['A', '[91]']",0
1988-03-17,58.833332,streamflow,10154200,ft3/s,"['A', '[91]']",0
1988-03-18,56.25,streamflow,10154200,ft3/s,"['A', '[91]']",0
1988-03-19,61.041668,streamflow,10154200,ft3/s,"['A', '[91]']",0
1988-03-20,66.083336,streamflow,10154200,ft3/s,"['A', '[91]']",0
1988-03-21,69.958336,streamflow,10154200,ft3/s,"['A', '[91]']",0
1988-03-22,76.25,streamflow,10154200,ft3/s,"['A', '[91]']",0
1988-03-23,68.375,streamflow,10154200,ft3/s,"['A', '[91]']",0
1988-03-24,69.875,streamflow,10154200,ft3/s,"['A', '[91]']",0
1988-03-25,70.708336,streamflow,10154200,ft3/s,"['A', '[91]']",0
1988-03-26,73.875,streamflow,10154200,ft3/s,"['A', '[91]']",0
1988-03-27,86.958336,streamflow,10154200,ft3/s,"['A', '[91]']",0
1988-03-28,71.375,streamflow,10154200,ft3/s,"['A', '[91]']",0
1988-03-29,62.708332,streamflow,10154200,ft3/s,"['A', '[91]']",0
1988-03-30,82.708336,streamflow,10154200,ft3/s,"['A', '[91]']",0
1988-03-31,69.208336,streamflow,10154200,ft3/s,"['A', '[91]']",0
1988-04-01,69.166664,streamflow,10154200,ft3/s,"['A', '[91]']",0
1988-04-02,76.458336,streamflow,10154200,ft3/s,"['A', '[91]']",0
1988-04-03,84.625,streamflow,10154200,ft3/s,"['A', '[91]']",0
1988-04-04,95.916664,streamflow,10154200,ft3/s,"['A', '[91]']",0
1988-04-05,90.833336,streamflow,10154200,ft3/s,"['A', '[91]']",0
1988-04-06,99.75,streamflow,10154200,ft3/s,"['A', '[91]']",0
1988-04-07,131.95833,streamflow,10154200,ft3/s,"['A', '[91]']",0
1988-04-08,164.875,streamflow,10154200,ft3/s,"['A', '[91]']",0
1988-04-09,131.5,streamflow,10154200,ft3/s,"['A', '[91]']",0
1988-04-10,134.04167,streamflow,10154200,ft3/s,"['A', '[91]']",0
1988-04-11,155.0,streamflow,10154200,ft3/s,"['A', '[91]']",0
1988-04-12,191.75,streamflow,10154200,ft3/s,"['A', '[91]']",0
1988-04-13,227.58333,streamflow,10154200,ft3/s,"['A', '[91]']",0
1988-04-14,243.375,streamflow,10154200,ft3/s,"['A', '[91]']",0
1988-04-15,281.16666,streamflow,10154200,ft3/s,"['A', '[91]']",0
1988-04-16,308.41666,streamflow,10154200,ft3/s,"['A', '[91]']",0
1988-04-17,344.625,streamflow,10154200,ft3/s,"['A', '[91]']",0
1988-04-18,344.0,streamflow,10154200,ft3/s,"['A', '[91]']",0
1988-04-19,331.70834,streamflow,10154200,ft3/s,"['A', '[91]']",0
1988-04-20,307.375,streamflow,10154200,ft3/s,"['A', '[91]']",0
1988-04-21,322.375,streamflow,10154200,ft3/s,"['A', '[91]']",0
1988-04-22,310.0,streamflow,10154200,ft3/s,"['A', '[91]']",0
1988-04-23,277.75,streamflow,10154200,ft3/s,"['A', '[91]']",0
1988-04-24,264.16666,streamflow,10154200,ft3/s,"['A', '[91]']",0
1988-04-25,254.58333,streamflow,10154200,ft3/s,"['A', '[91]']",0
1988-04-26,214.375,streamflow,10154200,ft3/s,"['A', '[91]']",0
1988-04-27,239.41667,streamflow,10154200,ft3/s,"['A', '[91]']",0
1988-04-28,243.58333,streamflow,10154200,ft3/s,"['A', '[91]']",0
1988-04-29,243.04167,streamflow,10154200,ft3/s,"['A', '[91]']",0
1988-04-30,288.54166,streamflow,10154200,ft3/s,"['A', '[91]']",0
1988-05-01,335.25,streamflow,10154200,ft3/s,"['A', '[91]']",0
1988-05-02,299.875,streamflow,10154200,ft3/s,"['A', '[91]']",0
1988-05-03,284.375,streamflow,10154200,ft3/s,"['A', '[91]']",0
1988-05-04,280.41666,streamflow,10154200,ft3/s,"['A', '[91]']",0
1988-05-05,275.91666,streamflow,10154200,ft3/s,"['A', '[91]']",0
1988-05-06,310.33334,streamflow,10154200,ft3/s,"['A', '[91]']",0
1988-05-07,292.25,streamflow,10154200,ft3/s,"['A', '[91]']",0
1988-05-08,275.70834,streamflow,10154200,ft3/s,"['A', '[91]']",0
1988-05-09,258.41666,streamflow,10154200,ft3/s,"['A', '[91]']",0
1988-05-10,250.70833,streamflow,10154200,ft3/s,"['A', '[91]']",0
1988-05-11,305.08334,streamflow,10154200,ft3/s,"['A', '[91]']",0
1988-05-12,440.875,streamflow,10154200,ft3/s,"['A', '[91]']",0
1988-05-13,667.2083,streamflow,10154200,ft3/s,"['A', '[91]']",0
1988-05-14,876.4167,streamflow,10154200,ft3/s,"['A', '[91]']",0
1988-05-15,973.9167,streamflow,10154200,ft3/s,"['A', '[91]']",0
1988-05-16,1193.0,streamflow,10154200,ft3/s,"['A', '[91]']",0
1988-05-17,1407.0834,streamflow,10154200,ft3/s,"['A', '[91]']",0
1988-05-18,1190.8334,streamflow,10154200,ft3/s,"['A', '[91]']",0
1988-05-19,979.5,streamflow,10154200,ft3/s,"['A', '[91]']",0
1988-05-20,853.3333,streamflow,10154200,ft3/s,"['A', '[91]']",0
1988-05-21,847.5833,streamflow,10154200,ft3/s,"['A', '[91]']",0
1988-05-22,858.9167,streamflow,10154200,ft3/s,"['A', '[91]']",0
1988-05-23,899.875,streamflow,10154200,ft3/s,"['A', '[91]']",0
1988-05-24,902.6667,streamflow,10154200,ft3/s,"['A', '[91]']",0
1988-05-25,858.375,streamflow,10154200,ft3/s,"['A', '[91]']",0
1988-05-26,847.625,streamflow,10154200,ft3/s,"['A', '[91]']",0
1988-05-27,845.5417,streamflow,10154200,ft3/s,"['A', '[91]']",0
1988-05-28,766.2083,streamflow,10154200,ft3/s,"['A', '[91]']",0
1988-05-29,754.1667,streamflow,10154200,ft3/s,"['A', '[91]']",0
1988-05-30,689.2917,streamflow,10154200,ft3/s,"['A', '[91]']",0
1988-05-31,589.9167,streamflow,10154200,ft3/s,"['A', '[91]']",0
1988-06-01,499.41666,streamflow,10154200,ft3/s,"['A', '[91]']",0
1988-06-02,476.33334,streamflow,10154200,ft3/s,"['A', '[91]']",0
1988-06-03,461.91666,streamflow,10154200,ft3/s,"['A', '[91]']",0
1988-06-04,528.0417,streamflow,10154200,ft3/s,"['A', '[91]']",0
1988-06-05,633.0,streamflow,10154200,ft3/s,"['A', '[91]']",0
1988-06-06,603.0,streamflow,10154200,ft3/s,"['A', '[91]']",0
1988-06-07,509.20834,streamflow,10154200,ft3/s,"['A', '[91]']",0
1988-06-08,440.58334,streamflow,10154200,ft3/s,"['A', '[91]']",0
1988-06-09,389.875,streamflow,10154200,ft3/s,"['A', '[91]']",0
1988-06-10,352.66666,streamflow,10154200,ft3/s,"['A', '[91]']",0
1988-06-11,316.875,streamflow,10154200,ft3/s,"['A', '[91]']",0
1988-06-12,290.91666,streamflow,10154200,ft3/s,"['A', '[91]']",0
1988-06-13,272.95834,streamflow,10154200,ft3/s,"['A', '[91]']",0
1988-06-14,237.5,streamflow,10154200,ft3/s,"['A', '[91]']",0
1988-06-15,226.625,streamflow,10154200,ft3/s,"['A', '[91]']",0
1988-06-16,214.25,streamflow,10154200,ft3/s,"['A', '[91]']",0
1988-06-17,200.75,streamflow,10154200,ft3/s,"['A', '[91]']",0
1988-06-18,204.375,streamflow,10154200,ft3/s,"['A', '[91]']",0
1988-06-19,202.83333,streamflow,10154200,ft3/s,"['A', '[91]']",0
1988-06-20,195.54167,streamflow,10154200,ft3/s,"['A', '[91]']",0
1988-06-21,222.0,streamflow,10154200,ft3/s,"['A', '[91]']",0
1988-06-22,192.875,streamflow,10154200,ft3/s,"['A', '[91]']",0
1988-06-23,211.125,streamflow,10154200,ft3/s,"['A', '[91]']",0
1988-06-24,197.20833,streamflow,10154200,ft3/s,"['A', '[91]']",0
1988-06-25,185.0,streamflow,10154200,ft3/s,"['A', '[91]']",0
1988-06-26,184.70833,streamflow,10154200,ft3/s,"['A', '[91]']",0
1988-06-27,199.75,streamflow,10154200,ft3/s,"['A', '[91]']",0
1988-06-28,198.875,streamflow,10154200,ft3/s,"['A', '[91]']",0
1988-06-29,183.125,streamflow,10154200,ft3/s,"['A', '[91]']",0
1988-06-30,149.33333,streamflow,10154200,ft3/s,"['A', '[91]']",0
1988-07-01,133.0,streamflow,10154200,ft3/s,"['A', '[91]']",0
1988-07-02,128.83333,streamflow,10154200,ft3/s,"['A', '[91]']",0
1988-07-03,121.416664,streamflow,10154200,ft3/s,"['A', '[91]']",0
1988-07-04,118.416664,streamflow,10154200,ft3/s,"['A', '[91]']",0
1988-07-05,115.333336,streamflow,10154200,ft3/s,"['A', '[91]']",0
1988-07-06,111.458336,streamflow,10154200,ft3/s,"['A', '[91]']",0
1988-07-07,106.458336,streamflow,10154200,ft3/s,"['A', '[91]']",0
1988-07-08,103.875,streamflow,10154200,ft3/s,"['A', '[91]']",0
1988-07-09,99.5,streamflow,10154200,ft3/s,"['A', '[91]']",0
1988-07-10,101.166664,streamflow,10154200,ft3/s,"['A', '[91]']",0
1988-07-11,104.208336,streamflow,10154200,ft3/s,"['A', '[91]']",0
1988-07-12,106.166664,streamflow,10154200,ft3/s,"['A', '[91]']",0
1988-07-13,91.958336,streamflow,10154200,ft3/s,"['A', '[91]']",0
1988-07-14,90.583336,streamflow,10154200,ft3/s,"['A', '[91]']",0
1988-07-15,91.75,streamflow,10154200,ft3/s,"['A', '[91]']",0
1988-07-16,90.541664,streamflow,10154200,ft3/s,"['A', '[91]']",0
1988-07-17,88.625,streamflow,10154200,ft3/s,"['A', '[91]']",0
1988-07-18,88.166664,streamflow,10154200,ft3/s,"['A', '[91]']",0
1988-07-19,87.25,streamflow,10154200,ft3/s,"['A', '[91]']",0
1988-07-20,94.125,streamflow,10154200,ft3/s,"['A', '[91]']",0
1988-07-21,90.666664,streamflow,10154200,ft3/s,"['A', '[91]']",0
1988-07-22,94.291664,streamflow,10154200,ft3/s,"['A', '[91]']",0
1988-07-23,98.916664,streamflow,10154200,ft3/s,"['A', '[91]']",0
1988-07-24,74.916664,streamflow,10154200,ft3/s,"['A', '[91]']",0
1988-07-25,72.916664,streamflow,10154200,ft3/s,"['A', '[91]']",0
1988-07-26,75.708336,streamflow,10154200,ft3/s,"['A', '[91]']",0
1988-07-27,82.791664,streamflow,10154200,ft3/s,"['A', '[91]']",0
1988-07-28,80.916664,streamflow,10154200,ft3/s,"['A', '[91]']",0
1988-07-29,77.291664,streamflow,10154200,ft3/s,"['A', '[91]']",0
1988-07-30,83.166664,streamflow,10154200,ft3/s,"['A', '[91]']",0
1988-07-31,72.208336,streamflow,10154200,ft3/s,"['A', '[91]']",0
1988-08-01,79.5,streamflow,10154200,ft3/s,"['A', '[91]']",0
1988-08-02,75.333336,streamflow,10154200,ft3/s,"['A', '[91]']",0
1988-08-03,93.541664,streamflow,10154200,ft3/s,"['A', '[91]']",0
1988-08-04,88.625,streamflow,10154200,ft3/s,"['A', '[91]']",0
1988-08-05,77.958336,streamflow,10154200,ft3/s,"['A', '[91]']",0
1988-08-06,71.083336,streamflow,10154200,ft3/s,"['A', '[91]']",0
1988-08-07,79.791664,streamflow,10154200,ft3/s,"['A', '[91]']",0
1988-08-08,77.041664,streamflow,10154200,ft3/s,"['A', '[91]']",0
1988-08-09,71.416664,streamflow,10154200,ft3/s,"['A', '[91]']",0
1988-08-10,70.875,streamflow,10154200,ft3/s,"['A', '[91]']",0
1988-08-11,64.041664,streamflow,10154200,ft3/s,"['A', '[91]']",0
1988-08-12,67.083336,streamflow,10154200,ft3/s,"['A', '[91]']",0
1988-08-13,63.625,streamflow,10154200,ft3/s,"['A', '[91]']",0
1988-08-14,68.583336,streamflow,10154200,ft3/s,"['A', '[91]']",0
1988-08-15,66.333336,streamflow,10154200,ft3/s,"['A', '[91]']",0
1988-08-16,66.125,streamflow,10154200,ft3/s,"['A', '[91]']",0
1988-08-17,65.916664,streamflow,10154200,ft3/s,"['A', '[91]']",0
1988-08-18,68.166664,streamflow,10154200,ft3/s,"['A', '[91]']",0
1988-08-19,65.916664,streamflow,10154200,ft3/s,"['A', '[91]']",0
1988-08-20,70.583336,streamflow,10154200,ft3/s,"['A', '[91]']",0
1988-08-21,81.166664,streamflow,10154200,ft3/s,"['A', '[91]']",0
1988-08-22,81.333336,streamflow,10154200,ft3/s,"['A', '[91]']",0
1988-08-23,,streamflow,10154200,ft3/s,"['A', '[91]']",0
1988-08-24,,streamflow,10154200,ft3/s,"['A', '[91]']",0
1988-08-25,,streamflow,10154200,ft3/s,"['A', '[91]']",0
1988-08-26,,streamflow,10154200,ft3/s,"['A', '[91]']",0
1988-08-27,,streamflow,10154200,ft3/s,"['A', '[91]']",0
1988-08-28,,streamflow,10154200,ft3/s,"['A', '[91]']",0
1988-08-29,,streamflow,10154200,ft3/s,"['A', '[91]']",0
1988-08-30,,streamflow,10154200,ft3/s,"['A', '[91]']",0
1988-08-31,,streamflow,10154200,ft3/s,"['A', '[91]']",0
1988-09-01,49.72222,streamflow,10154200,ft3/s,"['A', '[91]']",0
1988-09-02,44.916668,streamflow,10154200,ft3/s,"['A', '[91]']",0
1988-09-03,41.833332,streamflow,10154200,ft3/s,"['A', '[91]']",0
1988-09-04,39.75,streamflow,10154200,ft3/s,"['A', '[91]']",0
1988-09-05,39.541668,streamflow,10154200,ft3/s,"['A', '[91]']",0
1988-09-06,39.708332,streamflow,10154200,ft3/s,"['A', '[91]']",0
1988-09-07,33.375,streamflow,10154200,ft3/s,"['A', '[91]']",0
1988-09-08,32.708332,streamflow,10154200,ft3/s,"['A', '[91]']",0
1988-09-09,32.916668,streamflow,10154200,ft3/s,"['A', '[91]']",0
1988-09-10,33.0,streamflow,10154200,ft3/s,"['A', '[91]']",0
1988-09-11,33.0,streamflow,10154200,ft3/s,"['A', '[91]']",0
1988-09-12,33.666668,streamflow,10154200,ft3/s,"['A', '[91]']",0
1988-09-13,37.375,streamflow,10154200,ft3/s,"['A', '[91]']",0
1988-09-14,37.958332,streamflow,10154200,ft3/s,"['A', '[91]']",0
1988-09-15,36.958332,streamflow,10154200,ft3/s,"['A', '[91]']",0
1988-09-16,38.958332,streamflow,10154200,ft3/s,"['A', '[91]']",0
1988-09-17,38.958332,streamflow,10154200,ft3/s,"['A', '[91]']",0
1988-09-18,36.458332,streamflow,10154200,ft3/s,"['A', '[91]']",0
1988-09-19,35.916668,streamflow,10154200,ft3/s,"['A', '[91]']",0
1988-09-20,35.125,streamflow,10154200,ft3/s,"['A', '[91]']",0
1988-09-21,37.166668,streamflow,10154200,ft3/s,"['A', '[91]']",0
1988-09-22,41.75,streamflow,10154200,ft3/s,"['A', '[91]']",0
1988-09-23,41.625,streamflow,10154200,ft3/s,"['A', '[91]']",0
1988-09-24,39.958332,streamflow,10154200,ft3/s,"['A', '[91]']",0
1988-09-25,38.916668,streamflow,10154200,ft3/s,"['A', '[91]']",0
1988-09-26,38.333332,streamflow,10154200,ft3/s,"['A', '[91]']",0
1988-09-27,38.333332,streamflow,10154200,ft3/s,"['A', '[91]']",0
1988-09-28,38.625,streamflow,10154200,ft3/s,"['A', '[91]']",0
1988-09-29,38.625,streamflow,10154200,ft3/s,"['A', '[91]']",0
1988-09-30,38.958332,streamflow,10154200,ft3/s,"['A', '[91]']",0
1988-10-01,38.166668,streamflow,10154200,ft3/s,"['A', '[91]']",0
1988-10-02,,streamflow,10154200,ft3/s,"['A', '[91]']",0
1988-10-03,,streamflow,10154200,ft3/s,"['A', '[91]']",0
1988-10-04,,streamflow,10154200,ft3/s,"['A', '[91]']",0
1988-10-05,,streamflow,10154200,ft3/s,"['A', '[91]']",0
1988-10-06,,streamflow,10154200,ft3/s,"['A', '[91]']",0
1988-10-07,,streamflow,10154200,ft3/s,"['A', '[91]']",0
1988-10-08,,streamflow,10154200,ft3/s,"['A', '[91]']",0
1988-10-09,,streamflow,10154200,ft3/s,"['A', '[91]']",0
1988-10-10,,streamflow,10154200,ft3/s,"['A', '[91]']",0
1988-10-11,,streamflow,10154200,ft3/s,"['A', '[91]']",0
1988-10-12,,streamflow,10154200,ft3/s,"['A', '[91]']",0
1988-10-13,,streamflow,10154200,ft3/s,"['A', '[91]']",0
1988-10-14,,streamflow,10154200,ft3/s,"['A', '[91]']",0
1988-10-15,,streamflow,10154200,ft3/s,"['A', '[91]']",0
1988-10-16,,streamflow,10154200,ft3/s,"['A', '[91]']",0
1988-10-17,,streamflow,10154200,ft3/s,"['A', '[91]']",0
1988-10-18,,streamflow,10154200,ft3/s,"['A', '[91]']",0
1988-10-19,,streamflow,10154200,ft3/s,"['A', '[91]']",0
1988-10-20,,streamflow,10154200,ft3/s,"['A', '[91]']",0
1988-10-21,,streamflow,10154200,ft3/s,"['A', '[91]']",0
1988-10-22,,streamflow,10154200,ft3/s,"['A', '[91]']",0
1988-10-23,,streamflow,10154200,ft3/s,"['A', '[91]']",0
1988-10-24,,streamflow,10154200,ft3/s,"['A', '[91]']",0
1988-10-25,,streamflow,10154200,ft3/s,"['A', '[91]']",0
1988-10-26,,streamflow,10154200,ft3/s,"['A', '[91]']",0
1988-10-27,,streamflow,10154200,ft3/s,"['A', '[91]']",0
1988-10-28,,streamflow,10154200,ft3/s,"['A', '[91]']",0
1988-10-29,,streamflow,10154200,ft3/s,"['A', '[91]']",0
1988-10-30,,streamflow,10154200,ft3/s,"['A', '[91]']",0
1988-10-31,,streamflow,10154200,ft3/s,"['A', '[91]']",0
1988-11-01,,streamflow,10154200,ft3/s,"['A', '[91]']",0
1988-11-02,,streamflow,10154200,ft3/s,"['A', '[91]']",0
1988-11-03,,streamflow,10154200,ft3/s,"['A', '[91]']",0
1988-11-04,,streamflow,10154200,ft3/s,"['A', '[91]']",0
1988-11-05,,streamflow,10154200,ft3/s,"['A', '[91]']",0
1988-11-06,,streamflow,10154200,ft3/s,"['A', '[91]']",0
1988-11-07,,streamflow,10154200,ft3/s,"['A', '[91]']",0
1988-11-08,,streamflow,10154200,ft3/s,"['A', '[91]']",0
1988-11-09,,streamflow,10154200,ft3/s,"['A', '[91]']",0
1988-11-10,,streamflow,10154200,ft3/s,"['A', '[91]']",0
1988-11-11,,streamflow,10154200,ft3/s,"['A', '[91]']",0
1988-11-12,,streamflow,10154200,ft3/s,"['A', '[91]']",0
1988-11-13,,streamflow,10154200,ft3/s,"['A', '[91]']",0
1988-11-14,,streamflow,10154200,ft3/s,"['A', '[91]']",0
1988-11-15,,streamflow,10154200,ft3/s,"['A', '[91]']",0
1988-11-16,,streamflow,10154200,ft3/s,"['A', '[91]']",0
1988-11-17,,streamflow,10154200,ft3/s,"['A', '[91]']",0
1988-11-18,,streamflow,10154200,ft3/s,"['A', '[91]']",0
1988-11-19,,streamflow,10154200,ft3/s,"['A', '[91]']",0
1988-11-20,,streamflow,10154200,ft3/s,"['A', '[91]']",0
1988-11-21,,streamflow,10154200,ft3/s,"['A', '[91]']",0
1988-11-22,,streamflow,10154200,ft3/s,"['A', '[91]']",0
1988-11-23,,streamflow,10154200,ft3/s,"['A', '[91]']",0
1988-11-24,,streamflow,10154200,ft3/s,"['A', '[91]']",0
1988-11-25,,streamflow,10154200,ft3/s,"['A', '[91]']",0
1988-11-26,,streamflow,10154200,ft3/s,"['A', '[91]']",0
1988-11-27,,streamflow,10154200,ft3/s,"['A', '[91]']",0
1988-11-28,,streamflow,10154200,ft3/s,"['A', '[91]']",0
1988-11-29,,streamflow,10154200,ft3/s,"['A', '[91]']",0
1988-11-30,,streamflow,10154200,ft3/s,"['A', '[91]']",0
1988-12-01,,streamflow,10154200,ft3/s,"['A', '[91]']",0
1988-12-02,,streamflow,10154200,ft3/s,"['A', '[91]']",0
1988-12-03,,streamflow,10154200,ft3/s,"['A', '[91]']",0
1988-12-04,,streamflow,10154200,ft3/s,"['A', '[91]']",0
1988-12-05,,streamflow,10154200,ft3/s,"['A', '[91]']",0
1988-12-06,,streamflow,10154200,ft3/s,"['A', '[91]']",0
1988-12-07,,streamflow,10154200,ft3/s,"['A', '[91]']",0
1988-12-08,,streamflow,10154200,ft3/s,"['A', '[91]']",0
1988-12-09,,streamflow,10154200,ft3/s,"['A', '[91]']",0
1988-12-10,,streamflow,10154200,ft3/s,"['A', '[91]']",0
1988-12-11,,streamflow,10154200,ft3/s,"['A', '[91]']",0
1988-12-12,,streamflow,10154200,ft3/s,"['A', '[91]']",0
1988-12-13,,streamflow,10154200,ft3/s,"['A', '[91]']",0
1988-12-14,,streamflow,10154200,ft3/s,"['A', '[91]']",0
1988-12-15,,streamflow,10154200,ft3/s,"['A', '[91]']",0
1988-12-16,,streamflow,10154200,ft3/s,"['A', '[91]']",0
1988-12-17,,streamflow,10154200,ft3/s,"['A', '[91]']",0
1988-12-18,,streamflow,10154200,ft3/s,"['A', '[91]']",0
1988-12-19,,streamflow,10154200,ft3/s,"['A', '[91]']",0
1988-12-20,,streamflow,10154200,ft3/s,"['A', '[91]']",0
1988-12-21,,streamflow,10154200,ft3/s,"['A', '[91]']",0
1988-12-22,,streamflow,10154200,ft3/s,"['A', '[91]']",0
1988-12-23,,streamflow,10154200,ft3/s,"['A', '[91]']",0
1988-12-24,,streamflow,10154200,ft3/s,"['A', '[91]']",0
1988-12-25,,streamflow,10154200,ft3/s,"['A', '[91]']",0
1988-12-26,,streamflow,10154200,ft3/s,"['A', '[91]']",0
1988-12-27,,streamflow,10154200,ft3/s,"['A', '[91]']",0
1988-12-28,,streamflow,10154200,ft3/s,"['A', '[91]']",0
1988-12-29,,streamflow,10154200,ft3/s,"['A', '[91]']",0
1988-12-30,,streamflow,10154200,ft3/s,"['A', '[91]']",0
1988-12-31,,streamflow,10154200,ft3/s,"['A', '[91]']",0
1989-01-01,,streamflow,10154200,ft3/s,"['A', '[91]']",0
1989-01-02,,streamflow,10154200,ft3/s,"['A', '[91]']",0
1989-01-03,,streamflow,10154200,ft3/s,"['A', '[91]']",0
1989-01-04,,streamflow,10154200,ft3/s,"['A', '[91]']",0
1989-01-05,,streamflow,10154200,ft3/s,"['A', '[91]']",0
1989-01-06,,streamflow,10154200,ft3/s,"['A', '[91]']",0
1989-01-07,,streamflow,10154200,ft3/s,"['A', '[91]']",0
1989-01-08,,streamflow,10154200,ft3/s,"['A', '[91]']",0
1989-01-09,,streamflow,10154200,ft3/s,"['A', '[91]']",0
1989-01-10,,streamflow,10154200,ft3/s,"['A', '[91]']",0
1989-01-11,,streamflow,10154200,ft3/s,"['A', '[91]']",0
1989-01-12,,streamflow,10154200,ft3/s,"['A', '[91]']",0
1989-01-13,,streamflow,10154200,ft3/s,"['A', '[91]']",0
1989-01-14,,streamflow,10154200,ft3/s,"['A', '[91]']",0
1989-01-15,,streamflow,10154200,ft3/s,"['A', '[91]']",0
1989-01-16,,streamflow,10154200,ft3/s,"['A', '[91]']",0
1989-01-17,,streamflow,10154200,ft3/s,"['A', '[91]']",0
1989-01-18,,streamflow,10154200,ft3/s,"['A', '[91]']",0
1989-01-19,,streamflow,10154200,ft3/s,"['A', '[91]']",0
1989-01-20,,streamflow,10154200,ft3/s,"['A', '[91]']",0
1989-01-21,,streamflow,10154200,ft3/s,"['A', '[91]']",0
1989-01-22,,streamflow,10154200,ft3/s,"['A', '[91]']",0
1989-01-23,,streamflow,10154200,ft3/s,"['A', '[91]']",0
1989-01-24,,streamflow,10154200,ft3/s,"['A', '[91]']",0
1989-01-25,,streamflow,10154200,ft3/s,"['A', '[91]']",0
1989-01-26,,streamflow,10154200,ft3/s,"['A', '[91]']",0
1989-01-27,,streamflow,10154200,ft3/s,"['A', '[91]']",0
1989-01-28,,streamflow,10154200,ft3/s,"['A', '[91]']",0
1989-01-29,,streamflow,10154200,ft3/s,"['A', '[91]']",0
1989-01-30,,streamflow,10154200,ft3/s,"['A', '[91]']",0
1989-01-31,,streamflow,10154200,ft3/s,"['A', '[91]']",0
1989-02-01,,streamflow,10154200,ft3/s,"['A', '[91]']",0
1989-02-02,,streamflow,10154200,ft3/s,"['A', '[91]']",0
1989-02-03,,streamflow,10154200,ft3/s,"['A', '[91]']",0
1989-02-04,,streamflow,10154200,ft3/s,"['A', '[91]']",0
1989-02-05,,streamflow,10154200,ft3/s,"['A', '[91]']",0
1989-02-06,,streamflow,10154200,ft3/s,"['A', '[91]']",0
1989-02-07,,streamflow,10154200,ft3/s,"['A', '[91]']",0
1989-02-08,,streamflow,10154200,ft3/s,"['A', '[91]']",0
1989-02-09,,streamflow,10154200,ft3/s,"['A', '[91]']",0
1989-02-10,,streamflow,10154200,ft3/s,"['A', '[91]']",0
1989-02-11,,streamflow,10154200,ft3/s,"['A', '[91]']",0
1989-02-12,,streamflow,10154200,ft3/s,"['A', '[91]']",0
1989-02-13,,streamflow,10154200,ft3/s,"['A', '[91]']",0
1989-02-14,,streamflow,10154200,ft3/s,"['A', '[91]']",0
1989-02-15,,streamflow,10154200,ft3/s,"['A', '[91]']",0
1989-02-16,,streamflow,10154200,ft3/s,"['A', '[91]']",0
1989-02-17,,streamflow,10154200,ft3/s,"['A', '[91]']",0
1989-02-18,,streamflow,10154200,ft3/s,"['A', '[91]']",0
1989-02-19,,streamflow,10154200,ft3/s,"['A', '[91]']",0
1989-02-20,,streamflow,10154200,ft3/s,"['A', '[91]']",0
1989-02-21,,streamflow,10154200,ft3/s,"['A', '[91]']",0
1989-02-22,,streamflow,10154200,ft3/s,"['A', '[91]']",0
1989-02-23,,streamflow,10154200,ft3/s,"['A', '[91]']",0
1989-02-24,,streamflow,10154200,ft3/s,"['A', '[91]']",0
1989-02-25,,streamflow,10154200,ft3/s,"['A', '[91]']",0
1989-02-26,,streamflow,10154200,ft3/s,"['A', '[91]']",0
1989-02-27,,streamflow,10154200,ft3/s,"['A', '[91]']",0
1989-02-28,,streamflow,10154200,ft3/s,"['A', '[91]']",0
1989-03-01,,streamflow,10154200,ft3/s,"['A', '[91]']",0
1989-03-02,,streamflow,10154200,ft3/s,"['A', '[91]']",0
1989-03-03,,streamflow,10154200,ft3/s,"['A', '[91]']",0
1989-03-04,,streamflow,10154200,ft3/s,"['A', '[91]']",0
1989-03-05,,streamflow,10154200,ft3/s,"['A', '[91]']",0
1989-03-06,,streamflow,10154200,ft3/s,"['A', '[91]']",0
1989-03-07,,streamflow,10154200,ft3/s,"['A', '[91]']",0
1989-03-08,,streamflow,10154200,ft3/s,"['A', '[91]']",0
1989-03-09,,streamflow,10154200,ft3/s,"['A', '[91]']",0
1989-03-10,,streamflow,10154200,ft3/s,"['A', '[91]']",0
1989-03-11,,streamflow,10154200,ft3/s,"['A', '[91]']",0
1989-03-12,,streamflow,10154200,ft3/s,"['A', '[91]']",0
1989-03-13,,streamflow,10154200,ft3/s,"['A', '[91]']",0
1989-03-14,,streamflow,10154200,ft3/s,"['A', '[91]']",0
1989-03-15,,streamflow,10154200,ft3/s,"['A', '[91]']",0
1989-03-16,,streamflow,10154200,ft3/s,"['A', '[91]']",0
1989-03-17,,streamflow,10154200,ft3/s,"['A', '[91]']",0
1989-03-18,,streamflow,10154200,ft3/s,"['A', '[91]']",0
1989-03-19,,streamflow,10154200,ft3/s,"['A', '[91]']",0
1989-03-20,,streamflow,10154200,ft3/s,"['A', '[91]']",0
1989-03-21,,streamflow,10154200,ft3/s,"['A', '[91]']",0
1989-03-22,,streamflow,10154200,ft3/s,"['A', '[91]']",0
1989-03-23,,streamflow,10154200,ft3/s,"['A', '[91]']",0
1989-03-24,,streamflow,10154200,ft3/s,"['A', '[91]']",0
1989-03-25,,streamflow,10154200,ft3/s,"['A', '[91]']",0
1989-03-26,,streamflow,10154200,ft3/s,"['A', '[91]']",0
1989-03-27,,streamflow,10154200,ft3/s,"['A', '[91]']",0
1989-03-28,,streamflow,10154200,ft3/s,"['A', '[91]']",0
1989-03-29,,streamflow,10154200,ft3/s,"['A', '[91]']",0
1989-03-30,,streamflow,10154200,ft3/s,"['A', '[91]']",0
1989-03-31,,streamflow,10154200,ft3/s,"['A', '[91]']",0
1989-04-01,,streamflow,10154200,ft3/s,"['A', '[91]']",0
1989-04-02,,streamflow,10154200,ft3/s,"['A', '[91]']",0
1989-04-03,,streamflow,10154200,ft3/s,"['A', '[91]']",0
1989-04-04,,streamflow,10154200,ft3/s,"['A', '[91]']",0
1989-04-05,,streamflow,10154200,ft3/s,"['A', '[91]']",0
1989-04-06,,streamflow,10154200,ft3/s,"['A', '[91]']",0
1989-04-07,,streamflow,10154200,ft3/s,"['A', '[91]']",0
1989-04-08,,streamflow,10154200,ft3/s,"['A', '[91]']",0
1989-04-09,,streamflow,10154200,ft3/s,"['A', '[91]']",0
1989-04-10,,streamflow,10154200,ft3/s,"['A', '[91]']",0
1989-04-11,,streamflow,10154200,ft3/s,"['A', '[91]']",0
1989-04-12,,streamflow,10154200,ft3/s,"['A', '[91]']",0
1989-04-13,,streamflow,10154200,ft3/s,"['A', '[91]']",0
1989-04-14,,streamflow,10154200,ft3/s,"['A', '[91]']",0
1989-04-15,,streamflow,10154200,ft3/s,"['A', '[91]']",0
1989-04-16,,streamflow,10154200,ft3/s,"['A', '[91]']",0
1989-04-17,,streamflow,10154200,ft3/s,"['A', '[91]']",0
1989-04-18,,streamflow,10154200,ft3/s,"['A', '[91]']",0
1989-04-19,,streamflow,10154200,ft3/s,"['A', '[91]']",0
1989-04-20,,streamflow,10154200,ft3/s,"['A', '[91]']",0
1989-04-21,,streamflow,10154200,ft3/s,"['A', '[91]']",0
1989-04-22,,streamflow,10154200,ft3/s,"['A', '[91]']",0
1989-04-23,,streamflow,10154200,ft3/s,"['A', '[91]']",0
1989-04-24,,streamflow,10154200,ft3/s,"['A', '[91]']",0
1989-04-25,,streamflow,10154200,ft3/s,"['A', '[91]']",0
1989-04-26,,streamflow,10154200,ft3/s,"['A', '[91]']",0
1989-04-27,,streamflow,10154200,ft3/s,"['A', '[91]']",0
1989-04-28,,streamflow,10154200,ft3/s,"['A', '[91]']",0
1989-04-29,,streamflow,10154200,ft3/s,"['A', '[91]']",0
1989-04-30,,streamflow,10154200,ft3/s,"['A', '[91]']",0
1989-05-01,,streamflow,10154200,ft3/s,"['A', '[91]']",0
1989-05-02,,streamflow,10154200,ft3/s,"['A', '[91]']",0
1989-05-03,,streamflow,10154200,ft3/s,"['A', '[91]']",0
1989-05-04,,streamflow,10154200,ft3/s,"['A', '[91]']",0
1989-05-05,,streamflow,10154200,ft3/s,"['A', '[91]']",0
1989-05-06,,streamflow,10154200,ft3/s,"['A', '[91]']",0
1989-05-07,,streamflow,10154200,ft3/s,"['A', '[91]']",0
1989-05-08,,streamflow,10154200,ft3/s,"['A', '[91]']",0
1989-05-09,,streamflow,10154200,ft3/s,"['A', '[91]']",0
1989-05-10,,streamflow,10154200,ft3/s,"['A', '[91]']",0
1989-05-11,,streamflow,10154200,ft3/s,"['A', '[91]']",0
1989-05-12,,streamflow,10154200,ft3/s,"['A', '[91]']",0
1989-05-13,,streamflow,10154200,ft3/s,"['A', '[91]']",0
1989-05-14,,streamflow,10154200,ft3/s,"['A', '[91]']",0
1989-05-15,,streamflow,10154200,ft3/s,"['A', '[91]']",0
1989-05-16,,streamflow,10154200,ft3/s,"['A', '[91]']",0
1989-05-17,,streamflow,10154200,ft3/s,"['A', '[91]']",0
1989-05-18,,streamflow,10154200,ft3/s,"['A', '[91]']",0
1989-05-19,,streamflow,10154200,ft3/s,"['A', '[91]']",0
1989-05-20,,streamflow,10154200,ft3/s,"['A', '[91]']",0
1989-05-21,,streamflow,10154200,ft3/s,"['A', '[91]']",0
1989-05-22,,streamflow,10154200,ft3/s,"['A', '[91]']",0
1989-05-23,,streamflow,10154200,ft3/s,"['A', '[91]']",0
1989-05-24,,streamflow,10154200,ft3/s,"['A', '[91]']",0
1989-05-25,,streamflow,10154200,ft3/s,"['A', '[91]']",0
1989-05-26,,streamflow,10154200,ft3/s,"['A', '[91]']",0
1989-05-27,,streamflow,10154200,ft3/s,"['A', '[91]']",0
1989-05-28,,streamflow,10154200,ft3/s,"['A', '[91]']",0
1989-05-29,,streamflow,10154200,ft3/s,"['A', '[91]']",0
1989-05-30,,streamflow,10154200,ft3/s,"['A', '[91]']",0
1989-05-31,,streamflow,10154200,ft3/s,"['A', '[91]']",0
1989-06-01,,streamflow,10154200,ft3/s,"['A', '[91]']",0
1989-06-02,,streamflow,10154200,ft3/s,"['A', '[91]']",0
1989-06-03,,streamflow,10154200,ft3/s,"['A', '[91]']",0
1989-06-04,,streamflow,10154200,ft3/s,"['A', '[91]']",0
1989-06-05,,streamflow,10154200,ft3/s,"['A', '[91]']",0
1989-06-06,,streamflow,10154200,ft3/s,"['A', '[91]']",0
1989-06-07,,streamflow,10154200,ft3/s,"['A', '[91]']",0
1989-06-08,,streamflow,10154200,ft3/s,"['A', '[91]']",0
1989-06-09,,streamflow,10154200,ft3/s,"['A', '[91]']",0
1989-06-10,,streamflow,10154200,ft3/s,"['A', '[91]']",0
1989-06-11,,streamflow,10154200,ft3/s,"['A', '[91]']",0
1989-06-12,,streamflow,10154200,ft3/s,"['A', '[91]']",0
1989-06-13,,streamflow,10154200,ft3/s,"['A', '[91]']",0
1989-06-14,,streamflow,10154200,ft3/s,"['A', '[91]']",0
1989-06-15,,streamflow,10154200,ft3/s,"['A', '[91]']",0
1989-06-16,,streamflow,10154200,ft3/s,"['A', '[91]']",0
1989-06-17,,streamflow,10154200,ft3/s,"['A', '[91]']",0
1989-06-18,,streamflow,10154200,ft3/s,"['A', '[91]']",0
1989-06-19,,streamflow,10154200,ft3/s,"['A', '[91]']",0
1989-06-20,,streamflow,10154200,ft3/s,"['A', '[91]']",0
1989-06-21,,streamflow,10154200,ft3/s,"['A', '[91]']",0
1989-06-22,,streamflow,10154200,ft3/s,"['A', '[91]']",0
1989-06-23,,streamflow,10154200,ft3/s,"['A', '[91]']",0
1989-06-24,,streamflow,10154200,ft3/s,"['A', '[91]']",0
1989-06-25,,streamflow,10154200,ft3/s,"['A', '[91]']",0
1989-06-26,,streamflow,10154200,ft3/s,"['A', '[91]']",0
1989-06-27,,streamflow,10154200,ft3/s,"['A', '[91]']",0
1989-06-28,,streamflow,10154200,ft3/s,"['A', '[91]']",0
1989-06-29,,streamflow,10154200,ft3/s,"['A', '[91]']",0
1989-06-30,,streamflow,10154200,ft3/s,"['A', '[91]']",0
1989-07-01,,streamflow,10154200,ft3/s,"['A', '[91]']",0
1989-07-02,,streamflow,10154200,ft3/s,"['A', '[91]']",0
1989-07-03,,streamflow,10154200,ft3/s,"['A', '[91]']",0
1989-07-04,,streamflow,10154200,ft3/s,"['A', '[91]']",0
1989-07-05,,streamflow,10154200,ft3/s,"['A', '[91]']",0
1989-07-06,,streamflow,10154200,ft3/s,"['A', '[91]']",0
1989-07-07,,streamflow,10154200,ft3/s,"['A', '[91]']",0
1989-07-08,,streamflow,10154200,ft3/s,"['A', '[91]']",0
1989-07-09,,streamflow,10154200,ft3/s,"['A', '[91]']",0
1989-07-10,,streamflow,10154200,ft3/s,"['A', '[91]']",0
1989-07-11,,streamflow,10154200,ft3/s,"['A', '[91]']",0
1989-07-12,,streamflow,10154200,ft3/s,"['A', '[91]']",0
1989-07-13,,streamflow,10154200,ft3/s,"['A', '[91]']",0
1989-07-14,,streamflow,10154200,ft3/s,"['A', '[91]']",0
1989-07-15,,streamflow,10154200,ft3/s,"['A', '[91]']",0
1989-07-16,,streamflow,10154200,ft3/s,"['A', '[91]']",0
1989-07-17,,streamflow,10154200,ft3/s,"['A', '[91]']",0
1989-07-18,,streamflow,10154200,ft3/s,"['A', '[91]']",0
1989-07-19,,streamflow,10154200,ft3/s,"['A', '[91]']",0
1989-07-20,,streamflow,10154200,ft3/s,"['A', '[91]']",0
1989-07-21,,streamflow,10154200,ft3/s,"['A', '[91]']",0
1989-07-22,,streamflow,10154200,ft3/s,"['A', '[91]']",0
1989-07-23,,streamflow,10154200,ft3/s,"['A', '[91]']",0
1989-07-24,,streamflow,10154200,ft3/s,"['A', '[91]']",0
1989-07-25,,streamflow,10154200,ft3/s,"['A', '[91]']",0
1989-07-26,,streamflow,10154200,ft3/s,"['A', '[91]']",0
1989-07-27,,streamflow,10154200,ft3/s,"['A', '[91]']",0
1989-07-28,,streamflow,10154200,ft3/s,"['A', '[91]']",0
1989-07-29,,streamflow,10154200,ft3/s,"['A', '[91]']",0
1989-07-30,,streamflow,10154200,ft3/s,"['A', '[91]']",0
1989-07-31,,streamflow,10154200,ft3/s,"['A', '[91]']",0
1989-08-01,,streamflow,10154200,ft3/s,"['A', '[91]']",0
1989-08-02,,streamflow,10154200,ft3/s,"['A', '[91]']",0
1989-08-03,,streamflow,10154200,ft3/s,"['A', '[91]']",0
1989-08-04,,streamflow,10154200,ft3/s,"['A', '[91]']",0
1989-08-05,,streamflow,10154200,ft3/s,"['A', '[91]']",0
1989-08-06,,streamflow,10154200,ft3/s,"['A', '[91]']",0
1989-08-07,,streamflow,10154200,ft3/s,"['A', '[91]']",0
1989-08-08,,streamflow,10154200,ft3/s,"['A', '[91]']",0
1989-08-09,,streamflow,10154200,ft3/s,"['A', '[91]']",0
1989-08-10,,streamflow,10154200,ft3/s,"['A', '[91]']",0
1989-08-11,,streamflow,10154200,ft3/s,"['A', '[91]']",0
1989-08-12,,streamflow,10154200,ft3/s,"['A', '[91]']",0
1989-08-13,,streamflow,10154200,ft3/s,"['A', '[91]']",0
1989-08-14,,streamflow,10154200,ft3/s,"['A', '[91]']",0
1989-08-15,,streamflow,10154200,ft3/s,"['A', '[91]']",0
1989-08-16,,streamflow,10154200,ft3/s,"['A', '[91]']",0
1989-08-17,,streamflow,10154200,ft3/s,"['A', '[91]']",0
1989-08-18,,streamflow,10154200,ft3/s,"['A', '[91]']",0
1989-08-19,,streamflow,10154200,ft3/s,"['A', '[91]']",0
1989-08-20,,streamflow,10154200,ft3/s,"['A', '[91]']",0
1989-08-21,,streamflow,10154200,ft3/s,"['A', '[91]']",0
1989-08-22,,streamflow,10154200,ft3/s,"['A', '[91]']",0
1989-08-23,,streamflow,10154200,ft3/s,"['A', '[91]']",0
1989-08-24,,streamflow,10154200,ft3/s,"['A', '[91]']",0
1989-08-25,,streamflow,10154200,ft3/s,"['A', '[91]']",0
1989-08-26,,streamflow,10154200,ft3/s,"['A', '[91]']",0
1989-08-27,,streamflow,10154200,ft3/s,"['A', '[91]']",0
1989-08-28,,streamflow,10154200,ft3/s,"['A', '[91]']",0
1989-08-29,,streamflow,10154200,ft3/s,"['A', '[91]']",0
1989-08-30,,streamflow,10154200,ft3/s,"['A', '[91]']",0
1989-08-31,,streamflow,10154200,ft3/s,"['A', '[91]']",0
1989-09-01,,streamflow,10154200,ft3/s,"['A', '[91]']",0
1989-09-02,,streamflow,10154200,ft3/s,"['A', '[91]']",0
1989-09-03,,streamflow,10154200,ft3/s,"['A', '[91]']",0
1989-09-04,,streamflow,10154200,ft3/s,"['A', '[91]']",0
1989-09-05,,streamflow,10154200,ft3/s,"['A', '[91]']",0
1989-09-06,,streamflow,10154200,ft3/s,"['A', '[91]']",0
1989-09-07,,streamflow,10154200,ft3/s,"['A', '[91]']",0
1989-09-08,,streamflow,10154200,ft3/s,"['A', '[91]']",0
1989-09-09,,streamflow,10154200,ft3/s,"['A', '[91]']",0
1989-09-10,,streamflow,10154200,ft3/s,"['A', '[91]']",0
1989-09-11,,streamflow,10154200,ft3/s,"['A', '[91]']",0
1989-09-12,,streamflow,10154200,ft3/s,"['A', '[91]']",0
1989-09-13,,streamflow,10154200,ft3/s,"['A', '[91]']",0
1989-09-14,,streamflow,10154200,ft3/s,"['A', '[91]']",0
1989-09-15,,streamflow,10154200,ft3/s,"['A', '[91]']",0
1989-09-16,,streamflow,10154200,ft3/s,"['A', '[91]']",0
1989-09-17,,streamflow,10154200,ft3/s,"['A', '[91]']",0
1989-09-18,,streamflow,10154200,ft3/s,"['A', '[91]']",0
1989-09-19,,streamflow,10154200,ft3/s,"['A', '[91]']",0
1989-09-20,,streamflow,10154200,ft3/s,"['A', '[91]']",0
1989-09-21,,streamflow,10154200,ft3/s,"['A', '[91]']",0
1989-09-22,,streamflow,10154200,ft3/s,"['A', '[91]']",0
1989-09-23,,streamflow,10154200,ft3/s,"['A', '[91]']",0
1989-09-24,,streamflow,10154200,ft3/s,"['A', '[91]']",0
1989-09-25,,streamflow,10154200,ft3/s,"['A', '[91]']",0
1989-09-26,,streamflow,10154200,ft3/s,"['A', '[91]']",0
1989-09-27,,streamflow,10154200,ft3/s,"['A', '[91]']",0
1989-09-28,,streamflow,10154200,ft3/s,"['A', '[91]']",0
1989-09-29,,streamflow,10154200,ft3/s,"['A', '[91]']",0
1989-09-30,,streamflow,10154200,ft3/s,"['A', '[91]']",0
1989-10-01,51.17647,streamflow,10154200,ft3/s,"['A', '[91]']",0
1989-10-02,51.791668,streamflow,10154200,ft3/s,"['A', '[91]']",0
1989-10-03,49.625,streamflow,10154200,ft3/s,"['A', '[91]']",0
1989-10-04,51.541668,streamflow,10154200,ft3/s,"['A', '[91]']",0
1989-10-05,52.916668,streamflow,10154200,ft3/s,"['A', '[91]']",0
1989-10-06,52.166668,streamflow,10154200,ft3/s,"['A', '[91]']",0
1989-10-07,51.333332,streamflow,10154200,ft3/s,"['A', '[91]']",0
1989-10-08,50.375,streamflow,10154200,ft3/s,"['A', '[92]']",0
1989-10-09,49.25,streamflow,10154200,ft3/s,"['A', '[92]']",0
1989-10-10,49.0,streamflow,10154200,ft3/s,"['A', '[92]']",0
1989-10-11,49.083332,streamflow,10154200,ft3/s,"['A', '[92]']",0
1989-10-12,47.75,streamflow,10154200,ft3/s,"['A', '[92]']",0
1989-10-13,46.0,streamflow,10154200,ft3/s,"['A', '[92]']",0
1989-10-14,44.583332,streamflow,10154200,ft3/s,"['A', '[92]']",0
1989-10-15,45.208332,streamflow,10154200,ft3/s,"['A', '[92]']",0
1989-10-16,44.75,streamflow,10154200,ft3/s,"['A', '[92]']",0
1989-10-17,42.875,streamflow,10154200,ft3/s,"['A', '[92]']",0
1989-10-18,42.333332,streamflow,10154200,ft3/s,"['A', '[92]']",0
1989-10-19,43.333332,streamflow,10154200,ft3/s,"['A', '[92]']",0
1989-10-20,43.375,streamflow,10154200,ft3/s,"['A', '[92]']",0
1989-10-21,43.25,streamflow,10154200,ft3/s,"['A', '[92]']",0
1989-10-22,47.333332,streamflow,10154200,ft3/s,"['A', '[92]']",0
1989-10-23,47.041668,streamflow,10154200,ft3/s,"['A', '[92]']",0
1989-10-24,46.958332,streamflow,10154200,ft3/s,"['A', '[92]']",0
1989-10-25,46.75,streamflow,10154200,ft3/s,"['A', '[92]']",0
1989-10-26,51.541668,streamflow,10154200,ft3/s,"['A', '[92]']",0
1989-10-27,51.166668,streamflow,10154200,ft3/s,"['A', '[92]']",0
1989-10-28,54.291668,streamflow,10154200,ft3/s,"['A', '[92]']",0
1989-10-29,54.695652,streamflow,10154200,ft3/s,"['A', '[92]']",0
1989-10-30,49.333332,streamflow,10154200,ft3/s,"['A', '[92]']",0
1989-10-31,45.916668,streamflow,10154200,ft3/s,"['A', '[92]']",0
1989-11-01,45.791668,streamflow,10154200,ft3/s,"['A', '[91]']",0
1989-11-02,43.875,streamflow,10154200,ft3/s,"['A', '[91]']",0
1989-11-03,51.583332,streamflow,10154200,ft3/s,"['A', '[91]']",0
1989-11-04,55.583332,streamflow,10154200,ft3/s,"['A', '[91]']",0
1989-11-05,53.083332,streamflow,10154200,ft3/s,"['A', '[91]']",0
1989-11-06,52.875,streamflow,10154200,ft3/s,"['A', '[91]']",0
1989-11-07,51.291668,streamflow,10154200,ft3/s,"['A', '[91]']",0
1989-11-08,47.083332,streamflow,10154200,ft3/s,"['A', '[91]']",0
1989-11-09,51.083332,streamflow,10154200,ft3/s,"['A', '[91]']",0
1989-11-10,50.791668,streamflow,10154200,ft3/s,"['A', '[91]']",0
1989-11-11,50.791668,streamflow,10154200,ft3/s,"['A', '[91]']",0
1989-11-12,50.833332,streamflow,10154200,ft3/s,"['A', '[91]']",0
1989-11-13,50.625,streamflow,10154200,ft3/s,"['A', '[91]']",0
1989-11-14,49.291668,streamflow,10154200,ft3/s,"['A', '[91]']",0
1989-11-15,37.5,streamflow,10154200,ft3/s,"['A', '[91]']",0
1989-11-16,42.541668,streamflow,10154200,ft3/s,"['A', '[91]']",0
1989-11-17,54.5,streamflow,10154200,ft3/s,"['A', '[91]']",0
1989-11-18,45.5,streamflow,10154200,ft3/s,"['A', '[91]']",0
1989-11-19,47.666668,streamflow,10154200,ft3/s,"['A', '[91]']",0
1989-11-20,47.5,streamflow,10154200,ft3/s,"['A', '[91]']",0
1989-11-21,46.75,streamflow,10154200,ft3/s,"['A', '[91]']",0
1989-11-22,42.666668,streamflow,10154200,ft3/s,"['A', '[91]']",0
1989-11-23,43.458332,streamflow,10154200,ft3/s,"['A', '[91]']",0
1989-11-24,47.416668,streamflow,10154200,ft3/s,"['A', '[91]']",0
1989-11-25,47.041668,streamflow,10154200,ft3/s,"['A', '[91]']",0
1989-11-26,52.125,streamflow,10154200,ft3/s,"['A', '[91]']",0
1989-11-27,41.708332,streamflow,10154200,ft3/s,"['A', '[91]']",0
1989-11-28,40.083332,streamflow,10154200,ft3/s,"['A', '[91]']",0
1989-11-29,40.75,streamflow,10154200,ft3/s,"['A', '[91]']",0
1989-11-30,48.916668,streamflow,10154200,ft3/s,"['A', '[91]']",0
1989-12-01,50.416668,streamflow,10154200,ft3/s,"['A', '[91]']",0
1989-12-02,49.208332,streamflow,10154200,ft3/s,"['A', '[91]']",0
1989-12-03,51.541668,streamflow,10154200,ft3/s,"['A', '[91]']",0
1989-12-04,51.541668,streamflow,10154200,ft3/s,"['A', '[91]']",0
1989-12-05,53.0,streamflow,10154200,ft3/s,"['A', '[91]']",0
1989-12-06,52.583332,streamflow,10154200,ft3/s,"['A', '[91]']",0
1989-12-07,50.791668,streamflow,10154200,ft3/s,"['A', '[91]']",0
1989-12-08,47.625,streamflow,10154200,ft3/s,"['A', '[91]']",0
1989-12-09,49.958332,streamflow,10154200,ft3/s,"['A', '[91]']",0
1989-12-10,48.25,streamflow,10154200,ft3/s,"['A', '[91]']",0
1989-12-11,44.541668,streamflow,10154200,ft3/s,"['A', '[91]']",0
1989-12-12,39.125,streamflow,10154200,ft3/s,"['A', '[91]']",0
1989-12-13,41.833332,streamflow,10154200,ft3/s,"['A', '[91]']",0
1989-12-14,46.75,streamflow,10154200,ft3/s,"['A', '[91]']",0
1989-12-15,49.458332,streamflow,10154200,ft3/s,"['A', '[91]']",0
1989-12-16,46.833332,streamflow,10154200,ft3/s,"['A', '[91]']",0
1989-12-17,46.875,streamflow,10154200,ft3/s,"['A', '[91]']",0
1989-12-18,47.166668,streamflow,10154200,ft3/s,"['A', '[91]']",0
1989-12-19,41.708332,streamflow,10154200,ft3/s,"['A', '[91]']",0
1989-12-20,44.666668,streamflow,10154200,ft3/s,"['A', '[91]']",0
1989-12-21,45.791668,streamflow,10154200,ft3/s,"['A', '[91]']",0
1989-12-22,47.875,streamflow,10154200,ft3/s,"['A', '[91]']",0
1989-12-23,45.416668,streamflow,10154200,ft3/s,"['A', '[91]']",0
1989-12-24,43.5,streamflow,10154200,ft3/s,"['A', '[91]']",0
1989-12-25,42.583332,streamflow,10154200,ft3/s,"['A', '[91]']",0
1989-12-26,41.375,streamflow,10154200,ft3/s,"['A', '[91]']",0
1989-12-27,43.75,streamflow,10154200,ft3/s,"['A', '[91]']",0
1989-12-28,45.083332,streamflow,10154200,ft3/s,"['A', '[91]']",0
1989-12-29,44.458332,streamflow,10154200,ft3/s,"['A', '[91]']",0
1989-12-30,43.541668,streamflow,10154200,ft3/s,"['A', '[91]']",0
1989-12-31,42.791668,streamflow,10154200,ft3/s,"['A', '[91]']",0
1990-01-01,41.75,streamflow,10154200,ft3/s,"['A', '[91]']",0
1990-01-02,43.458332,streamflow,10154200,ft3/s,"['A', '[91]']",0
1990-01-03,39.333332,streamflow,10154200,ft3/s,"['A', '[91]']",0
1990-01-04,39.666668,streamflow,10154200,ft3/s,"['A', '[91]']",0
1990-01-05,43.166668,streamflow,10154200,ft3/s,"['A', '[91]']",0
1990-01-06,43.5,streamflow,10154200,ft3/s,"['A', '[91]']",0
1990-01-07,44.0,streamflow,10154200,ft3/s,"['A', '[91]']",0
1990-01-08,45.166668,streamflow,10154200,ft3/s,"['A', '[91]']",0
1990-01-09,45.791668,streamflow,10154200,ft3/s,"['A', '[91]']",0
1990-01-10,46.666668,streamflow,10154200,ft3/s,"['A', '[91]']",0
1990-01-11,46.166668,streamflow,10154200,ft3/s,"['A', '[91]']",0
1990-01-12,44.666668,streamflow,10154200,ft3/s,"['A', '[91]']",0
1990-01-13,44.541668,streamflow,10154200,ft3/s,"['A', '[91]']",0
1990-01-14,45.791668,streamflow,10154200,ft3/s,"['A', '[91]']",0
1990-01-15,47.083332,streamflow,10154200,ft3/s,"['A', '[91]']",0
1990-01-16,49.75,streamflow,10154200,ft3/s,"['A', '[91]']",0
1990-01-17,46.458332,streamflow,10154200,ft3/s,"['A', '[91]']",0
1990-01-18,40.875,streamflow,10154200,ft3/s,"['A', '[91]']",0
1990-01-19,39.375,streamflow,10154200,ft3/s,"['A', '[91]']",0
1990-01-20,42.583332,streamflow,10154200,ft3/s,"['A', '[91]']",0
1990-01-21,41.458332,streamflow,10154200,ft3/s,"['A', '[91]']",0
1990-01-22,43.375,streamflow,10154200,ft3/s,"['A', '[91]']",0
1990-01-23,43.875,streamflow,10154200,ft3/s,"['A', '[91]']",0
1990-01-24,45.083332,streamflow,10154200,ft3/s,"['A', '[91]']",0
1990-01-25,41.666668,streamflow,10154200,ft3/s,"['A', '[91]']",0
1990-01-26,44.416668,streamflow,10154200,ft3/s,"['A', '[91]']",0
1990-01-27,42.0,streamflow,10154200,ft3/s,"['A', '[91]']",0
1990-01-28,42.708332,streamflow,10154200,ft3/s,"['A', '[91]']",0
1990-01-29,44.041668,streamflow,10154200,ft3/s,"['A', '[91]']",0
1990-01-30,44.125,streamflow,10154200,ft3/s,"['A', '[91]']",0
1990-01-31,45.583332,streamflow,10154200,ft3/s,"['A', '[91]']",0
1990-02-01,45.083332,streamflow,10154200,ft3/s,"['A', '[91]']",0
1990-02-02,45.416668,streamflow,10154200,ft3/s,"['A', '[91]']",0
1990-02-03,44.291668,streamflow,10154200,ft3/s,"['A', '[91]']",0
1990-02-04,44.125,streamflow,10154200,ft3/s,"['A', '[91]']",0
1990-02-05,42.791668,streamflow,10154200,ft3/s,"['A', '[91]']",0
1990-02-06,43.041668,streamflow,10154200,ft3/s,"['A', '[91]']",0
1990-02-07,43.125,streamflow,10154200,ft3/s,"['A', '[91]']",0
1990-02-08,39.416668,streamflow,10154200,ft3/s,"['A', '[91]']",0
1990-02-09,44.416668,streamflow,10154200,ft3/s,"['A', '[91]']",0
1990-02-10,44.708332,streamflow,10154200,ft3/s,"['A', '[91]']",0
1990-02-11,44.0,streamflow,10154200,ft3/s,"['A', '[91]']",0
1990-02-12,44.708332,streamflow,10154200,ft3/s,"['A', '[91]']",0
1990-02-13,43.958332,streamflow,10154200,ft3/s,"['A', '[91]']",0
1990-02-14,43.958332,streamflow,10154200,ft3/s,"['A', '[91]']",0
1990-02-15,40.208332,streamflow,10154200,ft3/s,"['A', '[91]']",0
1990-02-16,41.833332,streamflow,10154200,ft3/s,"['A', '[91]']",0
1990-02-17,45.875,streamflow,10154200,ft3/s,"['A', '[91]']",0
1990-02-18,47.125,streamflow,10154200,ft3/s,"['A', '[91]']",0
1990-02-19,49.916668,streamflow,10154200,ft3/s,"['A', '[91]']",0
1990-02-20,48.708332,streamflow,10154200,ft3/s,"['A', '[91]']",0
1990-02-21,49.375,streamflow,10154200,ft3/s,"['A', '[91]']",0
1990-02-22,49.166668,streamflow,10154200,ft3/s,"['A', '[91]']",0
1990-02-23,47.958332,streamflow,10154200,ft3/s,"['A', '[91]']",0
1990-02-24,47.041668,streamflow,10154200,ft3/s,"['A', '[91]']",0
1990-02-25,47.791668,streamflow,10154200,ft3/s,"['A', '[91]']",0
1990-02-26,49.041668,streamflow,10154200,ft3/s,"['A', '[91]']",0
1990-02-27,50.416668,streamflow,10154200,ft3/s,"['A', '[91]']",0
1990-02-28,48.75,streamflow,10154200,ft3/s,"['A', '[91]']",0
1990-03-01,49.083332,streamflow,10154200,ft3/s,"['A', '[91]']",0
1990-03-02,51.583332,streamflow,10154200,ft3/s,"['A', '[91]']",0
1990-03-03,52.333332,streamflow,10154200,ft3/s,"['A', '[91]']",0
1990-03-04,50.5,streamflow,10154200,ft3/s,"['A', '[91]']",0
1990-03-05,53.0,streamflow,10154200,ft3/s,"['A', '[91]']",0
1990-03-06,53.5,streamflow,10154200,ft3/s,"['A', '[91]']",0
1990-03-07,53.75,streamflow,10154200,ft3/s,"['A', '[91]']",0
1990-03-08,54.666668,streamflow,10154200,ft3/s,"['A', '[91]']",0
1990-03-09,56.166668,streamflow,10154200,ft3/s,"['A', '[91]']",0
1990-03-10,58.0,streamflow,10154200,ft3/s,"['A', '[91]']",0
1990-03-11,60.833332,streamflow,10154200,ft3/s,"['A', '[91]']",0
1990-03-12,53.125,streamflow,10154200,ft3/s,"['A', '[91]']",0
1990-03-13,57.5,streamflow,10154200,ft3/s,"['A', '[91]']",0
1990-03-14,55.5,streamflow,10154200,ft3/s,"['A', '[91]']",0
1990-03-15,57.5,streamflow,10154200,ft3/s,"['A', '[91]']",0
1990-03-16,51.583332,streamflow,10154200,ft3/s,"['A', '[91]']",0
1990-03-17,59.333332,streamflow,10154200,ft3/s,"['A', '[91]']",0
1990-03-18,57.291668,streamflow,10154200,ft3/s,"['A', '[91]']",0
1990-03-19,60.875,streamflow,10154200,ft3/s,"['A', '[91]']",0
1990-03-20,64.958336,streamflow,10154200,ft3/s,"['A', '[91]']",0
1990-03-21,68.041664,streamflow,10154200,ft3/s,"['A', '[91]']",0
1990-03-22,77.083336,streamflow,10154200,ft3/s,"['A', '[91]']",0
1990-03-23,83.333336,streamflow,10154200,ft3/s,"['A', '[91]']",0
1990-03-24,80.291664,streamflow,10154200,ft3/s,"['A', '[91]']",0
1990-03-25,81.583336,streamflow,10154200,ft3/s,"['A', '[91]']",0
1990-03-26,90.75,streamflow,10154200,ft3/s,"['A', '[91]']",0
1990-03-27,102.208336,streamflow,10154200,ft3/s,"['A', '[91]']",0
1990-03-28,107.125,streamflow,10154200,ft3/s,"['A', '[91]']",0
1990-03-29,94.375,streamflow,10154200,ft3/s,"['A', '[91]']",0
1990-03-30,84.791664,streamflow,10154200,ft3/s,"['A', '[91]']",0
1990-03-31,92.416664,streamflow,10154200,ft3/s,"['A', '[91]']",0
1990-04-01,104.333336,streamflow,10154200,ft3/s,"['A', '[91]']",0
1990-04-02,114.375,streamflow,10154200,ft3/s,"['A', '[91]']",0
1990-04-03,117.25,streamflow,10154200,ft3/s,"['A', '[91]']",0
1990-04-04,125.75,streamflow,10154200,ft3/s,"['A', '[91]']",0
1990-04-05,132.91667,streamflow,10154200,ft3/s,"['A', '[91]']",0
1990-04-06,149.16667,streamflow,10154200,ft3/s,"['A', '[91]']",0
1990-04-07,162.0,streamflow,10154200,ft3/s,"['A', '[91]']",0
1990-04-08,172.70833,streamflow,10154200,ft3/s,"['A', '[91]']",0
1990-04-09,166.41667,streamflow,10154200,ft3/s,"['A', '[91]']",0
1990-04-10,154.375,streamflow,10154200,ft3/s,"['A', '[91]']",0
1990-04-11,163.875,streamflow,10154200,ft3/s,"['A', '[91]']",0
1990-04-12,176.29167,streamflow,10154200,ft3/s,"['A', '[91]']",0
1990-04-13,181.875,streamflow,10154200,ft3/s,"['A', '[91]']",0
1990-04-14,208.33333,streamflow,10154200,ft3/s,"['A', '[91]']",0
1990-04-15,246.66667,streamflow,10154200,ft3/s,"['A', '[91]']",0
1990-04-16,311.0,streamflow,10154200,ft3/s,"['A', '[91]']",0
1990-04-17,341.58334,streamflow,10154200,ft3/s,"['A', '[91]']",0
1990-04-18,320.75,streamflow,10154200,ft3/s,"['A', '[91]']",0
1990-04-19,303.16666,streamflow,10154200,ft3/s,"['A', '[91]']",0
1990-04-20,330.16666,streamflow,10154200,ft3/s,"['A', '[91]']",0
1990-04-21,385.45834,streamflow,10154200,ft3/s,"['A', '[91]']",0
1990-04-22,405.375,streamflow,10154200,ft3/s,"['A', '[91]']",0
1990-04-23,381.08334,streamflow,10154200,ft3/s,"['A', '[91]']",0
1990-04-24,363.0,streamflow,10154200,ft3/s,"['A', '[91]']",0
1990-04-25,355.875,streamflow,10154200,ft3/s,"['A', '[91]']",0
1990-04-26,345.75,streamflow,10154200,ft3/s,"['A', '[91]']",0
1990-04-27,307.875,streamflow,10154200,ft3/s,"['A', '[91]']",0
1990-04-28,302.625,streamflow,10154200,ft3/s,"['A', '[91]']",0
1990-04-29,287.125,streamflow,10154200,ft3/s,"['A', '[91]']",0
1990-04-30,269.08334,streamflow,10154200,ft3/s,"['A', '[91]']",0
1990-05-01,247.70833,streamflow,10154200,ft3/s,"['A', '[91]']",0
1990-05-02,247.625,streamflow,10154200,ft3/s,"['A', '[91]']",0
1990-05-03,239.16667,streamflow,10154200,ft3/s,"['A', '[91]']",0
1990-05-04,239.75,streamflow,10154200,ft3/s,"['A', '[91]']",0
1990-05-05,258.79166,streamflow,10154200,ft3/s,"['A', '[91]']",0
1990-05-06,340.75,streamflow,10154200,ft3/s,"['A', '[91]']",0
1990-05-07,495.125,streamflow,10154200,ft3/s,"['A', '[91]']",0
1990-05-08,499.29166,streamflow,10154200,ft3/s,"['A', '[91]']",0
1990-05-09,414.54166,streamflow,10154200,ft3/s,"['A', '[91]']",0
1990-05-10,406.75,streamflow,10154200,ft3/s,"['A', '[91]']",0
1990-05-11,416.5,streamflow,10154200,ft3/s,"['A', '[91]']",0
1990-05-12,395.625,streamflow,10154200,ft3/s,"['A', '[91]']",0
1990-05-13,391.58334,streamflow,10154200,ft3/s,"['A', '[91]']",0
1990-05-14,388.66666,streamflow,10154200,ft3/s,"['A', '[91]']",0
1990-05-15,388.91666,streamflow,10154200,ft3/s,"['A', '[91]']",0
1990-05-16,382.79166,streamflow,10154200,ft3/s,"['A', '[91]']",0
1990-05-17,408.54166,streamflow,10154200,ft3/s,"['A', '[91]']",0
1990-05-18,511.0,streamflow,10154200,ft3/s,"['A', '[91]']",0
1990-05-19,509.16666,streamflow,10154200,ft3/s,"['A', '[91]']",0
1990-05-20,555.125,streamflow,10154200,ft3/s,"['A', '[91]']",0
1990-05-21,515.8333,streamflow,10154200,ft3/s,"['A', '[91]']",0
1990-05-22,694.7083,streamflow,10154200,ft3/s,"['A', '[91]']",0
1990-05-23,894.2083,streamflow,10154200,ft3/s,"['A', '[91]']",0
1990-05-24,1097.125,streamflow,10154200,ft3/s,"['A', '[91]']",0
1990-05-25,801.2083,streamflow,10154200,ft3/s,"['A', '[91]']",0
1990-05-26,728.8333,streamflow,10154200,ft3/s,"['A', '[91]']",0
1990-05-27,633.625,streamflow,10154200,ft3/s,"['A', '[91]']",0
1990-05-28,705.9583,streamflow,10154200,ft3/s,"['A', '[91]']",0
1990-05-29,685.6667,streamflow,10154200,ft3/s,"['A', '[91]']",0
1990-05-30,631.75,streamflow,10154200,ft3/s,"['A', '[91]']",0
1990-05-31,615.5417,streamflow,10154200,ft3/s,"['A', '[91]']",0
1990-06-01,609.3333,streamflow,10154200,ft3/s,"['A', '[91]']",0
1990-06-02,534.7917,streamflow,10154200,ft3/s,"['A', '[91]']",0
1990-06-03,519.9167,streamflow,10154200,ft3/s,"['A', '[91]']",0
1990-06-04,734.375,streamflow,10154200,ft3/s,"['A', '[91]']",0
1990-06-05,1017.8333,streamflow,10154200,ft3/s,"['A', '[91]']",0
1990-06-06,1119.625,streamflow,10154200,ft3/s,"['A', '[91]']",0
1990-06-07,1086.0834,streamflow,10154200,ft3/s,"['A', '[91]']",0
1990-06-08,1044.0416,streamflow,10154200,ft3/s,"['A', '[91]']",0
1990-06-09,1041.0416,streamflow,10154200,ft3/s,"['A', '[91]']",0
1990-06-10,1043.2084,streamflow,10154200,ft3/s,"['A', '[91]']",0
1990-06-11,1517.0834,streamflow,10154200,ft3/s,"['A', '[91]']",0
1990-06-12,1545.8334,streamflow,10154200,ft3/s,"['A', '[91]']",0
1990-06-13,1129.4584,streamflow,10154200,ft3/s,"['A', '[91]']",0
1990-06-14,848.5,streamflow,10154200,ft3/s,"['A', '[91]']",0
1990-06-15,738.8333,streamflow,10154200,ft3/s,"['A', '[91]']",0
1990-06-16,670.1667,streamflow,10154200,ft3/s,"['A', '[91]']",0
1990-06-17,638.625,streamflow,10154200,ft3/s,"['A', '[91]']",0
1990-06-18,587.2917,streamflow,10154200,ft3/s,"['A', '[91]']",0
1990-06-19,585.875,streamflow,10154200,ft3/s,"['A', '[91]']",0
1990-06-20,576.7083,streamflow,10154200,ft3/s,"['A', '[91]']",0
1990-06-21,555.6667,streamflow,10154200,ft3/s,"['A', '[91]']",0
1990-06-22,533.1667,streamflow,10154200,ft3/s,"['A', '[91]']",0
1990-06-23,470.75,streamflow,10154200,ft3/s,"['A', '[91]']",0
1990-06-24,461.04166,streamflow,10154200,ft3/s,"['A', '[91]']",0
1990-06-25,429.04166,streamflow,10154200,ft3/s,"['A', '[91]']",0
1990-06-26,218.58333,streamflow,10154200,ft3/s,"['A', '[91]']",0
1990-06-27,210.79167,streamflow,10154200,ft3/s,"['A', '[91]']",0
1990-06-28,290.875,streamflow,10154200,ft3/s,"['A', '[91]']",0
1990-06-29,316.875,streamflow,10154200,ft3/s,"['A', '[91]']",0
1990-06-30,253.375,streamflow,10154200,ft3/s,"['A', '[91]']",0
1990-07-01,286.79166,streamflow,10154200,ft3/s,"['A', '[91]']",0
1990-07-02,328.45834,streamflow,10154200,ft3/s,"['A', '[91]']",0
1990-07-03,262.20834,streamflow,10154200,ft3/s,"['A', '[91]']",0
1990-07-04,270.0,streamflow,10154200,ft3/s,"['A', '[91]']",0
1990-07-05,283.58334,streamflow,10154200,ft3/s,"['A', '[91]']",0
1990-07-06,237.41667,streamflow,10154200,ft3/s,"['A', '[91]']",0
1990-07-07,198.875,streamflow,10154200,ft3/s,"['A', '[91]']",0
1990-07-08,194.5,streamflow,10154200,ft3/s,"['A', '[91]']",0
1990-07-09,229.41667,streamflow,10154200,ft3/s,"['A', '[91]']",0
1990-07-10,241.16667,streamflow,10154200,ft3/s,"['A', '[91]']",0
1990-07-11,201.5,streamflow,10154200,ft3/s,"['A', '[91]']",0
1990-07-12,129.58333,streamflow,10154200,ft3/s,"['A', '[91]']",0
1990-07-13,123.708336,streamflow,10154200,ft3/s,"['A', '[91]']",0
1990-07-14,109.541664,streamflow,10154200,ft3/s,"['A', '[91]']",0
1990-07-15,107.041664,streamflow,10154200,ft3/s,"['A', '[91]']",0
1990-07-16,122.833336,streamflow,10154200,ft3/s,"['A', '[91]']",0
1990-07-17,118.25,streamflow,10154200,ft3/s,"['A', '[91]']",0
1990-07-18,85.5,streamflow,10154200,ft3/s,"['A', '[91]']",0
1990-07-19,66.458336,streamflow,10154200,ft3/s,"['A', '[91]']",0
1990-07-20,67.166664,streamflow,10154200,ft3/s,"['A', '[91]']",0
1990-07-21,65.791664,streamflow,10154200,ft3/s,"['A', '[91]']",0
1990-07-22,53.041668,streamflow,10154200,ft3/s,"['A', '[91]']",0
1990-07-23,53.458332,streamflow,10154200,ft3/s,"['A', '[91]']",0
1990-07-24,50.833332,streamflow,10154200,ft3/s,"['A', '[91]']",0
1990-07-25,59.75,streamflow,10154200,ft3/s,"['A', '[91]']",0
1990-07-26,67.416664,streamflow,10154200,ft3/s,"['A', '[91]']",0
1990-07-27,63.25,streamflow,10154200,ft3/s,"['A', '[91]']",0
1990-07-28,61.625,streamflow,10154200,ft3/s,"['A', '[91]']",0
1990-07-29,59.125,streamflow,10154200,ft3/s,"['A', '[91]']",0
1990-07-30,58.083332,streamflow,10154200,ft3/s,"['A', '[91]']",0
1990-07-31,57.0,streamflow,10154200,ft3/s,"['A', '[91]']",0
1990-08-01,51.708332,streamflow,10154200,ft3/s,"['A', '[91]']",0
1990-08-02,47.666668,streamflow,10154200,ft3/s,"['A', '[91]']",0
1990-08-03,47.666668,streamflow,10154200,ft3/s,"['A', '[91]']",0
1990-08-04,45.708332,streamflow,10154200,ft3/s,"['A', '[91]']",0
1990-08-05,43.458332,streamflow,10154200,ft3/s,"['A', '[91]']",0
1990-08-06,42.791668,streamflow,10154200,ft3/s,"['A', '[91]']",0
1990-08-07,42.291668,streamflow,10154200,ft3/s,"['A', '[91]']",0
1990-08-08,43.166668,streamflow,10154200,ft3/s,"['A', '[91]']",0
1990-08-09,43.458332,streamflow,10154200,ft3/s,"['A', '[91]']",0
1990-08-10,45.708332,streamflow,10154200,ft3/s,"['A', '[91]']",0
1990-08-11,45.208332,streamflow,10154200,ft3/s,"['A', '[91]']",0
1990-08-12,44.125,streamflow,10154200,ft3/s,"['A', '[91]']",0
1990-08-13,43.791668,streamflow,10154200,ft3/s,"['A', '[91]']",0
1990-08-14,44.541668,streamflow,10154200,ft3/s,"['A', '[91]']",0
1990-08-15,45.541668,streamflow,10154200,ft3/s,"['A', '[91]']",0
1990-08-16,50.5,streamflow,10154200,ft3/s,"['A', '[92]']",0
1990-08-17,61.666668,streamflow,10154200,ft3/s,"['A', '[92]']",0
1990-08-18,51.541668,streamflow,10154200,ft3/s,"['A', '[92]']",0
1990-08-19,51.375,streamflow,10154200,ft3/s,"['A', '[92]']",0
1990-08-20,49.0,streamflow,10154200,ft3/s,"['A', '[92]']",0
1990-08-21,52.083332,streamflow,10154200,ft3/s,"['A', '[92]']",0
1990-08-22,48.666668,streamflow,10154200,ft3/s,"['A', '[92]']",0
1990-08-23,50.75,streamflow,10154200,ft3/s,"['A', '[92]']",0
1990-08-24,48.708332,streamflow,10154200,ft3/s,"['A', '[92]']",0
1990-08-25,44.333332,streamflow,10154200,ft3/s,"['A', '[92]']",0
1990-08-26,42.0,streamflow,10154200,ft3/s,"['A', '[92]']",0
1990-08-27,40.333332,streamflow,10154200,ft3/s,"['A', '[92]']",0
1990-08-28,38.833332,streamflow,10154200,ft3/s,"['A', '[92]']",0
1990-08-29,38.625,streamflow,10154200,ft3/s,"['A', '[92]']",0
1990-08-30,37.875,streamflow,10154200,ft3/s,"['A', '[92]']",0
1990-08-31,39.458332,streamflow,10154200,ft3/s,"['A', '[92]']",0
1990-09-01,38.0,streamflow,10154200,ft3/s,"['A', '[92]']",0
1990-09-02,36.916668,streamflow,10154200,ft3/s,"['A', '[92]']",0
1990-09-03,41.083332,streamflow,10154200,ft3/s,"['A', '[92]']",0
1990-09-04,41.291668,streamflow,10154200,ft3/s,"['A', '[92]']",0
1990-09-05,47.75,streamflow,10154200,ft3/s,"['A', '[92]']",0
1990-09-06,40.5,streamflow,10154200,ft3/s,"['A', '[92]']",0
1990-09-07,37.916668,streamflow,10154200,ft3/s,"['A', '[92]']",0
1990-09-08,36.458332,streamflow,10154200,ft3/s,"['A', '[92]']",0
1990-09-09,36.0,streamflow,10154200,ft3/s,"['A', '[91]']",0
1990-09-10,35.708332,streamflow,10154200,ft3/s,"['A', '[91]']",0
1990-09-11,35.875,streamflow,10154200,ft3/s,"['A', '[91]']",0
1990-09-12,34.125,streamflow,10154200,ft3/s,"['A', '[91]']",0
1990-09-13,33.166668,streamflow,10154200,ft3/s,"['A', '[91]']",0
1990-09-14,32.291668,streamflow,10154200,ft3/s,"['A', '[91]']",0
1990-09-15,31.25,streamflow,10154200,ft3/s,"['A', '[91]']",0
1990-09-16,31.208334,streamflow,10154200,ft3/s,"['A', '[91]']",0
1990-09-17,31.0,streamflow,10154200,ft3/s,"['A', '[91]']",0
1990-09-18,31.375,streamflow,10154200,ft3/s,"['A', '[91]']",0
1990-09-19,50.583332,streamflow,10154200,ft3/s,"['A', '[91]']",0
1990-09-20,46.458332,streamflow,10154200,ft3/s,"['A', '[91]']",0
1990-09-21,42.5,streamflow,10154200,ft3/s,"['A', '[91]']",0
1990-09-22,38.708332,streamflow,10154200,ft3/s,"['A', '[91]']",0
1990-09-23,36.166668,streamflow,10154200,ft3/s,"['A', '[91]']",0
1990-09-24,37.458332,streamflow,10154200,ft3/s,"['A', '[91]']",0
1990-09-25,41.208332,streamflow,10154200,ft3/s,"['A', '[91]']",0
1990-09-26,54.541668,streamflow,10154200,ft3/s,"['A', '[91]']",0
1990-09-27,46.791668,streamflow,10154200,ft3/s,"['A', '[91]']",0
1990-09-28,47.125,streamflow,10154200,ft3/s,"['A', '[91]']",0
1990-09-29,44.708332,streamflow,10154200,ft3/s,"['A', '[91]']",0
1990-09-30,39.0,streamflow,10154200,ft3/s,"['A', '[91]']",0
1990-10-01,36.708332,streamflow,10154200,ft3/s,"['A', '[91]']",0
1990-10-02,35.25,streamflow,10154200,ft3/s,"['A', '[91]']",0
1990-10-03,34.708332,streamflow,10154200,ft3/s,"['A', '[91]']",0
1990-10-04,47.291668,streamflow,10154200,ft3/s,"['A', '[91]']",0
1990-10-05,52.166668,streamflow,10154200,ft3/s,"['A', '[91]']",0
1990-10-06,51.916668,streamflow,10154200,ft3/s,"['A', '[91]']",0
1990-10-07,51.583332,streamflow,10154200,ft3/s,"['A', '[91]']",0
1990-10-08,51.666668,streamflow,10154200,ft3/s,"['A', '[91]']",0
1990-10-09,49.541668,streamflow,10154200,ft3/s,"['A', '[91]']",0
1990-10-10,49.875,streamflow,10154200,ft3/s,"['A', '[91]']",0
1990-10-11,53.208332,streamflow,10154200,ft3/s,"['A', '[91]']",0
1990-10-12,53.291668,streamflow,10154200,ft3/s,"['A', '[91]']",0
1990-10-13,55.208332,streamflow,10154200,ft3/s,"['A', '[91]']",0
1990-10-14,54.583332,streamflow,10154200,ft3/s,"['A', '[91]']",0
1990-10-15,55.958332,streamflow,10154200,ft3/s,"['A', '[91]']",0
1990-10-16,57.083332,streamflow,10154200,ft3/s,"['A', '[91]']",0
1990-10-17,89.39166,streamflow,10154200,ft3/s,"['A', '[91]']",0
1990-10-18,69.791664,streamflow,10154200,ft3/s,"['A', '[91]']",0
1990-10-19,88.666664,streamflow,10154200,ft3/s,"['A', '[91]']",0
1990-10-20,77.791664,streamflow,10154200,ft3/s,"['A', '[91]']",0
1990-10-21,63.791668,streamflow,10154200,ft3/s,"['A', '[91]']",0
1990-10-22,75.916664,streamflow,10154200,ft3/s,"['A', '[91]']",0
1990-10-23,71.0,streamflow,10154200,ft3/s,"['A', '[91]']",0
1990-10-24,62.291668,streamflow,10154200,ft3/s,"['A', '[91]']",0
1990-10-25,62.541668,streamflow,10154200,ft3/s,"['A', '[91]']",0
1990-10-26,62.583332,streamflow,10154200,ft3/s,"['A', '[91]']",0
1990-10-27,58.291668,streamflow,10154200,ft3/s,"['A', '[91]']",0
1990-10-28,53.347828,streamflow,10154200,ft3/s,"['A', '[91]']",0
1990-10-29,61.375,streamflow,10154200,ft3/s,"['A', '[91]']",0
1990-10-30,69.958336,streamflow,10154200,ft3/s,"['A', '[91]']",0
1990-10-31,66.083336,streamflow,10154200,ft3/s,"['A', '[92]']",0
1990-11-01,74.916664,streamflow,10154200,ft3/s,"['A', '[92]']",0
1990-11-02,66.666664,streamflow,10154200,ft3/s,"['A', '[92]']",0
1990-11-03,50.458332,streamflow,10154200,ft3/s,"['A', '[92]']",0
1990-11-04,42.541668,streamflow,10154200,ft3/s,"['A', '[92]']",0
1990-11-05,56.625,streamflow,10154200,ft3/s,"['A', '[92]']",0
1990-11-06,74.0,streamflow,10154200,ft3/s,"['A', '[92]']",0
1990-11-07,71.75,streamflow,10154200,ft3/s,"['A', '[92]']",0
1990-11-08,69.083336,streamflow,10154200,ft3/s,"['A', '[92]']",0
1990-11-09,58.083332,streamflow,10154200,ft3/s,"['A', '[92]']",0
1990-11-10,53.5,streamflow,10154200,ft3/s,"['A', '[92]']",0
1990-11-11,51.708332,streamflow,10154200,ft3/s,"['A', '[92]']",0
1990-11-12,52.333332,streamflow,10154200,ft3/s,"['A', '[92]']",0
1990-11-13,51.208332,streamflow,10154200,ft3/s,"['A', '[92]']",0
1990-11-14,52.166668,streamflow,10154200,ft3/s,"['A', '[92]']",0
1990-11-15,51.166668,streamflow,10154200,ft3/s,"['A', '[92]']",0
1990-11-16,45.666668,streamflow,10154200,ft3/s,"['A', '[92]']",0
1990-11-17,50.583332,streamflow,10154200,ft3/s,"['A', '[92]']",0
1990-11-18,48.625,streamflow,10154200,ft3/s,"['A', '[92]']",0
1990-11-19,48.708332,streamflow,10154200,ft3/s,"['A', '[92]']",0
1990-11-20,76.791664,streamflow,10154200,ft3/s,"['A', '[92]']",0
1990-11-21,93.02917,streamflow,10154200,ft3/s,"['A', '[92]']",0
1990-11-22,87.416664,streamflow,10154200,ft3/s,"['A', '[92]']",0
1990-11-23,79.25,streamflow,10154200,ft3/s,"['A', '[92]']",0
1990-11-24,83.32083,streamflow,10154200,ft3/s,"['A', '[91]']",0
1990-11-25,73.6125,streamflow,10154200,ft3/s,"['A', '[91]']",0
1990-11-26,80.458336,streamflow,10154200,ft3/s,"['A', '[91]']",0
1990-11-27,69.666664,streamflow,10154200,ft3/s,"['A', '[91]']",0
1990-11-28,68.875,streamflow,10154200,ft3/s,"['A', '[91]']",0
1990-11-29,58.5,streamflow,10154200,ft3/s,"['A', '[91]']",0
1990-11-30,77.0,streamflow,10154200,ft3/s,"['A', '[91]']",0
1990-12-01,68.291664,streamflow,10154200,ft3/s,"['A', '[91]']",0
1990-12-02,41.958332,streamflow,10154200,ft3/s,"['A', '[91]']",0
1990-12-03,40.083332,streamflow,10154200,ft3/s,"['A', '[91]']",0
1990-12-04,44.041668,streamflow,10154200,ft3/s,"['A', '[91]']",0
1990-12-05,51.375,streamflow,10154200,ft3/s,"['A', '[91]']",0
1990-12-06,45.583332,streamflow,10154200,ft3/s,"['A', '[91]']",0
1990-12-07,41.5,streamflow,10154200,ft3/s,"['A', '[91]']",0
1990-12-08,44.791668,streamflow,10154200,ft3/s,"['A', '[91]']",0
1990-12-09,46.708332,streamflow,10154200,ft3/s,"['A', '[91]']",0
1990-12-10,48.875,streamflow,10154200,ft3/s,"['A', '[91]']",0
1990-12-11,48.166668,streamflow,10154200,ft3/s,"['A', '[91]']",0
1990-12-12,48.625,streamflow,10154200,ft3/s,"['A', '[91]']",0
1990-12-13,48.041668,streamflow,10154200,ft3/s,"['A', '[91]']",0
1990-12-14,48.0,streamflow,10154200,ft3/s,"['A', '[91]']",0
1990-12-15,36.958332,streamflow,10154200,ft3/s,"['A', '[91]']",0
1990-12-16,48.083332,streamflow,10154200,ft3/s,"['A', '[91]']",0
1990-12-17,47.791668,streamflow,10154200,ft3/s,"['A', '[91]']",0
1990-12-18,48.958332,streamflow,10154200,ft3/s,"['A', '[92]']",0
1990-12-19,49.875,streamflow,10154200,ft3/s,"['A', '[92]']",0
1990-12-20,50.875,streamflow,10154200,ft3/s,"['A', '[92]']",0
1990-12-21,44.583332,streamflow,10154200,ft3/s,"['A', '[92]']",0
1990-12-22,44.541668,streamflow,10154200,ft3/s,"['A', '[92]']",0
1990-12-23,46.208332,streamflow,10154200,ft3/s,"['A', '[92]']",0
1990-12-24,46.208332,streamflow,10154200,ft3/s,"['A', '[92]']",0
1990-12-25,48.208332,streamflow,10154200,ft3/s,"['A', '[92]']",0
1990-12-26,49.0,streamflow,10154200,ft3/s,"['A', '[92]']",0
1990-12-27,49.0,streamflow,10154200,ft3/s,"['A', '[92]']",0
1990-12-28,48.958332,streamflow,10154200,ft3/s,"['A', '[92]']",0
1990-12-29,46.208332,streamflow,10154200,ft3/s,"['A', '[92]']",0
1990-12-30,46.625,streamflow,10154200,ft3/s,"['A', '[92]']",0
1990-12-31,47.708332,streamflow,10154200,ft3/s,"['A', '[92]']",0
1991-01-01,46.375,streamflow,10154200,ft3/s,"['A', '[92]']",0
1991-01-02,46.041668,streamflow,10154200,ft3/s,"['A', '[92]']",0
1991-01-03,45.541668,streamflow,10154200,ft3/s,"['A', '[92]']",0
1991-01-04,45.75,streamflow,10154200,ft3/s,"['A', '[92]']",0
1991-01-05,45.416668,streamflow,10154200,ft3/s,"['A', '[92]']",0
1991-01-06,44.583332,streamflow,10154200,ft3/s,"['A', '[92]']",0
1991-01-07,44.166668,streamflow,10154200,ft3/s,"['A', '[92]']",0
1991-01-08,44.958332,streamflow,10154200,ft3/s,"['A', '[92]']",0
1991-01-09,44.708332,streamflow,10154200,ft3/s,"['A', '[92]']",0
1991-01-10,45.583332,streamflow,10154200,ft3/s,"['A', '[92]']",0
1991-01-11,45.041668,streamflow,10154200,ft3/s,"['A', '[91]']",0
1991-01-12,44.625,streamflow,10154200,ft3/s,"['A', '[91]']",0
1991-01-13,45.125,streamflow,10154200,ft3/s,"['A', '[91]']",0
1991-01-14,46.125,streamflow,10154200,ft3/s,"['A', '[91]']",0
1991-01-15,47.541668,streamflow,10154200,ft3/s,"['A', '[91]']",0
1991-01-16,46.583332,streamflow,10154200,ft3/s,"['A', '[91]']",0
1991-01-17,47.958332,streamflow,10154200,ft3/s,"['A', '[91]']",0
1991-01-18,51.416668,streamflow,10154200,ft3/s,"['A', '[91]']",0
1991-01-19,48.5,streamflow,10154200,ft3/s,"['A', '[91]']",0
1991-01-20,41.083332,streamflow,10154200,ft3/s,"['A', '[91]']",0
1991-01-21,43.125,streamflow,10154200,ft3/s,"['A', '[91]']",0
1991-01-22,45.625,streamflow,10154200,ft3/s,"['A', '[91]']",0
1991-01-23,47.833332,streamflow,10154200,ft3/s,"['A', '[91]']",0
1991-01-24,47.0,streamflow,10154200,ft3/s,"['A', '[91]']",0
1991-01-25,44.916668,streamflow,10154200,ft3/s,"['A', '[91]']",0
1991-01-26,44.25,streamflow,10154200,ft3/s,"['A', '[91]']",0
1991-01-27,46.833332,streamflow,10154200,ft3/s,"['A', '[91]']",0
1991-01-28,44.875,streamflow,10154200,ft3/s,"['A', '[91]']",0
1991-01-29,45.75,streamflow,10154200,ft3/s,"['A', '[91]']",0
1991-01-30,42.833332,streamflow,10154200,ft3/s,"['A', '[91]']",0
1991-01-31,45.208332,streamflow,10154200,ft3/s,"['A', '[91]']",0
1991-02-01,45.541668,streamflow,10154200,ft3/s,"['A', '[91]']",0
1991-02-02,44.875,streamflow,10154200,ft3/s,"['A', '[91]']",0
1991-02-03,44.875,streamflow,10154200,ft3/s,"['A', '[91]']",0
1991-02-04,44.166668,streamflow,10154200,ft3/s,"['A', '[91]']",0
1991-02-05,44.0,streamflow,10154200,ft3/s,"['A', '[91]']",0
1991-02-06,44.166668,streamflow,10154200,ft3/s,"['A', '[91]']",0
1991-02-07,43.541668,streamflow,10154200,ft3/s,"['A', '[91]']",0
1991-02-08,43.041668,streamflow,10154200,ft3/s,"['A', '[91]']",0
1991-02-09,42.75,streamflow,10154200,ft3/s,"['A', '[91]']",0
1991-02-10,44.416668,streamflow,10154200,ft3/s,"['A', '[91]']",0
1991-02-11,43.333332,streamflow,10154200,ft3/s,"['A', '[91]']",0
1991-02-12,44.583332,streamflow,10154200,ft3/s,"['A', '[91]']",0
1991-02-13,45.25,streamflow,10154200,ft3/s,"['A', '[91]']",0
1991-02-14,46.0,streamflow,10154200,ft3/s,"['A', '[91]']",0
1991-02-15,46.791668,streamflow,10154200,ft3/s,"['A', '[91]']",0
1991-02-16,49.125,streamflow,10154200,ft3/s,"['A', '[91]']",0
1991-02-17,48.541668,streamflow,10154200,ft3/s,"['A', '[91]']",0
1991-02-18,48.041668,streamflow,10154200,ft3/s,"['A', '[91]']",0
1991-02-19,42.416668,streamflow,10154200,ft3/s,"['A', '[91]']",0
1991-02-20,51.666668,streamflow,10154200,ft3/s,"['A', '[91]']",0
1991-02-21,46.958332,streamflow,10154200,ft3/s,"['A', '[91]']",0
1991-02-22,50.708332,streamflow,10154200,ft3/s,"['A', '[91]']",0
1991-02-23,48.625,streamflow,10154200,ft3/s,"['A', '[91]']",0
1991-02-24,45.75,streamflow,10154200,ft3/s,"['A', '[91]']",0
1991-02-25,43.541668,streamflow,10154200,ft3/s,"['A', '[91]']",0
1991-02-26,47.083332,streamflow,10154200,ft3/s,"['A', '[91]']",0
1991-02-27,47.541668,streamflow,10154200,ft3/s,"['A', '[91]']",0
1991-02-28,51.833332,streamflow,10154200,ft3/s,"['A', '[92]']",0
1991-03-01,51.208332,streamflow,10154200,ft3/s,"['A', '[92]']",0
1991-03-02,50.708332,streamflow,10154200,ft3/s,"['A', '[92]']",0
1991-03-03,49.75,streamflow,10154200,ft3/s,"['A', '[92]']",0
1991-03-04,51.791668,streamflow,10154200,ft3/s,"['A', '[92]']",0
1991-03-05,65.583336,streamflow,10154200,ft3/s,"['A', '[92]']",0
1991-03-06,54.666668,streamflow,10154200,ft3/s,"['A', '[92]']",0
1991-03-07,54.458332,streamflow,10154200,ft3/s,"['A', '[92]']",0
1991-03-08,51.916668,streamflow,10154200,ft3/s,"['A', '[92]']",0
1991-03-09,49.166668,streamflow,10154200,ft3/s,"['A', '[92]']",0
1991-03-10,57.458332,streamflow,10154200,ft3/s,"['A', '[92]']",0
1991-03-11,51.291668,streamflow,10154200,ft3/s,"['A', '[92]']",0
1991-03-12,47.666668,streamflow,10154200,ft3/s,"['A', '[92]']",0
1991-03-13,48.875,streamflow,10154200,ft3/s,"['A', '[92]']",0
1991-03-14,54.375,streamflow,10154200,ft3/s,"['A', '[92]']",0
1991-03-15,50.458332,streamflow,10154200,ft3/s,"['A', '[92]']",0
1991-03-16,47.416668,streamflow,10154200,ft3/s,"['A', '[92]']",0
1991-03-17,47.583332,streamflow,10154200,ft3/s,"['A', '[92]']",0
1991-03-18,47.458332,streamflow,10154200,ft3/s,"['A', '[92]']",0
1991-03-19,51.375,streamflow,10154200,ft3/s,"['A', '[92]']",0
1991-03-20,50.166668,streamflow,10154200,ft3/s,"['A', '[92]']",0
1991-03-21,48.5,streamflow,10154200,ft3/s,"['A', '[92]']",0
1991-03-22,50.125,streamflow,10154200,ft3/s,"['A', '[92]']",0
1991-03-23,49.833332,streamflow,10154200,ft3/s,"['A', '[92]']",0
1991-03-24,48.625,streamflow,10154200,ft3/s,"['A', '[91]']",0
1991-03-25,53.166668,streamflow,10154200,ft3/s,"['A', '[91]']",0
1991-03-26,51.583332,streamflow,10154200,ft3/s,"['A', '[91]']",0
1991-03-27,46.041668,streamflow,10154200,ft3/s,"['A', '[91]']",0
1991-03-28,46.708332,streamflow,10154200,ft3/s,"['A', '[91]']",0
1991-03-29,55.5,streamflow,10154200,ft3/s,"['A', '[91]']",0
1991-03-30,45.25,streamflow,10154200,ft3/s,"['A', '[91]']",0
1991-03-31,56.0,streamflow,10154200,ft3/s,"['A', '[91]']",0
1991-04-01,62.125,streamflow,10154200,ft3/s,"['A', '[91]']",0
1991-04-02,64.791664,streamflow,10154200,ft3/s,"['A', '[91]']",0
1991-04-03,82.666664,streamflow,10154200,ft3/s,"['A', '[91]']",0
1991-04-04,95.99167,streamflow,10154200,ft3/s,"['A', '[91]']",0
1991-04-05,127.791664,streamflow,10154200,ft3/s,"['A', '[91]']",0
1991-04-06,177.54167,streamflow,10154200,ft3/s,"['A', '[91]']",0
1991-04-07,215.70833,streamflow,10154200,ft3/s,"['A', '[91]']",0
1991-04-08,166.04167,streamflow,10154200,ft3/s,"['A', '[91]']",0
1991-04-09,133.52916,streamflow,10154200,ft3/s,"['A', '[91]']",0
1991-04-10,137.0,streamflow,10154200,ft3/s,"['A', '[91]']",0
1991-04-11,112.02917,streamflow,10154200,ft3/s,"['A', '[91]']",0
1991-04-12,104.083336,streamflow,10154200,ft3/s,"['A', '[91]']",0
1991-04-13,101.375,streamflow,10154200,ft3/s,"['A', '[91]']",0
1991-04-14,97.76666,streamflow,10154200,ft3/s,"['A', '[91]']",0
1991-04-15,99.1,streamflow,10154200,ft3/s,"['A', '[91]']",0
1991-04-16,101.54583,streamflow,10154200,ft3/s,"['A', '[91]']",0
1991-04-17,116.791664,streamflow,10154200,ft3/s,"['A', '[91]']",0
1991-04-18,121.166664,streamflow,10154200,ft3/s,"['A', '[91]']",0
1991-04-19,109.666664,streamflow,10154200,ft3/s,"['A', '[91]']",0
1991-04-20,121.458336,streamflow,10154200,ft3/s,"['A', '[91]']",0
1991-04-21,121.375,streamflow,10154200,ft3/s,"['A', '[91]']",0
1991-04-22,117.291664,streamflow,10154200,ft3/s,"['A', '[91]']",0
1991-04-23,121.75,streamflow,10154200,ft3/s,"['A', '[91]']",0
1991-04-24,132.58333,streamflow,10154200,ft3/s,"['A', '[91]']",0
1991-04-25,144.16667,streamflow,10154200,ft3/s,"['A', '[91]']",0
1991-04-26,134.33333,streamflow,10154200,ft3/s,"['A', '[91]']",0
1991-04-27,129.54167,streamflow,10154200,ft3/s,"['A', '[91]']",0
1991-04-28,119.625,streamflow,10154200,ft3/s,"['A', '[91]']",0
1991-04-29,110.40417,streamflow,10154200,ft3/s,"['A', '[91]']",0
1991-04-30,108.875,streamflow,10154200,ft3/s,"['A', '[91]']",0
1991-05-01,122.916664,streamflow,10154200,ft3/s,"['A', '[91]']",0
1991-05-02,159.41667,streamflow,10154200,ft3/s,"['A', '[91]']",0
1991-05-03,141.58333,streamflow,10154200,ft3/s,"['A', '[91]']",0
1991-05-04,129.125,streamflow,10154200,ft3/s,"['A', '[91]']",0
1991-05-05,122.833336,streamflow,10154200,ft3/s,"['A', '[91]']",0
1991-05-06,143.70833,streamflow,10154200,ft3/s,"['A', '[91]']",0
1991-05-07,157.33333,streamflow,10154200,ft3/s,"['A', '[91]']",0
1991-05-08,195.29167,streamflow,10154200,ft3/s,"['A', '[91]']",0
1991-05-09,323.125,streamflow,10154200,ft3/s,"['A', '[91]']",0
1991-05-10,412.66666,streamflow,10154200,ft3/s,"['A', '[91]']",0
1991-05-11,325.33334,streamflow,10154200,ft3/s,"['A', '[91]']",0
1991-05-12,270.04166,streamflow,10154200,ft3/s,"['A', '[91]']",0
1991-05-13,257.08334,streamflow,10154200,ft3/s,"['A', '[91]']",0
1991-05-14,366.66666,streamflow,10154200,ft3/s,"['A', '[91]']",0
1991-05-15,373.375,streamflow,10154200,ft3/s,"['A', '[91]']",0
1991-05-16,291.95834,streamflow,10154200,ft3/s,"['A', '[91]']",0
1991-05-17,414.66666,streamflow,10154200,ft3/s,"['A', '[91]']",0
1991-05-18,600.0833,streamflow,10154200,ft3/s,"['A', '[91]']",0
1991-05-19,538.875,streamflow,10154200,ft3/s,"['A', '[91]']",0
1991-05-20,739.9583,streamflow,10154200,ft3/s,"['A', '[91]']",0
1991-05-21,989.5,streamflow,10154200,ft3/s,"['A', '[91]']",0
1991-05-22,1090.7916,streamflow,10154200,ft3/s,"['A', '[91]']",0
1991-05-23,1150.0,streamflow,10154200,ft3/s,"['A', '[91]']",0
1991-05-24,1084.8334,streamflow,10154200,ft3/s,"['A', '[91]']",0
1991-05-25,1329.1666,streamflow,10154200,ft3/s,"['A', '[91]']",0
1991-05-26,1516.6666,streamflow,10154200,ft3/s,"['A', '[91]']",0
1991-05-27,1672.5,streamflow,10154200,ft3/s,"['A', '[91]']",0
1991-05-28,1354.5834,streamflow,10154200,ft3/s,"['A', '[91]']",0
1991-05-29,1317.5,streamflow,10154200,ft3/s,"['A', '[91]']",0
1991-05-30,932.9167,streamflow,10154200,ft3/s,"['A', '[91]']",0
1991-05-31,741.9583,streamflow,10154200,ft3/s,"['A', '[91]']",0
1991-06-01,705.8333,streamflow,10154200,ft3/s,"['A', '[91]']",0
1991-06-02,671.25,streamflow,10154200,ft3/s,"['A', '[91]']",0
1991-06-03,763.4583,streamflow,10154200,ft3/s,"['A', '[91]']",0
1991-06-04,917.2917,streamflow,10154200,ft3/s,"['A', '[91]']",0
1991-06-05,1074.0416,streamflow,10154200,ft3/s,"['A', '[91]']",0
1991-06-06,930.375,streamflow,10154200,ft3/s,"['A', '[91]']",0
1991-06-07,1023.8333,streamflow,10154200,ft3/s,"['A', '[91]']",0
1991-06-08,1113.0834,streamflow,10154200,ft3/s,"['A', '[91]']",0
1991-06-09,1093.25,streamflow,10154200,ft3/s,"['A', '[91]']",0
1991-06-10,1068.0,streamflow,10154200,ft3/s,"['A', '[91]']",0
1991-06-11,1075.5834,streamflow,10154200,ft3/s,"['A', '[91]']",0
1991-06-12,1645.4166,streamflow,10154200,ft3/s,"['A', '[91]']",0
1991-06-13,1680.0,streamflow,10154200,ft3/s,"['A', '[91]']",0
1991-06-14,1544.5834,streamflow,10154200,ft3/s,"['A', '[91]']",0
1991-06-15,1292.9166,streamflow,10154200,ft3/s,"['A', '[91]']",0
1991-06-16,1105.0,streamflow,10154200,ft3/s,"['A', '[91]']",0
1991-06-17,918.4167,streamflow,10154200,ft3/s,"['A', '[91]']",0
1991-06-18,832.5833,streamflow,10154200,ft3/s,"['A', '[91]']",0
1991-06-19,708.5,streamflow,10154200,ft3/s,"['A', '[91]']",0
1991-06-20,630.4583,streamflow,10154200,ft3/s,"['A', '[91]']",0
1991-06-21,542.2917,streamflow,10154200,ft3/s,"['A', '[91]']",0
1991-06-22,485.29166,streamflow,10154200,ft3/s,"['A', '[91]']",0
1991-06-23,434.04166,streamflow,10154200,ft3/s,"['A', '[91]']",0
1991-06-24,398.54166,streamflow,10154200,ft3/s,"['A', '[91]']",0
1991-06-25,367.5,streamflow,10154200,ft3/s,"['A', '[91]']",0
1991-06-26,349.45834,streamflow,10154200,ft3/s,"['A', '[91]']",0
1991-06-27,336.16666,streamflow,10154200,ft3/s,"['A', '[91]']",0
1991-06-28,294.29166,streamflow,10154200,ft3/s,"['A', '[91]']",0
1991-06-29,275.0,streamflow,10154200,ft3/s,"['A', '[91]']",0
1991-06-30,269.125,streamflow,10154200,ft3/s,"['A', '[91]']",0
1991-07-01,248.79167,streamflow,10154200,ft3/s,"['A', '[91]']",0
1991-07-02,231.41667,streamflow,10154200,ft3/s,"['A', '[91]']",0
1991-07-03,212.41667,streamflow,10154200,ft3/s,"['A', '[91]']",0
1991-07-04,176.41667,streamflow,10154200,ft3/s,"['A', '[91]']",0
1991-07-05,168.16667,streamflow,10154200,ft3/s,"['A', '[91]']",0
1991-07-06,156.0,streamflow,10154200,ft3/s,"['A', '[91]']",0
1991-07-07,149.75,streamflow,10154200,ft3/s,"['A', '[91]']",0
1991-07-08,151.70833,streamflow,10154200,ft3/s,"['A', '[91]']",0
1991-07-09,193.45833,streamflow,10154200,ft3/s,"['A', '[91]']",0
1991-07-10,171.95833,streamflow,10154200,ft3/s,"['A', '[91]']",0
1991-07-11,161.91667,streamflow,10154200,ft3/s,"['A', '[91]']",0
1991-07-12,144.08333,streamflow,10154200,ft3/s,"['A', '[91]']",0
1991-07-13,136.25,streamflow,10154200,ft3/s,"['A', '[91]']",0
1991-07-14,130.875,streamflow,10154200,ft3/s,"['A', '[91]']",0
1991-07-15,129.16667,streamflow,10154200,ft3/s,"['A', '[91]']",0
1991-07-16,123.583336,streamflow,10154200,ft3/s,"['A', '[91]']",0
1991-07-17,120.333336,streamflow,10154200,ft3/s,"['A', '[91]']",0
1991-07-18,120.416664,streamflow,10154200,ft3/s,"['A', '[91]']",0
1991-07-19,117.666664,streamflow,10154200,ft3/s,"['A', '[91]']",0
1991-07-20,111.5,streamflow,10154200,ft3/s,"['A', '[91]']",0
1991-07-21,101.2625,streamflow,10154200,ft3/s,"['A', '[91]']",0
1991-07-22,95.808334,streamflow,10154200,ft3/s,"['A', '[91]']",0
1991-07-23,92.791664,streamflow,10154200,ft3/s,"['A', '[91]']",0
1991-07-24,87.166664,streamflow,10154200,ft3/s,"['A', '[91]']",0
1991-07-25,90.125,streamflow,10154200,ft3/s,"['A', '[91]']",0
1991-07-26,85.25,streamflow,10154200,ft3/s,"['A', '[91]']",0
1991-07-27,82.416664,streamflow,10154200,ft3/s,"['A', '[91]']",0
1991-07-28,75.875,streamflow,10154200,ft3/s,"['A', '[91]']",0
1991-07-29,72.75,streamflow,10154200,ft3/s,"['A', '[91]']",0
1991-07-30,71.5,streamflow,10154200,ft3/s,"['A', '[91]']",0
1991-07-31,66.875,streamflow,10154200,ft3/s,"['A', '[91]']",0
1991-08-01,71.833336,streamflow,10154200,ft3/s,"['A', '[91]']",0
1991-08-02,79.458336,streamflow,10154200,ft3/s,"['A', '[91]']",0
1991-08-03,91.208336,streamflow,10154200,ft3/s,"['A', '[91]']",0
1991-08-04,77.875,streamflow,10154200,ft3/s,"['A', '[91]']",0
1991-08-05,65.333336,streamflow,10154200,ft3/s,"['A', '[91]']",0
1991-08-06,61.375,streamflow,10154200,ft3/s,"['A', '[91]']",0
1991-08-07,63.833332,streamflow,10154200,ft3/s,"['A', '[91]']",0
1991-08-08,62.416668,streamflow,10154200,ft3/s,"['A', '[91]']",0
1991-08-09,60.291668,streamflow,10154200,ft3/s,"['A', '[91]']",0
1991-08-10,59.291668,streamflow,10154200,ft3/s,"['A', '[91]']",0
1991-08-11,57.75,streamflow,10154200,ft3/s,"['A', '[91]']",0
1991-08-12,63.375,streamflow,10154200,ft3/s,"['A', '[91]']",0
1991-08-13,57.625,streamflow,10154200,ft3/s,"['A', '[91]']",0
1991-08-14,59.541668,streamflow,10154200,ft3/s,"['A', '[91]']",0
1991-08-15,75.958336,streamflow,10154200,ft3/s,"['A', '[92]']",0
1991-08-16,73.0,streamflow,10154200,ft3/s,"['A', '[92]']",0
1991-08-17,65.0,streamflow,10154200,ft3/s,"['A', '[92]']",0
1991-08-18,61.75,streamflow,10154200,ft3/s,"['A', '[92]']",0
1991-08-19,72.166664,streamflow,10154200,ft3/s,"['A', '[92]']",0
1991-08-20,70.166664,streamflow,10154200,ft3/s,"['A', '[92]']",0
1991-08-21,64.416664,streamflow,10154200,ft3/s,"['A', '[92]']",0
1991-08-22,61.458332,streamflow,10154200,ft3/s,"['A', '[92]']",0
1991-08-23,59.791668,streamflow,10154200,ft3/s,"['A', '[92]']",0
1991-08-24,59.958332,streamflow,10154200,ft3/s,"['A', '[92]']",0
1991-08-25,96.15417,streamflow,10154200,ft3/s,"['A', '[92]']",0
1991-08-26,75.75,streamflow,10154200,ft3/s,"['A', '[92]']",0
1991-08-27,67.25,streamflow,10154200,ft3/s,"['A', '[92]']",0
1991-08-28,69.208336,streamflow,10154200,ft3/s,"['A', '[92]']",0
1991-08-29,70.583336,streamflow,10154200,ft3/s,"['A', '[92]']",0
1991-08-30,65.25,streamflow,10154200,ft3/s,"['A', '[92]']",0
1991-08-31,60.708332,streamflow,10154200,ft3/s,"['A', '[92]']",0
1991-09-01,58.875,streamflow,10154200,ft3/s,"['A', '[92]']",0
1991-09-02,60.5,streamflow,10154200,ft3/s,"['A', '[92]']",0
1991-09-03,52.75,streamflow,10154200,ft3/s,"['A', '[92]']",0
1991-09-04,51.458332,streamflow,10154200,ft3/s,"['A', '[92]']",0
1991-09-05,49.75,streamflow,10154200,ft3/s,"['A', '[92]']",0
1991-09-06,50.958332,streamflow,10154200,ft3/s,"['A', '[92]']",0
1991-09-07,70.166664,streamflow,10154200,ft3/s,"['A', '[92]']",0
1991-09-08,97.79583,streamflow,10154200,ft3/s,"['A', '[92]']",0
1991-09-09,76.25,streamflow,10154200,ft3/s,"['A', '[92]']",0
1991-09-10,65.375,streamflow,10154200,ft3/s,"['A', '[92]']",0
1991-09-11,142.25,streamflow,10154200,ft3/s,"['A', '[92]']",0
1991-09-12,152.0,streamflow,10154200,ft3/s,"['A', '[92]']",0
1991-09-13,149.58333,streamflow,10154200,ft3/s,"['A', '[92]']",0
1991-09-14,147.91667,streamflow,10154200,ft3/s,"['A', '[92]']",0
1991-09-15,107.754166,streamflow,10154200,ft3/s,"['A', '[92]']",0
1991-09-16,91.416664,streamflow,10154200,ft3/s,"['A', '[92]']",0
1991-09-17,85.166664,streamflow,10154200,ft3/s,"['A', '[92]']",0
1991-09-18,80.208336,streamflow,10154200,ft3/s,"['A', '[92]']",0
1991-09-19,77.625,streamflow,10154200,ft3/s,"['A', '[92]']",0
1991-09-20,113.583336,streamflow,10154200,ft3/s,"['A', '[92]']",0
1991-09-21,123.75,streamflow,10154200,ft3/s,"['A', '[92]']",0
1991-09-22,120.458336,streamflow,10154200,ft3/s,"['A', '[92]']",0
1991-09-23,117.833336,streamflow,10154200,ft3/s,"['A', '[92]']",0
1991-09-24,114.041664,streamflow,10154200,ft3/s,"['A', '[92]']",0
1991-09-25,111.833336,streamflow,10154200,ft3/s,"['A', '[92]']",0
1991-09-26,104.40417,streamflow,10154200,ft3/s,"['A', '[92]']",0
1991-09-27,104.25,streamflow,10154200,ft3/s,"['A', '[92]']",0
1991-09-28,102.75,streamflow,10154200,ft3/s,"['A', '[92]']",0
1991-09-29,109.583336,streamflow,10154200,ft3/s,"['A', '[92]']",0
1991-09-30,107.166664,streamflow,10154200,ft3/s,"['A', '[92]']",0
1991-10-01,98.4375,streamflow,10154200,ft3/s,"['A', '[92]']",0
1991-10-02,92.5,streamflow,10154200,ft3/s,"['A', '[91]']",0
1991-10-03,88.708336,streamflow,10154200,ft3/s,"['A', '[91]']",0
1991-10-04,84.791664,streamflow,10154200,ft3/s,"['A', '[91]']",0
1991-10-05,80.875,streamflow,10154200,ft3/s,"['A', '[91]']",0
1991-10-06,84.75,streamflow,10154200,ft3/s,"['A', '[91]']",0
1991-10-07,82.416664,streamflow,10154200,ft3/s,"['A', '[91]']",0
1991-10-08,78.333336,streamflow,10154200,ft3/s,"['A', '[91]']",0
1991-10-09,77.125,streamflow,10154200,ft3/s,"['A', '[91]']",0
1991-10-10,73.375,streamflow,10154200,ft3/s,"['A', '[91]']",0
1991-10-11,65.333336,streamflow,10154200,ft3/s,"['A', '[91]']",0
1991-10-12,61.25,streamflow,10154200,ft3/s,"['A', '[91]']",0
1991-10-13,60.125,streamflow,10154200,ft3/s,"['A', '[91]']",0
1991-10-14,59.166668,streamflow,10154200,ft3/s,"['A', '[91]']",0
1991-10-15,58.25,streamflow,10154200,ft3/s,"['A', '[91]']",0
1991-10-16,52.875,streamflow,10154200,ft3/s,"['A', '[91]']",0
1991-10-17,46.833332,streamflow,10154200,ft3/s,"['A', '[91]']",0
1991-10-18,46.0,streamflow,10154200,ft3/s,"['A', '[91]']",0
1991-10-19,45.125,streamflow,10154200,ft3/s,"['A', '[91]']",0
1991-10-20,45.0,streamflow,10154200,ft3/s,"['A', '[91]']",0
1991-10-21,45.0,streamflow,10154200,ft3/s,"['A', '[91]']",0
1991-10-22,45.041668,streamflow,10154200,ft3/s,"['A', '[91]']",0
1991-10-23,50.125,streamflow,10154200,ft3/s,"['A', '[91]']",0
1991-10-24,52.625,streamflow,10154200,ft3/s,"['A', '[91]']",0
1991-10-25,49.916668,streamflow,10154200,ft3/s,"['A', '[91]']",0
1991-10-26,50.416668,streamflow,10154200,ft3/s,"['A', '[91]']",0
1991-10-27,57.52174,streamflow,10154200,ft3/s,"['A', '[91]']",0
1991-10-28,55.708332,streamflow,10154200,ft3/s,"['A', '[91]']",0
1991-10-29,50.708332,streamflow,10154200,ft3/s,"['A', '[91]']",0
1991-10-30,51.125,streamflow,10154200,ft3/s,"['A', '[91]']",0
1991-10-31,37.416668,streamflow,10154200,ft3/s,"['A', '[91]']",0
1991-11-01,61.708332,streamflow,10154200,ft3/s,"['A', '[91]']",0
1991-11-02,55.875,streamflow,10154200,ft3/s,"['A', '[91]']",0
1991-11-03,41.166668,streamflow,10154200,ft3/s,"['A', '[91]']",0
1991-11-04,64.583336,streamflow,10154200,ft3/s,"['A', '[91]']",0
1991-11-05,62.083332,streamflow,10154200,ft3/s,"['A', '[91]']",0
1991-11-06,75.375,streamflow,10154200,ft3/s,"['A', '[91]']",0
1991-11-07,96.02917,streamflow,10154200,ft3/s,"['A', '[91]']",0
1991-11-08,76.416664,streamflow,10154200,ft3/s,"['A', '[91]']",0
1991-11-09,72.125,streamflow,10154200,ft3/s,"['A', '[91]']",0
1991-11-10,81.25,streamflow,10154200,ft3/s,"['A', '[91]']",0
1991-11-11,76.166664,streamflow,10154200,ft3/s,"['A', '[91]']",0
1991-11-12,63.333332,streamflow,10154200,ft3/s,"['A', '[91]']",0
1991-11-13,63.0,streamflow,10154200,ft3/s,"['A', '[91]']",0
1991-11-14,67.25,streamflow,10154200,ft3/s,"['A', '[91]']",0
1991-11-15,65.291664,streamflow,10154200,ft3/s,"['A', '[91]']",0
1991-11-16,64.25,streamflow,10154200,ft3/s,"['A', '[91]']",0
1991-11-17,55.791668,streamflow,10154200,ft3/s,"['A', '[91]']",0
1991-11-18,67.416664,streamflow,10154200,ft3/s,"['A', '[91]']",0
1991-11-19,65.083336,streamflow,10154200,ft3/s,"['A', '[91]']",0
1991-11-20,53.19583,streamflow,10154200,ft3/s,"['A', '[91]']",0
1991-11-21,75.375,streamflow,10154200,ft3/s,"['A', '[91]']",0
1991-11-22,63.166668,streamflow,10154200,ft3/s,"['A', '[91]']",0
1991-11-23,39.083332,streamflow,10154200,ft3/s,"['A', '[91]']",0
1991-11-24,59.8625,streamflow,10154200,ft3/s,"['A', '[91]']",0
1991-11-25,75.5,streamflow,10154200,ft3/s,"['A', '[91]']",0
1991-11-26,68.833336,streamflow,10154200,ft3/s,"['A', '[91]']",0
1991-11-27,64.625,streamflow,10154200,ft3/s,"['A', '[91]']",0
1991-11-28,64.25,streamflow,10154200,ft3/s,"['A', '[91]']",0
1991-11-29,54.791668,streamflow,10154200,ft3/s,"['A', '[91]']",0
1991-11-30,51.625,streamflow,10154200,ft3/s,"['A', '[91]']",0
1991-12-01,33.166668,streamflow,10154200,ft3/s,"['A', '[91]']",0
1991-12-02,44.625,streamflow,10154200,ft3/s,"['A', '[91]']",0
1991-12-03,56.75,streamflow,10154200,ft3/s,"['A', '[91]']",0
1991-12-04,58.541668,streamflow,10154200,ft3/s,"['A', '[91]']",0
1991-12-05,60.166668,streamflow,10154200,ft3/s,"['A', '[91]']",0
1991-12-06,60.083332,streamflow,10154200,ft3/s,"['A', '[91]']",0
1991-12-07,62.625,streamflow,10154200,ft3/s,"['A', '[91]']",0
1991-12-08,60.625,streamflow,10154200,ft3/s,"['A', '[91]']",0
1991-12-09,51.583332,streamflow,10154200,ft3/s,"['A', '[91]']",0
1991-12-10,51.458332,streamflow,10154200,ft3/s,"['A', '[91]']",0
1991-12-11,56.166668,streamflow,10154200,ft3/s,"['A', '[91]']",0
1991-12-12,52.375,streamflow,10154200,ft3/s,"['A', '[91]']",0
1991-12-13,53.583332,streamflow,10154200,ft3/s,"['A', '[91]']",0
1991-12-14,44.458332,streamflow,10154200,ft3/s,"['A', '[91]']",0
1991-12-15,49.833332,streamflow,10154200,ft3/s,"['A', '[91]']",0
1991-12-16,51.041668,streamflow,10154200,ft3/s,"['A', '[91]']",0
1991-12-17,49.875,streamflow,10154200,ft3/s,"['A', '[91]']",0
1991-12-18,51.791668,streamflow,10154200,ft3/s,"['A', '[91]']",0
1991-12-19,52.291668,streamflow,10154200,ft3/s,"['A', '[91]']",0
1991-12-20,50.916668,streamflow,10154200,ft3/s,"['A', '[91]']",0
1991-12-21,44.75,streamflow,10154200,ft3/s,"['A', '[91]']",0
1991-12-22,48.25,streamflow,10154200,ft3/s,"['A', '[91]']",0
1991-12-23,49.083332,streamflow,10154200,ft3/s,"['A', '[91]']",0
1991-12-24,48.458332,streamflow,10154200,ft3/s,"['A', '[91]']",0
1991-12-25,47.958332,streamflow,10154200,ft3/s,"['A', '[91]']",0
1991-12-26,46.791668,streamflow,10154200,ft3/s,"['A', '[91]']",0
1991-12-27,45.791668,streamflow,10154200,ft3/s,"['A', '[91]']",0
1991-12-28,46.625,streamflow,10154200,ft3/s,"['A', '[91]']",0
1991-12-29,47.416668,streamflow,10154200,ft3/s,"['A', '[91]']",0
1991-12-30,46.416668,streamflow,10154200,ft3/s,"['A', '[91]']",0
1991-12-31,46.958332,streamflow,10154200,ft3/s,"['A', '[91]']",0
1992-01-01,46.291668,streamflow,10154200,ft3/s,"['A', '[91]']",0
1992-01-02,40.75,streamflow,10154200,ft3/s,"['A', '[91]']",0
1992-01-03,43.083332,streamflow,10154200,ft3/s,"['A', '[91]']",0
1992-01-04,47.916668,streamflow,10154200,ft3/s,"['A', '[91]']",0
1992-01-05,47.333332,streamflow,10154200,ft3/s,"['A', '[91]']",0
1992-01-06,46.625,streamflow,10154200,ft3/s,"['A', '[92]']",0
1992-01-07,47.875,streamflow,10154200,ft3/s,"['A', '[92]']",0
1992-01-08,48.0,streamflow,10154200,ft3/s,"['A', '[92]']",0
1992-01-09,41.958332,streamflow,10154200,ft3/s,"['A', '[92]']",0
1992-01-10,44.666668,streamflow,10154200,ft3/s,"['A', '[92]']",0
1992-01-11,47.375,streamflow,10154200,ft3/s,"['A', '[92]']",0
1992-01-12,46.0,streamflow,10154200,ft3/s,"['A', '[92]']",0
1992-01-13,40.666668,streamflow,10154200,ft3/s,"['A', '[92]']",0
1992-01-14,44.916668,streamflow,10154200,ft3/s,"['A', '[92]']",0
1992-01-15,45.458332,streamflow,10154200,ft3/s,"['A', '[92]']",0
1992-01-16,44.0,streamflow,10154200,ft3/s,"['A', '[92]']",0
1992-01-17,46.583332,streamflow,10154200,ft3/s,"['A', '[92]']",0
1992-01-18,40.958332,streamflow,10154200,ft3/s,"['A', '[92]']",0
1992-01-19,40.333332,streamflow,10154200,ft3/s,"['A', '[92]']",0
1992-01-20,41.208332,streamflow,10154200,ft3/s,"['A', '[92]']",0
1992-01-21,41.458332,streamflow,10154200,ft3/s,"['A', '[92]']",0
1992-01-22,42.791668,streamflow,10154200,ft3/s,"['A', '[92]']",0
1992-01-23,44.333332,streamflow,10154200,ft3/s,"['A', '[92]']",0
1992-01-24,43.208332,streamflow,10154200,ft3/s,"['A', '[92]']",0
1992-01-25,42.333332,streamflow,10154200,ft3/s,"['A', '[92]']",0
1992-01-26,42.208332,streamflow,10154200,ft3/s,"['A', '[92]']",0
1992-01-27,41.541668,streamflow,10154200,ft3/s,"['A', '[92]']",0
1992-01-28,40.958332,streamflow,10154200,ft3/s,"['A', '[92]']",0
1992-01-29,41.083332,streamflow,10154200,ft3/s,"['A', '[92]']",0
1992-01-30,40.541668,streamflow,10154200,ft3/s,"['A', '[91]']",0
1992-01-31,41.083332,streamflow,10154200,ft3/s,"['A', '[91]']",0
1992-02-01,40.5,streamflow,10154200,ft3/s,"['A', '[91]']",0
1992-02-02,40.916668,streamflow,10154200,ft3/s,"['A', '[91]']",0
1992-02-03,39.125,streamflow,10154200,ft3/s,"['A', '[91]']",0
1992-02-04,41.375,streamflow,10154200,ft3/s,"['A', '[91]']",0
1992-02-05,37.041668,streamflow,10154200,ft3/s,"['A', '[91]']",0
1992-02-06,39.875,streamflow,10154200,ft3/s,"['A', '[91]']",0
1992-02-07,40.416668,streamflow,10154200,ft3/s,"['A', '[91]']",0
1992-02-08,41.25,streamflow,10154200,ft3/s,"['A', '[91]']",0
1992-02-09,40.833332,streamflow,10154200,ft3/s,"['A', '[91]']",0
1992-02-10,41.333332,streamflow,10154200,ft3/s,"['A', '[91]']",0
1992-02-11,41.916668,streamflow,10154200,ft3/s,"['A', '[91]']",0
1992-02-12,42.375,streamflow,10154200,ft3/s,"['A', '[91]']",0
1992-02-13,43.0,streamflow,10154200,ft3/s,"['A', '[91]']",0
1992-02-14,43.583332,streamflow,10154200,ft3/s,"['A', '[91]']",0
1992-02-15,43.416668,streamflow,10154200,ft3/s,"['A', '[91]']",0
1992-02-16,43.5,streamflow,10154200,ft3/s,"['A', '[91]']",0
1992-02-17,43.458332,streamflow,10154200,ft3/s,"['A', '[91]']",0
1992-02-18,37.041668,streamflow,10154200,ft3/s,"['A', '[91]']",0
1992-02-19,45.583332,streamflow,10154200,ft3/s,"['A', '[91]']",0
1992-02-20,46.583332,streamflow,10154200,ft3/s,"['A', '[91]']",0
1992-02-21,44.666668,streamflow,10154200,ft3/s,"['A', '[91]']",0
1992-02-22,45.041668,streamflow,10154200,ft3/s,"['A', '[91]']",0
1992-02-23,45.166668,streamflow,10154200,ft3/s,"['A', '[91]']",0
1992-02-24,38.208332,streamflow,10154200,ft3/s,"['A', '[91]']",0
1992-02-25,50.333332,streamflow,10154200,ft3/s,"['A', '[91]']",0
1992-02-26,40.0,streamflow,10154200,ft3/s,"['A', '[91]']",0
1992-02-27,44.625,streamflow,10154200,ft3/s,"['A', '[91]']",0
1992-02-28,48.666668,streamflow,10154200,ft3/s,"['A', '[91]']",0
1992-02-29,49.041668,streamflow,10154200,ft3/s,"['A', '[91]']",0
1992-03-01,50.583332,streamflow,10154200,ft3/s,"['A', '[91]']",0
1992-03-02,50.75,streamflow,10154200,ft3/s,"['A', '[91]']",0
1992-03-03,52.208332,streamflow,10154200,ft3/s,"['A', '[91]']",0
1992-03-04,52.791668,streamflow,10154200,ft3/s,"['A', '[91]']",0
1992-03-05,52.666668,streamflow,10154200,ft3/s,"['A', '[91]']",0
1992-03-06,47.666668,streamflow,10154200,ft3/s,"['A', '[91]']",0
1992-03-07,55.75,streamflow,10154200,ft3/s,"['A', '[91]']",0
1992-03-08,53.583332,streamflow,10154200,ft3/s,"['A', '[91]']",0
1992-03-09,50.916668,streamflow,10154200,ft3/s,"['A', '[91]']",0
1992-03-10,48.125,streamflow,10154200,ft3/s,"['A', '[91]']",0
1992-03-11,53.208332,streamflow,10154200,ft3/s,"['A', '[91]']",0
1992-03-12,56.916668,streamflow,10154200,ft3/s,"['A', '[91]']",0
1992-03-13,58.291668,streamflow,10154200,ft3/s,"['A', '[91]']",0
1992-03-14,62.083332,streamflow,10154200,ft3/s,"['A', '[91]']",0
1992-03-15,66.375,streamflow,10154200,ft3/s,"['A', '[91]']",0
1992-03-16,68.333336,streamflow,10154200,ft3/s,"['A', '[91]']",0
1992-03-17,67.416664,streamflow,10154200,ft3/s,"['A', '[91]']",0
1992-03-18,64.041664,streamflow,10154200,ft3/s,"['A', '[91]']",0
1992-03-19,63.541668,streamflow,10154200,ft3/s,"['A', '[91]']",0
1992-03-20,53.458332,streamflow,10154200,ft3/s,"['A', '[91]']",0
1992-03-21,64.583336,streamflow,10154200,ft3/s,"['A', '[91]']",0
1992-03-22,60.75,streamflow,10154200,ft3/s,"['A', '[91]']",0
1992-03-23,62.75,streamflow,10154200,ft3/s,"['A', '[91]']",0
1992-03-24,61.291668,streamflow,10154200,ft3/s,"['A', '[91]']",0
1992-03-25,59.5,streamflow,10154200,ft3/s,"['A', '[91]']",0
1992-03-26,64.833336,streamflow,10154200,ft3/s,"['A', '[91]']",0
1992-03-27,65.291664,streamflow,10154200,ft3/s,"['A', '[91]']",0
1992-03-28,66.208336,streamflow,10154200,ft3/s,"['A', '[91]']",0
1992-03-29,71.125,streamflow,10154200,ft3/s,"['A', '[91]']",0
1992-03-30,76.416664,streamflow,10154200,ft3/s,"['A', '[91]']",0
1992-03-31,82.75,streamflow,10154200,ft3/s,"['A', '[91]']",0
1992-04-01,80.0,streamflow,10154200,ft3/s,"['A', '[91]']",0
1992-04-02,83.041664,streamflow,10154200,ft3/s,"['A', '[91]']",0
1992-04-03,93.075,streamflow,10154200,ft3/s,"['A', '[91]']",0
1992-04-04,106.2375,streamflow,10154200,ft3/s,"['A', '[91]']",0
1992-04-05,121.916664,streamflow,10154200,ft3/s,"['A', '[91]']",0
1992-04-06,124.0,streamflow,10154200,ft3/s,"['A', '[91]']",0
1992-04-07,119.041664,streamflow,10154200,ft3/s,"['A', '[91]']",0
1992-04-08,120.75,streamflow,10154200,ft3/s,"['A', '[91]']",0
1992-04-09,127.916664,streamflow,10154200,ft3/s,"['A', '[91]']",0
1992-04-10,143.54167,streamflow,10154200,ft3/s,"['A', '[91]']",0
1992-04-11,159.41667,streamflow,10154200,ft3/s,"['A', '[91]']",0
1992-04-12,197.0,streamflow,10154200,ft3/s,"['A', '[91]']",0
1992-04-13,206.625,streamflow,10154200,ft3/s,"['A', '[91]']",0
1992-04-14,200.5,streamflow,10154200,ft3/s,"['A', '[91]']",0
1992-04-15,219.16667,streamflow,10154200,ft3/s,"['A', '[91]']",0
1992-04-16,215.91667,streamflow,10154200,ft3/s,"['A', '[91]']",0
1992-04-17,214.79167,streamflow,10154200,ft3/s,"['A', '[91]']",0
1992-04-18,219.83333,streamflow,10154200,ft3/s,"['A', '[91]']",0
1992-04-19,200.95833,streamflow,10154200,ft3/s,"['A', '[91]']",0
1992-04-20,181.33333,streamflow,10154200,ft3/s,"['A', '[91]']",0
1992-04-21,179.125,streamflow,10154200,ft3/s,"['A', '[91]']",0
1992-04-22,184.0,streamflow,10154200,ft3/s,"['A', '[91]']",0
1992-04-23,169.75,streamflow,10154200,ft3/s,"['A', '[91]']",0
1992-04-24,152.33333,streamflow,10154200,ft3/s,"['A', '[91]']",0
1992-04-25,172.04167,streamflow,10154200,ft3/s,"['A', '[91]']",0
1992-04-26,207.41667,streamflow,10154200,ft3/s,"['A', '[91]']",0
1992-04-27,258.66666,streamflow,10154200,ft3/s,"['A', '[91]']",0
1992-04-28,370.25,streamflow,10154200,ft3/s,"['A', '[91]']",0
1992-04-29,488.29166,streamflow,10154200,ft3/s,"['A', '[91]']",0
1992-04-30,579.875,streamflow,10154200,ft3/s,"['A', '[91]']",0
1992-05-01,621.1667,streamflow,10154200,ft3/s,"['A', '[91]']",0
1992-05-02,552.875,streamflow,10154200,ft3/s,"['A', '[91]']",0
1992-05-03,495.375,streamflow,10154200,ft3/s,"['A', '[91]']",0
1992-05-04,508.91666,streamflow,10154200,ft3/s,"['A', '[91]']",0
1992-05-05,526.9583,streamflow,10154200,ft3/s,"['A', '[91]']",0
1992-05-06,548.75,streamflow,10154200,ft3/s,"['A', '[91]']",0
1992-05-07,522.2917,streamflow,10154200,ft3/s,"['A', '[91]']",0
1992-05-08,511.33334,streamflow,10154200,ft3/s,"['A', '[91]']",0
1992-05-09,567.9583,streamflow,10154200,ft3/s,"['A', '[91]']",0
1992-05-10,492.29166,streamflow,10154200,ft3/s,"['A', '[91]']",0
1992-05-11,441.375,streamflow,10154200,ft3/s,"['A', '[91]']",0
1992-05-12,421.66666,streamflow,10154200,ft3/s,"['A', '[91]']",0
1992-05-13,451.08334,streamflow,10154200,ft3/s,"['A', '[91]']",0
1992-05-14,525.5,streamflow,10154200,ft3/s,"['A', '[91]']",0
1992-05-15,494.375,streamflow,10154200,ft3/s,"['A', '[91]']",0
1992-05-16,465.79166,streamflow,10154200,ft3/s,"['A', '[91]']",0
1992-05-17,440.25,streamflow,10154200,ft3/s,"['A', '[91]']",0
1992-05-18,414.16666,streamflow,10154200,ft3/s,"['A', '[91]']",0
1992-05-19,405.0,streamflow,10154200,ft3/s,"['A', '[91]']",0
1992-05-20,503.75,streamflow,10154200,ft3/s,"['A', '[91]']",0
1992-05-21,511.58334,streamflow,10154200,ft3/s,"['A', '[91]']",0
1992-05-22,478.33334,streamflow,10154200,ft3/s,"['A', '[91]']",0
1992-05-23,399.41666,streamflow,10154200,ft3/s,"['A', '[91]']",0
1992-05-24,371.0,streamflow,10154200,ft3/s,"['A', '[91]']",0
1992-05-25,367.04166,streamflow,10154200,ft3/s,"['A', '[91]']",0
1992-05-26,326.45834,streamflow,10154200,ft3/s,"['A', '[91]']",0
1992-05-27,334.16666,streamflow,10154200,ft3/s,"['A', '[91]']",0
1992-05-28,286.83334,streamflow,10154200,ft3/s,"['A', '[91]']",0
1992-05-29,257.41666,streamflow,10154200,ft3/s,"['A', '[91]']",0
1992-05-30,244.70833,streamflow,10154200,ft3/s,"['A', '[91]']",0
1992-05-31,221.75,streamflow,10154200,ft3/s,"['A', '[91]']",0
1992-06-01,217.08333,streamflow,10154200,ft3/s,"['A', '[91]']",0
1992-06-02,204.5,streamflow,10154200,ft3/s,"['A', '[91]']",0
1992-06-03,195.66667,streamflow,10154200,ft3/s,"['A', '[91]']",0
1992-06-04,206.5,streamflow,10154200,ft3/s,"['A', '[91]']",0
1992-06-05,198.16667,streamflow,10154200,ft3/s,"['A', '[91]']",0
1992-06-06,147.33333,streamflow,10154200,ft3/s,"['A', '[91]']",0
1992-06-07,141.25,streamflow,10154200,ft3/s,"['A', '[91]']",0
1992-06-08,141.66667,streamflow,10154200,ft3/s,"['A', '[91]']",0
1992-06-09,137.91667,streamflow,10154200,ft3/s,"['A', '[91]']",0
1992-06-10,128.25,streamflow,10154200,ft3/s,"['A', '[91]']",0
1992-06-11,126.25,streamflow,10154200,ft3/s,"['A', '[91]']",0
1992-06-12,126.875,streamflow,10154200,ft3/s,"['A', '[91]']",0
1992-06-13,105.25,streamflow,10154200,ft3/s,"['A', '[91]']",0
1992-06-14,100.4625,streamflow,10154200,ft3/s,"['A', '[91]']",0
1992-06-15,112.379166,streamflow,10154200,ft3/s,"['A', '[91]']",0
1992-06-16,114.666664,streamflow,10154200,ft3/s,"['A', '[91]']",0
1992-06-17,114.708336,streamflow,10154200,ft3/s,"['A', '[91]']",0
1992-06-18,105.2375,streamflow,10154200,ft3/s,"['A', '[91]']",0
1992-06-19,86.833336,streamflow,10154200,ft3/s,"['A', '[91]']",0
1992-06-20,79.916664,streamflow,10154200,ft3/s,"['A', '[91]']",0
1992-06-21,74.5,streamflow,10154200,ft3/s,"['A', '[91]']",0
1992-06-22,73.708336,streamflow,10154200,ft3/s,"['A', '[91]']",0
1992-06-23,69.041664,streamflow,10154200,ft3/s,"['A', '[91]']",0
1992-06-24,62.458332,streamflow,10154200,ft3/s,"['A', '[91]']",0
1992-06-25,59.916668,streamflow,10154200,ft3/s,"['A', '[91]']",0
1992-06-26,61.541668,streamflow,10154200,ft3/s,"['A', '[91]']",0
1992-06-27,67.833336,streamflow,10154200,ft3/s,"['A', '[91]']",0
1992-06-28,60.916668,streamflow,10154200,ft3/s,"['A', '[91]']",0
1992-06-29,57.208332,streamflow,10154200,ft3/s,"['A', '[91]']",0
1992-06-30,56.333332,streamflow,10154200,ft3/s,"['A', '[91]']",0
1992-07-01,59.125,streamflow,10154200,ft3/s,"['A', '[91]']",0
1992-07-02,61.208332,streamflow,10154200,ft3/s,"['A', '[91]']",0
1992-07-03,57.25,streamflow,10154200,ft3/s,"['A', '[91]']",0
1992-07-04,52.125,streamflow,10154200,ft3/s,"['A', '[91]']",0
1992-07-05,49.791668,streamflow,10154200,ft3/s,"['A', '[91]']",0
1992-07-06,49.958332,streamflow,10154200,ft3/s,"['A', '[91]']",0
1992-07-07,52.333332,streamflow,10154200,ft3/s,"['A', '[91]']",0
1992-07-08,54.375,streamflow,10154200,ft3/s,"['A', '[91]']",0
1992-07-09,51.125,streamflow,10154200,ft3/s,"['A', '[91]']",0
1992-07-10,48.5,streamflow,10154200,ft3/s,"['A', '[91]']",0
1992-07-11,47.916668,streamflow,10154200,ft3/s,"['A', '[91]']",0
1992-07-12,64.583336,streamflow,10154200,ft3/s,"['A', '[91]']",0
1992-07-13,70.625,streamflow,10154200,ft3/s,"['A', '[91]']",0
1992-07-14,57.916668,streamflow,10154200,ft3/s,"['A', '[91]']",0
1992-07-15,54.875,streamflow,10154200,ft3/s,"['A', '[91]']",0
1992-07-16,50.625,streamflow,10154200,ft3/s,"['A', '[91]']",0
1992-07-17,46.916668,streamflow,10154200,ft3/s,"['A', '[91]']",0
1992-07-18,44.833332,streamflow,10154200,ft3/s,"['A', '[91]']",0
1992-07-19,45.125,streamflow,10154200,ft3/s,"['A', '[91]']",0
1992-07-20,42.25,streamflow,10154200,ft3/s,"['A', '[91]']",0
1992-07-21,38.833332,streamflow,10154200,ft3/s,"['A', '[91]']",0
1992-07-22,38.333332,streamflow,10154200,ft3/s,"['A', '[91]']",0
1992-07-23,37.5,streamflow,10154200,ft3/s,"['A', '[91]']",0
1992-07-24,37.375,streamflow,10154200,ft3/s,"['A', '[91]']",0
1992-07-25,37.666668,streamflow,10154200,ft3/s,"['A', '[91]']",0
1992-07-26,36.583332,streamflow,10154200,ft3/s,"['A', '[91]']",0
1992-07-27,36.0,streamflow,10154200,ft3/s,"['A', '[91]']",0
1992-07-28,34.333332,streamflow,10154200,ft3/s,"['A', '[91]']",0
1992-07-29,32.791668,streamflow,10154200,ft3/s,"['A', '[91]']",0
1992-07-30,29.916666,streamflow,10154200,ft3/s,"['A', '[91]']",0
1992-07-31,29.375,streamflow,10154200,ft3/s,"['A', '[91]']",0
1992-08-01,29.0,streamflow,10154200,ft3/s,"['A', '[91]']",0
1992-08-02,27.75,streamflow,10154200,ft3/s,"['A', '[91]']",0
1992-08-03,26.791666,streamflow,10154200,ft3/s,"['A', '[91]']",0
1992-08-04,26.791666,streamflow,10154200,ft3/s,"['A', '[91]']",0
1992-08-05,26.416666,streamflow,10154200,ft3/s,"['A', '[91]']",0
1992-08-06,27.5,streamflow,10154200,ft3/s,"['A', '[91]']",0
1992-08-07,30.625,streamflow,10154200,ft3/s,"['A', '[91]']",0
1992-08-08,30.458334,streamflow,10154200,ft3/s,"['A', '[91]']",0
1992-08-09,28.25,streamflow,10154200,ft3/s,"['A', '[91]']",0
1992-08-10,26.916666,streamflow,10154200,ft3/s,"['A', '[91]']",0
1992-08-11,25.458334,streamflow,10154200,ft3/s,"['A', '[91]']",0
1992-08-12,25.416666,streamflow,10154200,ft3/s,"['A', '[91]']",0
1992-08-13,25.25,streamflow,10154200,ft3/s,"['A', '[91]']",0
1992-08-14,25.041666,streamflow,10154200,ft3/s,"['A', '[91]']",0
1992-08-15,25.791666,streamflow,10154200,ft3/s,"['A', '[91]']",0
1992-08-16,32.708332,streamflow,10154200,ft3/s,"['A', '[91]']",0
1992-08-17,31.916666,streamflow,10154200,ft3/s,"['A', '[91]']",0
1992-08-18,25.75,streamflow,10154200,ft3/s,"['A', '[91]']",0
1992-08-19,25.0,streamflow,10154200,ft3/s,"['A', '[91]']",0
1992-08-20,25.0,streamflow,10154200,ft3/s,"['A', '[91]']",0
1992-08-21,24.875,streamflow,10154200,ft3/s,"['A', '[91]']",0
1992-08-22,25.166666,streamflow,10154200,ft3/s,"['A', '[91]']",0
1992-08-23,28.25,streamflow,10154200,ft3/s,"['A', '[91]']",0
1992-08-24,27.25,streamflow,10154200,ft3/s,"['A', '[91]']",0
1992-08-25,25.541666,streamflow,10154200,ft3/s,"['A', '[91]']",0
1992-08-26,24.041666,streamflow,10154200,ft3/s,"['A', '[91]']",0
1992-08-27,24.583334,streamflow,10154200,ft3/s,"['A', '[91]']",0
1992-08-28,24.666666,streamflow,10154200,ft3/s,"['A', '[91]']",0
1992-08-29,24.583334,streamflow,10154200,ft3/s,"['A', '[91]']",0
1992-08-30,24.333334,streamflow,10154200,ft3/s,"['A', '[91]']",0
1992-08-31,25.416666,streamflow,10154200,ft3/s,"['A', '[91]']",0
1992-09-01,27.541666,streamflow,10154200,ft3/s,"['A', '[91]']",0
1992-09-02,26.958334,streamflow,10154200,ft3/s,"['A', '[91]']",0
1992-09-03,25.0,streamflow,10154200,ft3/s,"['A', '[91]']",0
1992-09-04,26.083334,streamflow,10154200,ft3/s,"['A', '[91]']",0
1992-09-05,28.125,streamflow,10154200,ft3/s,"['A', '[91]']",0
1992-09-06,27.291666,streamflow,10154200,ft3/s,"['A', '[91]']",0
1992-09-07,25.958334,streamflow,10154200,ft3/s,"['A', '[91]']",0
1992-09-08,26.0,streamflow,10154200,ft3/s,"['A', '[91]']",0
1992-09-09,25.041666,streamflow,10154200,ft3/s,"['A', '[91]']",0
1992-09-10,25.0,streamflow,10154200,ft3/s,"['A', '[91]']",0
1992-09-11,24.458334,streamflow,10154200,ft3/s,"['A', '[91]']",0
1992-09-12,25.208334,streamflow,10154200,ft3/s,"['A', '[91]']",0
1992-09-13,25.0,streamflow,10154200,ft3/s,"['A', '[91]']",0
1992-09-14,25.0,streamflow,10154200,ft3/s,"['A', '[91]']",0
1992-09-15,26.541666,streamflow,10154200,ft3/s,"['A', '[91]']",0
1992-09-16,26.625,streamflow,10154200,ft3/s,"['A', '[91]']",0
1992-09-17,27.833334,streamflow,10154200,ft3/s,"['A', '[91]']",0
1992-09-18,27.958334,streamflow,10154200,ft3/s,"['A', '[91]']",0
1992-09-19,27.75,streamflow,10154200,ft3/s,"['A', '[91]']",0
1992-09-20,27.875,streamflow,10154200,ft3/s,"['A', '[91]']",0
1992-09-21,27.791666,streamflow,10154200,ft3/s,"['A', '[91]']",0
1992-09-22,27.25,streamflow,10154200,ft3/s,"['A', '[91]']",0
1992-09-23,27.083334,streamflow,10154200,ft3/s,"['A', '[91]']",0
1992-09-24,31.25,streamflow,10154200,ft3/s,"['A', '[91]']",0
1992-09-25,31.0,streamflow,10154200,ft3/s,"['A', '[91]']",0
1992-09-26,30.458334,streamflow,10154200,ft3/s,"['A', '[91]']",0
1992-09-27,37.375,streamflow,10154200,ft3/s,"['A', '[91]']",0
1992-09-28,43.416668,streamflow,10154200,ft3/s,"['A', '[91]']",0
1992-09-29,42.125,streamflow,10154200,ft3/s,"['A', '[91]']",0
1992-09-30,42.208332,streamflow,10154200,ft3/s,"['A', '[91]']",0
1992-10-01,44.0,streamflow,10154200,ft3/s,"['A', '[91]']",0
1992-10-02,43.5,streamflow,10154200,ft3/s,"['A', '[91]']",0
1992-10-03,44.666668,streamflow,10154200,ft3/s,"['A', '[91]']",0
1992-10-04,46.166668,streamflow,10154200,ft3/s,"['A', '[91]']",0
1992-10-05,43.958332,streamflow,10154200,ft3/s,"['A', '[91]']",0
1992-10-06,45.583332,streamflow,10154200,ft3/s,"['A', '[91]']",0
1992-10-07,48.083332,streamflow,10154200,ft3/s,"['A', '[91]']",0
1992-10-08,48.083332,streamflow,10154200,ft3/s,"['A', '[91]']",0
1992-10-09,48.083332,streamflow,10154200,ft3/s,"['A', '[91]']",0
1992-10-10,46.291668,streamflow,10154200,ft3/s,"['A', '[91]']",0
1992-10-11,44.333332,streamflow,10154200,ft3/s,"['A', '[91]']",0
1992-10-12,42.833332,streamflow,10154200,ft3/s,"['A', '[91]']",0
1992-10-13,43.916668,streamflow,10154200,ft3/s,"['A', '[91]']",0
1992-10-14,43.166668,streamflow,10154200,ft3/s,"['A', '[91]']",0
1992-10-15,41.916668,streamflow,10154200,ft3/s,"['A', '[91]']",0
1992-10-16,42.333332,streamflow,10154200,ft3/s,"['A', '[91]']",0
1992-10-17,42.0,streamflow,10154200,ft3/s,"['A', '[91]']",0
1992-10-18,41.708332,streamflow,10154200,ft3/s,"['A', '[91]']",0
1992-10-19,41.416668,streamflow,10154200,ft3/s,"['A', '[91]']",0
1992-10-20,42.916668,streamflow,10154200,ft3/s,"['A', '[91]']",0
1992-10-21,45.5,streamflow,10154200,ft3/s,"['A', '[91]']",0
1992-10-22,47.416668,streamflow,10154200,ft3/s,"['A', '[91]']",0
1992-10-23,47.208332,streamflow,10154200,ft3/s,"['A', '[91]']",0
1992-10-24,45.75,streamflow,10154200,ft3/s,"['A', '[91]']",0
1992-10-25,41.608696,streamflow,10154200,ft3/s,"['A', '[91]']",0
1992-10-26,42.25,streamflow,10154200,ft3/s,"['A', '[91]']",0
1992-10-27,36.083332,streamflow,10154200,ft3/s,"['A', '[91]']",0
1992-10-28,36.166668,streamflow,10154200,ft3/s,"['A', '[91]']",0
1992-10-29,43.916668,streamflow,10154200,ft3/s,"['A', '[91]']",0
1992-10-30,57.541668,streamflow,10154200,ft3/s,"['A', '[91]']",0
1992-10-31,67.583336,streamflow,10154200,ft3/s,"['A', '[91]']",0
1992-11-01,53.666668,streamflow,10154200,ft3/s,"['A', '[91]']",0
1992-11-02,53.333332,streamflow,10154200,ft3/s,"['A', '[91]']",0
1992-11-03,47.791668,streamflow,10154200,ft3/s,"['A', '[91]']",0
1992-11-04,39.333332,streamflow,10154200,ft3/s,"['A', '[91]']",0
1992-11-05,54.875,streamflow,10154200,ft3/s,"['A', '[91]']",0
1992-11-06,46.416668,streamflow,10154200,ft3/s,"['A', '[91]']",0
1992-11-07,47.083332,streamflow,10154200,ft3/s,"['A', '[91]']",0
1992-11-08,48.25,streamflow,10154200,ft3/s,"['A', '[91]']",0
1992-11-09,45.958332,streamflow,10154200,ft3/s,"['A', '[91]']",0
1992-11-10,34.125,streamflow,10154200,ft3/s,"['A', '[91]']",0
1992-11-11,30.666666,streamflow,10154200,ft3/s,"['A', '[91]']",0
1992-11-12,40.083332,streamflow,10154200,ft3/s,"['A', '[91]']",0
1992-11-13,49.333332,streamflow,10154200,ft3/s,"['A', '[91]']",0
1992-11-14,43.666668,streamflow,10154200,ft3/s,"['A', '[91]']",0
1992-11-15,43.416668,streamflow,10154200,ft3/s,"['A', '[91]']",0
1992-11-16,43.75,streamflow,10154200,ft3/s,"['A', '[91]']",0
1992-11-17,42.75,streamflow,10154200,ft3/s,"['A', '[91]']",0
1992-11-18,42.375,streamflow,10154200,ft3/s,"['A', '[91]']",0
1992-11-19,42.083332,streamflow,10154200,ft3/s,"['A', '[91]']",0
1992-11-20,40.833332,streamflow,10154200,ft3/s,"['A', '[91]']",0
1992-11-21,40.541668,streamflow,10154200,ft3/s,"['A', '[91]']",0
1992-11-22,34.916668,streamflow,10154200,ft3/s,"['A', '[91]']",0
1992-11-23,37.458332,streamflow,10154200,ft3/s,"['A', '[91]']",0
1992-11-24,38.833332,streamflow,10154200,ft3/s,"['A', '[91]']",0
1992-11-25,36.916668,streamflow,10154200,ft3/s,"['A', '[91]']",0
1992-11-26,34.875,streamflow,10154200,ft3/s,"['A', '[91]']",0
1992-11-27,38.625,streamflow,10154200,ft3/s,"['A', '[91]']",0
1992-11-28,43.125,streamflow,10154200,ft3/s,"['A', '[91]']",0
1992-11-29,43.041668,streamflow,10154200,ft3/s,"['A', '[91]']",0
1992-11-30,38.0,streamflow,10154200,ft3/s,"['A', '[91]']",0
1992-12-01,41.791668,streamflow,10154200,ft3/s,"['A', '[91]']",0
1992-12-02,41.708332,streamflow,10154200,ft3/s,"['A', '[91]']",0
1992-12-03,40.375,streamflow,10154200,ft3/s,"['A', '[91]']",0
1992-12-04,34.916668,streamflow,10154200,ft3/s,"['A', '[91]']",0
1992-12-05,34.333332,streamflow,10154200,ft3/s,"['A', '[91]']",0
1992-12-06,39.041668,streamflow,10154200,ft3/s,"['A', '[91]']",0
1992-12-07,38.916668,streamflow,10154200,ft3/s,"['A', '[91]']",0
1992-12-08,40.416668,streamflow,10154200,ft3/s,"['A', '[91]']",0
1992-12-09,40.958332,streamflow,10154200,ft3/s,"['A', '[91]']",0
1992-12-10,40.833332,streamflow,10154200,ft3/s,"['A', '[91]']",0
1992-12-11,45.0,streamflow,10154200,ft3/s,"['A', '[91]']",0
1992-12-12,46.0,streamflow,10154200,ft3/s,"['A', '[91]']",0
1992-12-13,44.333332,streamflow,10154200,ft3/s,"['A', '[91]']",0
1992-12-14,36.166668,streamflow,10154200,ft3/s,"['A', '[91]']",0
1992-12-15,44.208332,streamflow,10154200,ft3/s,"['A', '[91]']",0
1992-12-16,40.5,streamflow,10154200,ft3/s,"['A', '[91]']",0
1992-12-17,41.208332,streamflow,10154200,ft3/s,"['A', '[91]']",0
1992-12-18,44.833332,streamflow,10154200,ft3/s,"['A', '[91]']",0
1992-12-19,45.208332,streamflow,10154200,ft3/s,"['A', '[91]']",0
1992-12-20,42.458332,streamflow,10154200,ft3/s,"['A', '[91]']",0
1992-12-21,43.875,streamflow,10154200,ft3/s,"['A', '[91]']",0
1992-12-22,43.75,streamflow,10154200,ft3/s,"['A', '[91]']",0
1992-12-23,43.166668,streamflow,10154200,ft3/s,"['A', '[91]']",0
1992-12-24,41.291668,streamflow,10154200,ft3/s,"['A', '[91]']",0
1992-12-25,39.916668,streamflow,10154200,ft3/s,"['A', '[91]']",0
1992-12-26,40.208332,streamflow,10154200,ft3/s,"['A', '[91]']",0
1992-12-27,40.666668,streamflow,10154200,ft3/s,"['A', '[91]']",0
1992-12-28,42.0,streamflow,10154200,ft3/s,"['A', '[91]']",0
1992-12-29,42.958332,streamflow,10154200,ft3/s,"['A', '[91]']",0
1992-12-30,43.333332,streamflow,10154200,ft3/s,"['A', '[91]']",0
1992-12-31,40.416668,streamflow,10154200,ft3/s,"['A', '[91]']",0
1993-01-01,46.583332,streamflow,10154200,ft3/s,"['A', '[91]']",0
1993-01-02,48.625,streamflow,10154200,ft3/s,"['A', '[91]']",0
1993-01-03,45.375,streamflow,10154200,ft3/s,"['A', '[91]']",0
1993-01-04,42.416668,streamflow,10154200,ft3/s,"['A', '[91]']",0
1993-01-05,44.708332,streamflow,10154200,ft3/s,"['A', '[91]']",0
1993-01-06,46.5,streamflow,10154200,ft3/s,"['A', '[91]']",0
1993-01-07,47.166668,streamflow,10154200,ft3/s,"['A', '[91]']",0
1993-01-08,47.833332,streamflow,10154200,ft3/s,"['A', '[91]']",0
1993-01-09,48.0,streamflow,10154200,ft3/s,"['A', '[91]']",0
1993-01-10,47.458332,streamflow,10154200,ft3/s,"['A', '[91]']",0
1993-01-11,48.666668,streamflow,10154200,ft3/s,"['A', '[91]']",0
1993-01-12,41.791668,streamflow,10154200,ft3/s,"['A', '[91]']",0
1993-01-13,44.916668,streamflow,10154200,ft3/s,"['A', '[91]']",0
1993-01-14,52.791668,streamflow,10154200,ft3/s,"['A', '[91]']",0
1993-01-15,50.5,streamflow,10154200,ft3/s,"['A', '[91]']",0
1993-01-16,48.291668,streamflow,10154200,ft3/s,"['A', '[91]']",0
1993-01-17,47.666668,streamflow,10154200,ft3/s,"['A', '[91]']",0
1993-01-18,49.708332,streamflow,10154200,ft3/s,"['A', '[91]']",0
1993-01-19,49.583332,streamflow,10154200,ft3/s,"['A', '[91]']",0
1993-01-20,46.75,streamflow,10154200,ft3/s,"['A', '[91]']",0
1993-01-21,48.666668,streamflow,10154200,ft3/s,"['A', '[91]']",0
1993-01-22,47.5,streamflow,10154200,ft3/s,"['A', '[91]']",0
1993-01-23,40.958332,streamflow,10154200,ft3/s,"['A', '[91]']",0
1993-01-24,40.75,streamflow,10154200,ft3/s,"['A', '[91]']",0
1993-01-25,47.75,streamflow,10154200,ft3/s,"['A', '[91]']",0
1993-01-26,47.791668,streamflow,10154200,ft3/s,"['A', '[91]']",0
1993-01-27,46.291668,streamflow,10154200,ft3/s,"['A', '[91]']",0
1993-01-28,43.166668,streamflow,10154200,ft3/s,"['A', '[91]']",0
1993-01-29,46.208332,streamflow,10154200,ft3/s,"['A', '[91]']",0
1993-01-30,42.125,streamflow,10154200,ft3/s,"['A', '[91]']",0
1993-01-31,47.083332,streamflow,10154200,ft3/s,"['A', '[91]']",0
1993-02-01,48.291668,streamflow,10154200,ft3/s,"['A', '[91]']",0
1993-02-02,47.041668,streamflow,10154200,ft3/s,"['A', '[91]']",0
1993-02-03,43.958332,streamflow,10154200,ft3/s,"['A', '[91]']",0
1993-02-04,40.958332,streamflow,10154200,ft3/s,"['A', '[91]']",0
1993-02-05,41.916668,streamflow,10154200,ft3/s,"['A', '[91]']",0
1993-02-06,46.25,streamflow,10154200,ft3/s,"['A', '[91]']",0
1993-02-07,47.75,streamflow,10154200,ft3/s,"['A', '[91]']",0
1993-02-08,45.125,streamflow,10154200,ft3/s,"['A', '[91]']",0
1993-02-09,45.958332,streamflow,10154200,ft3/s,"['A', '[91]']",0
1993-02-10,46.0,streamflow,10154200,ft3/s,"['A', '[91]']",0
1993-02-11,45.916668,streamflow,10154200,ft3/s,"['A', '[91]']",0
1993-02-12,45.041668,streamflow,10154200,ft3/s,"['A', '[91]']",0
1993-02-13,38.916668,streamflow,10154200,ft3/s,"['A', '[91]']",0
1993-02-14,36.958332,streamflow,10154200,ft3/s,"['A', '[91]']",0
1993-02-15,35.708332,streamflow,10154200,ft3/s,"['A', '[91]']",0
1993-02-16,41.166668,streamflow,10154200,ft3/s,"['A', '[91]']",0
1993-02-17,46.416668,streamflow,10154200,ft3/s,"['A', '[91]']",0
1993-02-18,46.5,streamflow,10154200,ft3/s,"['A', '[91]']",0
1993-02-19,47.625,streamflow,10154200,ft3/s,"['A', '[91]']",0
1993-02-20,48.333332,streamflow,10154200,ft3/s,"['A', '[91]']",0
1993-02-21,44.375,streamflow,10154200,ft3/s,"['A', '[91]']",0
1993-02-22,47.333332,streamflow,10154200,ft3/s,"['A', '[91]']",0
1993-02-23,48.416668,streamflow,10154200,ft3/s,"['A', '[91]']",0
1993-02-24,48.75,streamflow,10154200,ft3/s,"['A', '[91]']",0
1993-02-25,48.833332,streamflow,10154200,ft3/s,"['A', '[91]']",0
1993-02-26,42.458332,streamflow,10154200,ft3/s,"['A', '[91]']",0
1993-02-27,44.166668,streamflow,10154200,ft3/s,"['A', '[91]']",0
1993-02-28,51.291668,streamflow,10154200,ft3/s,"['A', '[91]']",0
1993-03-01,50.0,streamflow,10154200,ft3/s,"['A', '[91]']",0
1993-03-02,48.875,streamflow,10154200,ft3/s,"['A', '[91]']",0
1993-03-03,45.208332,streamflow,10154200,ft3/s,"['A', '[91]']",0
1993-03-04,46.625,streamflow,10154200,ft3/s,"['A', '[91]']",0
1993-03-05,49.5,streamflow,10154200,ft3/s,"['A', '[91]']",0
1993-03-06,54.375,streamflow,10154200,ft3/s,"['A', '[91]']",0
1993-03-07,56.708332,streamflow,10154200,ft3/s,"['A', '[91]']",0
1993-03-08,57.416668,streamflow,10154200,ft3/s,"['A', '[91]']",0
1993-03-09,61.75,streamflow,10154200,ft3/s,"['A', '[91]']",0
1993-03-10,63.958332,streamflow,10154200,ft3/s,"['A', '[91]']",0
1993-03-11,62.541668,streamflow,10154200,ft3/s,"['A', '[91]']",0
1993-03-12,51.291668,streamflow,10154200,ft3/s,"['A', '[91]']",0
1993-03-13,56.333332,streamflow,10154200,ft3/s,"['A', '[91]']",0
1993-03-14,63.291668,streamflow,10154200,ft3/s,"['A', '[91]']",0
1993-03-15,63.291668,streamflow,10154200,ft3/s,"['A', '[91]']",0
1993-03-16,62.041668,streamflow,10154200,ft3/s,"['A', '[91]']",0
1993-03-17,62.666668,streamflow,10154200,ft3/s,"['A', '[91]']",0
1993-03-18,71.291664,streamflow,10154200,ft3/s,"['A', '[91]']",0
1993-03-19,70.208336,streamflow,10154200,ft3/s,"['A', '[91]']",0
1993-03-20,71.333336,streamflow,10154200,ft3/s,"['A', '[91]']",0
1993-03-21,75.625,streamflow,10154200,ft3/s,"['A', '[91]']",0
1993-03-22,72.708336,streamflow,10154200,ft3/s,"['A', '[91]']",0
1993-03-23,82.791664,streamflow,10154200,ft3/s,"['A', '[91]']",0
1993-03-24,100.92083,streamflow,10154200,ft3/s,"['A', '[91]']",0
1993-03-25,119.041664,streamflow,10154200,ft3/s,"['A', '[91]']",0
1993-03-26,152.08333,streamflow,10154200,ft3/s,"['A', '[91]']",0
1993-03-27,175.125,streamflow,10154200,ft3/s,"['A', '[91]']",0
1993-03-28,184.54167,streamflow,10154200,ft3/s,"['A', '[91]']",0
1993-03-29,166.08333,streamflow,10154200,ft3/s,"['A', '[91]']",0
1993-03-30,142.16667,streamflow,10154200,ft3/s,"['A', '[91]']",0
1993-03-31,119.708336,streamflow,10154200,ft3/s,"['A', '[91]']",0
1993-04-01,128.625,streamflow,10154200,ft3/s,"['A', '[91]']",0
1993-04-02,141.79167,streamflow,10154200,ft3/s,"['A', '[91]']",0
1993-04-03,126.958336,streamflow,10154200,ft3/s,"['A', '[91]']",0
1993-04-04,127.958336,streamflow,10154200,ft3/s,"['A', '[91]']",0
1993-04-05,135.58333,streamflow,10154200,ft3/s,"['A', '[91]']",0
1993-04-06,122.5,streamflow,10154200,ft3/s,"['A', '[91]']",0
1993-04-07,108.583336,streamflow,10154200,ft3/s,"['A', '[91]']",0
1993-04-08,109.4875,streamflow,10154200,ft3/s,"['A', '[91]']",0
1993-04-09,122.916664,streamflow,10154200,ft3/s,"['A', '[91]']",0
1993-04-10,133.04167,streamflow,10154200,ft3/s,"['A', '[91]']",0
1993-04-11,139.75,streamflow,10154200,ft3/s,"['A', '[91]']",0
1993-04-12,140.91667,streamflow,10154200,ft3/s,"['A', '[91]']",0
1993-04-13,132.95833,streamflow,10154200,ft3/s,"['A', '[91]']",0
1993-04-14,125.3625,streamflow,10154200,ft3/s,"['A', '[91]']",0
1993-04-15,137.16667,streamflow,10154200,ft3/s,"['A', '[91]']",0
1993-04-16,136.91667,streamflow,10154200,ft3/s,"['A', '[91]']",0
1993-04-17,135.45833,streamflow,10154200,ft3/s,"['A', '[91]']",0
1993-04-18,177.375,streamflow,10154200,ft3/s,"['A', '[91]']",0
1993-04-19,162.79167,streamflow,10154200,ft3/s,"['A', '[91]']",0
1993-04-20,149.79167,streamflow,10154200,ft3/s,"['A', '[91]']",0
1993-04-21,163.75,streamflow,10154200,ft3/s,"['A', '[91]']",0
1993-04-22,195.58333,streamflow,10154200,ft3/s,"['A', '[91]']",0
1993-04-23,257.58334,streamflow,10154200,ft3/s,"['A', '[91]']",0
1993-04-24,259.08334,streamflow,10154200,ft3/s,"['A', '[91]']",0
1993-04-25,224.58333,streamflow,10154200,ft3/s,"['A', '[91]']",0
1993-04-26,251.25,streamflow,10154200,ft3/s,"['A', '[91]']",0
1993-04-27,297.33334,streamflow,10154200,ft3/s,"['A', '[91]']",0
1993-04-28,343.83334,streamflow,10154200,ft3/s,"['A', '[91]']",0
1993-04-29,380.20834,streamflow,10154200,ft3/s,"['A', '[91]']",0
1993-04-30,369.70834,streamflow,10154200,ft3/s,"['A', '[91]']",0
1993-05-01,330.70834,streamflow,10154200,ft3/s,"['A', '[91]']",0
1993-05-02,349.625,streamflow,10154200,ft3/s,"['A', '[91]']",0
1993-05-03,401.83334,streamflow,10154200,ft3/s,"['A', '[91]']",0
1993-05-04,565.3333,streamflow,10154200,ft3/s,"['A', '[91]']",0
1993-05-05,510.5,streamflow,10154200,ft3/s,"['A', '[91]']",0
1993-05-06,446.79166,streamflow,10154200,ft3/s,"['A', '[91]']",0
1993-05-07,432.875,streamflow,10154200,ft3/s,"['A', '[91]']",0
1993-05-08,379.95834,streamflow,10154200,ft3/s,"['A', '[91]']",0
1993-05-09,327.91666,streamflow,10154200,ft3/s,"['A', '[91]']",0
1993-05-10,341.91666,streamflow,10154200,ft3/s,"['A', '[91]']",0
1993-05-11,443.75,streamflow,10154200,ft3/s,"['A', '[91]']",0
1993-05-12,588.5833,streamflow,10154200,ft3/s,"['A', '[91]']",0
1993-05-13,773.3333,streamflow,10154200,ft3/s,"['A', '[91]']",0
1993-05-14,1040.625,streamflow,10154200,ft3/s,"['A', '[91]']",0
1993-05-15,1193.3334,streamflow,10154200,ft3/s,"['A', '[91]']",0
1993-05-16,1476.25,streamflow,10154200,ft3/s,"['A', '[91]']",0
1993-05-17,1546.6666,streamflow,10154200,ft3/s,"['A', '[91]']",0
1993-05-18,1660.4166,streamflow,10154200,ft3/s,"['A', '[91]']",0
1993-05-19,1819.1666,streamflow,10154200,ft3/s,"['A', '[91]']",0
1993-05-20,1915.0,streamflow,10154200,ft3/s,"['A', '[91]']",0
1993-05-21,2017.0834,streamflow,10154200,ft3/s,"['A', '[91]']",0
1993-05-22,2442.5,streamflow,10154200,ft3/s,"['A', '[91]']",0
1993-05-23,2213.75,streamflow,10154200,ft3/s,"['A', '[91]']",0
1993-05-24,2133.3333,streamflow,10154200,ft3/s,"['A', '[91]']",0
1993-05-25,2235.8333,streamflow,10154200,ft3/s,"['A', '[91]']",0
1993-05-26,1887.0834,streamflow,10154200,ft3/s,"['A', '[91]']",0
1993-05-27,1935.0,streamflow,10154200,ft3/s,"['A', '[91]']",0
1993-05-28,1692.5,streamflow,10154200,ft3/s,"['A', '[91]']",0
1993-05-29,1532.9166,streamflow,10154200,ft3/s,"['A', '[91]']",0
1993-05-30,1642.0834,streamflow,10154200,ft3/s,"['A', '[91]']",0
1993-05-31,2093.75,streamflow,10154200,ft3/s,"['A', '[91]']",0
1993-06-01,2065.0,streamflow,10154200,ft3/s,"['A', '[91]']",0
1993-06-02,2010.8334,streamflow,10154200,ft3/s,"['A', '[91]']",0
1993-06-03,1475.4166,streamflow,10154200,ft3/s,"['A', '[91]']",0
1993-06-04,1207.9166,streamflow,10154200,ft3/s,"['A', '[91]']",0
1993-06-05,1097.5,streamflow,10154200,ft3/s,"['A', '[91]']",0
1993-06-06,1110.8334,streamflow,10154200,ft3/s,"['A', '[91]']",0
1993-06-07,1001.625,streamflow,10154200,ft3/s,"['A', '[91]']",0
1993-06-08,908.1667,streamflow,10154200,ft3/s,"['A', '[91]']",0
1993-06-09,853.4167,streamflow,10154200,ft3/s,"['A', '[91]']",0
1993-06-10,912.2917,streamflow,10154200,ft3/s,"['A', '[91]']",0
1993-06-11,1116.4166,streamflow,10154200,ft3/s,"['A', '[91]']",0
1993-06-12,1224.1666,streamflow,10154200,ft3/s,"['A', '[91]']",0
1993-06-13,1355.8334,streamflow,10154200,ft3/s,"['A', '[91]']",0
1993-06-14,1373.75,streamflow,10154200,ft3/s,"['A', '[91]']",0
1993-06-15,1248.75,streamflow,10154200,ft3/s,"['A', '[91]']",0
1993-06-16,1233.75,streamflow,10154200,ft3/s,"['A', '[91]']",0
1993-06-17,1230.4166,streamflow,10154200,ft3/s,"['A', '[91]']",0
1993-06-18,1097.0,streamflow,10154200,ft3/s,"['A', '[91]']",0
1993-06-19,1044.9166,streamflow,10154200,ft3/s,"['A', '[91]']",0
1993-06-20,1102.9166,streamflow,10154200,ft3/s,"['A', '[91]']",0
1993-06-21,1148.75,streamflow,10154200,ft3/s,"['A', '[91]']",0
1993-06-22,1123.75,streamflow,10154200,ft3/s,"['A', '[91]']",0
1993-06-23,1074.25,streamflow,10154200,ft3/s,"['A', '[91]']",0
1993-06-24,950.0417,streamflow,10154200,ft3/s,"['A', '[91]']",0
1993-06-25,1021.9583,streamflow,10154200,ft3/s,"['A', '[91]']",0
1993-06-26,988.7083,streamflow,10154200,ft3/s,"['A', '[91]']",0
1993-06-27,1021.375,streamflow,10154200,ft3/s,"['A', '[91]']",0
1993-06-28,1007.0417,streamflow,10154200,ft3/s,"['A', '[91]']",0
1993-06-29,974.5833,streamflow,10154200,ft3/s,"['A', '[91]']",0
1993-06-30,889.9583,streamflow,10154200,ft3/s,"['A', '[91]']",0
1993-07-01,795.125,streamflow,10154200,ft3/s,"['A', '[91]']",0
1993-07-02,744.0417,streamflow,10154200,ft3/s,"['A', '[91]']",0
1993-07-03,730.7083,streamflow,10154200,ft3/s,"['A', '[91]']",0
1993-07-04,646.5,streamflow,10154200,ft3/s,"['A', '[91]']",0
1993-07-05,578.9167,streamflow,10154200,ft3/s,"['A', '[91]']",0
1993-07-06,516.7917,streamflow,10154200,ft3/s,"['A', '[91]']",0
1993-07-07,456.20834,streamflow,10154200,ft3/s,"['A', '[91]']",0
1993-07-08,421.04166,streamflow,10154200,ft3/s,"['A', '[91]']",0
1993-07-09,376.25,streamflow,10154200,ft3/s,"['A', '[91]']",0
1993-07-10,352.20834,streamflow,10154200,ft3/s,"['A', '[91]']",0
1993-07-11,334.5,streamflow,10154200,ft3/s,"['A', '[91]']",0
1993-07-12,317.16666,streamflow,10154200,ft3/s,"['A', '[91]']",0
1993-07-13,313.41666,streamflow,10154200,ft3/s,"['A', '[91]']",0
1993-07-14,297.29166,streamflow,10154200,ft3/s,"['A', '[91]']",0
1993-07-15,252.5,streamflow,10154200,ft3/s,"['A', '[91]']",0
1993-07-16,246.0,streamflow,10154200,ft3/s,"['A', '[91]']",0
1993-07-17,262.79166,streamflow,10154200,ft3/s,"['A', '[91]']",0
1993-07-18,263.875,streamflow,10154200,ft3/s,"['A', '[91]']",0
1993-07-19,260.75,streamflow,10154200,ft3/s,"['A', '[91]']",0
1993-07-20,256.91666,streamflow,10154200,ft3/s,"['A', '[91]']",0
1993-07-21,236.625,streamflow,10154200,ft3/s,"['A', '[91]']",0
1993-07-22,233.375,streamflow,10154200,ft3/s,"['A', '[91]']",0
1993-07-23,246.25,streamflow,10154200,ft3/s,"['A', '[91]']",0
1993-07-24,509.91666,streamflow,10154200,ft3/s,"['A', '[91]']",0
1993-07-25,367.16666,streamflow,10154200,ft3/s,"['A', '[91]']",0
1993-07-26,338.29166,streamflow,10154200,ft3/s,"['A', '[91]']",0
1993-07-27,372.5,streamflow,10154200,ft3/s,"['A', '[91]']",0
1993-07-28,302.83334,streamflow,10154200,ft3/s,"['A', '[91]']",0
1993-07-29,269.04166,streamflow,10154200,ft3/s,"['A', '[91]']",0
1993-07-30,249.66667,streamflow,10154200,ft3/s,"['A', '[91]']",0
1993-07-31,234.70833,streamflow,10154200,ft3/s,"['A', '[91]']",0
1993-08-01,220.41667,streamflow,10154200,ft3/s,"['A', '[91]']",0
1993-08-02,211.0,streamflow,10154200,ft3/s,"['A', '[91]']",0
1993-08-03,202.58333,streamflow,10154200,ft3/s,"['A', '[91]']",0
1993-08-04,149.04167,streamflow,10154200,ft3/s,"['A', '[91]']",0
1993-08-05,145.58333,streamflow,10154200,ft3/s,"['A', '[91]']",0
1993-08-06,142.66667,streamflow,10154200,ft3/s,"['A', '[91]']",0
1993-08-07,134.16667,streamflow,10154200,ft3/s,"['A', '[91]']",0
1993-08-08,143.16667,streamflow,10154200,ft3/s,"['A', '[91]']",0
1993-08-09,151.75,streamflow,10154200,ft3/s,"['A', '[91]']",0
1993-08-10,137.0,streamflow,10154200,ft3/s,"['A', '[91]']",0
1993-08-11,137.70833,streamflow,10154200,ft3/s,"['A', '[91]']",0
1993-08-12,129.0,streamflow,10154200,ft3/s,"['A', '[91]']",0
1993-08-13,122.0,streamflow,10154200,ft3/s,"['A', '[91]']",0
1993-08-14,113.0,streamflow,10154200,ft3/s,"['A', '[91]']",0
1993-08-15,,streamflow,10154200,ft3/s,"['A', '[91]']",0
1993-08-16,,streamflow,10154200,ft3/s,"['A', '[91]']",0
1993-08-17,,streamflow,10154200,ft3/s,"['A', '[91]']",0
1993-08-18,,streamflow,10154200,ft3/s,"['A', '[91]']",0
1993-08-19,147.88889,streamflow,10154200,ft3/s,"['A', '[91]']",0
1993-08-20,150.08333,streamflow,10154200,ft3/s,"['A', '[91]']",0
1993-08-21,159.41667,streamflow,10154200,ft3/s,"['A', '[91]']",0
1993-08-22,164.75,streamflow,10154200,ft3/s,"['A', '[91]']",0
1993-08-23,149.25,streamflow,10154200,ft3/s,"['A', '[91]']",0
1993-08-24,137.25,streamflow,10154200,ft3/s,"['A', '[91]']",0
1993-08-25,139.25,streamflow,10154200,ft3/s,"['A', '[91]']",0
1993-08-26,136.95833,streamflow,10154200,ft3/s,"['A', '[91]']",0
1993-08-27,137.75,streamflow,10154200,ft3/s,"['A', '[91]']",0
1993-08-28,132.75,streamflow,10154200,ft3/s,"['A', '[91]']",0
1993-08-29,149.5,streamflow,10154200,ft3/s,"['A', '[91]']",0
1993-08-30,152.58333,streamflow,10154200,ft3/s,"['A', '[91]']",0
1993-08-31,137.20833,streamflow,10154200,ft3/s,"['A', '[91]']",0
1993-09-01,133.875,streamflow,10154200,ft3/s,"['A', '[91]']",0
1993-09-02,119.916664,streamflow,10154200,ft3/s,"['A', '[91]']",0
1993-09-03,115.583336,streamflow,10154200,ft3/s,"['A', '[91]']",0
1993-09-04,124.583336,streamflow,10154200,ft3/s,"['A', '[91]']",0
1993-09-05,133.41667,streamflow,10154200,ft3/s,"['A', '[91]']",0
1993-09-06,135.29167,streamflow,10154200,ft3/s,"['A', '[91]']",0
1993-09-07,130.54167,streamflow,10154200,ft3/s,"['A', '[91]']",0
1993-09-08,132.5,streamflow,10154200,ft3/s,"['A', '[91]']",0
1993-09-09,130.04167,streamflow,10154200,ft3/s,"['A', '[91]']",0
1993-09-10,125.75,streamflow,10154200,ft3/s,"['A', '[91]']",0
1993-09-11,110.75,streamflow,10154200,ft3/s,"['A', '[91]']",0
1993-09-12,111.083336,streamflow,10154200,ft3/s,"['A', '[91]']",0
1993-09-13,111.916664,streamflow,10154200,ft3/s,"['A', '[91]']",0
1993-09-14,112.166664,streamflow,10154200,ft3/s,"['A', '[91]']",0
1993-09-15,113.041664,streamflow,10154200,ft3/s,"['A', '[91]']",0
1993-09-16,112.666664,streamflow,10154200,ft3/s,"['A', '[91]']",0
1993-09-17,115.666664,streamflow,10154200,ft3/s,"['A', '[91]']",0
1993-09-18,114.75,streamflow,10154200,ft3/s,"['A', '[91]']",0
1993-09-19,116.75,streamflow,10154200,ft3/s,"['A', '[91]']",0
1993-09-20,112.875,streamflow,10154200,ft3/s,"['A', '[91]']",0
1993-09-21,106.916664,streamflow,10154200,ft3/s,"['A', '[91]']",0
1993-09-22,105.041664,streamflow,10154200,ft3/s,"['A', '[91]']",0
1993-09-23,103.666664,streamflow,10154200,ft3/s,"['A', '[91]']",0
1993-09-24,103.20833,streamflow,10154200,ft3/s,"['A', '[91]']",0
1993-09-25,106.083336,streamflow,10154200,ft3/s,"['A', '[91]']",0
1993-09-26,81.458336,streamflow,10154200,ft3/s,"['A', '[91]']",0
1993-09-27,61.208332,streamflow,10154200,ft3/s,"['A', '[91]']",0
1993-09-28,61.125,streamflow,10154200,ft3/s,"['A', '[91]']",0
1993-09-29,69.791664,streamflow,10154200,ft3/s,"['A', '[91]']",0
1993-09-30,68.041664,streamflow,10154200,ft3/s,"['A', '[91]']",0
1993-10-01,67.5,streamflow,10154200,ft3/s,"['A', '[91]']",0
1993-10-02,73.041664,streamflow,10154200,ft3/s,"['A', '[91]']",0
1993-10-03,67.958336,streamflow,10154200,ft3/s,"['A', '[91]']",0
1993-10-04,60.541668,streamflow,10154200,ft3/s,"['A', '[91]']",0
1993-10-05,49.5,streamflow,10154200,ft3/s,"['A', '[91]']",0
1993-10-06,54.416668,streamflow,10154200,ft3/s,"['A', '[91]']",0
1993-10-07,74.52917,streamflow,10154200,ft3/s,"['A', '[91]']",0
1993-10-08,79.083336,streamflow,10154200,ft3/s,"['A', '[91]']",0
1993-10-09,85.77917,streamflow,10154200,ft3/s,"['A', '[91]']",0
1993-10-10,103.375,streamflow,10154200,ft3/s,"['A', '[91]']",0
1993-10-11,109.708336,streamflow,10154200,ft3/s,"['A', '[91]']",0
1993-10-12,117.666664,streamflow,10154200,ft3/s,"['A', '[91]']",0
1993-10-13,121.0,streamflow,10154200,ft3/s,"['A', '[91]']",0
1993-10-14,117.5,streamflow,10154200,ft3/s,"['A', '[91]']",0
1993-10-15,120.666664,streamflow,10154200,ft3/s,"['A', '[91]']",0
1993-10-16,120.208336,streamflow,10154200,ft3/s,"['A', '[91]']",0
1993-10-17,114.25,streamflow,10154200,ft3/s,"['A', '[91]']",0
1993-10-18,122.208336,streamflow,10154200,ft3/s,"['A', '[91]']",0
1993-10-19,119.666664,streamflow,10154200,ft3/s,"['A', '[91]']",0
1993-10-20,113.791664,streamflow,10154200,ft3/s,"['A', '[91]']",0
1993-10-21,110.416664,streamflow,10154200,ft3/s,"['A', '[91]']",0
1993-10-22,108.791664,streamflow,10154200,ft3/s,"['A', '[91]']",0
1993-10-23,108.083336,streamflow,10154200,ft3/s,"['A', '[91]']",0
1993-10-24,106.166664,streamflow,10154200,ft3/s,"['A', '[91]']",0
1993-10-25,103.708336,streamflow,10154200,ft3/s,"['A', '[91]']",0
1993-10-26,102.708336,streamflow,10154200,ft3/s,"['A', '[91]']",0
1993-10-27,97.833336,streamflow,10154200,ft3/s,"['A', '[91]']",0
1993-10-28,98.95416,streamflow,10154200,ft3/s,"['A', '[91]']",0
1993-10-29,100.620834,streamflow,10154200,ft3/s,"['A', '[91]']",0
1993-10-30,68.39166,streamflow,10154200,ft3/s,"['A', '[91]']",0
1993-10-31,38.739132,streamflow,10154200,ft3/s,"['A', '[91]']",0
1993-11-01,46.458332,streamflow,10154200,ft3/s,"['A', '[91]']",0
1993-11-02,43.083332,streamflow,10154200,ft3/s,"['A', '[91]']",0
1993-11-03,47.25,streamflow,10154200,ft3/s,"['A', '[91]']",0
1993-11-04,53.166668,streamflow,10154200,ft3/s,"['A', '[91]']",0
1993-11-05,56.958332,streamflow,10154200,ft3/s,"['A', '[91]']",0
1993-11-06,38.916668,streamflow,10154200,ft3/s,"['A', '[91]']",0
1993-11-07,38.166668,streamflow,10154200,ft3/s,"['A', '[91]']",0
1993-11-08,49.75,streamflow,10154200,ft3/s,"['A', '[91]']",0
1993-11-09,41.166668,streamflow,10154200,ft3/s,"['A', '[91]']",0
1993-11-10,54.166668,streamflow,10154200,ft3/s,"['A', '[91]']",0
1993-11-11,52.583332,streamflow,10154200,ft3/s,"['A', '[91]']",0
1993-11-12,47.458332,streamflow,10154200,ft3/s,"['A', '[91]']",0
1993-11-13,54.166668,streamflow,10154200,ft3/s,"['A', '[91]']",0
1993-11-14,50.541668,streamflow,10154200,ft3/s,"['A', '[91]']",0
1993-11-15,58.708332,streamflow,10154200,ft3/s,"['A', '[91]']",0
1993-11-16,71.666664,streamflow,10154200,ft3/s,"['A', '[91]']",0
1993-11-17,63.208332,streamflow,10154200,ft3/s,"['A', '[91]']",0
1993-11-18,38.42857,streamflow,10154200,ft3/s,"['A', '[91]']",0
1993-11-19,,streamflow,10154200,ft3/s,"['A', '[91]']",0
1993-11-20,,streamflow,10154200,ft3/s,"['A', '[91]']",0
1993-11-21,,streamflow,10154200,ft3/s,"['A', '[91]']",0
1993-11-22,,streamflow,10154200,ft3/s,"['A', '[91]']",0
1993-11-23,,streamflow,10154200,ft3/s,"['A', '[91]']",0
1993-11-24,,streamflow,10154200,ft3/s,"['A', '[91]']",0
1993-11-25,,streamflow,10154200,ft3/s,"['A', '[91]']",0
1993-11-26,,streamflow,10154200,ft3/s,"['A', '[91]']",0
1993-11-27,,streamflow,10154200,ft3/s,"['A', '[91]']",0
1993-11-28,,streamflow,10154200,ft3/s,"['A', '[91]']",0
1993-11-29,,streamflow,10154200,ft3/s,"['A', '[91]']",0
1993-11-30,,streamflow,10154200,ft3/s,"['A', '[91]']",0
1993-12-01,,streamflow,10154200,ft3/s,"['A', '[91]']",0
1993-12-02,,streamflow,10154200,ft3/s,"['A', '[91]']",0
1993-12-03,,streamflow,10154200,ft3/s,"['A', '[91]']",0
1993-12-04,,streamflow,10154200,ft3/s,"['A', '[91]']",0
1993-12-05,,streamflow,10154200,ft3/s,"['A', '[91]']",0
1993-12-06,,streamflow,10154200,ft3/s,"['A', '[91]']",0
1993-12-07,,streamflow,10154200,ft3/s,"['A', '[91]']",0
1993-12-08,,streamflow,10154200,ft3/s,"['A', '[91]']",0
1993-12-09,,streamflow,10154200,ft3/s,"['A', '[91]']",0
1993-12-10,,streamflow,10154200,ft3/s,"['A', '[91]']",0
1993-12-11,,streamflow,10154200,ft3/s,"['A', '[91]']",0
1993-12-12,,streamflow,10154200,ft3/s,"['A', '[91]']",0
1993-12-13,,streamflow,10154200,ft3/s,"['A', '[91]']",0
1993-12-14,,streamflow,10154200,ft3/s,"['A', '[91]']",0
1993-12-15,,streamflow,10154200,ft3/s,"['A', '[91]']",0
1993-12-16,,streamflow,10154200,ft3/s,"['A', '[91]']",0
1993-12-17,,streamflow,10154200,ft3/s,"['A', '[91]']",0
1993-12-18,,streamflow,10154200,ft3/s,"['A', '[91]']",0
1993-12-19,,streamflow,10154200,ft3/s,"['A', '[91]']",0
1993-12-20,,streamflow,10154200,ft3/s,"['A', '[91]']",0
1993-12-21,,streamflow,10154200,ft3/s,"['A', '[91]']",0
1993-12-22,,streamflow,10154200,ft3/s,"['A', '[91]']",0
1993-12-23,,streamflow,10154200,ft3/s,"['A', '[91]']",0
1993-12-24,,streamflow,10154200,ft3/s,"['A', '[91]']",0
1993-12-25,,streamflow,10154200,ft3/s,"['A', '[91]']",0
1993-12-26,,streamflow,10154200,ft3/s,"['A', '[91]']",0
1993-12-27,,streamflow,10154200,ft3/s,"['A', '[91]']",0
1993-12-28,,streamflow,10154200,ft3/s,"['A', '[91]']",0
1993-12-29,,streamflow,10154200,ft3/s,"['A', '[91]']",0
1993-12-30,,streamflow,10154200,ft3/s,"['A', '[91]']",0
1993-12-31,,streamflow,10154200,ft3/s,"['A', '[91]']",0
1994-01-01,,streamflow,10154200,ft3/s,"['A', '[91]']",0
1994-01-02,,streamflow,10154200,ft3/s,"['A', '[91]']",0
1994-01-03,,streamflow,10154200,ft3/s,"['A', '[91]']",0
1994-01-04,,streamflow,10154200,ft3/s,"['A', '[91]']",0
1994-01-05,,streamflow,10154200,ft3/s,"['A', '[91]']",0
1994-01-06,,streamflow,10154200,ft3/s,"['A', '[91]']",0
1994-01-07,,streamflow,10154200,ft3/s,"['A', '[91]']",0
1994-01-08,47.35294,streamflow,10154200,ft3/s,"['A', '[91]']",0
1994-01-09,54.416668,streamflow,10154200,ft3/s,"['A', '[91]']",0
1994-01-10,51.833332,streamflow,10154200,ft3/s,"['A', '[91]']",0
1994-01-11,47.625,streamflow,10154200,ft3/s,"['A', '[91]']",0
1994-01-12,49.416668,streamflow,10154200,ft3/s,"['A', '[91]']",0
1994-01-13,48.25,streamflow,10154200,ft3/s,"['A', '[91]']",0
1994-01-14,48.0,streamflow,10154200,ft3/s,"['A', '[91]']",0
1994-01-15,46.666668,streamflow,10154200,ft3/s,"['A', '[91]']",0
1994-01-16,48.333332,streamflow,10154200,ft3/s,"['A', '[91]']",0
1994-01-17,43.541668,streamflow,10154200,ft3/s,"['A', '[91]']",0
1994-01-18,45.291668,streamflow,10154200,ft3/s,"['A', '[91]']",0
1994-01-19,43.833332,streamflow,10154200,ft3/s,"['A', '[91]']",0
1994-01-20,45.625,streamflow,10154200,ft3/s,"['A', '[91]']",0
1994-01-21,45.0,streamflow,10154200,ft3/s,"['A', '[91]']",0
1994-01-22,45.875,streamflow,10154200,ft3/s,"['A', '[91]']",0
1994-01-23,45.958332,streamflow,10154200,ft3/s,"['A', '[91]']",0
1994-01-24,46.458332,streamflow,10154200,ft3/s,"['A', '[91]']",0
1994-01-25,46.083332,streamflow,10154200,ft3/s,"['A', '[91]']",0
1994-01-26,45.916668,streamflow,10154200,ft3/s,"['A', '[91]']",0
1994-01-27,46.041668,streamflow,10154200,ft3/s,"['A', '[91]']",0
1994-01-28,43.666668,streamflow,10154200,ft3/s,"['A', '[91]']",0
1994-01-29,36.583332,streamflow,10154200,ft3/s,"['A', '[91]']",0
1994-01-30,43.75,streamflow,10154200,ft3/s,"['A', '[91]']",0
1994-01-31,36.416668,streamflow,10154200,ft3/s,"['A', '[91]']",0
1994-02-01,38.458332,streamflow,10154200,ft3/s,"['A', '[91]']",0
1994-02-02,38.458332,streamflow,10154200,ft3/s,"['A', '[91]']",0
1994-02-03,39.666668,streamflow,10154200,ft3/s,"['A', '[91]']",0
1994-02-04,40.958332,streamflow,10154200,ft3/s,"['A', '[91]']",0
1994-02-05,41.25,streamflow,10154200,ft3/s,"['A', '[91]']",0
1994-02-06,41.208332,streamflow,10154200,ft3/s,"['A', '[91]']",0
1994-02-07,45.75,streamflow,10154200,ft3/s,"['A', '[91]']",0
1994-02-08,46.791668,streamflow,10154200,ft3/s,"['A', '[91]']",0
1994-02-09,44.958332,streamflow,10154200,ft3/s,"['A', '[91]']",0
1994-02-10,48.125,streamflow,10154200,ft3/s,"['A', '[91]']",0
1994-02-11,47.5,streamflow,10154200,ft3/s,"['A', '[91]']",0
1994-02-12,42.166668,streamflow,10154200,ft3/s,"['A', '[91]']",0
1994-02-13,45.416668,streamflow,10154200,ft3/s,"['A', '[91]']",0
1994-02-14,51.125,streamflow,10154200,ft3/s,"['A', '[91]']",0
1994-02-15,48.375,streamflow,10154200,ft3/s,"['A', '[91]']",0
1994-02-16,48.458332,streamflow,10154200,ft3/s,"['A', '[91]']",0
1994-02-17,46.625,streamflow,10154200,ft3/s,"['A', '[91]']",0
1994-02-18,47.291668,streamflow,10154200,ft3/s,"['A', '[91]']",0
1994-02-19,47.541668,streamflow,10154200,ft3/s,"['A', '[91]']",0
1994-02-20,43.5,streamflow,10154200,ft3/s,"['A', '[91]']",0
1994-02-21,48.5,streamflow,10154200,ft3/s,"['A', '[91]']",0
1994-02-22,45.125,streamflow,10154200,ft3/s,"['A', '[91]']",0
1994-02-23,45.041668,streamflow,10154200,ft3/s,"['A', '[91]']",0
1994-02-24,48.25,streamflow,10154200,ft3/s,"['A', '[91]']",0
1994-02-25,46.875,streamflow,10154200,ft3/s,"['A', '[91]']",0
1994-02-26,48.583332,streamflow,10154200,ft3/s,"['A', '[91]']",0
1994-02-27,48.333332,streamflow,10154200,ft3/s,"['A', '[91]']",0
1994-02-28,46.875,streamflow,10154200,ft3/s,"['A', '[91]']",0
1994-03-01,46.583332,streamflow,10154200,ft3/s,"['A', '[91]']",0
1994-03-02,46.916668,streamflow,10154200,ft3/s,"['A', '[91]']",0
1994-03-03,49.833332,streamflow,10154200,ft3/s,"['A', '[91]']",0
1994-03-04,52.666668,streamflow,10154200,ft3/s,"['A', '[91]']",0
1994-03-05,54.375,streamflow,10154200,ft3/s,"['A', '[91]']",0
1994-03-06,51.708332,streamflow,10154200,ft3/s,"['A', '[91]']",0
1994-03-07,50.458332,streamflow,10154200,ft3/s,"['A', '[91]']",0
1994-03-08,50.916668,streamflow,10154200,ft3/s,"['A', '[91]']",0
1994-03-09,49.458332,streamflow,10154200,ft3/s,"['A', '[91]']",0
1994-03-10,49.583332,streamflow,10154200,ft3/s,"['A', '[91]']",0
1994-03-11,52.958332,streamflow,10154200,ft3/s,"['A', '[91]']",0
1994-03-12,50.083332,streamflow,10154200,ft3/s,"['A', '[91]']",0
1994-03-13,51.458332,streamflow,10154200,ft3/s,"['A', '[91]']",0
1994-03-14,57.291668,streamflow,10154200,ft3/s,"['A', '[91]']",0
1994-03-15,60.666668,streamflow,10154200,ft3/s,"['A', '[91]']",0
1994-03-16,65.583336,streamflow,10154200,ft3/s,"['A', '[91]']",0
1994-03-17,71.375,streamflow,10154200,ft3/s,"['A', '[91]']",0
1994-03-18,71.333336,streamflow,10154200,ft3/s,"['A', '[91]']",0
1994-03-19,69.875,streamflow,10154200,ft3/s,"['A', '[91]']",0
1994-03-20,72.708336,streamflow,10154200,ft3/s,"['A', '[91]']",0
1994-03-21,65.125,streamflow,10154200,ft3/s,"['A', '[91]']",0
1994-03-22,77.916664,streamflow,10154200,ft3/s,"['A', '[91]']",0
1994-03-23,66.25,streamflow,10154200,ft3/s,"['A', '[91]']",0
1994-03-24,66.208336,streamflow,10154200,ft3/s,"['A', '[91]']",0
1994-03-25,70.041664,streamflow,10154200,ft3/s,"['A', '[91]']",0
1994-03-26,61.666668,streamflow,10154200,ft3/s,"['A', '[91]']",0
1994-03-27,64.333336,streamflow,10154200,ft3/s,"['A', '[91]']",0
1994-03-28,60.291668,streamflow,10154200,ft3/s,"['A', '[91]']",0
1994-03-29,69.041664,streamflow,10154200,ft3/s,"['A', '[91]']",0
1994-03-30,65.083336,streamflow,10154200,ft3/s,"['A', '[91]']",0
1994-03-31,74.333336,streamflow,10154200,ft3/s,"['A', '[91]']",0
1994-04-01,85.666664,streamflow,10154200,ft3/s,"['A', '[91]']",0
1994-04-02,80.125,streamflow,10154200,ft3/s,"['A', '[91]']",0
1994-04-03,90.791664,streamflow,10154200,ft3/s,"['A', '[91]']",0
1994-04-04,102.083336,streamflow,10154200,ft3/s,"['A', '[91]']",0
1994-04-05,90.25,streamflow,10154200,ft3/s,"['A', '[91]']",0
1994-04-06,84.375,streamflow,10154200,ft3/s,"['A', '[91]']",0
1994-04-07,84.333336,streamflow,10154200,ft3/s,"['A', '[91]']",0
1994-04-08,77.041664,streamflow,10154200,ft3/s,"['A', '[91]']",0
1994-04-09,81.958336,streamflow,10154200,ft3/s,"['A', '[91]']",0
1994-04-10,83.166664,streamflow,10154200,ft3/s,"['A', '[91]']",0
1994-04-11,79.041664,streamflow,10154200,ft3/s,"['A', '[91]']",0
1994-04-12,90.458336,streamflow,10154200,ft3/s,"['A', '[91]']",0
1994-04-13,99.708336,streamflow,10154200,ft3/s,"['A', '[91]']",0
1994-04-14,111.583336,streamflow,10154200,ft3/s,"['A', '[91]']",0
1994-04-15,116.375,streamflow,10154200,ft3/s,"['A', '[91]']",0
1994-04-16,140.45833,streamflow,10154200,ft3/s,"['A', '[91]']",0
1994-04-17,190.33333,streamflow,10154200,ft3/s,"['A', '[91]']",0
1994-04-18,242.125,streamflow,10154200,ft3/s,"['A', '[91]']",0
1994-04-19,265.20834,streamflow,10154200,ft3/s,"['A', '[91]']",0
1994-04-20,312.125,streamflow,10154200,ft3/s,"['A', '[91]']",0
1994-04-21,376.41666,streamflow,10154200,ft3/s,"['A', '[91]']",0
1994-04-22,452.54166,streamflow,10154200,ft3/s,"['A', '[91]']",0
1994-04-23,577.9167,streamflow,10154200,ft3/s,"['A', '[91]']",0
1994-04-24,525.2917,streamflow,10154200,ft3/s,"['A', '[91]']",0
1994-04-25,451.5,streamflow,10154200,ft3/s,"['A', '[91]']",0
1994-04-26,402.75,streamflow,10154200,ft3/s,"['A', '[91]']",0
1994-04-27,352.75,streamflow,10154200,ft3/s,"['A', '[91]']",0
1994-04-28,322.125,streamflow,10154200,ft3/s,"['A', '[91]']",0
1994-04-29,296.25,streamflow,10154200,ft3/s,"['A', '[91]']",0
1994-04-30,273.375,streamflow,10154200,ft3/s,"['A', '[91]']",0
1994-05-01,267.45834,streamflow,10154200,ft3/s,"['A', '[91]']",0
1994-05-02,246.70833,streamflow,10154200,ft3/s,"['A', '[91]']",0
1994-05-03,250.375,streamflow,10154200,ft3/s,"['A', '[91]']",0
1994-05-04,249.95833,streamflow,10154200,ft3/s,"['A', '[91]']",0
1994-05-05,280.08334,streamflow,10154200,ft3/s,"['A', '[91]']",0
1994-05-06,397.08334,streamflow,10154200,ft3/s,"['A', '[91]']",0
1994-05-07,584.9167,streamflow,10154200,ft3/s,"['A', '[91]']",0
1994-05-08,603.6667,streamflow,10154200,ft3/s,"['A', '[91]']",0
1994-05-09,659.7083,streamflow,10154200,ft3/s,"['A', '[91]']",0
1994-05-10,724.0417,streamflow,10154200,ft3/s,"['A', '[91]']",0
1994-05-11,858.75,streamflow,10154200,ft3/s,"['A', '[91]']",0
1994-05-12,1028.0416,streamflow,10154200,ft3/s,"['A', '[91]']",0
1994-05-13,1072.4584,streamflow,10154200,ft3/s,"['A', '[91]']",0
1994-05-14,1270.0,streamflow,10154200,ft3/s,"['A', '[91]']",0
1994-05-15,1150.8334,streamflow,10154200,ft3/s,"['A', '[91]']",0
1994-05-16,1222.0834,streamflow,10154200,ft3/s,"['A', '[91]']",0
1994-05-17,989.5833,streamflow,10154200,ft3/s,"['A', '[91]']",0
1994-05-18,759.125,streamflow,10154200,ft3/s,"['A', '[91]']",0
1994-05-19,776.9583,streamflow,10154200,ft3/s,"['A', '[91]']",0
1994-05-20,694.125,streamflow,10154200,ft3/s,"['A', '[91]']",0
1994-05-21,619.625,streamflow,10154200,ft3/s,"['A', '[91]']",0
1994-05-22,644.625,streamflow,10154200,ft3/s,"['A', '[91]']",0
1994-05-23,705.7917,streamflow,10154200,ft3/s,"['A', '[91]']",0
1994-05-24,754.125,streamflow,10154200,ft3/s,"['A', '[91]']",0
1994-05-25,796.4583,streamflow,10154200,ft3/s,"['A', '[91]']",0
1994-05-26,747.0,streamflow,10154200,ft3/s,"['A', '[91]']",0
1994-05-27,685.2917,streamflow,10154200,ft3/s,"['A', '[91]']",0
1994-05-28,792.2917,streamflow,10154200,ft3/s,"['A', '[91]']",0
1994-05-29,800.5,streamflow,10154200,ft3/s,"['A', '[91]']",0
1994-05-30,769.375,streamflow,10154200,ft3/s,"['A', '[91]']",0
1994-05-31,678.9167,streamflow,10154200,ft3/s,"['A', '[91]']",0
1994-06-01,643.625,streamflow,10154200,ft3/s,"['A', '[91]']",0
1994-06-02,543.0833,streamflow,10154200,ft3/s,"['A', '[91]']",0
1994-06-03,504.66666,streamflow,10154200,ft3/s,"['A', '[91]']",0
1994-06-04,470.875,streamflow,10154200,ft3/s,"['A', '[91]']",0
1994-06-05,425.58334,streamflow,10154200,ft3/s,"['A', '[91]']",0
1994-06-06,387.95834,streamflow,10154200,ft3/s,"['A', '[91]']",0
1994-06-07,388.25,streamflow,10154200,ft3/s,"['A', '[91]']",0
1994-06-08,352.58334,streamflow,10154200,ft3/s,"['A', '[91]']",0
1994-06-09,307.66666,streamflow,10154200,ft3/s,"['A', '[91]']",0
1994-06-10,276.79166,streamflow,10154200,ft3/s,"['A', '[91]']",0
1994-06-11,274.91666,streamflow,10154200,ft3/s,"['A', '[91]']",0
1994-06-12,259.16666,streamflow,10154200,ft3/s,"['A', '[91]']",0
1994-06-13,245.95833,streamflow,10154200,ft3/s,"['A', '[91]']",0
1994-06-14,235.66667,streamflow,10154200,ft3/s,"['A', '[91]']",0
1994-06-15,228.70833,streamflow,10154200,ft3/s,"['A', '[91]']",0
1994-06-16,177.54167,streamflow,10154200,ft3/s,"['A', '[91]']",0
1994-06-17,166.58333,streamflow,10154200,ft3/s,"['A', '[91]']",0
1994-06-18,162.5,streamflow,10154200,ft3/s,"['A', '[91]']",0
1994-06-19,165.25,streamflow,10154200,ft3/s,"['A', '[91]']",0
1994-06-20,173.20833,streamflow,10154200,ft3/s,"['A', '[91]']",0
1994-06-21,169.83333,streamflow,10154200,ft3/s,"['A', '[91]']",0
1994-06-22,170.875,streamflow,10154200,ft3/s,"['A', '[91]']",0
1994-06-23,159.45833,streamflow,10154200,ft3/s,"['A', '[91]']",0
1994-06-24,153.75,streamflow,10154200,ft3/s,"['A', '[91]']",0
1994-06-25,150.75,streamflow,10154200,ft3/s,"['A', '[91]']",0
1994-06-26,142.5,streamflow,10154200,ft3/s,"['A', '[91]']",0
1994-06-27,141.91667,streamflow,10154200,ft3/s,"['A', '[91]']",0
1994-06-28,130.41667,streamflow,10154200,ft3/s,"['A', '[91]']",0
1994-06-29,130.25,streamflow,10154200,ft3/s,"['A', '[91]']",0
1994-06-30,116.5,streamflow,10154200,ft3/s,"['A', '[91]']",0
1994-07-01,110.0,streamflow,10154200,ft3/s,"['A', '[91]']",0
1994-07-02,103.25,streamflow,10154200,ft3/s,"['A', '[91]']",0
1994-07-03,100.833336,streamflow,10154200,ft3/s,"['A', '[91]']",0
1994-07-04,98.208336,streamflow,10154200,ft3/s,"['A', '[91]']",0
1994-07-05,95.791664,streamflow,10154200,ft3/s,"['A', '[91]']",0
1994-07-06,94.958336,streamflow,10154200,ft3/s,"['A', '[91]']",0
1994-07-07,94.25,streamflow,10154200,ft3/s,"['A', '[91]']",0
1994-07-08,98.416664,streamflow,10154200,ft3/s,"['A', '[91]']",0
1994-07-09,86.833336,streamflow,10154200,ft3/s,"['A', '[91]']",0
1994-07-10,87.833336,streamflow,10154200,ft3/s,"['A', '[91]']",0
1994-07-11,85.0,streamflow,10154200,ft3/s,"['A', '[91]']",0
1994-07-12,81.75,streamflow,10154200,ft3/s,"['A', '[91]']",0
1994-07-13,79.166664,streamflow,10154200,ft3/s,"['A', '[91]']",0
1994-07-14,74.708336,streamflow,10154200,ft3/s,"['A', '[91]']",0
1994-07-15,69.416664,streamflow,10154200,ft3/s,"['A', '[91]']",0
1994-07-16,56.0,streamflow,10154200,ft3/s,"['A', '[91]']",0
1994-07-17,53.291668,streamflow,10154200,ft3/s,"['A', '[91]']",0
1994-07-18,53.333332,streamflow,10154200,ft3/s,"['A', '[91]']",0
1994-07-19,53.333332,streamflow,10154200,ft3/s,"['A', '[91]']",0
1994-07-20,58.541668,streamflow,10154200,ft3/s,"['A', '[91]']",0
1994-07-21,63.5,streamflow,10154200,ft3/s,"['A', '[91]']",0
1994-07-22,59.958332,streamflow,10154200,ft3/s,"['A', '[91]']",0
1994-07-23,67.875,streamflow,10154200,ft3/s,"['A', '[91]']",0
1994-07-24,74.416664,streamflow,10154200,ft3/s,"['A', '[91]']",0
1994-07-25,72.291664,streamflow,10154200,ft3/s,"['A', '[91]']",0
1994-07-26,65.916664,streamflow,10154200,ft3/s,"['A', '[91]']",0
1994-07-27,64.458336,streamflow,10154200,ft3/s,"['A', '[91]']",0
1994-07-28,61.666668,streamflow,10154200,ft3/s,"['A', '[91]']",0
1994-07-29,55.25,streamflow,10154200,ft3/s,"['A', '[91]']",0
1994-07-30,48.875,streamflow,10154200,ft3/s,"['A', '[91]']",0
1994-07-31,68.041664,streamflow,10154200,ft3/s,"['A', '[91]']",0
1994-08-01,65.958336,streamflow,10154200,ft3/s,"['A', '[91]']",0
1994-08-02,65.583336,streamflow,10154200,ft3/s,"['A', '[91]']",0
1994-08-03,54.291668,streamflow,10154200,ft3/s,"['A', '[91]']",0
1994-08-04,40.958332,streamflow,10154200,ft3/s,"['A', '[91]']",0
1994-08-05,39.541668,streamflow,10154200,ft3/s,"['A', '[91]']",0
1994-08-06,36.75,streamflow,10154200,ft3/s,"['A', '[91]']",0
1994-08-07,34.958332,streamflow,10154200,ft3/s,"['A', '[91]']",0
1994-08-08,35.833332,streamflow,10154200,ft3/s,"['A', '[91]']",0
1994-08-09,40.875,streamflow,10154200,ft3/s,"['A', '[91]']",0
1994-08-10,52.375,streamflow,10154200,ft3/s,"['A', '[91]']",0
1994-08-11,47.708332,streamflow,10154200,ft3/s,"['A', '[91]']",0
1994-08-12,45.75,streamflow,10154200,ft3/s,"['A', '[91]']",0
1994-08-13,41.5,streamflow,10154200,ft3/s,"['A', '[91]']",0
1994-08-14,45.833332,streamflow,10154200,ft3/s,"['A', '[91]']",0
1994-08-15,40.791668,streamflow,10154200,ft3/s,"['A', '[91]']",0
1994-08-16,42.708332,streamflow,10154200,ft3/s,"['A', '[91]']",0
1994-08-17,55.416668,streamflow,10154200,ft3/s,"['A', '[91]']",0
1994-08-18,56.0,streamflow,10154200,ft3/s,"['A', '[91]']",0
1994-08-19,79.875,streamflow,10154200,ft3/s,"['A', '[91]']",0
1994-08-20,69.291664,streamflow,10154200,ft3/s,"['A', '[91]']",0
1994-08-21,64.666664,streamflow,10154200,ft3/s,"['A', '[91]']",0
1994-08-22,61.958332,streamflow,10154200,ft3/s,"['A', '[91]']",0
1994-08-23,60.125,streamflow,10154200,ft3/s,"['A', '[91]']",0
1994-08-24,48.25,streamflow,10154200,ft3/s,"['A', '[91]']",0
1994-08-25,38.375,streamflow,10154200,ft3/s,"['A', '[91]']",0
1994-08-26,36.833332,streamflow,10154200,ft3/s,"['A', '[91]']",0
1994-08-27,36.166668,streamflow,10154200,ft3/s,"['A', '[91]']",0
1994-08-28,37.375,streamflow,10154200,ft3/s,"['A', '[91]']",0
1994-08-29,35.291668,streamflow,10154200,ft3/s,"['A', '[91]']",0
1994-08-30,35.916668,streamflow,10154200,ft3/s,"['A', '[91]']",0
1994-08-31,36.041668,streamflow,10154200,ft3/s,"['A', '[91]']",0
1994-09-01,34.041668,streamflow,10154200,ft3/s,"['A', '[91]']",0
1994-09-02,44.583332,streamflow,10154200,ft3/s,"['A', '[91]']",0
1994-09-03,61.041668,streamflow,10154200,ft3/s,"['A', '[91]']",0
1994-09-04,47.541668,streamflow,10154200,ft3/s,"['A', '[91]']",0
1994-09-05,35.166668,streamflow,10154200,ft3/s,"['A', '[91]']",0
1994-09-06,34.0,streamflow,10154200,ft3/s,"['A', '[91]']",0
1994-09-07,33.833332,streamflow,10154200,ft3/s,"['A', '[91]']",0
1994-09-08,31.916666,streamflow,10154200,ft3/s,"['A', '[91]']",0
1994-09-09,33.875,streamflow,10154200,ft3/s,"['A', '[91]']",0
1994-09-10,32.833332,streamflow,10154200,ft3/s,"['A', '[91]']",0
1994-09-11,31.125,streamflow,10154200,ft3/s,"['A', '[91]']",0
1994-09-12,31.375,streamflow,10154200,ft3/s,"['A', '[91]']",0
1994-09-13,36.583332,streamflow,10154200,ft3/s,"['A', '[91]']",0
1994-09-14,40.291668,streamflow,10154200,ft3/s,"['A', '[91]']",0
1994-09-15,40.625,streamflow,10154200,ft3/s,"['A', '[91]']",0
1994-09-16,39.0,streamflow,10154200,ft3/s,"['A', '[91]']",0
1994-09-17,38.666668,streamflow,10154200,ft3/s,"['A', '[91]']",0
1994-09-18,36.708332,streamflow,10154200,ft3/s,"['A', '[91]']",0
1994-09-19,35.875,streamflow,10154200,ft3/s,"['A', '[91]']",0
1994-09-20,36.875,streamflow,10154200,ft3/s,"['A', '[91]']",0
1994-09-21,36.583332,streamflow,10154200,ft3/s,"['A', '[91]']",0
1994-09-22,36.375,streamflow,10154200,ft3/s,"['A', '[91]']",0
1994-09-23,37.333332,streamflow,10154200,ft3/s,"['A', '[91]']",0
1994-09-24,37.75,streamflow,10154200,ft3/s,"['A', '[91]']",0
1994-09-25,37.541668,streamflow,10154200,ft3/s,"['A', '[91]']",0
1994-09-26,37.291668,streamflow,10154200,ft3/s,"['A', '[91]']",0
1994-09-27,36.916668,streamflow,10154200,ft3/s,"['A', '[91]']",0
1994-09-28,35.25,streamflow,10154200,ft3/s,"['A', '[91]']",0
1994-09-29,35.875,streamflow,10154200,ft3/s,"['A', '[91]']",0
1994-09-30,46.625,streamflow,10154200,ft3/s,"['A', '[91]']",0
1994-10-01,46.083332,streamflow,10154200,ft3/s,"['A', '[91]']",0
1994-10-02,48.083332,streamflow,10154200,ft3/s,"['A', '[91]']",0
1994-10-03,61.833332,streamflow,10154200,ft3/s,"['A', '[91]']",0
1994-10-04,77.25,streamflow,10154200,ft3/s,"['A', '[91]']",0
1994-10-05,100.833336,streamflow,10154200,ft3/s,"['A', '[91]']",0
1994-10-06,116.375,streamflow,10154200,ft3/s,"['A', '[91]']",0
1994-10-07,105.375,streamflow,10154200,ft3/s,"['A', '[91]']",0
1994-10-08,100.583336,streamflow,10154200,ft3/s,"['A', '[91]']",0
1994-10-09,96.208336,streamflow,10154200,ft3/s,"['A', '[91]']",0
1994-10-10,95.666664,streamflow,10154200,ft3/s,"['A', '[91]']",0
1994-10-11,97.041664,streamflow,10154200,ft3/s,"['A', '[91]']",0
1994-10-12,97.291664,streamflow,10154200,ft3/s,"['A', '[91]']",0
1994-10-13,95.375,streamflow,10154200,ft3/s,"['A', '[91]']",0
1994-10-14,97.333336,streamflow,10154200,ft3/s,"['A', '[91]']",0
1994-10-15,104.083336,streamflow,10154200,ft3/s,"['A', '[91]']",0
1994-10-16,105.833336,streamflow,10154200,ft3/s,"['A', '[91]']",0
1994-10-17,106.333336,streamflow,10154200,ft3/s,"['A', '[91]']",0
1994-10-18,112.666664,streamflow,10154200,ft3/s,"['A', '[91]']",0
1994-10-19,111.291664,streamflow,10154200,ft3/s,"['A', '[91]']",0
1994-10-20,111.041664,streamflow,10154200,ft3/s,"['A', '[91]']",0
1994-10-21,110.666664,streamflow,10154200,ft3/s,"['A', '[91]']",0
1994-10-22,116.541664,streamflow,10154200,ft3/s,"['A', '[91]']",0
1994-10-23,113.166664,streamflow,10154200,ft3/s,"['A', '[91]']",0
1994-10-24,110.416664,streamflow,10154200,ft3/s,"['A', '[91]']",0
1994-10-25,108.666664,streamflow,10154200,ft3/s,"['A', '[91]']",0
1994-10-26,106.666664,streamflow,10154200,ft3/s,"['A', '[91]']",0
1994-10-27,104.75,streamflow,10154200,ft3/s,"['A', '[91]']",0
1994-10-28,94.5,streamflow,10154200,ft3/s,"['A', '[91]']",0
1994-10-29,83.625,streamflow,10154200,ft3/s,"['A', '[91]']",0
1994-10-30,73.73913,streamflow,10154200,ft3/s,"['A', '[91]']",0
1994-10-31,64.75,streamflow,10154200,ft3/s,"['A', '[91]']",0
1994-11-01,84.458336,streamflow,10154200,ft3/s,"['A', '[91]']",0
1994-11-02,83.125,streamflow,10154200,ft3/s,"['A', '[91]']",0
1994-11-03,78.75,streamflow,10154200,ft3/s,"['A', '[92]']",0
1994-11-04,56.333332,streamflow,10154200,ft3/s,"['A', '[92]']",0
1994-11-05,83.333336,streamflow,10154200,ft3/s,"['A', '[92]']",0
1994-11-06,84.083336,streamflow,10154200,ft3/s,"['A', '[92]']",0
1994-11-07,82.291664,streamflow,10154200,ft3/s,"['A', '[92]']",0
1994-11-08,79.041664,streamflow,10154200,ft3/s,"['A', '[92]']",0
1994-11-09,72.333336,streamflow,10154200,ft3/s,"['A', '[92]']",0
1994-11-10,75.5,streamflow,10154200,ft3/s,"['A', '[92]']",0
1994-11-11,73.291664,streamflow,10154200,ft3/s,"['A', '[92]']",0
1994-11-12,79.416664,streamflow,10154200,ft3/s,"['A', '[92]']",0
1994-11-13,82.083336,streamflow,10154200,ft3/s,"['A', '[92]']",0
1994-11-14,60.666668,streamflow,10154200,ft3/s,"['A', '[92]']",0
1994-11-15,51.333332,streamflow,10154200,ft3/s,"['A', '[92]']",0
1994-11-16,76.291664,streamflow,10154200,ft3/s,"['A', '[92]']",0
1994-11-17,71.666664,streamflow,10154200,ft3/s,"['A', '[92]']",0
1994-11-18,77.875,streamflow,10154200,ft3/s,"['A', '[92]']",0
1994-11-19,73.791664,streamflow,10154200,ft3/s,"['A', '[92]']",0
1994-11-20,67.125,streamflow,10154200,ft3/s,"['A', '[92]']",0
1994-11-21,79.333336,streamflow,10154200,ft3/s,"['A', '[92]']",0
1994-11-22,69.125,streamflow,10154200,ft3/s,"['A', '[92]']",0
1994-11-23,65.375,streamflow,10154200,ft3/s,"['A', '[92]']",0
1994-11-24,69.875,streamflow,10154200,ft3/s,"['A', '[92]']",0
1994-11-25,75.75,streamflow,10154200,ft3/s,"['A', '[92]']",0
1994-11-26,75.833336,streamflow,10154200,ft3/s,"['A', '[92]']",0
1994-11-27,73.708336,streamflow,10154200,ft3/s,"['A', '[91]']",0
1994-11-28,73.333336,streamflow,10154200,ft3/s,"['A', '[91]']",0
1994-11-29,71.708336,streamflow,10154200,ft3/s,"['A', '[91]']",0
1994-11-30,76.666664,streamflow,10154200,ft3/s,"['A', '[91]']",0
1994-12-01,76.375,streamflow,10154200,ft3/s,"['A', '[91]']",0
1994-12-02,74.166664,streamflow,10154200,ft3/s,"['A', '[91]']",0
1994-12-03,75.375,streamflow,10154200,ft3/s,"['A', '[91]']",0
1994-12-04,73.5,streamflow,10154200,ft3/s,"['A', '[91]']",0
1994-12-05,73.416664,streamflow,10154200,ft3/s,"['A', '[91]']",0
1994-12-06,71.875,streamflow,10154200,ft3/s,"['A', '[91]']",0
1994-12-07,74.25,streamflow,10154200,ft3/s,"['A', '[91]']",0
1994-12-08,53.208332,streamflow,10154200,ft3/s,"['A', '[91]']",0
1994-12-09,51.25,streamflow,10154200,ft3/s,"['A', '[91]']",0
1994-12-10,63.291668,streamflow,10154200,ft3/s,"['A', '[91]']",0
1994-12-11,66.916664,streamflow,10154200,ft3/s,"['A', '[91]']",0
1994-12-12,64.375,streamflow,10154200,ft3/s,"['A', '[91]']",0
1994-12-13,66.666664,streamflow,10154200,ft3/s,"['A', '[91]']",0
1994-12-14,67.791664,streamflow,10154200,ft3/s,"['A', '[91]']",0
1994-12-15,64.708336,streamflow,10154200,ft3/s,"['A', '[91]']",0
1994-12-16,64.833336,streamflow,10154200,ft3/s,"['A', '[91]']",0
1994-12-17,63.291668,streamflow,10154200,ft3/s,"['A', '[91]']",0
1994-12-18,62.375,streamflow,10154200,ft3/s,"['A', '[91]']",0
1994-12-19,62.541668,streamflow,10154200,ft3/s,"['A', '[91]']",0
1994-12-20,56.25,streamflow,10154200,ft3/s,"['A', '[91]']",0
1994-12-21,58.958332,streamflow,10154200,ft3/s,"['A', '[91]']",0
1994-12-22,60.0,streamflow,10154200,ft3/s,"['A', '[91]']",0
1994-12-23,57.875,streamflow,10154200,ft3/s,"['A', '[91]']",0
1994-12-24,58.791668,streamflow,10154200,ft3/s,"['A', '[91]']",0
1994-12-25,59.541668,streamflow,10154200,ft3/s,"['A', '[91]']",0
1994-12-26,58.958332,streamflow,10154200,ft3/s,"['A', '[91]']",0
1994-12-27,55.541668,streamflow,10154200,ft3/s,"['A', '[91]']",0
1994-12-28,55.833332,streamflow,10154200,ft3/s,"['A', '[91]']",0
1994-12-29,57.708332,streamflow,10154200,ft3/s,"['A', '[91]']",0
1994-12-30,53.875,streamflow,10154200,ft3/s,"['A', '[91]']",0
1994-12-31,42.416668,streamflow,10154200,ft3/s,"['A', '[91]']",0
1995-01-01,36.958332,streamflow,10154200,ft3/s,"['A', '[91]']",0
1995-01-02,46.583332,streamflow,10154200,ft3/s,"['A', '[91]']",0
1995-01-03,47.416668,streamflow,10154200,ft3/s,"['A', '[91]']",0
1995-01-04,45.541668,streamflow,10154200,ft3/s,"['A', '[91]']",0
1995-01-05,48.208332,streamflow,10154200,ft3/s,"['A', '[91]']",0
1995-01-06,52.625,streamflow,10154200,ft3/s,"['A', '[91]']",0
1995-01-07,54.041668,streamflow,10154200,ft3/s,"['A', '[91]']",0
1995-01-08,54.541668,streamflow,10154200,ft3/s,"['A', '[91]']",0
1995-01-09,55.541668,streamflow,10154200,ft3/s,"['A', '[91]']",0
1995-01-10,55.833332,streamflow,10154200,ft3/s,"['A', '[91]']",0
1995-01-11,56.375,streamflow,10154200,ft3/s,"['A', '[91]']",0
1995-01-12,51.0,streamflow,10154200,ft3/s,"['A', '[91]']",0
1995-01-13,58.5,streamflow,10154200,ft3/s,"['A', '[91]']",0
1995-01-14,57.208332,streamflow,10154200,ft3/s,"['A', '[91]']",0
1995-01-15,58.416668,streamflow,10154200,ft3/s,"['A', '[91]']",0
1995-01-16,57.541668,streamflow,10154200,ft3/s,"['A', '[91]']",0
1995-01-17,58.75,streamflow,10154200,ft3/s,"['A', '[91]']",0
1995-01-18,53.0,streamflow,10154200,ft3/s,"['A', '[91]']",0
1995-01-19,59.25,streamflow,10154200,ft3/s,"['A', '[91]']",0
1995-01-20,48.25,streamflow,10154200,ft3/s,"['A', '[91]']",0
1995-01-21,50.208332,streamflow,10154200,ft3/s,"['A', '[91]']",0
1995-01-22,45.25,streamflow,10154200,ft3/s,"['A', '[91]']",0
1995-01-23,47.708332,streamflow,10154200,ft3/s,"['A', '[91]']",0
1995-01-24,51.333332,streamflow,10154200,ft3/s,"['A', '[91]']",0
1995-01-25,57.583332,streamflow,10154200,ft3/s,"['A', '[91]']",0
1995-01-26,58.666668,streamflow,10154200,ft3/s,"['A', '[91]']",0
1995-01-27,56.375,streamflow,10154200,ft3/s,"['A', '[91]']",0
1995-01-28,54.25,streamflow,10154200,ft3/s,"['A', '[91]']",0
1995-01-29,44.208332,streamflow,10154200,ft3/s,"['A', '[91]']",0
1995-01-30,49.5,streamflow,10154200,ft3/s,"['A', '[91]']",0
1995-01-31,58.791668,streamflow,10154200,ft3/s,"['A', '[91]']",0
1995-02-01,59.208332,streamflow,10154200,ft3/s,"['A', '[91]']",0
1995-02-02,60.541668,streamflow,10154200,ft3/s,"['A', '[91]']",0
1995-02-03,53.291668,streamflow,10154200,ft3/s,"['A', '[91]']",0
1995-02-04,53.958332,streamflow,10154200,ft3/s,"['A', '[91]']",0
1995-02-05,57.458332,streamflow,10154200,ft3/s,"['A', '[91]']",0
1995-02-06,56.5,streamflow,10154200,ft3/s,"['A', '[91]']",0
1995-02-07,56.375,streamflow,10154200,ft3/s,"['A', '[91]']",0
1995-02-08,61.25,streamflow,10154200,ft3/s,"['A', '[91]']",0
1995-02-09,57.541668,streamflow,10154200,ft3/s,"['A', '[91]']",0
1995-02-10,56.875,streamflow,10154200,ft3/s,"['A', '[91]']",0
1995-02-11,55.833332,streamflow,10154200,ft3/s,"['A', '[91]']",0
1995-02-12,53.375,streamflow,10154200,ft3/s,"['A', '[91]']",0
1995-02-13,59.625,streamflow,10154200,ft3/s,"['A', '[91]']",0
1995-02-14,65.125,streamflow,10154200,ft3/s,"['A', '[91]']",0
1995-02-15,39.333332,streamflow,10154200,ft3/s,"['A', '[91]']",0
1995-02-16,52.291668,streamflow,10154200,ft3/s,"['A', '[91]']",0
1995-02-17,68.708336,streamflow,10154200,ft3/s,"['A', '[91]']",0
1995-02-18,74.0,streamflow,10154200,ft3/s,"['A', '[91]']",0
1995-02-19,66.041664,streamflow,10154200,ft3/s,"['A', '[91]']",0
1995-02-20,65.041664,streamflow,10154200,ft3/s,"['A', '[91]']",0
1995-02-21,65.541664,streamflow,10154200,ft3/s,"['A', '[91]']",0
1995-02-22,70.041664,streamflow,10154200,ft3/s,"['A', '[91]']",0
1995-02-23,68.708336,streamflow,10154200,ft3/s,"['A', '[91]']",0
1995-02-24,73.666664,streamflow,10154200,ft3/s,"['A', '[91]']",0
1995-02-25,77.541664,streamflow,10154200,ft3/s,"['A', '[91]']",0
1995-02-26,82.875,streamflow,10154200,ft3/s,"['A', '[91]']",0
1995-02-27,82.0,streamflow,10154200,ft3/s,"['A', '[91]']",0
1995-02-28,76.166664,streamflow,10154200,ft3/s,"['A', '[91]']",0
1995-03-01,76.916664,streamflow,10154200,ft3/s,"['A', '[91]']",0
1995-03-02,79.875,streamflow,10154200,ft3/s,"['A', '[91]']",0
1995-03-03,74.416664,streamflow,10154200,ft3/s,"['A', '[91]']",0
1995-03-04,74.25,streamflow,10154200,ft3/s,"['A', '[91]']",0
1995-03-05,74.25,streamflow,10154200,ft3/s,"['A', '[91]']",0
1995-03-06,72.708336,streamflow,10154200,ft3/s,"['A', '[91]']",0
1995-03-07,52.583332,streamflow,10154200,ft3/s,"['A', '[91]']",0
1995-03-08,69.083336,streamflow,10154200,ft3/s,"['A', '[91]']",0
1995-03-09,82.458336,streamflow,10154200,ft3/s,"['A', '[91]']",0
1995-03-10,79.25,streamflow,10154200,ft3/s,"['A', '[91]']",0
1995-03-11,112.75,streamflow,10154200,ft3/s,"['A', '[91]']",0
1995-03-12,162.29167,streamflow,10154200,ft3/s,"['A', '[91]']",0
1995-03-13,127.708336,streamflow,10154200,ft3/s,"['A', '[91]']",0
1995-03-14,116.708336,streamflow,10154200,ft3/s,"['A', '[91]']",0
1995-03-15,132.33333,streamflow,10154200,ft3/s,"['A', '[91]']",0
1995-03-16,137.08333,streamflow,10154200,ft3/s,"['A', '[91]']",0
1995-03-17,152.875,streamflow,10154200,ft3/s,"['A', '[91]']",0
1995-03-18,166.08333,streamflow,10154200,ft3/s,"['A', '[91]']",0
1995-03-19,209.0,streamflow,10154200,ft3/s,"['A', '[91]']",0
1995-03-20,175.41667,streamflow,10154200,ft3/s,"['A', '[91]']",0
1995-03-21,171.41667,streamflow,10154200,ft3/s,"['A', '[91]']",0
1995-03-22,163.58333,streamflow,10154200,ft3/s,"['A', '[91]']",0
1995-03-23,153.58333,streamflow,10154200,ft3/s,"['A', '[91]']",0
1995-03-24,149.91667,streamflow,10154200,ft3/s,"['A', '[91]']",0
1995-03-25,114.166664,streamflow,10154200,ft3/s,"['A', '[91]']",0
1995-03-26,131.58333,streamflow,10154200,ft3/s,"['A', '[91]']",0
1995-03-27,112.0,streamflow,10154200,ft3/s,"['A', '[91]']",0
1995-03-28,113.291664,streamflow,10154200,ft3/s,"['A', '[91]']",0
1995-03-29,108.75,streamflow,10154200,ft3/s,"['A', '[91]']",0
1995-03-30,101.083336,streamflow,10154200,ft3/s,"['A', '[91]']",0
1995-03-31,104.875,streamflow,10154200,ft3/s,"['A', '[91]']",0
1995-04-01,106.083336,streamflow,10154200,ft3/s,"['A', '[91]']",0
1995-04-02,112.958336,streamflow,10154200,ft3/s,"['A', '[91]']",0
1995-04-03,111.5,streamflow,10154200,ft3/s,"['A', '[91]']",0
1995-04-04,128.95833,streamflow,10154200,ft3/s,"['A', '[91]']",0
1995-04-05,158.625,streamflow,10154200,ft3/s,"['A', '[91]']",0
1995-04-06,188.29167,streamflow,10154200,ft3/s,"['A', '[91]']",0
1995-04-07,191.95833,streamflow,10154200,ft3/s,"['A', '[91]']",0
1995-04-08,215.875,streamflow,10154200,ft3/s,"['A', '[91]']",0
1995-04-09,194.375,streamflow,10154200,ft3/s,"['A', '[91]']",0
1995-04-10,181.08333,streamflow,10154200,ft3/s,"['A', '[91]']",0
1995-04-11,163.04167,streamflow,10154200,ft3/s,"['A', '[91]']",0
1995-04-12,167.20833,streamflow,10154200,ft3/s,"['A', '[91]']",0
1995-04-13,184.66667,streamflow,10154200,ft3/s,"['A', '[91]']",0
1995-04-14,235.70833,streamflow,10154200,ft3/s,"['A', '[91]']",0
1995-04-15,207.95833,streamflow,10154200,ft3/s,"['A', '[91]']",0
1995-04-16,184.54167,streamflow,10154200,ft3/s,"['A', '[91]']",0
1995-04-17,184.08333,streamflow,10154200,ft3/s,"['A', '[91]']",0
1995-04-18,168.25,streamflow,10154200,ft3/s,"['A', '[91]']",0
1995-04-19,162.95833,streamflow,10154200,ft3/s,"['A', '[91]']",0
1995-04-20,159.04167,streamflow,10154200,ft3/s,"['A', '[91]']",0
1995-04-21,147.75,streamflow,10154200,ft3/s,"['A', '[91]']",0
1995-04-22,141.04167,streamflow,10154200,ft3/s,"['A', '[91]']",0
1995-04-23,141.16667,streamflow,10154200,ft3/s,"['A', '[91]']",0
1995-04-24,127.916664,streamflow,10154200,ft3/s,"['A', '[91]']",0
1995-04-25,137.16667,streamflow,10154200,ft3/s,"['A', '[91]']",0
1995-04-26,129.125,streamflow,10154200,ft3/s,"['A', '[91]']",0
1995-04-27,138.5,streamflow,10154200,ft3/s,"['A', '[91]']",0
1995-04-28,155.45833,streamflow,10154200,ft3/s,"['A', '[91]']",0
1995-04-29,165.41667,streamflow,10154200,ft3/s,"['A', '[91]']",0
1995-04-30,192.66667,streamflow,10154200,ft3/s,"['A', '[91]']",0
1995-05-01,176.95833,streamflow,10154200,ft3/s,"['A', '[91]']",0
1995-05-02,223.75,streamflow,10154200,ft3/s,"['A', '[91]']",0
1995-05-03,221.83333,streamflow,10154200,ft3/s,"['A', '[91]']",0
1995-05-04,203.45833,streamflow,10154200,ft3/s,"['A', '[91]']",0
1995-05-05,219.66667,streamflow,10154200,ft3/s,"['A', '[91]']",0
1995-05-06,225.5,streamflow,10154200,ft3/s,"['A', '[91]']",0
1995-05-07,199.75,streamflow,10154200,ft3/s,"['A', '[91]']",0
1995-05-08,194.66667,streamflow,10154200,ft3/s,"['A', '[91]']",0
1995-05-09,198.375,streamflow,10154200,ft3/s,"['A', '[91]']",0
1995-05-10,255.95833,streamflow,10154200,ft3/s,"['A', '[91]']",0
1995-05-11,311.58334,streamflow,10154200,ft3/s,"['A', '[91]']",0
1995-05-12,348.91666,streamflow,10154200,ft3/s,"['A', '[91]']",0
1995-05-13,290.91666,streamflow,10154200,ft3/s,"['A', '[91]']",0
1995-05-14,289.25,streamflow,10154200,ft3/s,"['A', '[91]']",0
1995-05-15,303.75,streamflow,10154200,ft3/s,"['A', '[91]']",0
1995-05-16,414.54166,streamflow,10154200,ft3/s,"['A', '[91]']",0
1995-05-17,417.95834,streamflow,10154200,ft3/s,"['A', '[91]']",0
1995-05-18,446.83334,streamflow,10154200,ft3/s,"['A', '[91]']",0
1995-05-19,503.875,streamflow,10154200,ft3/s,"['A', '[91]']",0
1995-05-20,639.9583,streamflow,10154200,ft3/s,"['A', '[91]']",0
1995-05-21,837.2083,streamflow,10154200,ft3/s,"['A', '[91]']",0
1995-05-22,1019.875,streamflow,10154200,ft3/s,"['A', '[91]']",0
1995-05-23,1303.75,streamflow,10154200,ft3/s,"['A', '[91]']",0
1995-05-24,1275.0,streamflow,10154200,ft3/s,"['A', '[91]']",0
1995-05-25,,streamflow,10154200,ft3/s,"['A', '[91]']",0
1995-05-26,,streamflow,10154200,ft3/s,"['A', '[91]']",0
1995-05-27,,streamflow,10154200,ft3/s,"['A', '[91]']",0
1995-05-28,,streamflow,10154200,ft3/s,"['A', '[91]']",0
1995-05-29,,streamflow,10154200,ft3/s,"['A', '[91]']",0
1995-05-30,,streamflow,10154200,ft3/s,"['A', '[91]']",0
1995-05-31,,streamflow,10154200,ft3/s,"['A', '[91]']",0
1995-06-01,,streamflow,10154200,ft3/s,"['A', '[91]']",0
1995-06-02,,streamflow,10154200,ft3/s,"['A', '[91]']",0
1995-06-03,1641.1111,streamflow,10154200,ft3/s,"['A', '[91]']",0
1995-06-04,1531.25,streamflow,10154200,ft3/s,"['A', '[91]']",0
1995-06-05,1620.4166,streamflow,10154200,ft3/s,"['A', '[91]']",0
1995-06-06,2117.9167,streamflow,10154200,ft3/s,"['A', '[91]']",0
1995-06-07,1682.5,streamflow,10154200,ft3/s,"['A', '[91]']",0
1995-06-08,1489.1666,streamflow,10154200,ft3/s,"['A', '[91]']",0
1995-06-09,1262.9166,streamflow,10154200,ft3/s,"['A', '[91]']",0
1995-06-10,1036.875,streamflow,10154200,ft3/s,"['A', '[91]']",0
1995-06-11,1046.125,streamflow,10154200,ft3/s,"['A', '[91]']",0
1995-06-12,1540.8334,streamflow,10154200,ft3/s,"['A', '[91]']",0
1995-06-13,2034.1666,streamflow,10154200,ft3/s,"['A', '[91]']",0
1995-06-14,2169.1667,streamflow,10154200,ft3/s,"['A', '[91]']",0
1995-06-15,2347.0833,streamflow,10154200,ft3/s,"['A', '[91]']",0
1995-06-16,2180.0,streamflow,10154200,ft3/s,"['A', '[91]']",0
1995-06-17,1696.25,streamflow,10154200,ft3/s,"['A', '[91]']",0
1995-06-18,1619.1666,streamflow,10154200,ft3/s,"['A', '[91]']",0
1995-06-19,1580.4166,streamflow,10154200,ft3/s,"['A', '[91]']",0
1995-06-20,1787.5,streamflow,10154200,ft3/s,"['A', '[91]']",0
1995-06-21,1773.75,streamflow,10154200,ft3/s,"['A', '[91]']",0
1995-06-22,1750.0,streamflow,10154200,ft3/s,"['A', '[91]']",0
1995-06-23,1669.5834,streamflow,10154200,ft3/s,"['A', '[91]']",0
1995-06-24,1672.0834,streamflow,10154200,ft3/s,"['A', '[91]']",0
1995-06-25,1710.0,streamflow,10154200,ft3/s,"['A', '[91]']",0
1995-06-26,1682.5,streamflow,10154200,ft3/s,"['A', '[91]']",0
1995-06-27,1680.0,streamflow,10154200,ft3/s,"['A', '[91]']",0
1995-06-28,1687.5,streamflow,10154200,ft3/s,"['A', '[91]']",0
1995-06-29,1622.5,streamflow,10154200,ft3/s,"['A', '[91]']",0
1995-06-30,1621.25,streamflow,10154200,ft3/s,"['A', '[91]']",0
1995-07-01,1516.6666,streamflow,10154200,ft3/s,"['A', '[91]']",0
1995-07-02,1476.6666,streamflow,10154200,ft3/s,"['A', '[91]']",0
1995-07-03,1633.3334,streamflow,10154200,ft3/s,"['A', '[91]']",0
1995-07-04,1554.1666,streamflow,10154200,ft3/s,"['A', '[91]']",0
1995-07-05,1321.5834,streamflow,10154200,ft3/s,"['A', '[91]']",0
1995-07-06,911.125,streamflow,10154200,ft3/s,"['A', '[91]']",0
1995-07-07,898.5417,streamflow,10154200,ft3/s,"['A', '[91]']",0
1995-07-08,886.9167,streamflow,10154200,ft3/s,"['A', '[91]']",0
1995-07-09,793.2917,streamflow,10154200,ft3/s,"['A', '[91]']",0
1995-07-10,762.2917,streamflow,10154200,ft3/s,"['A', '[91]']",0
1995-07-11,755.625,streamflow,10154200,ft3/s,"['A', '[91]']",0
1995-07-12,1168.75,streamflow,10154200,ft3/s,"['A', '[91]']",0
1995-07-13,1143.3334,streamflow,10154200,ft3/s,"['A', '[91]']",0
1995-07-14,970.9583,streamflow,10154200,ft3/s,"['A', '[91]']",0
1995-07-15,838.0833,streamflow,10154200,ft3/s,"['A', '[91]']",0
1995-07-16,735.4167,streamflow,10154200,ft3/s,"['A', '[91]']",0
1995-07-17,662.25,streamflow,10154200,ft3/s,"['A', '[91]']",0
1995-07-18,626.625,streamflow,10154200,ft3/s,"['A', '[91]']",0
1995-07-19,590.625,streamflow,10154200,ft3/s,"['A', '[91]']",0
1995-07-20,522.7083,streamflow,10154200,ft3/s,"['A', '[91]']",0
1995-07-21,463.33334,streamflow,10154200,ft3/s,"['A', '[91]']",0
1995-07-22,396.625,streamflow,10154200,ft3/s,"['A', '[91]']",0
1995-07-23,356.125,streamflow,10154200,ft3/s,"['A', '[91]']",0
1995-07-24,326.45834,streamflow,10154200,ft3/s,"['A', '[91]']",0
1995-07-25,299.75,streamflow,10154200,ft3/s,"['A', '[91]']",0
1995-07-26,278.75,streamflow,10154200,ft3/s,"['A', '[91]']",0
1995-07-27,252.08333,streamflow,10154200,ft3/s,"['A', '[91]']",0
1995-07-28,236.20833,streamflow,10154200,ft3/s,"['A', '[91]']",0
1995-07-29,216.875,streamflow,10154200,ft3/s,"['A', '[91]']",0
1995-07-30,203.875,streamflow,10154200,ft3/s,"['A', '[91]']",0
1995-07-31,194.79167,streamflow,10154200,ft3/s,"['A', '[91]']",0
1995-08-01,224.45833,streamflow,10154200,ft3/s,"['A', '[91]']",0
1995-08-02,220.66667,streamflow,10154200,ft3/s,"['A', '[91]']",0
1995-08-03,212.375,streamflow,10154200,ft3/s,"['A', '[91]']",0
1995-08-04,204.5,streamflow,10154200,ft3/s,"['A', '[91]']",0
1995-08-05,197.125,streamflow,10154200,ft3/s,"['A', '[91]']",0
1995-08-06,181.0,streamflow,10154200,ft3/s,"['A', '[91]']",0
1995-08-07,175.95833,streamflow,10154200,ft3/s,"['A', '[91]']",0
1995-08-08,172.04167,streamflow,10154200,ft3/s,"['A', '[91]']",0
1995-08-09,166.04167,streamflow,10154200,ft3/s,"['A', '[91]']",0
1995-08-10,159.70833,streamflow,10154200,ft3/s,"['A', '[91]']",0
1995-08-11,164.70833,streamflow,10154200,ft3/s,"['A', '[91]']",0
1995-08-12,149.33333,streamflow,10154200,ft3/s,"['A', '[91]']",0
1995-08-13,142.58333,streamflow,10154200,ft3/s,"['A', '[91]']",0
1995-08-14,137.25,streamflow,10154200,ft3/s,"['A', '[91]']",0
1995-08-15,130.20833,streamflow,10154200,ft3/s,"['A', '[91]']",0
1995-08-16,124.583336,streamflow,10154200,ft3/s,"['A', '[91]']",0
1995-08-17,122.666664,streamflow,10154200,ft3/s,"['A', '[91]']",0
1995-08-18,114.25,streamflow,10154200,ft3/s,"['A', '[91]']",0
1995-08-19,111.291664,streamflow,10154200,ft3/s,"['A', '[91]']",0
1995-08-20,108.708336,streamflow,10154200,ft3/s,"['A', '[91]']",0
1995-08-21,138.08333,streamflow,10154200,ft3/s,"['A', '[91]']",0
1995-08-22,167.95833,streamflow,10154200,ft3/s,"['A', '[91]']",0
1995-08-23,146.08333,streamflow,10154200,ft3/s,"['A', '[91]']",0
1995-08-24,174.20833,streamflow,10154200,ft3/s,"['A', '[91]']",0
1995-08-25,143.0,streamflow,10154200,ft3/s,"['A', '[91]']",0
1995-08-26,131.54167,streamflow,10154200,ft3/s,"['A', '[91]']",0
1995-08-27,126.333336,streamflow,10154200,ft3/s,"['A', '[91]']",0
1995-08-28,119.416664,streamflow,10154200,ft3/s,"['A', '[91]']",0
1995-08-29,113.5,streamflow,10154200,ft3/s,"['A', '[91]']",0
1995-08-30,109.5,streamflow,10154200,ft3/s,"['A', '[91]']",0
1995-08-31,105.625,streamflow,10154200,ft3/s,"['A', '[91]']",0
1995-09-01,124.125,streamflow,10154200,ft3/s,"['A', '[91]']",0
1995-09-02,137.66667,streamflow,10154200,ft3/s,"['A', '[91]']",0
1995-09-03,138.66667,streamflow,10154200,ft3/s,"['A', '[91]']",0
1995-09-04,132.91667,streamflow,10154200,ft3/s,"['A', '[91]']",0
1995-09-05,150.75,streamflow,10154200,ft3/s,"['A', '[91]']",0
1995-09-06,142.08333,streamflow,10154200,ft3/s,"['A', '[91]']",0
1995-09-07,132.25,streamflow,10154200,ft3/s,"['A', '[91]']",0
1995-09-08,130.16667,streamflow,10154200,ft3/s,"['A', '[91]']",0
1995-09-09,125.416664,streamflow,10154200,ft3/s,"['A', '[91]']",0
1995-09-10,121.916664,streamflow,10154200,ft3/s,"['A', '[91]']",0
1995-09-11,97.5,streamflow,10154200,ft3/s,"['A', '[91]']",0
1995-09-12,68.416664,streamflow,10154200,ft3/s,"['A', '[91]']",0
1995-09-13,65.208336,streamflow,10154200,ft3/s,"['A', '[91]']",0
1995-09-14,66.166664,streamflow,10154200,ft3/s,"['A', '[91]']",0
1995-09-15,61.333332,streamflow,10154200,ft3/s,"['A', '[91]']",0
1995-09-16,58.875,streamflow,10154200,ft3/s,"['A', '[91]']",0
1995-09-17,58.416668,streamflow,10154200,ft3/s,"['A', '[91]']",0
1995-09-18,57.041668,streamflow,10154200,ft3/s,"['A', '[91]']",0
1995-09-19,58.291668,streamflow,10154200,ft3/s,"['A', '[91]']",0
1995-09-20,61.083332,streamflow,10154200,ft3/s,"['A', '[91]']",0
1995-09-21,59.458332,streamflow,10154200,ft3/s,"['A', '[91]']",0
1995-09-22,59.375,streamflow,10154200,ft3/s,"['A', '[91]']",0
1995-09-23,57.916668,streamflow,10154200,ft3/s,"['A', '[91]']",0
1995-09-24,58.958332,streamflow,10154200,ft3/s,"['A', '[91]']",0
1995-09-25,58.958332,streamflow,10154200,ft3/s,"['A', '[91]']",0
1995-09-26,61.583332,streamflow,10154200,ft3/s,"['A', '[91]']",0
1995-09-27,60.125,streamflow,10154200,ft3/s,"['A', '[91]']",0
1995-09-28,59.708332,streamflow,10154200,ft3/s,"['A', '[91]']",0
1995-09-29,67.791664,streamflow,10154200,ft3/s,"['A', '[91]']",0
1995-09-30,74.625,streamflow,10154200,ft3/s,"['A', '[91]']",0
1995-10-01,71.625,streamflow,10154200,ft3/s,"['A', '[91]']",0
1995-10-02,73.04,streamflow,10154200,ft3/s,"['A', '[91]']",0
1995-10-03,73.84,streamflow,10154200,ft3/s,"['A', '[91]']",0
1995-10-04,73.0,streamflow,10154200,ft3/s,"['A', '[91]']",0
1995-10-05,,streamflow,10154200,ft3/s,"['A', '[91]']",0
1995-10-06,,streamflow,10154200,ft3/s,"['A', '[91]']",0
1995-10-07,,streamflow,10154200,ft3/s,"['A', '[91]']",0
1995-10-08,,streamflow,10154200,ft3/s,"['A', '[91]']",0
1995-10-09,,streamflow,10154200,ft3/s,"['A', '[91]']",0
1995-10-10,,streamflow,10154200,ft3/s,"['A', '[91]']",0
1995-10-11,,streamflow,10154200,ft3/s,"['A', '[91]']",0
1995-10-12,,streamflow,10154200,ft3/s,"['A', '[91]']",0
1995-10-13,,streamflow,10154200,ft3/s,"['A', '[91]']",0
1995-10-14,,streamflow,10154200,ft3/s,"['A', '[91]']",0
1995-10-15,,streamflow,10154200,ft3/s,"['A', '[91]']",0
1995-10-16,,streamflow,10154200,ft3/s,"['A', '[91]']",0
1995-10-17,,streamflow,10154200,ft3/s,"['A', '[91]']",0
1995-10-18,,streamflow,10154200,ft3/s,"['A', '[91]']",0
1995-10-19,,streamflow,10154200,ft3/s,"['A', '[91]']",0
1995-10-20,,streamflow,10154200,ft3/s,"['A', '[91]']",0
1995-10-21,,streamflow,10154200,ft3/s,"['A', '[91]']",0
1995-10-22,,streamflow,10154200,ft3/s,"['A', '[91]']",0
1995-10-23,,streamflow,10154200,ft3/s,"['A', '[91]']",0
1995-10-24,,streamflow,10154200,ft3/s,"['A', '[91]']",0
1995-10-25,,streamflow,10154200,ft3/s,"['A', '[91]']",0
1995-10-26,,streamflow,10154200,ft3/s,"['A', '[91]']",0
1995-10-27,,streamflow,10154200,ft3/s,"['A', '[91]']",0
1995-10-28,,streamflow,10154200,ft3/s,"['A', '[91]']",0
1995-10-29,,streamflow,10154200,ft3/s,"['A', '[91]']",0
1995-10-30,,streamflow,10154200,ft3/s,"['A', '[91]']",0
1995-10-31,,streamflow,10154200,ft3/s,"['A', '[91]']",0
1995-11-01,,streamflow,10154200,ft3/s,"['A', '[91]']",0
1995-11-02,,streamflow,10154200,ft3/s,"['A', '[91]']",0
1995-11-03,,streamflow,10154200,ft3/s,"['A', '[91]']",0
1995-11-04,,streamflow,10154200,ft3/s,"['A', '[91]']",0
1995-11-05,,streamflow,10154200,ft3/s,"['A', '[91]']",0
1995-11-06,,streamflow,10154200,ft3/s,"['A', '[91]']",0
1995-11-07,,streamflow,10154200,ft3/s,"['A', '[91]']",0
1995-11-08,,streamflow,10154200,ft3/s,"['A', '[91]']",0
1995-11-09,,streamflow,10154200,ft3/s,"['A', '[91]']",0
1995-11-10,,streamflow,10154200,ft3/s,"['A', '[91]']",0
1995-11-11,,streamflow,10154200,ft3/s,"['A', '[91]']",0
1995-11-12,,streamflow,10154200,ft3/s,"['A', '[91]']",0
1995-11-13,,streamflow,10154200,ft3/s,"['A', '[91]']",0
1995-11-14,84.94118,streamflow,10154200,ft3/s,"['A', '[91]']",0
1995-11-15,80.958336,streamflow,10154200,ft3/s,"['A', '[91]']",0
1995-11-16,76.583336,streamflow,10154200,ft3/s,"['A', '[91]']",0
1995-11-17,74.041664,streamflow,10154200,ft3/s,"['A', '[91]']",0
1995-11-18,70.875,streamflow,10154200,ft3/s,"['A', '[91]']",0
1995-11-19,70.125,streamflow,10154200,ft3/s,"['A', '[91]']",0
1995-11-20,68.875,streamflow,10154200,ft3/s,"['A', '[91]']",0
1995-11-21,67.458336,streamflow,10154200,ft3/s,"['A', '[91]']",0
1995-11-22,67.666664,streamflow,10154200,ft3/s,"['A', '[91]']",0
1995-11-23,65.125,streamflow,10154200,ft3/s,"['A', '[91]']",0
1995-11-24,64.416664,streamflow,10154200,ft3/s,"['A', '[91]']",0
1995-11-25,65.791664,streamflow,10154200,ft3/s,"['A', '[91]']",0
1995-11-26,68.666664,streamflow,10154200,ft3/s,"['A', '[91]']",0
1995-11-27,64.416664,streamflow,10154200,ft3/s,"['A', '[91]']",0
1995-11-28,65.958336,streamflow,10154200,ft3/s,"['A', '[91]']",0
1995-11-29,76.583336,streamflow,10154200,ft3/s,"['A', '[91]']",0
1995-11-30,74.583336,streamflow,10154200,ft3/s,"['A', '[91]']",0
1995-12-01,72.541664,streamflow,10154200,ft3/s,"['A', '[91]']",0
1995-12-02,70.5,streamflow,10154200,ft3/s,"['A', '[91]']",0
1995-12-03,61.541668,streamflow,10154200,ft3/s,"['A', '[91]']",0
1995-12-04,74.291664,streamflow,10154200,ft3/s,"['A', '[91]']",0
1995-12-05,68.5,streamflow,10154200,ft3/s,"['A', '[91]']",0
1995-12-06,82.583336,streamflow,10154200,ft3/s,"['A', '[91]']",0
1995-12-07,76.791664,streamflow,10154200,ft3/s,"['A', '[91]']",0
1995-12-08,65.5,streamflow,10154200,ft3/s,"['A', '[91]']",0
1995-12-09,74.583336,streamflow,10154200,ft3/s,"['A', '[91]']",0
1995-12-10,73.916664,streamflow,10154200,ft3/s,"['A', '[91]']",0
1995-12-11,67.916664,streamflow,10154200,ft3/s,"['A', '[91]']",0
1995-12-12,70.166664,streamflow,10154200,ft3/s,"['A', '[91]']",0
1995-12-13,74.0,streamflow,10154200,ft3/s,"['A', '[91]']",0
1995-12-14,61.083332,streamflow,10154200,ft3/s,"['A', '[91]']",0
1995-12-15,59.416668,streamflow,10154200,ft3/s,"['A', '[91]']",0
1995-12-16,72.875,streamflow,10154200,ft3/s,"['A', '[91]']",0
1995-12-17,72.708336,streamflow,10154200,ft3/s,"['A', '[91]']",0
1995-12-18,56.5,streamflow,10154200,ft3/s,"['A', '[91]']",0
1995-12-19,47.125,streamflow,10154200,ft3/s,"['A', '[91]']",0
1995-12-20,57.875,streamflow,10154200,ft3/s,"['A', '[91]']",0
1995-12-21,58.875,streamflow,10154200,ft3/s,"['A', '[91]']",0
1995-12-22,46.25,streamflow,10154200,ft3/s,"['A', '[91]']",0
1995-12-23,44.416668,streamflow,10154200,ft3/s,"['A', '[91]']",0
1995-12-24,48.833332,streamflow,10154200,ft3/s,"['A', '[91]']",0
1995-12-25,54.166668,streamflow,10154200,ft3/s,"['A', '[91]']",0
1995-12-26,55.875,streamflow,10154200,ft3/s,"['A', '[91]']",0
1995-12-27,54.875,streamflow,10154200,ft3/s,"['A', '[91]']",0
1995-12-28,54.541668,streamflow,10154200,ft3/s,"['A', '[91]']",0
1995-12-29,58.833332,streamflow,10154200,ft3/s,"['A', '[91]']",0
1995-12-30,65.375,streamflow,10154200,ft3/s,"['A', '[91]']",0
1995-12-31,66.833336,streamflow,10154200,ft3/s,"['A', '[91]']",0
1996-01-01,67.166664,streamflow,10154200,ft3/s,"['A', '[91]']",0
1996-01-02,65.541664,streamflow,10154200,ft3/s,"['A', '[91]']",0
1996-01-03,67.125,streamflow,10154200,ft3/s,"['A', '[91]']",0
1996-01-04,66.583336,streamflow,10154200,ft3/s,"['A', '[91]']",0
1996-01-05,65.0,streamflow,10154200,ft3/s,"['A', '[91]']",0
1996-01-06,61.333332,streamflow,10154200,ft3/s,"['A', '[91]']",0
1996-01-07,65.125,streamflow,10154200,ft3/s,"['A', '[91]']",0
1996-01-08,62.75,streamflow,10154200,ft3/s,"['A', '[91]']",0
1996-01-09,62.291668,streamflow,10154200,ft3/s,"['A', '[91]']",0
1996-01-10,62.0,streamflow,10154200,ft3/s,"['A', '[91]']",0
1996-01-11,60.25,streamflow,10154200,ft3/s,"['A', '[91]']",0
1996-01-12,59.916668,streamflow,10154200,ft3/s,"['A', '[91]']",0
1996-01-13,59.916668,streamflow,10154200,ft3/s,"['A', '[91]']",0
1996-01-14,59.333332,streamflow,10154200,ft3/s,"['A', '[91]']",0
1996-01-15,59.041668,streamflow,10154200,ft3/s,"['A', '[91]']",0
1996-01-16,60.083332,streamflow,10154200,ft3/s,"['A', '[91]']",0
1996-01-17,61.875,streamflow,10154200,ft3/s,"['A', '[91]']",0
1996-01-18,55.583332,streamflow,10154200,ft3/s,"['A', '[91]']",0
1996-01-19,65.291664,streamflow,10154200,ft3/s,"['A', '[91]']",0
1996-01-20,68.416664,streamflow,10154200,ft3/s,"['A', '[91]']",0
1996-01-21,69.083336,streamflow,10154200,ft3/s,"['A', '[91]']",0
1996-01-22,69.916664,streamflow,10154200,ft3/s,"['A', '[91]']",0
1996-01-23,65.458336,streamflow,10154200,ft3/s,"['A', '[91]']",0
1996-01-24,66.416664,streamflow,10154200,ft3/s,"['A', '[91]']",0
1996-01-25,65.833336,streamflow,10154200,ft3/s,"['A', '[91]']",0
1996-01-26,64.166664,streamflow,10154200,ft3/s,"['A', '[91]']",0
1996-01-27,62.541668,streamflow,10154200,ft3/s,"['A', '[91]']",0
1996-01-28,69.5,streamflow,10154200,ft3/s,"['A', '[91]']",0
1996-01-29,67.333336,streamflow,10154200,ft3/s,"['A', '[91]']",0
1996-01-30,70.958336,streamflow,10154200,ft3/s,"['A', '[91]']",0
1996-01-31,73.416664,streamflow,10154200,ft3/s,"['A', '[91]']",0
1996-02-01,71.416664,streamflow,10154200,ft3/s,"['A', '[91]']",0
1996-02-02,63.916668,streamflow,10154200,ft3/s,"['A', '[91]']",0
1996-02-03,59.416668,streamflow,10154200,ft3/s,"['A', '[91]']",0
1996-02-04,62.0,streamflow,10154200,ft3/s,"['A', '[91]']",0
1996-02-05,70.875,streamflow,10154200,ft3/s,"['A', '[91]']",0
1996-02-06,64.0,streamflow,10154200,ft3/s,"['A', '[91]']",0
1996-02-07,63.625,streamflow,10154200,ft3/s,"['A', '[91]']",0
1996-02-08,63.375,streamflow,10154200,ft3/s,"['A', '[91]']",0
1996-02-09,63.666668,streamflow,10154200,ft3/s,"['A', '[91]']",0
1996-02-10,64.0,streamflow,10154200,ft3/s,"['A', '[91]']",0
1996-02-11,63.458332,streamflow,10154200,ft3/s,"['A', '[91]']",0
1996-02-12,62.166668,streamflow,10154200,ft3/s,"['A', '[91]']",0
1996-02-13,62.458332,streamflow,10154200,ft3/s,"['A', '[91]']",0
1996-02-14,63.708332,streamflow,10154200,ft3/s,"['A', '[91]']",0
1996-02-15,63.291668,streamflow,10154200,ft3/s,"['A', '[91]']",0
1996-02-16,64.833336,streamflow,10154200,ft3/s,"['A', '[91]']",0
1996-02-17,67.208336,streamflow,10154200,ft3/s,"['A', '[91]']",0
1996-02-18,68.708336,streamflow,10154200,ft3/s,"['A', '[91]']",0
1996-02-19,67.833336,streamflow,10154200,ft3/s,"['A', '[91]']",0
1996-02-20,69.166664,streamflow,10154200,ft3/s,"['A', '[91]']",0
1996-02-21,70.708336,streamflow,10154200,ft3/s,"['A', '[91]']",0
1996-02-22,73.708336,streamflow,10154200,ft3/s,"['A', '[91]']",0
1996-02-23,66.666664,streamflow,10154200,ft3/s,"['A', '[91]']",0
1996-02-24,70.166664,streamflow,10154200,ft3/s,"['A', '[91]']",0
1996-02-25,72.666664,streamflow,10154200,ft3/s,"['A', '[91]']",0
1996-02-26,75.458336,streamflow,10154200,ft3/s,"['A', '[92]']",0
1996-02-27,76.625,streamflow,10154200,ft3/s,"['A', '[92]']",0
1996-02-28,82.71429,streamflow,10154200,ft3/s,"['A', '[92]']",0
1996-02-29,115.23529,streamflow,10154200,ft3/s,"['A', '[92]']",0
1996-03-01,121.125,streamflow,10154200,ft3/s,"['A', '[92]']",0
1996-03-02,115.791664,streamflow,10154200,ft3/s,"['A', '[92]']",0
1996-03-03,111.666664,streamflow,10154200,ft3/s,"['A', '[92]']",0
1996-03-04,107.958336,streamflow,10154200,ft3/s,"['A', '[92]']",0
1996-03-05,105.958336,streamflow,10154200,ft3/s,"['A', '[92]']",0
1996-03-06,102.166664,streamflow,10154200,ft3/s,"['A', '[92]']",0
1996-03-07,95.75,streamflow,10154200,ft3/s,"['A', '[92]']",0
1996-03-08,96.291664,streamflow,10154200,ft3/s,"['A', '[92]']",0
1996-03-09,96.916664,streamflow,10154200,ft3/s,"['A', '[92]']",0
1996-03-10,99.541664,streamflow,10154200,ft3/s,"['A', '[92]']",0
1996-03-11,103.333336,streamflow,10154200,ft3/s,"['A', '[92]']",0
1996-03-12,102.75,streamflow,10154200,ft3/s,"['A', '[92]']",0
1996-03-13,100.666664,streamflow,10154200,ft3/s,"['A', '[92]']",0
1996-03-14,95.75,streamflow,10154200,ft3/s,"['A', '[92]']",0
1996-03-15,91.0,streamflow,10154200,ft3/s,"['A', '[92]']",0
1996-03-16,92.5,streamflow,10154200,ft3/s,"['A', '[92]']",0
1996-03-17,90.333336,streamflow,10154200,ft3/s,"['A', '[92]']",0
1996-03-18,85.666664,streamflow,10154200,ft3/s,"['A', '[92]']",0
1996-03-19,85.041664,streamflow,10154200,ft3/s,"['A', '[92]']",0
1996-03-20,87.875,streamflow,10154200,ft3/s,"['A', '[92]']",0
1996-03-21,95.75,streamflow,10154200,ft3/s,"['A', '[91]']",0
1996-03-22,105.75,streamflow,10154200,ft3/s,"['A', '[91]']",0
1996-03-23,117.25,streamflow,10154200,ft3/s,"['A', '[91]']",0
1996-03-24,111.083336,streamflow,10154200,ft3/s,"['A', '[91]']",0
1996-03-25,102.375,streamflow,10154200,ft3/s,"['A', '[91]']",0
1996-03-26,88.875,streamflow,10154200,ft3/s,"['A', '[91]']",0
1996-03-27,99.333336,streamflow,10154200,ft3/s,"['A', '[91]']",0
1996-03-28,98.041664,streamflow,10154200,ft3/s,"['A', '[91]']",0
1996-03-29,99.208336,streamflow,10154200,ft3/s,"['A', '[91]']",0
1996-03-30,97.25,streamflow,10154200,ft3/s,"['A', '[91]']",0
1996-03-31,97.541664,streamflow,10154200,ft3/s,"['A', '[91]']",0
1996-04-01,115.375,streamflow,10154200,ft3/s,"['A', '[91]']",0
1996-04-02,144.75,streamflow,10154200,ft3/s,"['A', '[91]']",0
1996-04-03,137.625,streamflow,10154200,ft3/s,"['A', '[91]']",0
1996-04-04,143.25,streamflow,10154200,ft3/s,"['A', '[91]']",0
1996-04-05,135.875,streamflow,10154200,ft3/s,"['A', '[91]']",0
1996-04-06,147.58333,streamflow,10154200,ft3/s,"['A', '[91]']",0
1996-04-07,177.54167,streamflow,10154200,ft3/s,"['A', '[91]']",0
1996-04-08,245.52,streamflow,10154200,ft3/s,"['A', '[91]']",0
1996-04-09,346.76,streamflow,10154200,ft3/s,"['A', '[91]']",0
1996-04-10,445.88,streamflow,10154200,ft3/s,"['A', '[91]']",0
1996-04-11,402.88,streamflow,10154200,ft3/s,"['A', '[91]']",0
1996-04-12,337.4,streamflow,10154200,ft3/s,"['A', '[91]']",0
1996-04-13,285.56,streamflow,10154200,ft3/s,"['A', '[91]']",0
1996-04-14,242.68,streamflow,10154200,ft3/s,"['A', '[92]']",0
1996-04-15,234.48,streamflow,10154200,ft3/s,"['A', '[92]']",0
1996-04-16,244.04167,streamflow,10154200,ft3/s,"['A', '[92]']",0
1996-04-17,248.0,streamflow,10154200,ft3/s,"['A', '[92]']",0
1996-04-18,224.625,streamflow,10154200,ft3/s,"['A', '[92]']",0
1996-04-19,214.20833,streamflow,10154200,ft3/s,"['A', '[92]']",0
1996-04-20,204.20833,streamflow,10154200,ft3/s,"['A', '[92]']",0
1996-04-21,191.04167,streamflow,10154200,ft3/s,"['A', '[92]']",0
1996-04-22,184.625,streamflow,10154200,ft3/s,"['A', '[92]']",0
1996-04-23,188.79167,streamflow,10154200,ft3/s,"['A', '[92]']",0
1996-04-24,237.375,streamflow,10154200,ft3/s,"['A', '[92]']",0
1996-04-25,253.375,streamflow,10154200,ft3/s,"['A', '[92]']",0
1996-04-26,287.79166,streamflow,10154200,ft3/s,"['A', '[92]']",0
1996-04-27,342.75,streamflow,10154200,ft3/s,"['A', '[92]']",0
1996-04-28,322.625,streamflow,10154200,ft3/s,"['A', '[92]']",0
1996-04-29,295.58334,streamflow,10154200,ft3/s,"['A', '[92]']",0
1996-04-30,321.16666,streamflow,10154200,ft3/s,"['A', '[92]']",0
1996-05-01,400.79166,streamflow,10154200,ft3/s,"['A', '[92]']",0
1996-05-02,440.70834,streamflow,10154200,ft3/s,"['A', '[92]']",0
1996-05-03,496.41666,streamflow,10154200,ft3/s,"['A', '[92]']",0
1996-05-04,513.125,streamflow,10154200,ft3/s,"['A', '[92]']",0
1996-05-05,549.4167,streamflow,10154200,ft3/s,"['A', '[92]']",0
1996-05-06,686.0833,streamflow,10154200,ft3/s,"['A', '[92]']",0
1996-05-07,798.5833,streamflow,10154200,ft3/s,"['A', '[92]']",0
1996-05-08,789.4167,streamflow,10154200,ft3/s,"['A', '[91]']",0
1996-05-09,839.5833,streamflow,10154200,ft3/s,"['A', '[91]']",0
1996-05-10,821.7917,streamflow,10154200,ft3/s,"['A', '[91]']",0
1996-05-11,927.2083,streamflow,10154200,ft3/s,"['A', '[91]']",0
1996-05-12,1163.0416,streamflow,10154200,ft3/s,"['A', '[91]']",0
1996-05-13,1500.4166,streamflow,10154200,ft3/s,"['A', '[91]']",0
1996-05-14,1753.75,streamflow,10154200,ft3/s,"['A', '[91]']",0
1996-05-15,1889.1666,streamflow,10154200,ft3/s,"['A', '[91]']",0
1996-05-16,2095.8333,streamflow,10154200,ft3/s,"['A', '[91]']",0
1996-05-17,2242.5,streamflow,10154200,ft3/s,"['A', '[91]']",0
1996-05-18,1991.6666,streamflow,10154200,ft3/s,"['A', '[91]']",0
1996-05-19,1630.8334,streamflow,10154200,ft3/s,"['A', '[91]']",0
1996-05-20,1275.8334,streamflow,10154200,ft3/s,"['A', '[91]']",0
1996-05-21,1151.25,streamflow,10154200,ft3/s,"['A', '[91]']",0
1996-05-22,1146.25,streamflow,10154200,ft3/s,"['A', '[91]']",0
1996-05-23,1309.1666,streamflow,10154200,ft3/s,"['A', '[91]']",0
1996-05-24,1089.0834,streamflow,10154200,ft3/s,"['A', '[91]']",0
1996-05-25,956.625,streamflow,10154200,ft3/s,"['A', '[91]']",0
1996-05-26,888.4167,streamflow,10154200,ft3/s,"['A', '[91]']",0
1996-05-27,849.5,streamflow,10154200,ft3/s,"['A', '[91]']",0
1996-05-28,973.8333,streamflow,10154200,ft3/s,"['A', '[91]']",0
1996-05-29,921.9583,streamflow,10154200,ft3/s,"['A', '[91]']",0
1996-05-30,919.1667,streamflow,10154200,ft3/s,"['A', '[91]']",0
1996-05-31,929.125,streamflow,10154200,ft3/s,"['A', '[91]']",0
1996-06-01,952.375,streamflow,10154200,ft3/s,"['A', '[91]']",0
1996-06-02,1124.4166,streamflow,10154200,ft3/s,"['A', '[91]']",0
1996-06-03,1352.0834,streamflow,10154200,ft3/s,"['A', '[91]']",0
1996-06-04,1530.8334,streamflow,10154200,ft3/s,"['A', '[91]']",0
1996-06-05,1409.5834,streamflow,10154200,ft3/s,"['A', '[91]']",0
1996-06-06,1497.0834,streamflow,10154200,ft3/s,"['A', '[91]']",0
1996-06-07,1431.25,streamflow,10154200,ft3/s,"['A', '[91]']",0
1996-06-08,1420.8334,streamflow,10154200,ft3/s,"['A', '[91]']",0
1996-06-09,1447.5,streamflow,10154200,ft3/s,"['A', '[91]']",0
1996-06-10,1384.1666,streamflow,10154200,ft3/s,"['A', '[91]']",0
1996-06-11,1186.25,streamflow,10154200,ft3/s,"['A', '[91]']",0
1996-06-12,1133.75,streamflow,10154200,ft3/s,"['A', '[91]']",0
1996-06-13,1039.0416,streamflow,10154200,ft3/s,"['A', '[91]']",0
1996-06-14,944.9167,streamflow,10154200,ft3/s,"['A', '[91]']",0
1996-06-15,1301.6666,streamflow,10154200,ft3/s,"['A', '[91]']",0
1996-06-16,1213.75,streamflow,10154200,ft3/s,"['A', '[91]']",0
1996-06-17,1160.0,streamflow,10154200,ft3/s,"['A', '[91]']",0
1996-06-18,1105.4166,streamflow,10154200,ft3/s,"['A', '[91]']",0
1996-06-19,674.875,streamflow,10154200,ft3/s,"['A', '[91]']",0
1996-06-20,592.7917,streamflow,10154200,ft3/s,"['A', '[91]']",0
1996-06-21,533.0417,streamflow,10154200,ft3/s,"['A', '[91]']",0
1996-06-22,804.0833,streamflow,10154200,ft3/s,"['A', '[91]']",0
1996-06-23,694.2083,streamflow,10154200,ft3/s,"['A', '[91]']",0
1996-06-24,630.5,streamflow,10154200,ft3/s,"['A', '[91]']",0
1996-06-25,589.2083,streamflow,10154200,ft3/s,"['A', '[91]']",0
1996-06-26,540.5833,streamflow,10154200,ft3/s,"['A', '[91]']",0
1996-06-27,587.1667,streamflow,10154200,ft3/s,"['A', '[91]']",0
1996-06-28,599.5,streamflow,10154200,ft3/s,"['A', '[91]']",0
1996-06-29,473.16666,streamflow,10154200,ft3/s,"['A', '[91]']",0
1996-06-30,418.45834,streamflow,10154200,ft3/s,"['A', '[91]']",0
1996-07-01,385.25,streamflow,10154200,ft3/s,"['A', '[91]']",0
1996-07-02,356.0,streamflow,10154200,ft3/s,"['A', '[91]']",0
1996-07-03,330.41666,streamflow,10154200,ft3/s,"['A', '[91]']",0
1996-07-04,305.0,streamflow,10154200,ft3/s,"['A', '[91]']",0
1996-07-05,302.625,streamflow,10154200,ft3/s,"['A', '[91]']",0
1996-07-06,277.70834,streamflow,10154200,ft3/s,"['A', '[91]']",0
1996-07-07,243.29167,streamflow,10154200,ft3/s,"['A', '[91]']",0
1996-07-08,223.54167,streamflow,10154200,ft3/s,"['A', '[91]']",0
1996-07-09,214.29167,streamflow,10154200,ft3/s,"['A', '[91]']",0
1996-07-10,209.66667,streamflow,10154200,ft3/s,"['A', '[91]']",0
1996-07-11,195.125,streamflow,10154200,ft3/s,"['A', '[91]']",0
1996-07-12,182.91667,streamflow,10154200,ft3/s,"['A', '[91]']",0
1996-07-13,175.95833,streamflow,10154200,ft3/s,"['A', '[91]']",0
1996-07-14,167.91667,streamflow,10154200,ft3/s,"['A', '[91]']",0
1996-07-15,162.125,streamflow,10154200,ft3/s,"['A', '[91]']",0
1996-07-16,158.83333,streamflow,10154200,ft3/s,"['A', '[91]']",0
1996-07-17,175.70833,streamflow,10154200,ft3/s,"['A', '[91]']",0
1996-07-18,163.5,streamflow,10154200,ft3/s,"['A', '[91]']",0
1996-07-19,149.0,streamflow,10154200,ft3/s,"['A', '[91]']",0
1996-07-20,144.0,streamflow,10154200,ft3/s,"['A', '[91]']",0
1996-07-21,136.5,streamflow,10154200,ft3/s,"['A', '[91]']",0
1996-07-22,134.33333,streamflow,10154200,ft3/s,"['A', '[91]']",0
1996-07-23,129.20833,streamflow,10154200,ft3/s,"['A', '[91]']",0
1996-07-24,122.25,streamflow,10154200,ft3/s,"['A', '[91]']",0
1996-07-25,133.625,streamflow,10154200,ft3/s,"['A', '[91]']",0
1996-07-26,134.66667,streamflow,10154200,ft3/s,"['A', '[91]']",0
1996-07-27,132.08333,streamflow,10154200,ft3/s,"['A', '[91]']",0
1996-07-28,143.58333,streamflow,10154200,ft3/s,"['A', '[91]']",0
1996-07-29,147.66667,streamflow,10154200,ft3/s,"['A', '[91]']",0
1996-07-30,124.791664,streamflow,10154200,ft3/s,"['A', '[91]']",0
1996-07-31,122.875,streamflow,10154200,ft3/s,"['A', '[91]']",0
1996-08-01,121.583336,streamflow,10154200,ft3/s,"['A', '[91]']",0
1996-08-02,120.041664,streamflow,10154200,ft3/s,"['A', '[91]']",0
1996-08-03,120.5,streamflow,10154200,ft3/s,"['A', '[91]']",0
1996-08-04,120.166664,streamflow,10154200,ft3/s,"['A', '[91]']",0
1996-08-05,114.583336,streamflow,10154200,ft3/s,"['A', '[91]']",0
1996-08-06,111.458336,streamflow,10154200,ft3/s,"['A', '[91]']",0
1996-08-07,107.666664,streamflow,10154200,ft3/s,"['A', '[91]']",0
1996-08-08,102.458336,streamflow,10154200,ft3/s,"['A', '[91]']",0
1996-08-09,100.75,streamflow,10154200,ft3/s,"['A', '[91]']",0
1996-08-10,98.666664,streamflow,10154200,ft3/s,"['A', '[91]']",0
1996-08-11,97.833336,streamflow,10154200,ft3/s,"['A', '[91]']",0
1996-08-12,93.083336,streamflow,10154200,ft3/s,"['A', '[91]']",0
1996-08-13,93.25,streamflow,10154200,ft3/s,"['A', '[91]']",0
1996-08-14,89.125,streamflow,10154200,ft3/s,"['A', '[91]']",0
1996-08-15,92.791664,streamflow,10154200,ft3/s,"['A', '[91]']",0
1996-08-16,93.625,streamflow,10154200,ft3/s,"['A', '[91]']",0
1996-08-17,94.208336,streamflow,10154200,ft3/s,"['A', '[91]']",0
1996-08-18,97.708336,streamflow,10154200,ft3/s,"['A', '[91]']",0
1996-08-19,95.916664,streamflow,10154200,ft3/s,"['A', '[91]']",0
1996-08-20,93.375,streamflow,10154200,ft3/s,"['A', '[91]']",0
1996-08-21,93.083336,streamflow,10154200,ft3/s,"['A', '[91]']",0
1996-08-22,93.208336,streamflow,10154200,ft3/s,"['A', '[91]']",0
1996-08-23,90.833336,streamflow,10154200,ft3/s,"['A', '[91]']",0
1996-08-24,88.958336,streamflow,10154200,ft3/s,"['A', '[91]']",0
1996-08-25,88.541664,streamflow,10154200,ft3/s,"['A', '[91]']",0
1996-08-26,90.25,streamflow,10154200,ft3/s,"['A', '[91]']",0
1996-08-27,88.875,streamflow,10154200,ft3/s,"['A', '[91]']",0
1996-08-28,97.25,streamflow,10154200,ft3/s,"['A', '[91]']",0
1996-08-29,101.458336,streamflow,10154200,ft3/s,"['A', '[91]']",0
1996-08-30,101.041664,streamflow,10154200,ft3/s,"['A', '[91]']",0
1996-08-31,88.375,streamflow,10154200,ft3/s,"['A', '[91]']",0
1996-09-01,83.958336,streamflow,10154200,ft3/s,"['A', '[91]']",0
1996-09-02,80.708336,streamflow,10154200,ft3/s,"['A', '[91]']",0
1996-09-03,80.125,streamflow,10154200,ft3/s,"['A', '[91]']",0
1996-09-04,81.25,streamflow,10154200,ft3/s,"['A', '[91]']",0
1996-09-05,86.833336,streamflow,10154200,ft3/s,"['A', '[91]']",0
1996-09-06,93.375,streamflow,10154200,ft3/s,"['A', '[91]']",0
1996-09-07,90.916664,streamflow,10154200,ft3/s,"['A', '[91]']",0
1996-09-08,88.416664,streamflow,10154200,ft3/s,"['A', '[91]']",0
1996-09-09,85.791664,streamflow,10154200,ft3/s,"['A', '[91]']",0
1996-09-10,86.0,streamflow,10154200,ft3/s,"['A', '[91]']",0
1996-09-11,88.666664,streamflow,10154200,ft3/s,"['A', '[91]']",0
1996-09-12,88.208336,streamflow,10154200,ft3/s,"['A', '[91]']",0
1996-09-13,96.666664,streamflow,10154200,ft3/s,"['A', '[91]']",0
1996-09-14,109.458336,streamflow,10154200,ft3/s,"['A', '[91]']",0
1996-09-15,97.625,streamflow,10154200,ft3/s,"['A', '[91]']",0
1996-09-16,87.708336,streamflow,10154200,ft3/s,"['A', '[91]']",0
1996-09-17,102.416664,streamflow,10154200,ft3/s,"['A', '[91]']",0
1996-09-18,92.041664,streamflow,10154200,ft3/s,"['A', '[91]']",0
1996-09-19,85.5,streamflow,10154200,ft3/s,"['A', '[91]']",0
1996-09-20,81.666664,streamflow,10154200,ft3/s,"['A', '[91]']",0
1996-09-21,79.958336,streamflow,10154200,ft3/s,"['A', '[91]']",0
1996-09-22,78.333336,streamflow,10154200,ft3/s,"['A', '[91]']",0
1996-09-23,74.375,streamflow,10154200,ft3/s,"['A', '[91]']",0
1996-09-24,71.666664,streamflow,10154200,ft3/s,"['A', '[91]']",0
1996-09-25,69.583336,streamflow,10154200,ft3/s,"['A', '[91]']",0
1996-09-26,67.708336,streamflow,10154200,ft3/s,"['A', '[91]']",0
1996-09-27,66.833336,streamflow,10154200,ft3/s,"['A', '[91]']",0
1996-09-28,65.833336,streamflow,10154200,ft3/s,"['A', '[91]']",0
1996-09-29,64.625,streamflow,10154200,ft3/s,"['A', '[91]']",0
1996-09-30,63.75,streamflow,10154200,ft3/s,"['A', '[91]']",0
1996-10-01,62.833332,streamflow,10154200,ft3/s,"['A', '[91]']",0
1996-10-02,62.291668,streamflow,10154200,ft3/s,"['A', '[91]']",0
1996-10-03,62.875,streamflow,10154200,ft3/s,"['A', '[91]']",0
1996-10-04,66.333336,streamflow,10154200,ft3/s,"['A', '[91]']",0
1996-10-05,64.375,streamflow,10154200,ft3/s,"['A', '[91]']",0
1996-10-06,62.583332,streamflow,10154200,ft3/s,"['A', '[91]']",0
1996-10-07,60.875,streamflow,10154200,ft3/s,"['A', '[91]']",0
1996-10-08,59.416668,streamflow,10154200,ft3/s,"['A', '[91]']",0
1996-10-09,59.0,streamflow,10154200,ft3/s,"['A', '[91]']",0
1996-10-10,58.625,streamflow,10154200,ft3/s,"['A', '[91]']",0
1996-10-11,57.916668,streamflow,10154200,ft3/s,"['A', '[91]']",0
1996-10-12,57.875,streamflow,10154200,ft3/s,"['A', '[91]']",0
1996-10-13,57.416668,streamflow,10154200,ft3/s,"['A', '[91]']",0
1996-10-14,59.916668,streamflow,10154200,ft3/s,"['A', '[91]']",0
1996-10-15,61.541668,streamflow,10154200,ft3/s,"['A', '[91]']",0
1996-10-16,60.666668,streamflow,10154200,ft3/s,"['A', '[91]']",0
1996-10-17,59.25,streamflow,10154200,ft3/s,"['A', '[91]']",0
1996-10-18,59.375,streamflow,10154200,ft3/s,"['A', '[91]']",0
1996-10-19,64.333336,streamflow,10154200,ft3/s,"['A', '[91]']",0
1996-10-20,65.708336,streamflow,10154200,ft3/s,"['A', '[91]']",0
1996-10-21,59.583332,streamflow,10154200,ft3/s,"['A', '[91]']",0
1996-10-22,55.958332,streamflow,10154200,ft3/s,"['A', '[91]']",0
1996-10-23,65.666664,streamflow,10154200,ft3/s,"['A', '[91]']",0
1996-10-24,62.666668,streamflow,10154200,ft3/s,"['A', '[91]']",0
1996-10-25,67.791664,streamflow,10154200,ft3/s,"['A', '[91]']",0
1996-10-26,66.333336,streamflow,10154200,ft3/s,"['A', '[91]']",0
1996-10-27,55.04348,streamflow,10154200,ft3/s,"['A', '[91]']",0
1996-10-28,69.375,streamflow,10154200,ft3/s,"['A', '[91]']",0
1996-10-29,71.958336,streamflow,10154200,ft3/s,"['A', '[91]']",0
1996-10-30,73.0,streamflow,10154200,ft3/s,"['A', '[91]']",0
1996-10-31,72.666664,streamflow,10154200,ft3/s,"['A', '[91]']",0
1996-11-01,72.25,streamflow,10154200,ft3/s,"['A', '[91]']",0
1996-11-02,67.708336,streamflow,10154200,ft3/s,"['A', '[91]']",0
1996-11-03,74.333336,streamflow,10154200,ft3/s,"['A', '[91]']",0
1996-11-04,72.333336,streamflow,10154200,ft3/s,"['A', '[91]']",0
1996-11-05,76.541664,streamflow,10154200,ft3/s,"['A', '[91]']",0
1996-11-06,54.583332,streamflow,10154200,ft3/s,"['A', '[91]']",0
1996-11-07,68.75,streamflow,10154200,ft3/s,"['A', '[91]']",0
1996-11-08,76.75,streamflow,10154200,ft3/s,"['A', '[91]']",0
1996-11-09,74.958336,streamflow,10154200,ft3/s,"['A', '[91]']",0
1996-11-10,71.083336,streamflow,10154200,ft3/s,"['A', '[91]']",0
1996-11-11,69.375,streamflow,10154200,ft3/s,"['A', '[91]']",0
1996-11-12,75.291664,streamflow,10154200,ft3/s,"['A', '[91]']",0
1996-11-13,73.291664,streamflow,10154200,ft3/s,"['A', '[91]']",0
1996-11-14,73.25,streamflow,10154200,ft3/s,"['A', '[91]']",0
1996-11-15,59.916668,streamflow,10154200,ft3/s,"['A', '[91]']",0
1996-11-16,73.833336,streamflow,10154200,ft3/s,"['A', '[91]']",0
1996-11-17,55.0,streamflow,10154200,ft3/s,"['A', '[91]']",0
1996-11-18,70.666664,streamflow,10154200,ft3/s,"['A', '[91]']",0
1996-11-19,87.541664,streamflow,10154200,ft3/s,"['A', '[91]']",0
1996-11-20,89.541664,streamflow,10154200,ft3/s,"['A', '[91]']",0
1996-11-21,81.041664,streamflow,10154200,ft3/s,"['A', '[91]']",0
1996-11-22,92.041664,streamflow,10154200,ft3/s,"['A', '[91]']",0
1996-11-23,105.75,streamflow,10154200,ft3/s,"['A', '[91]']",0
1996-11-24,75.5,streamflow,10154200,ft3/s,"['A', '[91]']",0
1996-11-25,92.416664,streamflow,10154200,ft3/s,"['A', '[91]']",0
1996-11-26,65.666664,streamflow,10154200,ft3/s,"['A', '[91]']",0
1996-11-27,51.958332,streamflow,10154200,ft3/s,"['A', '[91]']",0
1996-11-28,66.541664,streamflow,10154200,ft3/s,"['A', '[91]']",0
1996-11-29,84.416664,streamflow,10154200,ft3/s,"['A', '[91]']",0
1996-11-30,69.916664,streamflow,10154200,ft3/s,"['A', '[91]']",0
1996-12-01,66.041664,streamflow,10154200,ft3/s,"['A', '[91]']",0
1996-12-02,68.75,streamflow,10154200,ft3/s,"['A', '[91]']",0
1996-12-03,59.208332,streamflow,10154200,ft3/s,"['A', '[91]']",0
1996-12-04,69.5,streamflow,10154200,ft3/s,"['A', '[91]']",0
1996-12-05,69.416664,streamflow,10154200,ft3/s,"['A', '[91]']",0
1996-12-06,70.75,streamflow,10154200,ft3/s,"['A', '[91]']",0
1996-12-07,78.0,streamflow,10154200,ft3/s,"['A', '[91]']",0
1996-12-08,84.583336,streamflow,10154200,ft3/s,"['A', '[91]']",0
1996-12-09,81.083336,streamflow,10154200,ft3/s,"['A', '[91]']",0
1996-12-10,79.208336,streamflow,10154200,ft3/s,"['A', '[92]']",0
1996-12-11,78.916664,streamflow,10154200,ft3/s,"['A', '[92]']",0
1996-12-12,80.375,streamflow,10154200,ft3/s,"['A', '[92]']",0
1996-12-13,85.25,streamflow,10154200,ft3/s,"['A', '[92]']",0
1996-12-14,83.291664,streamflow,10154200,ft3/s,"['A', '[92]']",0
1996-12-15,66.541664,streamflow,10154200,ft3/s,"['A', '[92]']",0
1996-12-16,83.916664,streamflow,10154200,ft3/s,"['A', '[92]']",0
1996-12-17,69.916664,streamflow,10154200,ft3/s,"['A', '[92]']",0
1996-12-18,58.208332,streamflow,10154200,ft3/s,"['A', '[92]']",0
1996-12-19,69.458336,streamflow,10154200,ft3/s,"['A', '[92]']",0
1996-12-20,69.25,streamflow,10154200,ft3/s,"['A', '[92]']",0
1996-12-21,74.041664,streamflow,10154200,ft3/s,"['A', '[92]']",0
1996-12-22,83.916664,streamflow,10154200,ft3/s,"['A', '[92]']",0
1996-12-23,83.708336,streamflow,10154200,ft3/s,"['A', '[92]']",0
1996-12-24,82.708336,streamflow,10154200,ft3/s,"['A', '[92]']",0
1996-12-25,82.083336,streamflow,10154200,ft3/s,"['A', '[92]']",0
1996-12-26,82.958336,streamflow,10154200,ft3/s,"['A', '[92]']",0
1996-12-27,83.25,streamflow,10154200,ft3/s,"['A', '[92]']",0
1996-12-28,85.416664,streamflow,10154200,ft3/s,"['A', '[92]']",0
1996-12-29,86.333336,streamflow,10154200,ft3/s,"['A', '[92]']",0
1996-12-30,82.958336,streamflow,10154200,ft3/s,"['A', '[92]']",0
1996-12-31,80.5,streamflow,10154200,ft3/s,"['A', '[92]']",0
1997-01-01,79.625,streamflow,10154200,ft3/s,"['A', '[92]']",0
1997-01-02,79.083336,streamflow,10154200,ft3/s,"['A', '[92]']",0
1997-01-03,86.875,streamflow,10154200,ft3/s,"['A', '[91]']",0
1997-01-04,90.71429,streamflow,10154200,ft3/s,"['A', '[91]']",0
1997-01-05,,streamflow,10154200,ft3/s,"['A', '[91]']",0
1997-01-06,,streamflow,10154200,ft3/s,"['A', '[91]']",0
1997-01-07,,streamflow,10154200,ft3/s,"['A', '[91]']",0
1997-01-08,82.0,streamflow,10154200,ft3/s,"['A', '[91]']",0
1997-01-09,88.083336,streamflow,10154200,ft3/s,"['A', '[91]']",0
1997-01-10,89.416664,streamflow,10154200,ft3/s,"['A', '[91]']",0
1997-01-11,87.208336,streamflow,10154200,ft3/s,"['A', '[91]']",0
1997-01-12,79.875,streamflow,10154200,ft3/s,"['A', '[91]']",0
1997-01-13,75.041664,streamflow,10154200,ft3/s,"['A', '[91]']",0
1997-01-14,76.958336,streamflow,10154200,ft3/s,"['A', '[91]']",0
1997-01-15,77.708336,streamflow,10154200,ft3/s,"['A', '[91]']",0
1997-01-16,79.0,streamflow,10154200,ft3/s,"['A', '[91]']",0
1997-01-17,78.0,streamflow,10154200,ft3/s,"['A', '[91]']",0
1997-01-18,79.666664,streamflow,10154200,ft3/s,"['A', '[91]']",0
1997-01-19,82.0,streamflow,10154200,ft3/s,"['A', '[91]']",0
1997-01-20,80.958336,streamflow,10154200,ft3/s,"['A', '[91]']",0
1997-01-21,79.083336,streamflow,10154200,ft3/s,"['A', '[91]']",0
1997-01-22,77.5,streamflow,10154200,ft3/s,"['A', '[91]']",0
1997-01-23,78.333336,streamflow,10154200,ft3/s,"['A', '[91]']",0
1997-01-24,71.041664,streamflow,10154200,ft3/s,"['A', '[91]']",0
1997-01-25,78.25,streamflow,10154200,ft3/s,"['A', '[91]']",0
1997-01-26,82.666664,streamflow,10154200,ft3/s,"['A', '[91]']",0
1997-01-27,86.708336,streamflow,10154200,ft3/s,"['A', '[91]']",0
1997-01-28,84.625,streamflow,10154200,ft3/s,"['A', '[91]']",0
1997-01-29,85.708336,streamflow,10154200,ft3/s,"['A', '[91]']",0
1997-01-30,78.708336,streamflow,10154200,ft3/s,"['A', '[91]']",0
1997-01-31,79.208336,streamflow,10154200,ft3/s,"['A', '[91]']",0
1997-02-01,77.208336,streamflow,10154200,ft3/s,"['A', '[91]']",0
1997-02-02,76.25,streamflow,10154200,ft3/s,"['A', '[91]']",0
1997-02-03,75.333336,streamflow,10154200,ft3/s,"['A', '[91]']",0
1997-02-04,74.791664,streamflow,10154200,ft3/s,"['A', '[91]']",0
1997-02-05,74.833336,streamflow,10154200,ft3/s,"['A', '[91]']",0
1997-02-06,69.416664,streamflow,10154200,ft3/s,"['A', '[91]']",0
1997-02-07,63.916668,streamflow,10154200,ft3/s,"['A', '[91]']",0
1997-02-08,66.416664,streamflow,10154200,ft3/s,"['A', '[91]']",0
1997-02-09,71.458336,streamflow,10154200,ft3/s,"['A', '[91]']",0
1997-02-10,72.833336,streamflow,10154200,ft3/s,"['A', '[91]']",0
1997-02-11,79.083336,streamflow,10154200,ft3/s,"['A', '[91]']",0
1997-02-12,85.666664,streamflow,10154200,ft3/s,"['A', '[91]']",0
1997-02-13,85.791664,streamflow,10154200,ft3/s,"['A', '[91]']",0
1997-02-14,80.833336,streamflow,10154200,ft3/s,"['A', '[91]']",0
1997-02-15,83.833336,streamflow,10154200,ft3/s,"['A', '[91]']",0
1997-02-16,79.583336,streamflow,10154200,ft3/s,"['A', '[91]']",0
1997-02-17,79.708336,streamflow,10154200,ft3/s,"['A', '[91]']",0
1997-02-18,78.916664,streamflow,10154200,ft3/s,"['A', '[91]']",0
1997-02-19,69.458336,streamflow,10154200,ft3/s,"['A', '[91]']",0
1997-02-20,82.375,streamflow,10154200,ft3/s,"['A', '[91]']",0
1997-02-21,61.708332,streamflow,10154200,ft3/s,"['A', '[91]']",0
1997-02-22,70.85714,streamflow,10154200,ft3/s,"['A', '[91]']",0
1997-02-23,,streamflow,10154200,ft3/s,"['A', '[91]']",0
1997-02-24,,streamflow,10154200,ft3/s,"['A', '[91]']",0
1997-02-25,,streamflow,10154200,ft3/s,"['A', '[91]']",0
1997-02-26,67.17647,streamflow,10154200,ft3/s,"['A', '[91]']",0
1997-02-27,70.52,streamflow,10154200,ft3/s,"['A', '[91]']",0
1997-02-28,69.0,streamflow,10154200,ft3/s,"['A', '[91]']",0
1997-03-01,63.56,streamflow,10154200,ft3/s,"['A', '[91]']",0
1997-03-02,69.44,streamflow,10154200,ft3/s,"['A', '[91]']",0
1997-03-03,67.96,streamflow,10154200,ft3/s,"['A', '[91]']",0
1997-03-04,64.56,streamflow,10154200,ft3/s,"['A', '[91]']",0
1997-03-05,67.88,streamflow,10154200,ft3/s,"['A', '[91]']",0
1997-03-06,67.24,streamflow,10154200,ft3/s,"['A', '[91]']",0
1997-03-07,65.8,streamflow,10154200,ft3/s,"['A', '[91]']",0
1997-03-08,66.76,streamflow,10154200,ft3/s,"['A', '[91]']",0
1997-03-09,62.36,streamflow,10154200,ft3/s,"['A', '[91]']",0
1997-03-10,65.36,streamflow,10154200,ft3/s,"['A', '[91]']",0
1997-03-11,69.96,streamflow,10154200,ft3/s,"['A', '[91]']",0
1997-03-12,73.96,streamflow,10154200,ft3/s,"['A', '[91]']",0
1997-03-13,79.6,streamflow,10154200,ft3/s,"['A', '[91]']",0
1997-03-14,70.36,streamflow,10154200,ft3/s,"['A', '[91]']",0
1997-03-15,79.76,streamflow,10154200,ft3/s,"['A', '[91]']",0
1997-03-16,76.28,streamflow,10154200,ft3/s,"['A', '[91]']",0
1997-03-17,84.16,streamflow,10154200,ft3/s,"['A', '[91]']",0
1997-03-18,80.92,streamflow,10154200,ft3/s,"['A', '[91]']",0
1997-03-19,89.28,streamflow,10154200,ft3/s,"['A', '[91]']",0
1997-03-20,105.72,streamflow,10154200,ft3/s,"['A', '[91]']",0
1997-03-21,133.24,streamflow,10154200,ft3/s,"['A', '[91]']",0
1997-03-22,149.44,streamflow,10154200,ft3/s,"['A', '[91]']",0
1997-03-23,155.92,streamflow,10154200,ft3/s,"['A', '[91]']",0
1997-03-24,174.84,streamflow,10154200,ft3/s,"['A', '[91]']",0
1997-03-25,150.0,streamflow,10154200,ft3/s,"['A', '[91]']",0
1997-03-26,153.8,streamflow,10154200,ft3/s,"['A', '[91]']",0
1997-03-27,167.48,streamflow,10154200,ft3/s,"['A', '[91]']",0
1997-03-28,157.36,streamflow,10154200,ft3/s,"['A', '[91]']",0
1997-03-29,150.04,streamflow,10154200,ft3/s,"['A', '[91]']",0
1997-03-30,148.64,streamflow,10154200,ft3/s,"['A', '[91]']",0
1997-03-31,158.28,streamflow,10154200,ft3/s,"['A', '[91]']",0
1997-04-01,157.4,streamflow,10154200,ft3/s,"['A', '[91]']",0
1997-04-02,144.68,streamflow,10154200,ft3/s,"['A', '[91]']",0
1997-04-03,146.72,streamflow,10154200,ft3/s,"['A', '[91]']",0
1997-04-04,159.2,streamflow,10154200,ft3/s,"['A', '[91]']",0
1997-04-05,155.6,streamflow,10154200,ft3/s,"['A', '[91]']",0
1997-04-06,142.04,streamflow,10154200,ft3/s,"['A', '[91]']",0
1997-04-07,142.68,streamflow,10154200,ft3/s,"['A', '[91]']",0
1997-04-08,144.4,streamflow,10154200,ft3/s,"['A', '[91]']",0
1997-04-09,144.0,streamflow,10154200,ft3/s,"['A', '[91]']",0
1997-04-10,145.04,streamflow,10154200,ft3/s,"['A', '[91]']",0
1997-04-11,132.8,streamflow,10154200,ft3/s,"['A', '[91]']",0
1997-04-12,128.76,streamflow,10154200,ft3/s,"['A', '[91]']",0
1997-04-13,123.76,streamflow,10154200,ft3/s,"['A', '[91]']",0
1997-04-14,138.48,streamflow,10154200,ft3/s,"['A', '[91]']",0
1997-04-15,135.5,streamflow,10154200,ft3/s,"['A', '[91]']",0
1997-04-16,155.0,streamflow,10154200,ft3/s,"['A', '[91]']",0
1997-04-17,199.54167,streamflow,10154200,ft3/s,"['A', '[91]']",0
1997-04-18,245.70833,streamflow,10154200,ft3/s,"['A', '[91]']",0
1997-04-19,315.95834,streamflow,10154200,ft3/s,"['A', '[91]']",0
1997-04-20,343.33334,streamflow,10154200,ft3/s,"['A', '[91]']",0
1997-04-21,416.33334,streamflow,10154200,ft3/s,"['A', '[91]']",0
1997-04-22,362.83334,streamflow,10154200,ft3/s,"['A', '[91]']",0
1997-04-23,323.45834,streamflow,10154200,ft3/s,"['A', '[91]']",0
1997-04-24,299.875,streamflow,10154200,ft3/s,"['A', '[91]']",0
1997-04-25,280.04166,streamflow,10154200,ft3/s,"['A', '[91]']",0
1997-04-26,284.33334,streamflow,10154200,ft3/s,"['A', '[91]']",0
1997-04-27,335.66666,streamflow,10154200,ft3/s,"['A', '[91]']",0
1997-04-28,460.625,streamflow,10154200,ft3/s,"['A', '[91]']",0
1997-04-29,505.83334,streamflow,10154200,ft3/s,"['A', '[91]']",0
1997-04-30,437.375,streamflow,10154200,ft3/s,"['A', '[91]']",0
1997-05-01,408.04166,streamflow,10154200,ft3/s,"['A', '[91]']",0
1997-05-02,353.33334,streamflow,10154200,ft3/s,"['A', '[91]']",0
1997-05-03,327.25,streamflow,10154200,ft3/s,"['A', '[91]']",0
1997-05-04,334.41666,streamflow,10154200,ft3/s,"['A', '[91]']",0
1997-05-05,436.83334,streamflow,10154200,ft3/s,"['A', '[91]']",0
1997-05-06,,streamflow,10154200,ft3/s,"['A', '[91]']",0
1997-05-07,,streamflow,10154200,ft3/s,"['A', '[91]']",0
1997-05-08,,streamflow,10154200,ft3/s,"['A', '[91]']",0
1997-05-09,885.44446,streamflow,10154200,ft3/s,"['A', '[91]']",0
1997-05-10,1046.0416,streamflow,10154200,ft3/s,"['A', '[91]']",0
1997-05-11,1206.6666,streamflow,10154200,ft3/s,"['A', '[91]']",0
1997-05-12,1370.4166,streamflow,10154200,ft3/s,"['A', '[91]']",0
1997-05-13,1566.6666,streamflow,10154200,ft3/s,"['A', '[91]']",0
1997-05-14,1657.9166,streamflow,10154200,ft3/s,"['A', '[91]']",0
1997-05-15,1936.6666,streamflow,10154200,ft3/s,"['A', '[91]']",0
1997-05-16,2111.25,streamflow,10154200,ft3/s,"['A', '[91]']",0
1997-05-17,2142.0833,streamflow,10154200,ft3/s,"['A', '[91]']",0
1997-05-18,2439.1667,streamflow,10154200,ft3/s,"['A', '[91]']",0
1997-05-19,2305.0,streamflow,10154200,ft3/s,"['A', '[91]']",0
1997-05-20,2225.4167,streamflow,10154200,ft3/s,"['A', '[91]']",0
1997-05-21,2093.75,streamflow,10154200,ft3/s,"['A', '[91]']",0
1997-05-22,2076.25,streamflow,10154200,ft3/s,"['A', '[91]']",0
1997-05-23,2049.5833,streamflow,10154200,ft3/s,"['A', '[91]']",0
1997-05-24,1942.0834,streamflow,10154200,ft3/s,"['A', '[91]']",0
1997-05-25,1675.0,streamflow,10154200,ft3/s,"['A', '[91]']",0
1997-05-26,1299.5834,streamflow,10154200,ft3/s,"['A', '[91]']",0
1997-05-27,1051.75,streamflow,10154200,ft3/s,"['A', '[91]']",0
1997-05-28,934.1667,streamflow,10154200,ft3/s,"['A', '[91]']",0
1997-05-29,964.5417,streamflow,10154200,ft3/s,"['A', '[91]']",0
1997-05-30,1104.5416,streamflow,10154200,ft3/s,"['A', '[91]']",0
1997-05-31,1481.6666,streamflow,10154200,ft3/s,"['A', '[91]']",0
1997-06-01,1758.3334,streamflow,10154200,ft3/s,"['A', '[91]']",0
1997-06-02,1872.9166,streamflow,10154200,ft3/s,"['A', '[91]']",0
1997-06-03,2229.1667,streamflow,10154200,ft3/s,"['A', '[91]']",0
1997-06-04,2230.8333,streamflow,10154200,ft3/s,"['A', '[91]']",0
1997-06-05,2262.5,streamflow,10154200,ft3/s,"['A', '[91]']",0
1997-06-06,2011.25,streamflow,10154200,ft3/s,"['A', '[91]']",0
1997-06-07,1669.1666,streamflow,10154200,ft3/s,"['A', '[91]']",0
1997-06-08,1630.8334,streamflow,10154200,ft3/s,"['A', '[91]']",0
1997-06-09,1650.0,streamflow,10154200,ft3/s,"['A', '[91]']",0
1997-06-10,1360.0,streamflow,10154200,ft3/s,"['A', '[91]']",0
1997-06-11,1263.75,streamflow,10154200,ft3/s,"['A', '[91]']",0
1997-06-12,1081.0416,streamflow,10154200,ft3/s,"['A', '[91]']",0
1997-06-13,1085.7916,streamflow,10154200,ft3/s,"['A', '[91]']",0
1997-06-14,958.6667,streamflow,10154200,ft3/s,"['A', '[91]']",0
1997-06-15,885.125,streamflow,10154200,ft3/s,"['A', '[91]']",0
1997-06-16,789.4583,streamflow,10154200,ft3/s,"['A', '[91]']",0
1997-06-17,750.9583,streamflow,10154200,ft3/s,"['A', '[91]']",0
1997-06-18,785.0417,streamflow,10154200,ft3/s,"['A', '[91]']",0
1997-06-19,829.3333,streamflow,10154200,ft3/s,"['A', '[91]']",0
1997-06-20,809.1667,streamflow,10154200,ft3/s,"['A', '[91]']",0
1997-06-21,726.0,streamflow,10154200,ft3/s,"['A', '[91]']",0
1997-06-22,619.1667,streamflow,10154200,ft3/s,"['A', '[91]']",0
1997-06-23,538.75,streamflow,10154200,ft3/s,"['A', '[91]']",0
1997-06-24,467.79166,streamflow,10154200,ft3/s,"['A', '[91]']",0
1997-06-25,419.58334,streamflow,10154200,ft3/s,"['A', '[91]']",0
1997-06-26,365.04166,streamflow,10154200,ft3/s,"['A', '[91]']",0
1997-06-27,326.16666,streamflow,10154200,ft3/s,"['A', '[91]']",0
1997-06-28,297.5,streamflow,10154200,ft3/s,"['A', '[91]']",0
1997-06-29,296.54166,streamflow,10154200,ft3/s,"['A', '[91]']",0
1997-06-30,367.54166,streamflow,10154200,ft3/s,"['A', '[91]']",0
1997-07-01,340.66666,streamflow,10154200,ft3/s,"['A', '[91]']",0
1997-07-02,315.375,streamflow,10154200,ft3/s,"['A', '[91]']",0
1997-07-03,295.5,streamflow,10154200,ft3/s,"['A', '[91]']",0
1997-07-04,277.45834,streamflow,10154200,ft3/s,"['A', '[91]']",0
1997-07-05,265.0,streamflow,10154200,ft3/s,"['A', '[91]']",0
1997-07-06,252.70833,streamflow,10154200,ft3/s,"['A', '[91]']",0
1997-07-07,242.29167,streamflow,10154200,ft3/s,"['A', '[91]']",0
1997-07-08,232.54167,streamflow,10154200,ft3/s,"['A', '[91]']",0
1997-07-09,221.58333,streamflow,10154200,ft3/s,"['A', '[91]']",0
1997-07-10,211.29167,streamflow,10154200,ft3/s,"['A', '[91]']",0
1997-07-11,206.58333,streamflow,10154200,ft3/s,"['A', '[91]']",0
1997-07-12,209.16667,streamflow,10154200,ft3/s,"['A', '[91]']",0
1997-07-13,211.875,streamflow,10154200,ft3/s,"['A', '[91]']",0
1997-07-14,190.83333,streamflow,10154200,ft3/s,"['A', '[91]']",0
1997-07-15,173.79167,streamflow,10154200,ft3/s,"['A', '[91]']",0
1997-07-16,167.91667,streamflow,10154200,ft3/s,"['A', '[91]']",0
1997-07-17,156.5,streamflow,10154200,ft3/s,"['A', '[91]']",0
1997-07-18,154.58333,streamflow,10154200,ft3/s,"['A', '[91]']",0
1997-07-19,157.08333,streamflow,10154200,ft3/s,"['A', '[91]']",0
1997-07-20,164.375,streamflow,10154200,ft3/s,"['A', '[91]']",0
1997-07-21,151.16667,streamflow,10154200,ft3/s,"['A', '[91]']",0
1997-07-22,148.33333,streamflow,10154200,ft3/s,"['A', '[91]']",0
1997-07-23,157.41667,streamflow,10154200,ft3/s,"['A', '[91]']",0
1997-07-24,182.45833,streamflow,10154200,ft3/s,"['A', '[91]']",0
1997-07-25,155.66667,streamflow,10154200,ft3/s,"['A', '[91]']",0
1997-07-26,149.75,streamflow,10154200,ft3/s,"['A', '[91]']",0
1997-07-27,143.41667,streamflow,10154200,ft3/s,"['A', '[91]']",0
1997-07-28,151.125,streamflow,10154200,ft3/s,"['A', '[91]']",0
1997-07-29,162.95833,streamflow,10154200,ft3/s,"['A', '[91]']",0
1997-07-30,154.20833,streamflow,10154200,ft3/s,"['A', '[91]']",0
1997-07-31,160.83333,streamflow,10154200,ft3/s,"['A', '[91]']",0
1997-08-01,163.75,streamflow,10154200,ft3/s,"['A', '[91]']",0
1997-08-02,154.0,streamflow,10154200,ft3/s,"['A', '[91]']",0
1997-08-03,147.41667,streamflow,10154200,ft3/s,"['A', '[91]']",0
1997-08-04,152.625,streamflow,10154200,ft3/s,"['A', '[91]']",0
1997-08-05,193.91667,streamflow,10154200,ft3/s,"['A', '[91]']",0
1997-08-06,167.0,streamflow,10154200,ft3/s,"['A', '[91]']",0
1997-08-07,164.375,streamflow,10154200,ft3/s,"['A', '[91]']",0
1997-08-08,154.16667,streamflow,10154200,ft3/s,"['A', '[91]']",0
1997-08-09,148.5,streamflow,10154200,ft3/s,"['A', '[91]']",0
1997-08-10,155.91667,streamflow,10154200,ft3/s,"['A', '[91]']",0
1997-08-11,157.25,streamflow,10154200,ft3/s,"['A', '[91]']",0
1997-08-12,164.125,streamflow,10154200,ft3/s,"['A', '[91]']",0
1997-08-13,180.29167,streamflow,10154200,ft3/s,"['A', '[91]']",0
1997-08-14,160.20833,streamflow,10154200,ft3/s,"['A', '[91]']",0
1997-08-15,152.41667,streamflow,10154200,ft3/s,"['A', '[91]']",0
1997-08-16,145.58333,streamflow,10154200,ft3/s,"['A', '[91]']",0
1997-08-17,142.91667,streamflow,10154200,ft3/s,"['A', '[91]']",0
1997-08-18,144.75,streamflow,10154200,ft3/s,"['A', '[91]']",0
1997-08-19,140.0,streamflow,10154200,ft3/s,"['A', '[91]']",0
1997-08-20,130.5,streamflow,10154200,ft3/s,"['A', '[91]']",0
1997-08-21,135.79167,streamflow,10154200,ft3/s,"['A', '[91]']",0
1997-08-22,133.0,streamflow,10154200,ft3/s,"['A', '[91]']",0
1997-08-23,128.66667,streamflow,10154200,ft3/s,"['A', '[91]']",0
1997-08-24,126.083336,streamflow,10154200,ft3/s,"['A', '[91]']",0
1997-08-25,123.583336,streamflow,10154200,ft3/s,"['A', '[91]']",0
1997-08-26,120.416664,streamflow,10154200,ft3/s,"['A', '[91]']",0
1997-08-27,120.333336,streamflow,10154200,ft3/s,"['A', '[91]']",0
1997-08-28,117.0,streamflow,10154200,ft3/s,"['A', '[91]']",0
1997-08-29,115.25,streamflow,10154200,ft3/s,"['A', '[91]']",0
1997-08-30,113.208336,streamflow,10154200,ft3/s,"['A', '[91]']",0
1997-08-31,118.75,streamflow,10154200,ft3/s,"['A', '[91]']",0
1997-09-01,119.958336,streamflow,10154200,ft3/s,"['A', '[91]']",0
1997-09-02,124.833336,streamflow,10154200,ft3/s,"['A', '[91]']",0
1997-09-03,127.166664,streamflow,10154200,ft3/s,"['A', '[91]']",0
1997-09-04,128.54167,streamflow,10154200,ft3/s,"['A', '[91]']",0
1997-09-05,122.666664,streamflow,10154200,ft3/s,"['A', '[91]']",0
1997-09-06,122.083336,streamflow,10154200,ft3/s,"['A', '[91]']",0
1997-09-07,118.666664,streamflow,10154200,ft3/s,"['A', '[91]']",0
1997-09-08,120.333336,streamflow,10154200,ft3/s,"['A', '[91]']",0
1997-09-09,105.791664,streamflow,10154200,ft3/s,"['A', '[91]']",0
1997-09-10,102.291664,streamflow,10154200,ft3/s,"['A', '[91]']",0
1997-09-11,99.166664,streamflow,10154200,ft3/s,"['A', '[91]']",0
1997-09-12,106.0,streamflow,10154200,ft3/s,"['A', '[91]']",0
1997-09-13,94.541664,streamflow,10154200,ft3/s,"['A', '[91]']",0
1997-09-14,99.916664,streamflow,10154200,ft3/s,"['A', '[91]']",0
1997-09-15,92.916664,streamflow,10154200,ft3/s,"['A', '[91]']",0
1997-09-16,113.208336,streamflow,10154200,ft3/s,"['A', '[91]']",0
1997-09-17,98.541664,streamflow,10154200,ft3/s,"['A', '[91]']",0
1997-09-18,91.166664,streamflow,10154200,ft3/s,"['A', '[91]']",0
1997-09-19,159.41667,streamflow,10154200,ft3/s,"['A', '[91]']",0
1997-09-20,154.41667,streamflow,10154200,ft3/s,"['A', '[91]']",0
1997-09-21,144.25,streamflow,10154200,ft3/s,"['A', '[91]']",0
1997-09-22,127.583336,streamflow,10154200,ft3/s,"['A', '[91]']",0
1997-09-23,116.791664,streamflow,10154200,ft3/s,"['A', '[91]']",0
1997-09-24,110.5,streamflow,10154200,ft3/s,"['A', '[91]']",0
1997-09-25,100.041664,streamflow,10154200,ft3/s,"['A', '[91]']",0
1997-09-26,110.708336,streamflow,10154200,ft3/s,"['A', '[91]']",0
1997-09-27,144.66667,streamflow,10154200,ft3/s,"['A', '[91]']",0
1997-09-28,123.375,streamflow,10154200,ft3/s,"['A', '[91]']",0
1997-09-29,107.625,streamflow,10154200,ft3/s,"['A', '[91]']",0
1997-09-30,101.625,streamflow,10154200,ft3/s,"['A', '[91]']",0
1997-10-01,98.458336,streamflow,10154200,ft3/s,"['A', '[91]']",0
1997-10-02,97.583336,streamflow,10154200,ft3/s,"['A', '[91]']",0
1997-10-03,115.375,streamflow,10154200,ft3/s,"['A', '[91]']",0
1997-10-04,105.25,streamflow,10154200,ft3/s,"['A', '[91]']",0
1997-10-05,97.75,streamflow,10154200,ft3/s,"['A', '[91]']",0
1997-10-06,95.5,streamflow,10154200,ft3/s,"['A', '[91]']",0
1997-10-07,95.958336,streamflow,10154200,ft3/s,"['A', '[91]']",0
1997-10-08,106.166664,streamflow,10154200,ft3/s,"['A', '[91]']",0
1997-10-09,102.125,streamflow,10154200,ft3/s,"['A', '[91]']",0
1997-10-10,99.375,streamflow,10154200,ft3/s,"['A', '[91]']",0
1997-10-11,102.166664,streamflow,10154200,ft3/s,"['A', '[91]']",0
1997-10-12,108.208336,streamflow,10154200,ft3/s,"['A', '[91]']",0
1997-10-13,98.833336,streamflow,10154200,ft3/s,"['A', '[91]']",0
1997-10-14,104.541664,streamflow,10154200,ft3/s,"['A', '[91]']",0
1997-10-15,110.666664,streamflow,10154200,ft3/s,"['A', '[91]']",0
1997-10-16,110.625,streamflow,10154200,ft3/s,"['A', '[91]']",0
1997-10-17,109.416664,streamflow,10154200,ft3/s,"['A', '[91]']",0
1997-10-18,107.083336,streamflow,10154200,ft3/s,"['A', '[91]']",0
1997-10-19,103.208336,streamflow,10154200,ft3/s,"['A', '[91]']",0
1997-10-20,99.916664,streamflow,10154200,ft3/s,"['A', '[91]']",0
1997-10-21,98.958336,streamflow,10154200,ft3/s,"['A', '[91]']",0
1997-10-22,95.875,streamflow,10154200,ft3/s,"['A', '[91]']",0
1997-10-23,95.583336,streamflow,10154200,ft3/s,"['A', '[91]']",0
1997-10-24,99.833336,streamflow,10154200,ft3/s,"['A', '[91]']",0
1997-10-25,92.875,streamflow,10154200,ft3/s,"['A', '[91]']",0
1997-10-26,87.04348,streamflow,10154200,ft3/s,"['A', '[91]']",0
1997-10-27,101.666664,streamflow,10154200,ft3/s,"['A', '[91]']",0
1997-10-28,103.166664,streamflow,10154200,ft3/s,"['A', '[91]']",0
1997-10-29,100.208336,streamflow,10154200,ft3/s,"['A', '[91]']",0
1997-10-30,98.208336,streamflow,10154200,ft3/s,"['A', '[91]']",0
1997-10-31,101.0,streamflow,10154200,ft3/s,"['A', '[91]']",0
1997-11-01,107.041664,streamflow,10154200,ft3/s,"['A', '[91]']",0
1997-11-02,90.416664,streamflow,10154200,ft3/s,"['A', '[91]']",0
1997-11-03,93.666664,streamflow,10154200,ft3/s,"['A', '[91]']",0
1997-11-04,93.541664,streamflow,10154200,ft3/s,"['A', '[91]']",0
1997-11-05,92.833336,streamflow,10154200,ft3/s,"['A', '[91]']",0
1997-11-06,92.083336,streamflow,10154200,ft3/s,"['A', '[91]']",0
1997-11-07,91.5,streamflow,10154200,ft3/s,"['A', '[91]']",0
1997-11-08,90.833336,streamflow,10154200,ft3/s,"['A', '[91]']",0
1997-11-09,92.583336,streamflow,10154200,ft3/s,"['A', '[91]']",0
1997-11-10,89.208336,streamflow,10154200,ft3/s,"['A', '[91]']",0
1997-11-11,90.125,streamflow,10154200,ft3/s,"['A', '[91]']",0
1997-11-12,90.625,streamflow,10154200,ft3/s,"['A', '[91]']",0
1997-11-13,88.25,streamflow,10154200,ft3/s,"['A', '[91]']",0
1997-11-14,78.416664,streamflow,10154200,ft3/s,"['A', '[91]']",0
1997-11-15,57.083332,streamflow,10154200,ft3/s,"['A', '[91]']",0
1997-11-16,66.083336,streamflow,10154200,ft3/s,"['A', '[91]']",0
1997-11-17,89.583336,streamflow,10154200,ft3/s,"['A', '[91]']",0
1997-11-18,90.666664,streamflow,10154200,ft3/s,"['A', '[91]']",0
1997-11-19,90.083336,streamflow,10154200,ft3/s,"['A', '[91]']",0
1997-11-20,91.666664,streamflow,10154200,ft3/s,"['A', '[91]']",0
1997-11-21,89.583336,streamflow,10154200,ft3/s,"['A', '[91]']",0
1997-11-22,82.625,streamflow,10154200,ft3/s,"['A', '[91]']",0
1997-11-23,83.666664,streamflow,10154200,ft3/s,"['A', '[91]']",0
1997-11-24,87.083336,streamflow,10154200,ft3/s,"['A', '[91]']",0
1997-11-25,89.333336,streamflow,10154200,ft3/s,"['A', '[91]']",0
1997-11-26,82.625,streamflow,10154200,ft3/s,"['A', '[91]']",0
1997-11-27,89.541664,streamflow,10154200,ft3/s,"['A', '[91]']",0
1997-11-28,90.416664,streamflow,10154200,ft3/s,"['A', '[91]']",0
1997-11-29,80.291664,streamflow,10154200,ft3/s,"['A', '[91]']",0
1997-11-30,88.583336,streamflow,10154200,ft3/s,"['A', '[91]']",0
1997-12-01,87.875,streamflow,10154200,ft3/s,"['A', '[91]']",0
1997-12-02,89.208336,streamflow,10154200,ft3/s,"['A', '[91]']",0
1997-12-03,71.458336,streamflow,10154200,ft3/s,"['A', '[91]']",0
1997-12-04,57.708332,streamflow,10154200,ft3/s,"['A', '[91]']",0
1997-12-05,74.958336,streamflow,10154200,ft3/s,"['A', '[92]']",0
1997-12-06,87.875,streamflow,10154200,ft3/s,"['A', '[92]']",0
1997-12-07,93.083336,streamflow,10154200,ft3/s,"['A', '[92]']",0
1997-12-08,89.625,streamflow,10154200,ft3/s,"['A', '[92]']",0
1997-12-09,85.333336,streamflow,10154200,ft3/s,"['A', '[92]']",0
1997-12-10,81.875,streamflow,10154200,ft3/s,"['A', '[92]']",0
1997-12-11,59.958332,streamflow,10154200,ft3/s,"['A', '[92]']",0
1997-12-12,60.458332,streamflow,10154200,ft3/s,"['A', '[92]']",0
1997-12-13,73.166664,streamflow,10154200,ft3/s,"['A', '[92]']",0
1997-12-14,83.083336,streamflow,10154200,ft3/s,"['A', '[92]']",0
1997-12-15,93.5,streamflow,10154200,ft3/s,"['A', '[92]']",0
1997-12-16,85.875,streamflow,10154200,ft3/s,"['A', '[92]']",0
1997-12-17,82.916664,streamflow,10154200,ft3/s,"['A', '[92]']",0
1997-12-18,81.208336,streamflow,10154200,ft3/s,"['A', '[92]']",0
1997-12-19,78.625,streamflow,10154200,ft3/s,"['A', '[92]']",0
1997-12-20,70.083336,streamflow,10154200,ft3/s,"['A', '[92]']",0
1997-12-21,76.5,streamflow,10154200,ft3/s,"['A', '[92]']",0
1997-12-22,76.208336,streamflow,10154200,ft3/s,"['A', '[92]']",0
1997-12-23,67.166664,streamflow,10154200,ft3/s,"['A', '[92]']",0
1997-12-24,72.625,streamflow,10154200,ft3/s,"['A', '[92]']",0
1997-12-25,65.583336,streamflow,10154200,ft3/s,"['A', '[92]']",0
1997-12-26,61.333332,streamflow,10154200,ft3/s,"['A', '[92]']",0
1997-12-27,63.25,streamflow,10154200,ft3/s,"['A', '[92]']",0
1997-12-28,64.375,streamflow,10154200,ft3/s,"['A', '[92]']",0
1997-12-29,70.833336,streamflow,10154200,ft3/s,"['A', '[91]']",0
1997-12-30,78.5,streamflow,10154200,ft3/s,"['A', '[91]']",0
1997-12-31,74.458336,streamflow,10154200,ft3/s,"['A', '[91]']",0
1998-01-01,72.625,streamflow,10154200,ft3/s,"['A', '[91]']",0
1998-01-02,73.625,streamflow,10154200,ft3/s,"['A', '[91]']",0
1998-01-03,74.958336,streamflow,10154200,ft3/s,"['A', '[91]']",0
1998-01-04,75.75,streamflow,10154200,ft3/s,"['A', '[91]']",0
1998-01-05,75.875,streamflow,10154200,ft3/s,"['A', '[91]']",0
1998-01-06,64.416664,streamflow,10154200,ft3/s,"['A', '[91]']",0
1998-01-07,70.625,streamflow,10154200,ft3/s,"['A', '[91]']",0
1998-01-08,81.166664,streamflow,10154200,ft3/s,"['A', '[91]']",0
1998-01-09,67.416664,streamflow,10154200,ft3/s,"['A', '[91]']",0
1998-01-10,72.791664,streamflow,10154200,ft3/s,"['A', '[91]']",0
1998-01-11,74.708336,streamflow,10154200,ft3/s,"['A', '[91]']",0
1998-01-12,74.375,streamflow,10154200,ft3/s,"['A', '[91]']",0
1998-01-13,76.416664,streamflow,10154200,ft3/s,"['A', '[91]']",0
1998-01-14,75.791664,streamflow,10154200,ft3/s,"['A', '[91]']",0
1998-01-15,81.916664,streamflow,10154200,ft3/s,"['A', '[91]']",0
1998-01-16,83.833336,streamflow,10154200,ft3/s,"['A', '[91]']",0
1998-01-17,85.166664,streamflow,10154200,ft3/s,"['A', '[91]']",0
1998-01-18,78.0,streamflow,10154200,ft3/s,"['A', '[91]']",0
1998-01-19,85.625,streamflow,10154200,ft3/s,"['A', '[91]']",0
1998-01-20,85.958336,streamflow,10154200,ft3/s,"['A', '[91]']",0
1998-01-21,75.541664,streamflow,10154200,ft3/s,"['A', '[91]']",0
1998-01-22,73.583336,streamflow,10154200,ft3/s,"['A', '[91]']",0
1998-01-23,87.333336,streamflow,10154200,ft3/s,"['A', '[91]']",0
1998-01-24,83.708336,streamflow,10154200,ft3/s,"['A', '[91]']",0
1998-01-25,81.083336,streamflow,10154200,ft3/s,"['A', '[91]']",0
1998-01-26,77.625,streamflow,10154200,ft3/s,"['A', '[91]']",0
1998-01-27,77.541664,streamflow,10154200,ft3/s,"['A', '[91]']",0
1998-01-28,75.5,streamflow,10154200,ft3/s,"['A', '[91]']",0
1998-01-29,75.708336,streamflow,10154200,ft3/s,"['A', '[91]']",0
1998-01-30,79.291664,streamflow,10154200,ft3/s,"['A', '[91]']",0
1998-01-31,78.166664,streamflow,10154200,ft3/s,"['A', '[91]']",0
1998-02-01,69.0,streamflow,10154200,ft3/s,"['A', '[91]']",0
1998-02-02,80.416664,streamflow,10154200,ft3/s,"['A', '[91]']",0
1998-02-03,78.625,streamflow,10154200,ft3/s,"['A', '[91]']",0
1998-02-04,77.75,streamflow,10154200,ft3/s,"['A', '[91]']",0
1998-02-05,77.583336,streamflow,10154200,ft3/s,"['A', '[91]']",0
1998-02-06,72.916664,streamflow,10154200,ft3/s,"['A', '[91]']",0
1998-02-07,78.291664,streamflow,10154200,ft3/s,"['A', '[91]']",0
1998-02-08,75.791664,streamflow,10154200,ft3/s,"['A', '[91]']",0
1998-02-09,72.666664,streamflow,10154200,ft3/s,"['A', '[91]']",0
1998-02-10,67.333336,streamflow,10154200,ft3/s,"['A', '[91]']",0
1998-02-11,72.916664,streamflow,10154200,ft3/s,"['A', '[91]']",0
1998-02-12,75.791664,streamflow,10154200,ft3/s,"['A', '[91]']",0
1998-02-13,79.208336,streamflow,10154200,ft3/s,"['A', '[91]']",0
1998-02-14,76.958336,streamflow,10154200,ft3/s,"['A', '[91]']",0
1998-02-15,74.583336,streamflow,10154200,ft3/s,"['A', '[91]']",0
1998-02-16,75.583336,streamflow,10154200,ft3/s,"['A', '[91]']",0
1998-02-17,73.125,streamflow,10154200,ft3/s,"['A', '[91]']",0
1998-02-18,72.25,streamflow,10154200,ft3/s,"['A', '[91]']",0
1998-02-19,62.75,streamflow,10154200,ft3/s,"['A', '[91]']",0
1998-02-20,74.75,streamflow,10154200,ft3/s,"['A', '[91]']",0
1998-02-21,73.375,streamflow,10154200,ft3/s,"['A', '[91]']",0
1998-02-22,72.041664,streamflow,10154200,ft3/s,"['A', '[91]']",0
1998-02-23,71.166664,streamflow,10154200,ft3/s,"['A', '[91]']",0
1998-02-24,73.625,streamflow,10154200,ft3/s,"['A', '[91]']",0
1998-02-25,73.333336,streamflow,10154200,ft3/s,"['A', '[91]']",0
1998-02-26,74.25,streamflow,10154200,ft3/s,"['A', '[91]']",0
1998-02-27,65.5,streamflow,10154200,ft3/s,"['A', '[91]']",0
1998-02-28,64.25,streamflow,10154200,ft3/s,"['A', '[91]']",0
1998-03-01,74.791664,streamflow,10154200,ft3/s,"['A', '[91]']",0
1998-03-02,74.25,streamflow,10154200,ft3/s,"['A', '[91]']",0
1998-03-03,73.333336,streamflow,10154200,ft3/s,"['A', '[91]']",0
1998-03-04,69.458336,streamflow,10154200,ft3/s,"['A', '[91]']",0
1998-03-05,60.458332,streamflow,10154200,ft3/s,"['A', '[91]']",0
1998-03-06,77.666664,streamflow,10154200,ft3/s,"['A', '[91]']",0
1998-03-07,63.375,streamflow,10154200,ft3/s,"['A', '[91]']",0
1998-03-08,66.166664,streamflow,10154200,ft3/s,"['A', '[91]']",0
1998-03-09,74.875,streamflow,10154200,ft3/s,"['A', '[91]']",0
1998-03-10,66.125,streamflow,10154200,ft3/s,"['A', '[91]']",0
1998-03-11,67.291664,streamflow,10154200,ft3/s,"['A', '[91]']",0
1998-03-12,66.666664,streamflow,10154200,ft3/s,"['A', '[91]']",0
1998-03-13,71.375,streamflow,10154200,ft3/s,"['A', '[91]']",0
1998-03-14,73.791664,streamflow,10154200,ft3/s,"['A', '[91]']",0
1998-03-15,77.666664,streamflow,10154200,ft3/s,"['A', '[91]']",0
1998-03-16,78.625,streamflow,10154200,ft3/s,"['A', '[91]']",0
1998-03-17,79.916664,streamflow,10154200,ft3/s,"['A', '[91]']",0
1998-03-18,75.041664,streamflow,10154200,ft3/s,"['A', '[91]']",0
1998-03-19,65.25,streamflow,10154200,ft3/s,"['A', '[91]']",0
1998-03-20,70.125,streamflow,10154200,ft3/s,"['A', '[91]']",0
1998-03-21,77.041664,streamflow,10154200,ft3/s,"['A', '[91]']",0
1998-03-22,81.666664,streamflow,10154200,ft3/s,"['A', '[91]']",0
1998-03-23,87.75,streamflow,10154200,ft3/s,"['A', '[91]']",0
1998-03-24,122.583336,streamflow,10154200,ft3/s,"['A', '[91]']",0
1998-03-25,164.83333,streamflow,10154200,ft3/s,"['A', '[91]']",0
1998-03-26,168.875,streamflow,10154200,ft3/s,"['A', '[91]']",0
1998-03-27,173.75,streamflow,10154200,ft3/s,"['A', '[91]']",0
1998-03-28,155.95833,streamflow,10154200,ft3/s,"['A', '[91]']",0
1998-03-29,140.125,streamflow,10154200,ft3/s,"['A', '[91]']",0
1998-03-30,127.916664,streamflow,10154200,ft3/s,"['A', '[91]']",0
1998-03-31,125.125,streamflow,10154200,ft3/s,"['A', '[91]']",0
1998-04-01,123.375,streamflow,10154200,ft3/s,"['A', '[91]']",0
1998-04-02,117.125,streamflow,10154200,ft3/s,"['A', '[91]']",0
1998-04-03,108.541664,streamflow,10154200,ft3/s,"['A', '[91]']",0
1998-04-04,113.458336,streamflow,10154200,ft3/s,"['A', '[91]']",0
1998-04-05,108.583336,streamflow,10154200,ft3/s,"['A', '[91]']",0
1998-04-06,108.12,streamflow,10154200,ft3/s,"['A', '[91]']",0
1998-04-07,105.4,streamflow,10154200,ft3/s,"['A', '[91]']",0
1998-04-08,104.56,streamflow,10154200,ft3/s,"['A', '[91]']",0
1998-04-09,100.2,streamflow,10154200,ft3/s,"['A', '[91]']",0
1998-04-10,107.6,streamflow,10154200,ft3/s,"['A', '[91]']",0
1998-04-11,123.8,streamflow,10154200,ft3/s,"['A', '[91]']",0
1998-04-12,138.96,streamflow,10154200,ft3/s,"['A', '[91]']",0
1998-04-13,126.76,streamflow,10154200,ft3/s,"['A', '[91]']",0
1998-04-14,122.92,streamflow,10154200,ft3/s,"['A', '[91]']",0
1998-04-15,120.64,streamflow,10154200,ft3/s,"['A', '[91]']",0
1998-04-16,116.72,streamflow,10154200,ft3/s,"['A', '[91]']",0
1998-04-17,114.8,streamflow,10154200,ft3/s,"['A', '[91]']",0
1998-04-18,111.04,streamflow,10154200,ft3/s,"['A', '[91]']",0
1998-04-19,118.76,streamflow,10154200,ft3/s,"['A', '[91]']",0
1998-04-20,118.44,streamflow,10154200,ft3/s,"['A', '[91]']",0
1998-04-21,141.48,streamflow,10154200,ft3/s,"['A', '[91]']",0
1998-04-22,184.56,streamflow,10154200,ft3/s,"['A', '[91]']",0
1998-04-23,262.32,streamflow,10154200,ft3/s,"['A', '[91]']",0
1998-04-24,379.08,streamflow,10154200,ft3/s,"['A', '[91]']",0
1998-04-25,339.52,streamflow,10154200,ft3/s,"['A', '[91]']",0
1998-04-26,313.36,streamflow,10154200,ft3/s,"['A', '[91]']",0
1998-04-27,310.5,streamflow,10154200,ft3/s,"['A', '[91]']",0
1998-04-28,328.41666,streamflow,10154200,ft3/s,"['A', '[91]']",0
1998-04-29,347.95834,streamflow,10154200,ft3/s,"['A', '[91]']",0
1998-04-30,436.08334,streamflow,10154200,ft3/s,"['A', '[91]']",0
1998-05-01,537.5,streamflow,10154200,ft3/s,"['A', '[91]']",0
1998-05-02,580.4167,streamflow,10154200,ft3/s,"['A', '[91]']",0
1998-05-03,687.2917,streamflow,10154200,ft3/s,"['A', '[91]']",0
1998-05-04,789.6667,streamflow,10154200,ft3/s,"['A', '[91]']",0
1998-05-05,684.5,streamflow,10154200,ft3/s,"['A', '[91]']",0
1998-05-06,645.3333,streamflow,10154200,ft3/s,"['A', '[91]']",0
1998-05-07,631.125,streamflow,10154200,ft3/s,"['A', '[91]']",0
1998-05-08,680.2083,streamflow,10154200,ft3/s,"['A', '[91]']",0
1998-05-09,772.5417,streamflow,10154200,ft3/s,"['A', '[91]']",0
1998-05-10,820.2083,streamflow,10154200,ft3/s,"['A', '[91]']",0
1998-05-11,743.0833,streamflow,10154200,ft3/s,"['A', '[91]']",0
1998-05-12,643.7083,streamflow,10154200,ft3/s,"['A', '[91]']",0
1998-05-13,623.25,streamflow,10154200,ft3/s,"['A', '[91]']",0
1998-05-14,569.5833,streamflow,10154200,ft3/s,"['A', '[91]']",0
1998-05-15,524.5,streamflow,10154200,ft3/s,"['A', '[91]']",0
1998-05-16,492.75,streamflow,10154200,ft3/s,"['A', '[91]']",0
1998-05-17,504.875,streamflow,10154200,ft3/s,"['A', '[91]']",0
1998-05-18,603.9583,streamflow,10154200,ft3/s,"['A', '[91]']",0
1998-05-19,750.375,streamflow,10154200,ft3/s,"['A', '[91]']",0
1998-05-20,881.4583,streamflow,10154200,ft3/s,"['A', '[91]']",0
1998-05-21,1332.5416,streamflow,10154200,ft3/s,"['A', '[91]']",0
1998-05-22,1182.5,streamflow,10154200,ft3/s,"['A', '[91]']",0
1998-05-23,920.4167,streamflow,10154200,ft3/s,"['A', '[91]']",0
1998-05-24,828.125,streamflow,10154200,ft3/s,"['A', '[91]']",0
1998-05-25,839.9167,streamflow,10154200,ft3/s,"['A', '[91]']",0
1998-05-26,1132.375,streamflow,10154200,ft3/s,"['A', '[91]']",0
1998-05-27,1068.9584,streamflow,10154200,ft3/s,"['A', '[91]']",0
1998-05-28,1224.5834,streamflow,10154200,ft3/s,"['A', '[91]']",0
1998-05-29,1447.5,streamflow,10154200,ft3/s,"['A', '[91]']",0
1998-05-30,1573.75,streamflow,10154200,ft3/s,"['A', '[91]']",0
1998-05-31,1607.9166,streamflow,10154200,ft3/s,"['A', '[91]']",0
1998-06-01,1642.5,streamflow,10154200,ft3/s,"['A', '[91]']",0
1998-06-02,1767.0834,streamflow,10154200,ft3/s,"['A', '[91]']",0
1998-06-03,1553.3334,streamflow,10154200,ft3/s,"['A', '[91]']",0
1998-06-04,1435.8334,streamflow,10154200,ft3/s,"['A', '[91]']",0
1998-06-05,1152.1666,streamflow,10154200,ft3/s,"['A', '[91]']",0
1998-06-06,876.875,streamflow,10154200,ft3/s,"['A', '[91]']",0
1998-06-07,785.5833,streamflow,10154200,ft3/s,"['A', '[91]']",0
1998-06-08,739.2083,streamflow,10154200,ft3/s,"['A', '[91]']",0
1998-06-09,795.2083,streamflow,10154200,ft3/s,"['A', '[91]']",0
1998-06-10,762.1667,streamflow,10154200,ft3/s,"['A', '[91]']",0
1998-06-11,731.25,streamflow,10154200,ft3/s,"['A', '[91]']",0
1998-06-12,734.2083,streamflow,10154200,ft3/s,"['A', '[91]']",0
1998-06-13,849.4583,streamflow,10154200,ft3/s,"['A', '[91]']",0
1998-06-14,878.1667,streamflow,10154200,ft3/s,"['A', '[91]']",0
1998-06-15,881.3333,streamflow,10154200,ft3/s,"['A', '[91]']",0
1998-06-16,852.9167,streamflow,10154200,ft3/s,"['A', '[91]']",0
1998-06-17,897.875,streamflow,10154200,ft3/s,"['A', '[91]']",0
1998-06-18,828.5417,streamflow,10154200,ft3/s,"['A', '[91]']",0
1998-06-19,1035.0,streamflow,10154200,ft3/s,"['A', '[91]']",0
1998-06-20,1066.2084,streamflow,10154200,ft3/s,"['A', '[91]']",0
1998-06-21,1010.7083,streamflow,10154200,ft3/s,"['A', '[91]']",0
1998-06-22,1081.8334,streamflow,10154200,ft3/s,"['A', '[91]']",0
1998-06-23,1078.5834,streamflow,10154200,ft3/s,"['A', '[91]']",0
1998-06-24,1017.875,streamflow,10154200,ft3/s,"['A', '[91]']",0
1998-06-25,970.7917,streamflow,10154200,ft3/s,"['A', '[91]']",0
1998-06-26,979.9583,streamflow,10154200,ft3/s,"['A', '[91]']",0
1998-06-27,975.5833,streamflow,10154200,ft3/s,"['A', '[91]']",0
1998-06-28,842.3333,streamflow,10154200,ft3/s,"['A', '[91]']",0
1998-06-29,855.375,streamflow,10154200,ft3/s,"['A', '[91]']",0
1998-06-30,832.3333,streamflow,10154200,ft3/s,"['A', '[91]']",0
1998-07-01,774.375,streamflow,10154200,ft3/s,"['A', '[91]']",0
1998-07-02,718.5833,streamflow,10154200,ft3/s,"['A', '[91]']",0
1998-07-03,658.2917,streamflow,10154200,ft3/s,"['A', '[91]']",0
1998-07-04,592.2917,streamflow,10154200,ft3/s,"['A', '[91]']",0
1998-07-05,554.7083,streamflow,10154200,ft3/s,"['A', '[91]']",0
1998-07-06,492.70834,streamflow,10154200,ft3/s,"['A', '[91]']",0
1998-07-07,464.45834,streamflow,10154200,ft3/s,"['A', '[91]']",0
1998-07-08,674.625,streamflow,10154200,ft3/s,"['A', '[91]']",0
1998-07-09,610.1667,streamflow,10154200,ft3/s,"['A', '[92]']",0
1998-07-10,533.1667,streamflow,10154200,ft3/s,"['A', '[92]']",0
1998-07-11,515.0,streamflow,10154200,ft3/s,"['A', '[92]']",0
1998-07-12,454.25,streamflow,10154200,ft3/s,"['A', '[92]']",0
1998-07-13,331.625,streamflow,10154200,ft3/s,"['A', '[92]']",0
1998-07-14,379.04166,streamflow,10154200,ft3/s,"['A', '[92]']",0
1998-07-15,352.45834,streamflow,10154200,ft3/s,"['A', '[92]']",0
1998-07-16,320.375,streamflow,10154200,ft3/s,"['A', '[92]']",0
1998-07-17,303.0,streamflow,10154200,ft3/s,"['A', '[92]']",0
1998-07-18,272.875,streamflow,10154200,ft3/s,"['A', '[92]']",0
1998-07-19,250.95833,streamflow,10154200,ft3/s,"['A', '[92]']",0
1998-07-20,239.95833,streamflow,10154200,ft3/s,"['A', '[92]']",0
1998-07-21,235.20833,streamflow,10154200,ft3/s,"['A', '[92]']",0
1998-07-22,245.875,streamflow,10154200,ft3/s,"['A', '[92]']",0
1998-07-23,234.875,streamflow,10154200,ft3/s,"['A', '[92]']",0
1998-07-24,231.66667,streamflow,10154200,ft3/s,"['A', '[92]']",0
1998-07-25,250.5,streamflow,10154200,ft3/s,"['A', '[92]']",0
1998-07-26,276.75,streamflow,10154200,ft3/s,"['A', '[92]']",0
1998-07-27,336.54166,streamflow,10154200,ft3/s,"['A', '[92]']",0
1998-07-28,333.0,streamflow,10154200,ft3/s,"['A', '[92]']",0
1998-07-29,304.33334,streamflow,10154200,ft3/s,"['A', '[92]']",0
1998-07-30,252.375,streamflow,10154200,ft3/s,"['A', '[92]']",0
1998-07-31,252.70833,streamflow,10154200,ft3/s,"['A', '[92]']",0
1998-08-01,229.625,streamflow,10154200,ft3/s,"['A', '[92]']",0
1998-08-02,214.29167,streamflow,10154200,ft3/s,"['A', '[91]']",0
1998-08-03,202.58333,streamflow,10154200,ft3/s,"['A', '[91]']",0
1998-08-04,175.79167,streamflow,10154200,ft3/s,"['A', '[91]']",0
1998-08-05,169.5,streamflow,10154200,ft3/s,"['A', '[91]']",0
1998-08-06,163.91667,streamflow,10154200,ft3/s,"['A', '[91]']",0
1998-08-07,182.45833,streamflow,10154200,ft3/s,"['A', '[91]']",0
1998-08-08,185.58333,streamflow,10154200,ft3/s,"['A', '[91]']",0
1998-08-09,185.5,streamflow,10154200,ft3/s,"['A', '[91]']",0
1998-08-10,181.58333,streamflow,10154200,ft3/s,"['A', '[91]']",0
1998-08-11,196.66667,streamflow,10154200,ft3/s,"['A', '[91]']",0
1998-08-12,177.45833,streamflow,10154200,ft3/s,"['A', '[91]']",0
1998-08-13,167.91667,streamflow,10154200,ft3/s,"['A', '[91]']",0
1998-08-14,163.83333,streamflow,10154200,ft3/s,"['A', '[91]']",0
1998-08-15,156.16667,streamflow,10154200,ft3/s,"['A', '[91]']",0
1998-08-16,150.83333,streamflow,10154200,ft3/s,"['A', '[91]']",0
1998-08-17,149.0,streamflow,10154200,ft3/s,"['A', '[91]']",0
1998-08-18,142.58333,streamflow,10154200,ft3/s,"['A', '[91]']",0
1998-08-19,150.91667,streamflow,10154200,ft3/s,"['A', '[91]']",0
1998-08-20,133.83333,streamflow,10154200,ft3/s,"['A', '[91]']",0
1998-08-21,131.54167,streamflow,10154200,ft3/s,"['A', '[91]']",0
1998-08-22,128.79167,streamflow,10154200,ft3/s,"['A', '[91]']",0
1998-08-23,121.916664,streamflow,10154200,ft3/s,"['A', '[91]']",0
1998-08-24,116.916664,streamflow,10154200,ft3/s,"['A', '[91]']",0
1998-08-25,113.583336,streamflow,10154200,ft3/s,"['A', '[91]']",0
1998-08-26,183.04167,streamflow,10154200,ft3/s,"['A', '[91]']",0
1998-08-27,221.83333,streamflow,10154200,ft3/s,"['A', '[91]']",0
1998-08-28,169.29167,streamflow,10154200,ft3/s,"['A', '[91]']",0
1998-08-29,148.58333,streamflow,10154200,ft3/s,"['A', '[91]']",0
1998-08-30,139.08333,streamflow,10154200,ft3/s,"['A', '[91]']",0
1998-08-31,132.0,streamflow,10154200,ft3/s,"['A', '[91]']",0
1998-09-01,130.08333,streamflow,10154200,ft3/s,"['A', '[91]']",0
1998-09-02,142.54167,streamflow,10154200,ft3/s,"['A', '[91]']",0
1998-09-03,132.0,streamflow,10154200,ft3/s,"['A', '[91]']",0
1998-09-04,122.0,streamflow,10154200,ft3/s,"['A', '[91]']",0
1998-09-05,120.0,streamflow,10154200,ft3/s,"['A', '[91]']",0
1998-09-06,120.833336,streamflow,10154200,ft3/s,"['A', '[91]']",0
1998-09-07,118.083336,streamflow,10154200,ft3/s,"['A', '[91]']",0
1998-09-08,115.625,streamflow,10154200,ft3/s,"['A', '[91]']",0
1998-09-09,111.791664,streamflow,10154200,ft3/s,"['A', '[91]']",0
1998-09-10,113.416664,streamflow,10154200,ft3/s,"['A', '[91]']",0
1998-09-11,123.333336,streamflow,10154200,ft3/s,"['A', '[91]']",0
1998-09-12,125.0,streamflow,10154200,ft3/s,"['A', '[91]']",0
1998-09-13,133.70833,streamflow,10154200,ft3/s,"['A', '[91]']",0
1998-09-14,124.166664,streamflow,10154200,ft3/s,"['A', '[91]']",0
1998-09-15,116.75,streamflow,10154200,ft3/s,"['A', '[91]']",0
1998-09-16,123.041664,streamflow,10154200,ft3/s,"['A', '[91]']",0
1998-09-17,121.375,streamflow,10154200,ft3/s,"['A', '[91]']",0
1998-09-18,119.25,streamflow,10154200,ft3/s,"['A', '[91]']",0
1998-09-19,117.458336,streamflow,10154200,ft3/s,"['A', '[91]']",0
1998-09-20,115.083336,streamflow,10154200,ft3/s,"['A', '[91]']",0
1998-09-21,119.0,streamflow,10154200,ft3/s,"['A', '[91]']",0
1998-09-22,126.291664,streamflow,10154200,ft3/s,"['A', '[91]']",0
1998-09-23,123.833336,streamflow,10154200,ft3/s,"['A', '[91]']",0
1998-09-24,128.08333,streamflow,10154200,ft3/s,"['A', '[91]']",0
1998-09-25,117.291664,streamflow,10154200,ft3/s,"['A', '[91]']",0
1998-09-26,117.208336,streamflow,10154200,ft3/s,"['A', '[91]']",0
1998-09-27,112.458336,streamflow,10154200,ft3/s,"['A', '[91]']",0
1998-09-28,107.916664,streamflow,10154200,ft3/s,"['A', '[91]']",0
1998-09-29,101.416664,streamflow,10154200,ft3/s,"['A', '[91]']",0
1998-09-30,106.125,streamflow,10154200,ft3/s,"['A', '[91]']",0
1998-10-01,108.916664,streamflow,10154200,ft3/s,"['A', '[91]']",0
1998-10-02,106.0,streamflow,10154200,ft3/s,"['A', '[91]']",0
1998-10-03,104.958336,streamflow,10154200,ft3/s,"['A', '[91]']",0
1998-10-04,109.166664,streamflow,10154200,ft3/s,"['A', '[91]']",0
1998-10-05,113.041664,streamflow,10154200,ft3/s,"['A', '[91]']",0
1998-10-06,113.833336,streamflow,10154200,ft3/s,"['A', '[91]']",0
1998-10-07,113.958336,streamflow,10154200,ft3/s,"['A', '[91]']",0
1998-10-08,112.333336,streamflow,10154200,ft3/s,"['A', '[91]']",0
1998-10-09,107.625,streamflow,10154200,ft3/s,"['A', '[91]']",0
1998-10-10,100.958336,streamflow,10154200,ft3/s,"['A', '[91]']",0
1998-10-11,99.208336,streamflow,10154200,ft3/s,"['A', '[91]']",0
1998-10-12,97.291664,streamflow,10154200,ft3/s,"['A', '[91]']",0
1998-10-13,92.5,streamflow,10154200,ft3/s,"['A', '[91]']",0
1998-10-14,92.916664,streamflow,10154200,ft3/s,"['A', '[91]']",0
1998-10-15,94.208336,streamflow,10154200,ft3/s,"['A', '[91]']",0
1998-10-16,94.5,streamflow,10154200,ft3/s,"['A', '[91]']",0
1998-10-17,96.625,streamflow,10154200,ft3/s,"['A', '[91]']",0
1998-10-18,95.0,streamflow,10154200,ft3/s,"['A', '[91]']",0
1998-10-19,93.208336,streamflow,10154200,ft3/s,"['A', '[91]']",0
1998-10-20,93.0,streamflow,10154200,ft3/s,"['A', '[91]']",0
1998-10-21,89.708336,streamflow,10154200,ft3/s,"['A', '[91]']",0
1998-10-22,92.5,streamflow,10154200,ft3/s,"['A', '[91]']",0
1998-10-23,93.5,streamflow,10154200,ft3/s,"['A', '[91]']",0
1998-10-24,87.333336,streamflow,10154200,ft3/s,"['A', '[91]']",0
1998-10-25,89.0,streamflow,10154200,ft3/s,"['A', '[91]']",0
1998-10-26,93.916664,streamflow,10154200,ft3/s,"['A', '[91]']",0
1998-10-27,99.583336,streamflow,10154200,ft3/s,"['A', '[91]']",0
1998-10-28,93.958336,streamflow,10154200,ft3/s,"['A', '[91]']",0
1998-10-29,90.375,streamflow,10154200,ft3/s,"['A', '[91]']",0
1998-10-30,93.791664,streamflow,10154200,ft3/s,"['A', '[91]']",0
1998-10-31,94.208336,streamflow,10154200,ft3/s,"['A', '[91]']",0
1998-11-01,94.083336,streamflow,10154200,ft3/s,"['A', '[91]']",0
1998-11-02,88.791664,streamflow,10154200,ft3/s,"['A', '[91]']",0
1998-11-03,91.125,streamflow,10154200,ft3/s,"['A', '[91]']",0
1998-11-04,81.25,streamflow,10154200,ft3/s,"['A', '[91]']",0
1998-11-05,81.458336,streamflow,10154200,ft3/s,"['A', '[91]']",0
1998-11-06,88.0,streamflow,10154200,ft3/s,"['A', '[91]']",0
1998-11-07,74.0,streamflow,10154200,ft3/s,"['A', '[91]']",0
1998-11-08,90.833336,streamflow,10154200,ft3/s,"['A', '[91]']",0
1998-11-09,74.833336,streamflow,10154200,ft3/s,"['A', '[91]']",0
1998-11-10,92.375,streamflow,10154200,ft3/s,"['A', '[91]']",0
1998-11-11,91.958336,streamflow,10154200,ft3/s,"['A', '[91]']",0
1998-11-12,85.875,streamflow,10154200,ft3/s,"['A', '[91]']",0
1998-11-13,83.541664,streamflow,10154200,ft3/s,"['A', '[91]']",0
1998-11-14,89.083336,streamflow,10154200,ft3/s,"['A', '[91]']",0
1998-11-15,89.25,streamflow,10154200,ft3/s,"['A', '[91]']",0
1998-11-16,84.0,streamflow,10154200,ft3/s,"['A', '[91]']",0
1998-11-17,87.875,streamflow,10154200,ft3/s,"['A', '[91]']",0
1998-11-18,88.833336,streamflow,10154200,ft3/s,"['A', '[91]']",0
1998-11-19,82.458336,streamflow,10154200,ft3/s,"['A', '[91]']",0
1998-11-20,64.583336,streamflow,10154200,ft3/s,"['A', '[91]']",0
1998-11-21,88.166664,streamflow,10154200,ft3/s,"['A', '[91]']",0
1998-11-22,92.416664,streamflow,10154200,ft3/s,"['A', '[91]']",0
1998-11-23,84.416664,streamflow,10154200,ft3/s,"['A', '[91]']",0
1998-11-24,84.75,streamflow,10154200,ft3/s,"['A', '[91]']",0
1998-11-25,74.333336,streamflow,10154200,ft3/s,"['A', '[91]']",0
1998-11-26,82.0,streamflow,10154200,ft3/s,"['A', '[91]']",0
1998-11-27,83.166664,streamflow,10154200,ft3/s,"['A', '[91]']",0
1998-11-28,83.541664,streamflow,10154200,ft3/s,"['A', '[91]']",0
1998-11-29,85.166664,streamflow,10154200,ft3/s,"['A', '[91]']",0
1998-11-30,83.583336,streamflow,10154200,ft3/s,"['A', '[91]']",0
1998-12-01,81.0,streamflow,10154200,ft3/s,"['A', '[91]']",0
1998-12-02,80.333336,streamflow,10154200,ft3/s,"['A', '[91]']",0
1998-12-03,74.083336,streamflow,10154200,ft3/s,"['A', '[91]']",0
1998-12-04,83.333336,streamflow,10154200,ft3/s,"['A', '[91]']",0
1998-12-05,67.5,streamflow,10154200,ft3/s,"['A', '[91]']",0
1998-12-06,46.5,streamflow,10154200,ft3/s,"['A', '[91]']",0
1998-12-07,59.708332,streamflow,10154200,ft3/s,"['A', '[91]']",0
1998-12-08,60.083332,streamflow,10154200,ft3/s,"['A', '[91]']",0
1998-12-09,77.791664,streamflow,10154200,ft3/s,"['A', '[91]']",0
1998-12-10,66.833336,streamflow,10154200,ft3/s,"['A', '[91]']",0
1998-12-11,68.625,streamflow,10154200,ft3/s,"['A', '[91]']",0
1998-12-12,80.25,streamflow,10154200,ft3/s,"['A', '[91]']",0
1998-12-13,83.708336,streamflow,10154200,ft3/s,"['A', '[91]']",0
1998-12-14,79.333336,streamflow,10154200,ft3/s,"['A', '[91]']",0
1998-12-15,74.291664,streamflow,10154200,ft3/s,"['A', '[91]']",0
1998-12-16,71.75,streamflow,10154200,ft3/s,"['A', '[91]']",0
1998-12-17,72.0,streamflow,10154200,ft3/s,"['A', '[91]']",0
1998-12-18,71.333336,streamflow,10154200,ft3/s,"['A', '[91]']",0
1998-12-19,69.333336,streamflow,10154200,ft3/s,"['A', '[91]']",0
1998-12-20,67.583336,streamflow,10154200,ft3/s,"['A', '[91]']",0
1998-12-21,63.583332,streamflow,10154200,ft3/s,"['A', '[91]']",0
1998-12-22,56.166668,streamflow,10154200,ft3/s,"['A', '[91]']",0
1998-12-23,56.666668,streamflow,10154200,ft3/s,"['A', '[91]']",0
1998-12-24,55.916668,streamflow,10154200,ft3/s,"['A', '[91]']",0
1998-12-25,58.166668,streamflow,10154200,ft3/s,"['A', '[91]']",0
1998-12-26,65.583336,streamflow,10154200,ft3/s,"['A', '[91]']",0
1998-12-27,79.25,streamflow,10154200,ft3/s,"['A', '[91]']",0
1998-12-28,79.083336,streamflow,10154200,ft3/s,"['A', '[91]']",0
1998-12-29,73.166664,streamflow,10154200,ft3/s,"['A', '[91]']",0
1998-12-30,71.416664,streamflow,10154200,ft3/s,"['A', '[91]']",0
1998-12-31,69.833336,streamflow,10154200,ft3/s,"['A', '[91]']",0
1999-01-01,70.916664,streamflow,10154200,ft3/s,"['A', '[91]']",0
1999-01-02,66.541664,streamflow,10154200,ft3/s,"['A', '[91]']",0
1999-01-03,64.125,streamflow,10154200,ft3/s,"['A', '[91]']",0
1999-01-04,62.125,streamflow,10154200,ft3/s,"['A', '[91]']",0
1999-01-05,67.208336,streamflow,10154200,ft3/s,"['A', '[91]']",0
1999-01-06,67.666664,streamflow,10154200,ft3/s,"['A', '[91]']",0
1999-01-07,68.0,streamflow,10154200,ft3/s,"['A', '[91]']",0
1999-01-08,,streamflow,10154200,ft3/s,"['A', '[91]']",0
1999-01-09,64.882355,streamflow,10154200,ft3/s,"['A', '[91]']",0
1999-01-10,66.833336,streamflow,10154200,ft3/s,"['A', '[91]']",0
1999-01-11,65.791664,streamflow,10154200,ft3/s,"['A', '[91]']",0
1999-01-12,65.0,streamflow,10154200,ft3/s,"['A', '[91]']",0
1999-01-13,64.39024,streamflow,10154200,ft3/s,"['A', '[91]']",0
1999-01-14,62.041668,streamflow,10154200,ft3/s,"['A', '[91]']",0
1999-01-15,63.357143,streamflow,10154200,ft3/s,"['A', '[91]']",0
1999-01-16,,streamflow,10154200,ft3/s,"['A', '[91]']",0
1999-01-17,,streamflow,10154200,ft3/s,"['A', '[91]']",0
1999-01-18,,streamflow,10154200,ft3/s,"['A', '[91]']",0
1999-01-19,,streamflow,10154200,ft3/s,"['A', '[91]']",0
1999-01-20,,streamflow,10154200,ft3/s,"['A', '[91]']",0
1999-01-21,,streamflow,10154200,ft3/s,"['A', '[91]']",0
1999-01-22,,streamflow,10154200,ft3/s,"['A', '[91]']",0
1999-01-23,,streamflow,10154200,ft3/s,"['A', '[91]']",0
1999-01-24,80.27941,streamflow,10154200,ft3/s,"['A', '[91]']",0
1999-01-25,79.0,streamflow,10154200,ft3/s,"['A', '[91]']",0
1999-01-26,,streamflow,10154200,ft3/s,"['A', '[91]']",0
1999-01-27,,streamflow,10154200,ft3/s,"['A', '[91]']",0
1999-01-28,,streamflow,10154200,ft3/s,"['A', '[91]']",0
1999-01-29,,streamflow,10154200,ft3/s,"['A', '[91]']",0
1999-01-30,72.44118,streamflow,10154200,ft3/s,"['A', '[91]']",0
1999-01-31,75.0625,streamflow,10154200,ft3/s,"['A', '[91]']",0
1999-02-01,74.010414,streamflow,10154200,ft3/s,"['A', '[91]']",0
1999-02-02,63.083332,streamflow,10154200,ft3/s,"['A', '[91]']",0
1999-02-03,76.572914,streamflow,10154200,ft3/s,"['A', '[91]']",0
1999-02-04,72.64286,streamflow,10154200,ft3/s,"['A', '[91]']",0
1999-02-05,,streamflow,10154200,ft3/s,"['A', '[91]']",0
1999-02-06,,streamflow,10154200,ft3/s,"['A', '[91]']",0
1999-02-07,,streamflow,10154200,ft3/s,"['A', '[91]']",0
1999-02-08,,streamflow,10154200,ft3/s,"['A', '[91]']",0
1999-02-09,,streamflow,10154200,ft3/s,"['A', '[91]']",0
1999-02-10,84.92647,streamflow,10154200,ft3/s,"['A', '[91]']",0
1999-02-11,68.635414,streamflow,10154200,ft3/s,"['A', '[91]']",0
1999-02-12,74.67368,streamflow,10154200,ft3/s,"['A', '[91]']",0
1999-02-13,89.354164,streamflow,10154200,ft3/s,"['A', '[91]']",0
1999-02-14,86.4375,streamflow,10154200,ft3/s,"['A', '[91]']",0
1999-02-15,78.895836,streamflow,10154200,ft3/s,"['A', '[91]']",0
1999-02-16,81.64286,streamflow,10154200,ft3/s,"['A', '[91]']",0
1999-02-17,,streamflow,10154200,ft3/s,"['A', '[91]']",0
1999-02-18,,streamflow,10154200,ft3/s,"['A', '[91]']",0
1999-02-19,,streamflow,10154200,ft3/s,"['A', '[91]']",0
1999-02-20,,streamflow,10154200,ft3/s,"['A', '[91]']",0
1999-02-21,,streamflow,10154200,ft3/s,"['A', '[91]']",0
1999-02-22,,streamflow,10154200,ft3/s,"['A', '[91]']",0
1999-02-23,,streamflow,10154200,ft3/s,"['A', '[91]']",0
1999-02-24,,streamflow,10154200,ft3/s,"['A', '[91]']",0
1999-02-25,,streamflow,10154200,ft3/s,"['A', '[91]']",0
1999-02-26,75.411766,streamflow,10154200,ft3/s,"['A', '[91]']",0
1999-02-27,70.760414,streamflow,10154200,ft3/s,"['A', '[91]']",0
1999-02-28,78.5625,streamflow,10154200,ft3/s,"['A', '[91]']",0
1999-03-01,78.78125,streamflow,10154200,ft3/s,"['A', '[91]']",0
1999-03-02,75.645836,streamflow,10154200,ft3/s,"['A', '[91]']",0
1999-03-03,75.375,streamflow,10154200,ft3/s,"['A', '[91]']",0
1999-03-04,75.770836,streamflow,10154200,ft3/s,"['A', '[91]']",0
1999-03-05,69.364586,streamflow,10154200,ft3/s,"['A', '[91]']",0
1999-03-06,70.489586,streamflow,10154200,ft3/s,"['A', '[91]']",0
1999-03-07,80.03125,streamflow,10154200,ft3/s,"['A', '[91]']",0
1999-03-08,76.0,streamflow,10154200,ft3/s,"['A', '[91]']",0
1999-03-09,79.583336,streamflow,10154200,ft3/s,"['A', '[91]']",0
1999-03-10,77.614586,streamflow,10154200,ft3/s,"['A', '[91]']",0
1999-03-11,80.739586,streamflow,10154200,ft3/s,"['A', '[91]']",0
1999-03-12,79.010414,streamflow,10154200,ft3/s,"['A', '[91]']",0
1999-03-13,74.552086,streamflow,10154200,ft3/s,"['A', '[91]']",0
1999-03-14,79.708336,streamflow,10154200,ft3/s,"['A', '[91]']",0
1999-03-15,82.385414,streamflow,10154200,ft3/s,"['A', '[91]']",0
1999-03-16,84.166664,streamflow,10154200,ft3/s,"['A', '[91]']",0
1999-03-17,88.84375,streamflow,10154200,ft3/s,"['A', '[91]']",0
1999-03-18,97.385414,streamflow,10154200,ft3/s,"['A', '[91]']",0
1999-03-19,109.65625,streamflow,10154200,ft3/s,"['A', '[91]']",0
1999-03-20,122.489586,streamflow,10154200,ft3/s,"['A', '[91]']",0
1999-03-21,124.260414,streamflow,10154200,ft3/s,"['A', '[91]']",0
1999-03-22,119.135414,streamflow,10154200,ft3/s,"['A', '[91]']",0
1999-03-23,124.375,streamflow,10154200,ft3/s,"['A', '[91]']",0
1999-03-24,121.416664,streamflow,10154200,ft3/s,"['A', '[91]']",0
1999-03-25,139.01042,streamflow,10154200,ft3/s,"['A', '[91]']",0
1999-03-26,160.88542,streamflow,10154200,ft3/s,"['A', '[91]']",0
1999-03-27,143.66667,streamflow,10154200,ft3/s,"['A', '[91]']",0
1999-03-28,120.427086,streamflow,10154200,ft3/s,"['A', '[91]']",0
1999-03-29,119.979164,streamflow,10154200,ft3/s,"['A', '[91]']",0
1999-03-30,133.26042,streamflow,10154200,ft3/s,"['A', '[91]']",0
1999-03-31,132.14583,streamflow,10154200,ft3/s,"['A', '[91]']",0
1999-04-01,121.3125,streamflow,10154200,ft3/s,"['A', '[91]']",0
1999-04-02,110.21875,streamflow,10154200,ft3/s,"['A', '[91]']",0
1999-04-03,113.395836,streamflow,10154200,ft3/s,"['A', '[91]']",0
1999-04-04,101.104164,streamflow,10154200,ft3/s,"['A', '[91]']",0
1999-04-05,96.166664,streamflow,10154200,ft3/s,"['A', '[91]']",0
1999-04-06,108.364586,streamflow,10154200,ft3/s,"['A', '[91]']",0
1999-04-07,98.854164,streamflow,10154200,ft3/s,"['A', '[91]']",0
1999-04-08,111.208336,streamflow,10154200,ft3/s,"['A', '[91]']",0
1999-04-09,112.4375,streamflow,10154200,ft3/s,"['A', '[91]']",0
1999-04-10,96.15625,streamflow,10154200,ft3/s,"['A', '[91]']",0
1999-04-11,102.052086,streamflow,10154200,ft3/s,"['A', '[91]']",0
1999-04-12,105.635414,streamflow,10154200,ft3/s,"['A', '[91]']",0
1999-04-13,110.625,streamflow,10154200,ft3/s,"['A', '[91]']",0
1999-04-14,133.67708,streamflow,10154200,ft3/s,"['A', '[91]']",0
1999-04-15,133.05208,streamflow,10154200,ft3/s,"['A', '[91]']",0
1999-04-16,130.44792,streamflow,10154200,ft3/s,"['A', '[91]']",0
1999-04-17,142.375,streamflow,10154200,ft3/s,"['A', '[91]']",0
1999-04-18,173.5,streamflow,10154200,ft3/s,"['A', '[91]']",0
1999-04-19,216.4375,streamflow,10154200,ft3/s,"['A', '[91]']",0
1999-04-20,272.66666,streamflow,10154200,ft3/s,"['A', '[91]']",0
1999-04-21,275.7604,streamflow,10154200,ft3/s,"['A', '[91]']",0
1999-04-22,225.53125,streamflow,10154200,ft3/s,"['A', '[91]']",0
1999-04-23,205.17708,streamflow,10154200,ft3/s,"['A', '[91]']",0
1999-04-24,195.11458,streamflow,10154200,ft3/s,"['A', '[91]']",0
1999-04-25,190.34375,streamflow,10154200,ft3/s,"['A', '[91]']",0
1999-04-26,193.51042,streamflow,10154200,ft3/s,"['A', '[91]']",0
1999-04-27,234.42708,streamflow,10154200,ft3/s,"['A', '[91]']",0
1999-04-28,263.5104,streamflow,10154200,ft3/s,"['A', '[91]']",0
1999-04-29,317.59375,streamflow,10154200,ft3/s,"['A', '[91]']",0
1999-04-30,298.6875,streamflow,10154200,ft3/s,"['A', '[91]']",0
1999-05-01,272.02084,streamflow,10154200,ft3/s,"['A', '[91]']",0
1999-05-02,287.5521,streamflow,10154200,ft3/s,"['A', '[91]']",0
1999-05-03,328.46875,streamflow,10154200,ft3/s,"['A', '[91]']",0
1999-05-04,290.125,streamflow,10154200,ft3/s,"['A', '[91]']",0
1999-05-05,256.6979,streamflow,10154200,ft3/s,"['A', '[91]']",0
1999-05-06,236.51042,streamflow,10154200,ft3/s,"['A', '[91]']",0
1999-05-07,279.66666,streamflow,10154200,ft3/s,"['A', '[91]']",0
1999-05-08,361.8021,streamflow,10154200,ft3/s,"['A', '[91]']",0
1999-05-09,442.25,streamflow,10154200,ft3/s,"['A', '[91]']",0
1999-05-10,386.40625,streamflow,10154200,ft3/s,"['A', '[91]']",0
1999-05-11,332.4271,streamflow,10154200,ft3/s,"['A', '[91]']",0
1999-05-12,323.54166,streamflow,10154200,ft3/s,"['A', '[91]']",0
1999-05-13,379.83334,streamflow,10154200,ft3/s,"['A', '[91]']",0
1999-05-14,429.1146,streamflow,10154200,ft3/s,"['A', '[91]']",0
1999-05-15,397.33334,streamflow,10154200,ft3/s,"['A', '[91]']",0
1999-05-16,360.22916,streamflow,10154200,ft3/s,"['A', '[91]']",0
1999-05-17,328.5625,streamflow,10154200,ft3/s,"['A', '[91]']",0
1999-05-18,360.0625,streamflow,10154200,ft3/s,"['A', '[91]']",0
1999-05-19,478.8229,streamflow,10154200,ft3/s,"['A', '[91]']",0
1999-05-20,575.1042,streamflow,10154200,ft3/s,"['A', '[91]']",0
1999-05-21,724.59375,streamflow,10154200,ft3/s,"['A', '[91]']",0
1999-05-22,862.44794,streamflow,10154200,ft3/s,"['A', '[91]']",0
1999-05-23,1033.9791,streamflow,10154200,ft3/s,"['A', '[91]']",0
1999-05-24,1458.125,streamflow,10154200,ft3/s,"['A', '[91]']",0
1999-05-25,1789.375,streamflow,10154200,ft3/s,"['A', '[91]']",0
1999-05-26,1954.1666,streamflow,10154200,ft3/s,"['A', '[91]']",0
1999-05-27,1883.6459,streamflow,10154200,ft3/s,"['A', '[91]']",0
1999-05-28,2046.875,streamflow,10154200,ft3/s,"['A', '[91]']",0
1999-05-29,2245.2083,streamflow,10154200,ft3/s,"['A', '[91]']",0
1999-05-30,1996.9791,streamflow,10154200,ft3/s,"['A', '[91]']",0
1999-05-31,2011.6666,streamflow,10154200,ft3/s,"['A', '[91]']",0
1999-06-01,1489.375,streamflow,10154200,ft3/s,"['A', '[91]']",0
1999-06-02,1404.2709,streamflow,10154200,ft3/s,"['A', '[91]']",0
1999-06-03,1421.3541,streamflow,10154200,ft3/s,"['A', '[91]']",0
1999-06-04,1196.1459,streamflow,10154200,ft3/s,"['A', '[91]']",0
1999-06-05,1104.5834,streamflow,10154200,ft3/s,"['A', '[91]']",0
1999-06-06,1008.17706,streamflow,10154200,ft3/s,"['A', '[91]']",0
1999-06-07,1069.5312,streamflow,10154200,ft3/s,"['A', '[91]']",0
1999-06-08,927.36456,streamflow,10154200,ft3/s,"['A', '[91]']",0
1999-06-09,1065.8229,streamflow,10154200,ft3/s,"['A', '[91]']",0
1999-06-10,1079.4791,streamflow,10154200,ft3/s,"['A', '[91]']",0
1999-06-11,926.3958,streamflow,10154200,ft3/s,"['A', '[91]']",0
1999-06-12,1030.7084,streamflow,10154200,ft3/s,"['A', '[91]']",0
1999-06-13,1147.4271,streamflow,10154200,ft3/s,"['A', '[91]']",0
1999-06-14,1197.7084,streamflow,10154200,ft3/s,"['A', '[91]']",0
1999-06-15,1366.9791,streamflow,10154200,ft3/s,"['A', '[91]']",0
1999-06-16,1491.4584,streamflow,10154200,ft3/s,"['A', '[91]']",0
1999-06-17,1451.5625,streamflow,10154200,ft3/s,"['A', '[91]']",0
1999-06-18,1302.2916,streamflow,10154200,ft3/s,"['A', '[91]']",0
1999-06-19,1213.5416,streamflow,10154200,ft3/s,"['A', '[91]']",0
1999-06-20,1146.25,streamflow,10154200,ft3/s,"['A', '[91]']",0
1999-06-21,983.59375,streamflow,10154200,ft3/s,"['A', '[91]']",0
1999-06-22,894.42706,streamflow,10154200,ft3/s,"['A', '[91]']",0
1999-06-23,840.3333,streamflow,10154200,ft3/s,"['A', '[91]']",0
1999-06-24,1099.4791,streamflow,10154200,ft3/s,"['A', '[91]']",0
1999-06-25,1030.8334,streamflow,10154200,ft3/s,"['A', '[91]']",0
1999-06-26,988.21875,streamflow,10154200,ft3/s,"['A', '[91]']",0
1999-06-27,897.9792,streamflow,10154200,ft3/s,"['A', '[91]']",0
1999-06-28,821.2708,streamflow,10154200,ft3/s,"['A', '[91]']",0
1999-06-29,740.5417,streamflow,10154200,ft3/s,"['A', '[91]']",0
1999-06-30,667.8542,streamflow,10154200,ft3/s,"['A', '[91]']",0
1999-07-01,622.9792,streamflow,10154200,ft3/s,"['A', '[91]']",0
1999-07-02,573.2708,streamflow,10154200,ft3/s,"['A', '[91]']",0
1999-07-03,498.97916,streamflow,10154200,ft3/s,"['A', '[91]']",0
1999-07-04,439.9271,streamflow,10154200,ft3/s,"['A', '[91]']",0
1999-07-05,392.6354,streamflow,10154200,ft3/s,"['A', '[91]']",0
1999-07-06,364.22916,streamflow,10154200,ft3/s,"['A', '[91]']",0
1999-07-07,328.20834,streamflow,10154200,ft3/s,"['A', '[91]']",0
1999-07-08,342.3854,streamflow,10154200,ft3/s,"['A', '[91]']",0
1999-07-09,314.3854,streamflow,10154200,ft3/s,"['A', '[91]']",0
1999-07-10,265.5729,streamflow,10154200,ft3/s,"['A', '[91]']",0
1999-07-11,222.44792,streamflow,10154200,ft3/s,"['A', '[91]']",0
1999-07-12,207.95833,streamflow,10154200,ft3/s,"['A', '[91]']",0
1999-07-13,206.32292,streamflow,10154200,ft3/s,"['A', '[91]']",0
1999-07-14,199.30208,streamflow,10154200,ft3/s,"['A', '[91]']",0
1999-07-15,223.47917,streamflow,10154200,ft3/s,"['A', '[91]']",0
1999-07-16,198.65625,streamflow,10154200,ft3/s,"['A', '[91]']",0
1999-07-17,242.51042,streamflow,10154200,ft3/s,"['A', '[91]']",0
1999-07-18,204.91667,streamflow,10154200,ft3/s,"['A', '[91]']",0
1999-07-19,184.4375,streamflow,10154200,ft3/s,"['A', '[91]']",0
1999-07-20,175.57292,streamflow,10154200,ft3/s,"['A', '[91]']",0
1999-07-21,177.05208,streamflow,10154200,ft3/s,"['A', '[91]']",0
1999-07-22,168.01042,streamflow,10154200,ft3/s,"['A', '[91]']",0
1999-07-23,154.41667,streamflow,10154200,ft3/s,"['A', '[91]']",0
1999-07-24,144.58333,streamflow,10154200,ft3/s,"['A', '[91]']",0
1999-07-25,138.22917,streamflow,10154200,ft3/s,"['A', '[91]']",0
1999-07-26,132.16667,streamflow,10154200,ft3/s,"['A', '[91]']",0
1999-07-27,131.02083,streamflow,10154200,ft3/s,"['A', '[91]']",0
1999-07-28,128.08333,streamflow,10154200,ft3/s,"['A', '[92]']",0
1999-07-29,117.791664,streamflow,10154200,ft3/s,"['A', '[92]']",0
1999-07-30,125.15625,streamflow,10154200,ft3/s,"['A', '[92]']",0
1999-07-31,184.89583,streamflow,10154200,ft3/s,"['A', '[92]']",0
1999-08-01,136.02083,streamflow,10154200,ft3/s,"['A', '[92]']",0
1999-08-02,117.0625,streamflow,10154200,ft3/s,"['A', '[92]']",0
1999-08-03,109.166664,streamflow,10154200,ft3/s,"['A', '[92]']",0
1999-08-04,109.822914,streamflow,10154200,ft3/s,"['A', '[92]']",0
1999-08-05,111.0625,streamflow,10154200,ft3/s,"['A', '[92]']",0
1999-08-06,116.80556,streamflow,10154200,ft3/s,"['A', '[92]']",0
1999-08-07,107.8125,streamflow,10154200,ft3/s,"['A', '[92]']",0
1999-08-08,101.791664,streamflow,10154200,ft3/s,"['A', '[92]']",0
1999-08-09,99.135414,streamflow,10154200,ft3/s,"['A', '[92]']",0
1999-08-10,99.041664,streamflow,10154200,ft3/s,"['A', '[92]']",0
1999-08-11,102.21875,streamflow,10154200,ft3/s,"['A', '[92]']",0
1999-08-12,105.9375,streamflow,10154200,ft3/s,"['A', '[92]']",0
1999-08-13,99.03125,streamflow,10154200,ft3/s,"['A', '[92]']",0
1999-08-14,92.1875,streamflow,10154200,ft3/s,"['A', '[92]']",0
1999-08-15,89.833336,streamflow,10154200,ft3/s,"['A', '[92]']",0
1999-08-16,86.177086,streamflow,10154200,ft3/s,"['A', '[92]']",0
1999-08-17,85.9375,streamflow,10154200,ft3/s,"['A', '[92]']",0
1999-08-18,83.270836,streamflow,10154200,ft3/s,"['A', '[92]']",0
1999-08-19,78.416664,streamflow,10154200,ft3/s,"['A', '[92]']",0
1999-08-20,78.53125,streamflow,10154200,ft3/s,"['A', '[92]']",0
1999-08-21,106.260414,streamflow,10154200,ft3/s,"['A', '[91]']",0
1999-08-22,92.270836,streamflow,10154200,ft3/s,"['A', '[91]']",0
1999-08-23,89.8125,streamflow,10154200,ft3/s,"['A', '[91]']",0
1999-08-24,87.166664,streamflow,10154200,ft3/s,"['A', '[91]']",0
1999-08-25,86.885414,streamflow,10154200,ft3/s,"['A', '[91]']",0
1999-08-26,83.5625,streamflow,10154200,ft3/s,"['A', '[91]']",0
1999-08-27,83.4375,streamflow,10154200,ft3/s,"['A', '[91]']",0
1999-08-28,105.958336,streamflow,10154200,ft3/s,"['A', '[91]']",0
1999-08-29,88.677086,streamflow,10154200,ft3/s,"['A', '[91]']",0
1999-08-30,84.291664,streamflow,10154200,ft3/s,"['A', '[91]']",0
1999-08-31,116.0625,streamflow,10154200,ft3/s,"['A', '[91]']",0
1999-09-01,97.645836,streamflow,10154200,ft3/s,"['A', '[91]']",0
1999-09-02,92.6875,streamflow,10154200,ft3/s,"['A', '[91]']",0
1999-09-03,132.10417,streamflow,10154200,ft3/s,"['A', '[91]']",0
1999-09-04,119.104164,streamflow,10154200,ft3/s,"['A', '[91]']",0
1999-09-05,105.4375,streamflow,10154200,ft3/s,"['A', '[91]']",0
1999-09-06,96.583336,streamflow,10154200,ft3/s,"['A', '[91]']",0
1999-09-07,92.958336,streamflow,10154200,ft3/s,"['A', '[91]']",0
1999-09-08,86.0625,streamflow,10154200,ft3/s,"['A', '[91]']",0
1999-09-09,86.75,streamflow,10154200,ft3/s,"['A', '[91]']",0
1999-09-10,85.21875,streamflow,10154200,ft3/s,"['A', '[91]']",0
1999-09-11,91.59375,streamflow,10154200,ft3/s,"['A', '[91]']",0
1999-09-12,88.864586,streamflow,10154200,ft3/s,"['A', '[91]']",0
1999-09-13,88.302086,streamflow,10154200,ft3/s,"['A', '[91]']",0
1999-09-14,94.125,streamflow,10154200,ft3/s,"['A', '[91]']",0
1999-09-15,86.802086,streamflow,10154200,ft3/s,"['A', '[91]']",0
1999-09-16,85.0,streamflow,10154200,ft3/s,"['A', '[91]']",0
1999-09-17,84.770836,streamflow,10154200,ft3/s,"['A', '[91]']",0
1999-09-18,83.739586,streamflow,10154200,ft3/s,"['A', '[91]']",0
1999-09-19,89.1875,streamflow,10154200,ft3/s,"['A', '[91]']",0
1999-09-20,89.625,streamflow,10154200,ft3/s,"['A', '[91]']",0
1999-09-21,88.072914,streamflow,10154200,ft3/s,"['A', '[91]']",0
1999-09-22,91.229164,streamflow,10154200,ft3/s,"['A', '[91]']",0
1999-09-23,79.0,streamflow,10154200,ft3/s,"['A', '[91]']",0
1999-09-24,80.8125,streamflow,10154200,ft3/s,"['A', '[91]']",0
1999-09-25,81.177086,streamflow,10154200,ft3/s,"['A', '[91]']",0
1999-09-26,76.208336,streamflow,10154200,ft3/s,"['A', '[91]']",0
1999-09-27,79.78125,streamflow,10154200,ft3/s,"['A', '[91]']",0
1999-09-28,82.708336,streamflow,10154200,ft3/s,"['A', '[91]']",0
1999-09-29,84.395836,streamflow,10154200,ft3/s,"['A', '[91]']",0
1999-09-30,78.104164,streamflow,10154200,ft3/s,"['A', '[91]']",0
1999-10-01,83.708336,streamflow,10154200,ft3/s,"['A', '[91]']",0
1999-10-02,88.208336,streamflow,10154200,ft3/s,"['A', '[91]']",0
1999-10-03,92.583336,streamflow,10154200,ft3/s,"['A', '[91]']",0
1999-10-04,92.5625,streamflow,10154200,ft3/s,"['A', '[91]']",0
1999-10-05,69.677086,streamflow,10154200,ft3/s,"['A', '[91]']",0
1999-10-06,69.5625,streamflow,10154200,ft3/s,"['A', '[91]']",0
1999-10-07,74.041664,streamflow,10154200,ft3/s,"['A', '[91]']",0
1999-10-08,74.927086,streamflow,10154200,ft3/s,"['A', '[92]']",0
1999-10-09,76.46875,streamflow,10154200,ft3/s,"['A', '[92]']",0
1999-10-10,73.729164,streamflow,10154200,ft3/s,"['A', '[92]']",0
1999-10-11,75.520836,streamflow,10154200,ft3/s,"['A', '[92]']",0
1999-10-12,76.989586,streamflow,10154200,ft3/s,"['A', '[92]']",0
1999-10-13,74.895836,streamflow,10154200,ft3/s,"['A', '[92]']",0
1999-10-14,69.614586,streamflow,10154200,ft3/s,"['A', '[92]']",0
1999-10-15,72.4375,streamflow,10154200,ft3/s,"['A', '[92]']",0
1999-10-16,69.177086,streamflow,10154200,ft3/s,"['A', '[92]']",0
1999-10-17,70.916664,streamflow,10154200,ft3/s,"['A', '[92]']",0
1999-10-18,78.822914,streamflow,10154200,ft3/s,"['A', '[92]']",0
1999-10-19,83.65625,streamflow,10154200,ft3/s,"['A', '[92]']",0
1999-10-20,80.666664,streamflow,10154200,ft3/s,"['A', '[92]']",0
1999-10-21,70.125,streamflow,10154200,ft3/s,"['A', '[92]']",0
1999-10-22,79.333336,streamflow,10154200,ft3/s,"['A', '[92]']",0
1999-10-23,78.364586,streamflow,10154200,ft3/s,"['A', '[92]']",0
1999-10-24,95.385414,streamflow,10154200,ft3/s,"['A', '[92]']",0
1999-10-25,80.604164,streamflow,10154200,ft3/s,"['A', '[92]']",0
1999-10-26,76.375,streamflow,10154200,ft3/s,"['A', '[92]']",0
1999-10-27,82.333336,streamflow,10154200,ft3/s,"['A', '[92]']",0
1999-10-28,84.239586,streamflow,10154200,ft3/s,"['A', '[92]']",0
1999-10-29,92.302086,streamflow,10154200,ft3/s,"['A', '[92]']",0
1999-10-30,82.572914,streamflow,10154200,ft3/s,"['A', '[92]']",0
1999-10-31,91.92391,streamflow,10154200,ft3/s,"['A', '[92]']",0
1999-11-01,85.864586,streamflow,10154200,ft3/s,"['A', '[91]']",0
1999-11-02,94.0625,streamflow,10154200,ft3/s,"['A', '[91]']",0
1999-11-03,81.197914,streamflow,10154200,ft3/s,"['A', '[91]']",0
1999-11-04,91.739586,streamflow,10154200,ft3/s,"['A', '[91]']",0
1999-11-05,79.427086,streamflow,10154200,ft3/s,"['A', '[91]']",0
1999-11-06,85.885414,streamflow,10154200,ft3/s,"['A', '[91]']",0
1999-11-07,84.895836,streamflow,10154200,ft3/s,"['A', '[91]']",0
1999-11-08,88.03125,streamflow,10154200,ft3/s,"['A', '[91]']",0
1999-11-09,74.625,streamflow,10154200,ft3/s,"['A', '[91]']",0
1999-11-10,68.958336,streamflow,10154200,ft3/s,"['A', '[91]']",0
1999-11-11,64.09375,streamflow,10154200,ft3/s,"['A', '[91]']",0
1999-11-12,62.166668,streamflow,10154200,ft3/s,"['A', '[91]']",0
1999-11-13,63.864582,streamflow,10154200,ft3/s,"['A', '[91]']",0
1999-11-14,60.03125,streamflow,10154200,ft3/s,"['A', '[91]']",0
1999-11-15,63.5,streamflow,10154200,ft3/s,"['A', '[91]']",0
1999-11-16,63.739582,streamflow,10154200,ft3/s,"['A', '[91]']",0
1999-11-17,68.645836,streamflow,10154200,ft3/s,"['A', '[91]']",0
1999-11-18,73.895836,streamflow,10154200,ft3/s,"['A', '[91]']",0
1999-11-19,52.083332,streamflow,10154200,ft3/s,"['A', '[91]']",0
1999-11-20,67.34375,streamflow,10154200,ft3/s,"['A', '[91]']",0
1999-11-21,63.4375,streamflow,10154200,ft3/s,"['A', '[91]']",0
1999-11-22,66.90625,streamflow,10154200,ft3/s,"['A', '[91]']",0
1999-11-23,46.0625,streamflow,10154200,ft3/s,"['A', '[91]']",0
1999-11-24,49.9375,streamflow,10154200,ft3/s,"['A', '[91]']",0
1999-11-25,57.78125,streamflow,10154200,ft3/s,"['A', '[91]']",0
1999-11-26,73.9375,streamflow,10154200,ft3/s,"['A', '[91]']",0
1999-11-27,77.447914,streamflow,10154200,ft3/s,"['A', '[91]']",0
1999-11-28,64.0,streamflow,10154200,ft3/s,"['A', '[91]']",0
1999-11-29,64.1875,streamflow,10154200,ft3/s,"['A', '[91]']",0
1999-11-30,64.0625,streamflow,10154200,ft3/s,"['A', '[91]']",0
1999-12-01,62.28125,streamflow,10154200,ft3/s,"['A', '[91]']",0
1999-12-02,56.96875,streamflow,10154200,ft3/s,"['A', '[91]']",0
1999-12-03,62.166668,streamflow,10154200,ft3/s,"['A', '[91]']",0
1999-12-04,47.604168,streamflow,10154200,ft3/s,"['A', '[91]']",0
1999-12-05,52.395832,streamflow,10154200,ft3/s,"['A', '[91]']",0
1999-12-06,64.197914,streamflow,10154200,ft3/s,"['A', '[91]']",0
1999-12-07,61.197918,streamflow,10154200,ft3/s,"['A', '[91]']",0
1999-12-08,60.666668,streamflow,10154200,ft3/s,"['A', '[91]']",0
1999-12-09,54.53125,streamflow,10154200,ft3/s,"['A', '[91]']",0
1999-12-10,61.291668,streamflow,10154200,ft3/s,"['A', '[91]']",0
1999-12-11,57.583332,streamflow,10154200,ft3/s,"['A', '[91]']",0
1999-12-12,58.635418,streamflow,10154200,ft3/s,"['A', '[91]']",0
1999-12-13,60.3125,streamflow,10154200,ft3/s,"['A', '[91]']",0
1999-12-14,58.177082,streamflow,10154200,ft3/s,"['A', '[91]']",0
1999-12-15,55.34375,streamflow,10154200,ft3/s,"['A', '[91]']",0
1999-12-16,65.0,streamflow,10154200,ft3/s,"['A', '[91]']",0
1999-12-17,62.114582,streamflow,10154200,ft3/s,"['A', '[91]']",0
1999-12-18,60.84375,streamflow,10154200,ft3/s,"['A', '[91]']",0
1999-12-19,63.0625,streamflow,10154200,ft3/s,"['A', '[91]']",0
1999-12-20,62.989582,streamflow,10154200,ft3/s,"['A', '[91]']",0
1999-12-21,62.520832,streamflow,10154200,ft3/s,"['A', '[91]']",0
1999-12-22,60.666668,streamflow,10154200,ft3/s,"['A', '[91]']",0
1999-12-23,60.427082,streamflow,10154200,ft3/s,"['A', '[91]']",0
1999-12-24,62.645832,streamflow,10154200,ft3/s,"['A', '[91]']",0
1999-12-25,61.125,streamflow,10154200,ft3/s,"['A', '[91]']",0
1999-12-26,58.958332,streamflow,10154200,ft3/s,"['A', '[91]']",0
1999-12-27,58.416668,streamflow,10154200,ft3/s,"['A', '[91]']",0
1999-12-28,58.416668,streamflow,10154200,ft3/s,"['A', '[91]']",0
1999-12-29,57.729168,streamflow,10154200,ft3/s,"['A', '[91]']",0
1999-12-30,56.395832,streamflow,10154200,ft3/s,"['A', '[91]']",0
1999-12-31,56.739582,streamflow,10154200,ft3/s,"['A', '[91]']",0
2000-01-01,58.479168,streamflow,10154200,ft3/s,"['A', '[91]']",0
2000-01-02,58.270832,streamflow,10154200,ft3/s,"['A', '[91]']",0
2000-01-03,57.96875,streamflow,10154200,ft3/s,"['A', '[91]']",0
2000-01-04,57.822918,streamflow,10154200,ft3/s,"['A', '[91]']",0
2000-01-05,59.145832,streamflow,10154200,ft3/s,"['A', '[91]']",0
2000-01-06,55.458332,streamflow,10154200,ft3/s,"['A', '[91]']",0
2000-01-07,56.489582,streamflow,10154200,ft3/s,"['A', '[91]']",0
2000-01-08,61.4375,streamflow,10154200,ft3/s,"['A', '[91]']",0
2000-01-09,59.6875,streamflow,10154200,ft3/s,"['A', '[91]']",0
2000-01-10,59.78125,streamflow,10154200,ft3/s,"['A', '[91]']",0
2000-01-11,59.895832,streamflow,10154200,ft3/s,"['A', '[91]']",0
2000-01-12,63.395832,streamflow,10154200,ft3/s,"['A', '[91]']",0
2000-01-13,64.520836,streamflow,10154200,ft3/s,"['A', '[91]']",0
2000-01-14,65.729164,streamflow,10154200,ft3/s,"['A', '[91]']",0
2000-01-15,65.145836,streamflow,10154200,ft3/s,"['A', '[91]']",0
2000-01-16,64.0,streamflow,10154200,ft3/s,"['A', '[91]']",0
2000-01-17,63.697918,streamflow,10154200,ft3/s,"['A', '[91]']",0
2000-01-18,64.4375,streamflow,10154200,ft3/s,"['A', '[91]']",0
2000-01-19,79.552086,streamflow,10154200,ft3/s,"['A', '[91]']",0
2000-01-20,76.270836,streamflow,10154200,ft3/s,"['A', '[91]']",0
2000-01-21,74.03125,streamflow,10154200,ft3/s,"['A', '[91]']",0
2000-01-22,66.40625,streamflow,10154200,ft3/s,"['A', '[91]']",0
2000-01-23,63.9375,streamflow,10154200,ft3/s,"['A', '[91]']",0
2000-01-24,67.458336,streamflow,10154200,ft3/s,"['A', '[91]']",0
2000-01-25,66.34375,streamflow,10154200,ft3/s,"['A', '[91]']",0
2000-01-26,66.4375,streamflow,10154200,ft3/s,"['A', '[91]']",0
2000-01-27,61.729168,streamflow,10154200,ft3/s,"['A', '[91]']",0
2000-01-28,44.135418,streamflow,10154200,ft3/s,"['A', '[91]']",0
2000-01-29,52.916668,streamflow,10154200,ft3/s,"['A', '[91]']",0
2000-01-30,55.354168,streamflow,10154200,ft3/s,"['A', '[91]']",0
2000-01-31,60.239582,streamflow,10154200,ft3/s,"['A', '[91]']",0
2000-02-01,60.90625,streamflow,10154200,ft3/s,"['A', '[91]']",0
2000-02-02,62.239582,streamflow,10154200,ft3/s,"['A', '[91]']",0
2000-02-03,61.395832,streamflow,10154200,ft3/s,"['A', '[91]']",0
2000-02-04,59.6875,streamflow,10154200,ft3/s,"['A', '[91]']",0
2000-02-05,58.833332,streamflow,10154200,ft3/s,"['A', '[91]']",0
2000-02-06,57.71875,streamflow,10154200,ft3/s,"['A', '[91]']",0
2000-02-07,57.03125,streamflow,10154200,ft3/s,"['A', '[91]']",0
2000-02-08,57.3125,streamflow,10154200,ft3/s,"['A', '[91]']",0
2000-02-09,59.40625,streamflow,10154200,ft3/s,"['A', '[91]']",0
2000-02-10,59.0625,streamflow,10154200,ft3/s,"['A', '[91]']",0
2000-02-11,59.416668,streamflow,10154200,ft3/s,"['A', '[91]']",0
2000-02-12,60.041668,streamflow,10154200,ft3/s,"['A', '[91]']",0
2000-02-13,60.447918,streamflow,10154200,ft3/s,"['A', '[91]']",0
2000-02-14,63.09375,streamflow,10154200,ft3/s,"['A', '[91]']",0
2000-02-15,64.260414,streamflow,10154200,ft3/s,"['A', '[91]']",0
2000-02-16,62.979168,streamflow,10154200,ft3/s,"['A', '[91]']",0
2000-02-17,68.625,streamflow,10154200,ft3/s,"['A', '[91]']",0
2000-02-18,67.239586,streamflow,10154200,ft3/s,"['A', '[91]']",0
2000-02-19,51.84375,streamflow,10154200,ft3/s,"['A', '[91]']",0
2000-02-20,62.885418,streamflow,10154200,ft3/s,"['A', '[91]']",0
2000-02-21,67.03125,streamflow,10154200,ft3/s,"['A', '[91]']",0
2000-02-22,64.395836,streamflow,10154200,ft3/s,"['A', '[91]']",0
2000-02-23,57.645832,streamflow,10154200,ft3/s,"['A', '[91]']",0
2000-02-24,64.895836,streamflow,10154200,ft3/s,"['A', '[91]']",0
2000-02-25,58.84375,streamflow,10154200,ft3/s,"['A', '[91]']",0
2000-02-26,52.125,streamflow,10154200,ft3/s,"['A', '[91]']",0
2000-02-27,67.666664,streamflow,10154200,ft3/s,"['A', '[91]']",0
2000-02-28,64.854164,streamflow,10154200,ft3/s,"['A', '[91]']",0
2000-02-29,60.46875,streamflow,10154200,ft3/s,"['A', '[92]']",0
2000-03-01,61.770832,streamflow,10154200,ft3/s,"['A', '[92]']",0
2000-03-02,59.572918,streamflow,10154200,ft3/s,"['A', '[92]']",0
2000-03-03,57.041668,streamflow,10154200,ft3/s,"['A', '[92]']",0
2000-03-04,62.90625,streamflow,10154200,ft3/s,"['A', '[92]']",0
2000-03-05,69.208336,streamflow,10154200,ft3/s,"['A', '[92]']",0
2000-03-06,64.083336,streamflow,10154200,ft3/s,"['A', '[92]']",0
2000-03-07,62.46875,streamflow,10154200,ft3/s,"['A', '[92]']",0
2000-03-08,62.833332,streamflow,10154200,ft3/s,"['A', '[92]']",0
2000-03-09,62.458332,streamflow,10154200,ft3/s,"['A', '[92]']",0
2000-03-10,58.541668,streamflow,10154200,ft3/s,"['A', '[92]']",0
2000-03-11,56.322918,streamflow,10154200,ft3/s,"['A', '[92]']",0
2000-03-12,67.395836,streamflow,10154200,ft3/s,"['A', '[92]']",0
2000-03-13,58.083332,streamflow,10154200,ft3/s,"['A', '[92]']",0
2000-03-14,62.9375,streamflow,10154200,ft3/s,"['A', '[92]']",0
2000-03-15,64.5625,streamflow,10154200,ft3/s,"['A', '[92]']",0
2000-03-16,54.59375,streamflow,10154200,ft3/s,"['A', '[92]']",0
2000-03-17,68.208336,streamflow,10154200,ft3/s,"['A', '[92]']",0
2000-03-18,60.489582,streamflow,10154200,ft3/s,"['A', '[92]']",0
2000-03-19,60.197918,streamflow,10154200,ft3/s,"['A', '[92]']",0
2000-03-20,62.479168,streamflow,10154200,ft3/s,"['A', '[92]']",0
2000-03-21,53.364582,streamflow,10154200,ft3/s,"['A', '[92]']",0
2000-03-22,64.208336,streamflow,10154200,ft3/s,"['A', '[92]']",0
2000-03-23,70.760414,streamflow,10154200,ft3/s,"['A', '[92]']",0
2000-03-24,69.78125,streamflow,10154200,ft3/s,"['A', '[91]']",0
2000-03-25,70.28125,streamflow,10154200,ft3/s,"['A', '[91]']",0
2000-03-26,73.864586,streamflow,10154200,ft3/s,"['A', '[91]']",0
2000-03-27,86.78125,streamflow,10154200,ft3/s,"['A', '[91]']",0
2000-03-28,98.9375,streamflow,10154200,ft3/s,"['A', '[91]']",0
2000-03-29,90.21875,streamflow,10154200,ft3/s,"['A', '[91]']",0
2000-03-30,91.270836,streamflow,10154200,ft3/s,"['A', '[91]']",0
2000-03-31,74.645836,streamflow,10154200,ft3/s,"['A', '[91]']",0
2000-04-01,81.958336,streamflow,10154200,ft3/s,"['A', '[91]']",0
2000-04-02,87.88281,streamflow,10154200,ft3/s,"['A', '[91]']",0
2000-04-03,88.010414,streamflow,10154200,ft3/s,"['A', '[91]']",0
2000-04-04,107.458336,streamflow,10154200,ft3/s,"['A', '[91]']",0
2000-04-05,155.86458,streamflow,10154200,ft3/s,"['A', '[91]']",0
2000-04-06,185.59375,streamflow,10154200,ft3/s,"['A', '[91]']",0
2000-04-07,174.29167,streamflow,10154200,ft3/s,"['A', '[91]']",0
2000-04-08,177.6875,streamflow,10154200,ft3/s,"['A', '[91]']",0
2000-04-09,200.13542,streamflow,10154200,ft3/s,"['A', '[91]']",0
2000-04-10,194.72917,streamflow,10154200,ft3/s,"['A', '[91]']",0
2000-04-11,182.40625,streamflow,10154200,ft3/s,"['A', '[91]']",0
2000-04-12,205.5625,streamflow,10154200,ft3/s,"['A', '[91]']",0
2000-04-13,237.42708,streamflow,10154200,ft3/s,"['A', '[91]']",0
2000-04-14,272.25,streamflow,10154200,ft3/s,"['A', '[91]']",0
2000-04-15,254.03125,streamflow,10154200,ft3/s,"['A', '[91]']",0
2000-04-16,216.75,streamflow,10154200,ft3/s,"['A', '[91]']",0
2000-04-17,199.30208,streamflow,10154200,ft3/s,"['A', '[91]']",0
2000-04-18,230.60417,streamflow,10154200,ft3/s,"['A', '[91]']",0
2000-04-19,204.08333,streamflow,10154200,ft3/s,"['A', '[91]']",0
2000-04-20,178.23958,streamflow,10154200,ft3/s,"['A', '[91]']",0
2000-04-21,203.58333,streamflow,10154200,ft3/s,"['A', '[91]']",0
2000-04-22,215.77083,streamflow,10154200,ft3/s,"['A', '[91]']",0
2000-04-23,243.53125,streamflow,10154200,ft3/s,"['A', '[91]']",0
2000-04-24,256.89584,streamflow,10154200,ft3/s,"['A', '[91]']",0
2000-04-25,240.58333,streamflow,10154200,ft3/s,"['A', '[91]']",0
2000-04-26,280.4375,streamflow,10154200,ft3/s,"['A', '[91]']",0
2000-04-27,368.54166,streamflow,10154200,ft3/s,"['A', '[91]']",0
2000-04-28,516.5833,streamflow,10154200,ft3/s,"['A', '[91]']",0
2000-04-29,621.53125,streamflow,10154200,ft3/s,"['A', '[91]']",0
2000-04-30,523.5208,streamflow,10154200,ft3/s,"['A', '[91]']",0
2000-05-01,548.5208,streamflow,10154200,ft3/s,"['A', '[91]']",0
2000-05-02,675.55206,streamflow,10154200,ft3/s,"['A', '[91]']",0
2000-05-03,847.82294,streamflow,10154200,ft3/s,"['A', '[91]']",0
2000-05-04,1051.6354,streamflow,10154200,ft3/s,"['A', '[91]']",0
2000-05-05,1273.2291,streamflow,10154200,ft3/s,"['A', '[91]']",0
2000-05-06,1154.5834,streamflow,10154200,ft3/s,"['A', '[91]']",0
2000-05-07,1050.1875,streamflow,10154200,ft3/s,"['A', '[91]']",0
2000-05-08,918.84375,streamflow,10154200,ft3/s,"['A', '[91]']",0
2000-05-09,760.94794,streamflow,10154200,ft3/s,"['A', '[91]']",0
2000-05-10,720.84375,streamflow,10154200,ft3/s,"['A', '[91]']",0
2000-05-11,774.59375,streamflow,10154200,ft3/s,"['A', '[91]']",0
2000-05-12,682.25,streamflow,10154200,ft3/s,"['A', '[91]']",0
2000-05-13,609.96875,streamflow,10154200,ft3/s,"['A', '[91]']",0
2000-05-14,563.65625,streamflow,10154200,ft3/s,"['A', '[91]']",0
2000-05-15,563.36456,streamflow,10154200,ft3/s,"['A', '[91]']",0
2000-05-16,662.28125,streamflow,10154200,ft3/s,"['A', '[91]']",0
2000-05-17,669.90625,streamflow,10154200,ft3/s,"['A', '[91]']",0
2000-05-18,659.21875,streamflow,10154200,ft3/s,"['A', '[91]']",0
2000-05-19,645.73956,streamflow,10154200,ft3/s,"['A', '[91]']",0
2000-05-20,710.19794,streamflow,10154200,ft3/s,"['A', '[91]']",0
2000-05-21,907.55206,streamflow,10154200,ft3/s,"['A', '[91]']",0
2000-05-22,1185.9271,streamflow,10154200,ft3/s,"['A', '[91]']",0
2000-05-23,1450.625,streamflow,10154200,ft3/s,"['A', '[91]']",0
2000-05-24,1739.375,streamflow,10154200,ft3/s,"['A', '[91]']",0
2000-05-25,1633.75,streamflow,10154200,ft3/s,"['A', '[91]']",0
2000-05-26,1842.7084,streamflow,10154200,ft3/s,"['A', '[91]']",0
2000-05-27,1783.75,streamflow,10154200,ft3/s,"['A', '[91]']",0
2000-05-28,,streamflow,10154200,ft3/s,"['A', '[91]']",0
2000-05-29,1515.2778,streamflow,10154200,ft3/s,"['A', '[91]']",0
2000-05-30,1481.7709,streamflow,10154200,ft3/s,"['A', '[91]']",0
2000-05-31,1318.8541,streamflow,10154200,ft3/s,"['A', '[91]']",0
2000-06-01,1087.7396,streamflow,10154200,ft3/s,"['A', '[91]']",0
2000-06-02,885.5417,streamflow,10154200,ft3/s,"['A', '[91]']",0
2000-06-03,754.2917,streamflow,10154200,ft3/s,"['A', '[91]']",0
2000-06-04,684.94794,streamflow,10154200,ft3/s,"['A', '[91]']",0
2000-06-05,629.17706,streamflow,10154200,ft3/s,"['A', '[91]']",0
2000-06-06,557.3958,streamflow,10154200,ft3/s,"['A', '[91]']",0
2000-06-07,483.1771,streamflow,10154200,ft3/s,"['A', '[91]']",0
2000-06-08,435.4896,streamflow,10154200,ft3/s,"['A', '[91]']",0
2000-06-09,409.95834,streamflow,10154200,ft3/s,"['A', '[91]']",0
2000-06-10,358.09375,streamflow,10154200,ft3/s,"['A', '[91]']",0
2000-06-11,318.0729,streamflow,10154200,ft3/s,"['A', '[91]']",0
2000-06-12,278.66666,streamflow,10154200,ft3/s,"['A', '[91]']",0
2000-06-13,247.35417,streamflow,10154200,ft3/s,"['A', '[91]']",0
2000-06-14,228.32292,streamflow,10154200,ft3/s,"['A', '[91]']",0
2000-06-15,208.45833,streamflow,10154200,ft3/s,"['A', '[91]']",0
2000-06-16,194.15625,streamflow,10154200,ft3/s,"['A', '[91]']",0
2000-06-17,138.71875,streamflow,10154200,ft3/s,"['A', '[91]']",0
2000-06-18,123.354164,streamflow,10154200,ft3/s,"['A', '[91]']",0
2000-06-19,161.13542,streamflow,10154200,ft3/s,"['A', '[91]']",0
2000-06-20,153.4375,streamflow,10154200,ft3/s,"['A', '[91]']",0
2000-06-21,126.239586,streamflow,10154200,ft3/s,"['A', '[91]']",0
2000-06-22,114.09375,streamflow,10154200,ft3/s,"['A', '[91]']",0
2000-06-23,104.333336,streamflow,10154200,ft3/s,"['A', '[91]']",0
2000-06-24,96.052086,streamflow,10154200,ft3/s,"['A', '[91]']",0
2000-06-25,90.510414,streamflow,10154200,ft3/s,"['A', '[91]']",0
2000-06-26,82.864586,streamflow,10154200,ft3/s,"['A', '[91]']",0
2000-06-27,92.34375,streamflow,10154200,ft3/s,"['A', '[91]']",0
2000-06-28,91.072914,streamflow,10154200,ft3/s,"['A', '[91]']",0
2000-06-29,79.260414,streamflow,10154200,ft3/s,"['A', '[91]']",0
2000-06-30,73.020836,streamflow,10154200,ft3/s,"['A', '[91]']",0
2000-07-01,73.9375,streamflow,10154200,ft3/s,"['A', '[91]']",0
2000-07-02,75.989586,streamflow,10154200,ft3/s,"['A', '[91]']",0
2000-07-03,83.375,streamflow,10154200,ft3/s,"['A', '[91]']",0
2000-07-04,84.083336,streamflow,10154200,ft3/s,"['A', '[91]']",0
2000-07-05,79.760414,streamflow,10154200,ft3/s,"['A', '[91]']",0
2000-07-06,79.833336,streamflow,10154200,ft3/s,"['A', '[91]']",0
2000-07-07,75.322914,streamflow,10154200,ft3/s,"['A', '[91]']",0
2000-07-08,73.166664,streamflow,10154200,ft3/s,"['A', '[91]']",0
2000-07-09,74.34722,streamflow,10154200,ft3/s,"['A', '[91]']",0
2000-07-10,79.864586,streamflow,10154200,ft3/s,"['A', '[91]']",0
2000-07-11,81.010414,streamflow,10154200,ft3/s,"['A', '[91]']",0
2000-07-12,71.697914,streamflow,10154200,ft3/s,"['A', '[91]']",0
2000-07-13,72.59375,streamflow,10154200,ft3/s,"['A', '[91]']",0
2000-07-14,71.760414,streamflow,10154200,ft3/s,"['A', '[91]']",0
2000-07-15,70.927086,streamflow,10154200,ft3/s,"['A', '[91]']",0
2000-07-16,71.1875,streamflow,10154200,ft3/s,"['A', '[91]']",0
2000-07-17,68.020836,streamflow,10154200,ft3/s,"['A', '[91]']",0
2000-07-18,67.854164,streamflow,10154200,ft3/s,"['A', '[91]']",0
2000-07-19,64.875,streamflow,10154200,ft3/s,"['A', '[91]']",0
2000-07-20,74.53125,streamflow,10154200,ft3/s,"['A', '[91]']",0
2000-07-21,79.59375,streamflow,10154200,ft3/s,"['A', '[91]']",0
2000-07-22,74.927086,streamflow,10154200,ft3/s,"['A', '[91]']",0
2000-07-23,72.936844,streamflow,10154200,ft3/s,"['A', '[91]']",0
2000-07-24,77.145836,streamflow,10154200,ft3/s,"['A', '[91]']",0
2000-07-25,68.125,streamflow,10154200,ft3/s,"['A', '[91]']",0
2000-07-26,76.18056,streamflow,10154200,ft3/s,"['A', '[91]']",0
2000-07-27,72.6383,streamflow,10154200,ft3/s,"['A', '[91]']",0
2000-07-28,75.302086,streamflow,10154200,ft3/s,"['A', '[91]']",0
2000-07-29,78.666664,streamflow,10154200,ft3/s,"['A', '[91]']",0
2000-07-30,67.40625,streamflow,10154200,ft3/s,"['A', '[91]']",0
2000-07-31,70.864586,streamflow,10154200,ft3/s,"['A', '[91]']",0
2000-08-01,65.59375,streamflow,10154200,ft3/s,"['A', '[91]']",0
2000-08-02,66.489586,streamflow,10154200,ft3/s,"['A', '[91]']",0
2000-08-03,71.729164,streamflow,10154200,ft3/s,"['A', '[91]']",0
2000-08-04,67.875,streamflow,10154200,ft3/s,"['A', '[91]']",0
2000-08-05,69.8125,streamflow,10154200,ft3/s,"['A', '[91]']",0
2000-08-06,67.78125,streamflow,10154200,ft3/s,"['A', '[91]']",0
2000-08-07,68.979164,streamflow,10154200,ft3/s,"['A', '[91]']",0
2000-08-08,69.010414,streamflow,10154200,ft3/s,"['A', '[91]']",0
2000-08-09,72.229164,streamflow,10154200,ft3/s,"['A', '[91]']",0
2000-08-10,69.833336,streamflow,10154200,ft3/s,"['A', '[91]']",0
2000-08-11,67.96875,streamflow,10154200,ft3/s,"['A', '[91]']",0
2000-08-12,60.791668,streamflow,10154200,ft3/s,"['A', '[91]']",0
2000-08-13,59.21875,streamflow,10154200,ft3/s,"['A', '[91]']",0
2000-08-14,68.270836,streamflow,10154200,ft3/s,"['A', '[91]']",0
2000-08-15,58.21875,streamflow,10154200,ft3/s,"['A', '[91]']",0
2000-08-16,65.833336,streamflow,10154200,ft3/s,"['A', '[91]']",0
2000-08-17,60.78125,streamflow,10154200,ft3/s,"['A', '[91]']",0
2000-08-18,61.75,streamflow,10154200,ft3/s,"['A', '[91]']",0
2000-08-19,80.385414,streamflow,10154200,ft3/s,"['A', '[91]']",0
2000-08-20,66.333336,streamflow,10154200,ft3/s,"['A', '[91]']",0
2000-08-21,71.208336,streamflow,10154200,ft3/s,"['A', '[91]']",0
2000-08-22,79.072914,streamflow,10154200,ft3/s,"['A', '[91]']",0
2000-08-23,61.59375,streamflow,10154200,ft3/s,"['A', '[91]']",0
2000-08-24,48.260418,streamflow,10154200,ft3/s,"['A', '[91]']",0
2000-08-25,53.010418,streamflow,10154200,ft3/s,"['A', '[91]']",0
2000-08-26,51.46875,streamflow,10154200,ft3/s,"['A', '[91]']",0
2000-08-27,59.447918,streamflow,10154200,ft3/s,"['A', '[91]']",0
2000-08-28,60.0,streamflow,10154200,ft3/s,"['A', '[91]']",0
2000-08-29,53.072918,streamflow,10154200,ft3/s,"['A', '[91]']",0
2000-08-30,47.65625,streamflow,10154200,ft3/s,"['A', '[91]']",0
2000-08-31,55.020832,streamflow,10154200,ft3/s,"['A', '[91]']",0
2000-09-01,57.90625,streamflow,10154200,ft3/s,"['A', '[91]']",0
2000-09-02,65.708336,streamflow,10154200,ft3/s,"['A', '[91]']",0
2000-09-03,54.239582,streamflow,10154200,ft3/s,"['A', '[91]']",0
2000-09-04,55.979168,streamflow,10154200,ft3/s,"['A', '[91]']",0
2000-09-05,59.979168,streamflow,10154200,ft3/s,"['A', '[91]']",0
2000-09-06,61.9375,streamflow,10154200,ft3/s,"['A', '[91]']",0
2000-09-07,63.875,streamflow,10154200,ft3/s,"['A', '[91]']",0
2000-09-08,64.270836,streamflow,10154200,ft3/s,"['A', '[91]']",0
2000-09-09,72.510414,streamflow,10154200,ft3/s,"['A', '[91]']",0
2000-09-10,51.041668,streamflow,10154200,ft3/s,"['A', '[91]']",0
2000-09-11,39.0,streamflow,10154200,ft3/s,"['A', '[91]']",0
2000-09-12,41.041668,streamflow,10154200,ft3/s,"['A', '[91]']",0
2000-09-13,39.458332,streamflow,10154200,ft3/s,"['A', '[91]']",0
2000-09-14,46.166668,streamflow,10154200,ft3/s,"['A', '[91]']",0
2000-09-15,49.3125,streamflow,10154200,ft3/s,"['A', '[91]']",0
2000-09-16,51.65625,streamflow,10154200,ft3/s,"['A', '[91]']",0
2000-09-17,47.052082,streamflow,10154200,ft3/s,"['A', '[91]']",0
2000-09-18,34.760418,streamflow,10154200,ft3/s,"['A', '[91]']",0
2000-09-19,38.375,streamflow,10154200,ft3/s,"['A', '[91]']",0
2000-09-20,42.645832,streamflow,10154200,ft3/s,"['A', '[91]']",0
2000-09-21,37.6875,streamflow,10154200,ft3/s,"['A', '[91]']",0
2000-09-22,54.729168,streamflow,10154200,ft3/s,"['A', '[91]']",0
2000-09-23,70.1875,streamflow,10154200,ft3/s,"['A', '[91]']",0
2000-09-24,58.895832,streamflow,10154200,ft3/s,"['A', '[91]']",0
2000-09-25,41.75,streamflow,10154200,ft3/s,"['A', '[91]']",0
2000-09-26,41.260418,streamflow,10154200,ft3/s,"['A', '[91]']",0
2000-09-27,44.541668,streamflow,10154200,ft3/s,"['A', '[91]']",0
2000-09-28,48.802082,streamflow,10154200,ft3/s,"['A', '[91]']",0
2000-09-29,49.612904,streamflow,10154200,ft3/s,"['A', '[91]']",0
2000-09-30,49.0,streamflow,10154200,ft3/s,"['A', '[91]']",0
2000-10-01,46.302082,streamflow,10154200,ft3/s,"['A', '[91]']",0
2000-10-02,48.010418,streamflow,10154200,ft3/s,"['A', '[91]']",0
2000-10-03,44.229168,streamflow,10154200,ft3/s,"['A', '[91]']",0
2000-10-04,48.364582,streamflow,10154200,ft3/s,"['A', '[91]']",0
2000-10-05,49.5,streamflow,10154200,ft3/s,"['A', '[91]']",0
2000-10-06,51.729168,streamflow,10154200,ft3/s,"['A', '[91]']",0
2000-10-07,54.354168,streamflow,10154200,ft3/s,"['A', '[91]']",0
2000-10-08,55.5625,streamflow,10154200,ft3/s,"['A', '[91]']",0
2000-10-09,62.302082,streamflow,10154200,ft3/s,"['A', '[91]']",0
2000-10-10,48.375,streamflow,10154200,ft3/s,"['A', '[91]']",0
2000-10-11,71.041664,streamflow,10154200,ft3/s,"['A', '[91]']",0
2000-10-12,66.510414,streamflow,10154200,ft3/s,"['A', '[91]']",0
2000-10-13,60.736843,streamflow,10154200,ft3/s,"['A', '[91]']",0
2000-10-14,62.770832,streamflow,10154200,ft3/s,"['A', '[91]']",0
2000-10-15,59.833332,streamflow,10154200,ft3/s,"['A', '[91]']",0
2000-10-16,60.395832,streamflow,10154200,ft3/s,"['A', '[91]']",0
2000-10-17,57.4375,streamflow,10154200,ft3/s,"['A', '[91]']",0
2000-10-18,60.645832,streamflow,10154200,ft3/s,"['A', '[91]']",0
2000-10-19,59.697918,streamflow,10154200,ft3/s,"['A', '[91]']",0
2000-10-20,64.322914,streamflow,10154200,ft3/s,"['A', '[91]']",0
2000-10-21,65.770836,streamflow,10154200,ft3/s,"['A', '[91]']",0
2000-10-22,65.510414,streamflow,10154200,ft3/s,"['A', '[91]']",0
2000-10-23,70.40625,streamflow,10154200,ft3/s,"['A', '[91]']",0
2000-10-24,63.739582,streamflow,10154200,ft3/s,"['A', '[91]']",0
2000-10-25,67.625,streamflow,10154200,ft3/s,"['A', '[91]']",0
2000-10-26,66.322914,streamflow,10154200,ft3/s,"['A', '[91]']",0
2000-10-27,63.291668,streamflow,10154200,ft3/s,"['A', '[91]']",0
2000-10-28,74.833336,streamflow,10154200,ft3/s,"['A', '[91]']",0
2000-10-29,70.434784,streamflow,10154200,ft3/s,"['A', '[91]']",0
2000-10-30,75.208336,streamflow,10154200,ft3/s,"['A', '[91]']",0
2000-10-31,78.104164,streamflow,10154200,ft3/s,"['A', '[91]']",0
2000-11-01,95.729164,streamflow,10154200,ft3/s,"['A', '[91]']",0
2000-11-02,67.010414,streamflow,10154200,ft3/s,"['A', '[91]']",0
2000-11-03,53.947918,streamflow,10154200,ft3/s,"['A', '[91]']",0
2000-11-04,59.375,streamflow,10154200,ft3/s,"['A', '[91]']",0
2000-11-05,71.416664,streamflow,10154200,ft3/s,"['A', '[91]']",0
2000-11-06,63.96875,streamflow,10154200,ft3/s,"['A', '[91]']",0
2000-11-07,50.197918,streamflow,10154200,ft3/s,"['A', '[91]']",0
2000-11-08,55.6875,streamflow,10154200,ft3/s,"['A', '[91]']",0
2000-11-09,73.65625,streamflow,10154200,ft3/s,"['A', '[91]']",0
2000-11-10,66.25,streamflow,10154200,ft3/s,"['A', '[91]']",0
2000-11-11,53.270832,streamflow,10154200,ft3/s,"['A', '[91]']",0
2000-11-12,58.802082,streamflow,10154200,ft3/s,"['A', '[91]']",0
2000-11-13,56.958332,streamflow,10154200,ft3/s,"['A', '[91]']",0
2000-11-14,64.375,streamflow,10154200,ft3/s,"['A', '[91]']",0
2000-11-15,67.5625,streamflow,10154200,ft3/s,"['A', '[91]']",0
2000-11-16,65.78125,streamflow,10154200,ft3/s,"['A', '[91]']",0
2000-11-17,60.947918,streamflow,10154200,ft3/s,"['A', '[91]']",0
2000-11-18,61.989582,streamflow,10154200,ft3/s,"['A', '[91]']",0
2000-11-19,62.40625,streamflow,10154200,ft3/s,"['A', '[91]']",0
2000-11-20,59.760418,streamflow,10154200,ft3/s,"['A', '[91]']",0
2000-11-21,64.177086,streamflow,10154200,ft3/s,"['A', '[91]']",0
2000-11-22,64.114586,streamflow,10154200,ft3/s,"['A', '[91]']",0
2000-11-23,67.989586,streamflow,10154200,ft3/s,"['A', '[91]']",0
2000-11-24,60.104168,streamflow,10154200,ft3/s,"['A', '[91]']",0
2000-11-25,60.145832,streamflow,10154200,ft3/s,"['A', '[91]']",0
2000-11-26,66.28125,streamflow,10154200,ft3/s,"['A', '[91]']",0
2000-11-27,61.0,streamflow,10154200,ft3/s,"['A', '[91]']",0
2000-11-28,62.71875,streamflow,10154200,ft3/s,"['A', '[91]']",0
2000-11-29,66.708336,streamflow,10154200,ft3/s,"['A', '[91]']",0
2000-11-30,61.427082,streamflow,10154200,ft3/s,"['A', '[91]']",0
2000-12-01,55.354168,streamflow,10154200,ft3/s,"['A', '[91]']",0
2000-12-02,66.90625,streamflow,10154200,ft3/s,"['A', '[91]']",0
2000-12-03,62.979168,streamflow,10154200,ft3/s,"['A', '[91]']",0
2000-12-04,58.677082,streamflow,10154200,ft3/s,"['A', '[91]']",0
2000-12-05,60.53125,streamflow,10154200,ft3/s,"['A', '[91]']",0
2000-12-06,60.427082,streamflow,10154200,ft3/s,"['A', '[91]']",0
2000-12-07,60.760418,streamflow,10154200,ft3/s,"['A', '[91]']",0
2000-12-08,57.677082,streamflow,10154200,ft3/s,"['A', '[91]']",0
2000-12-09,61.354168,streamflow,10154200,ft3/s,"['A', '[91]']",0
2000-12-10,65.677086,streamflow,10154200,ft3/s,"['A', '[91]']",0
2000-12-11,58.364582,streamflow,10154200,ft3/s,"['A', '[91]']",0
2000-12-12,67.385414,streamflow,10154200,ft3/s,"['A', '[91]']",0
2000-12-13,68.416664,streamflow,10154200,ft3/s,"['A', '[91]']",0
2000-12-14,68.59375,streamflow,10154200,ft3/s,"['A', '[91]']",0
2000-12-15,67.604164,streamflow,10154200,ft3/s,"['A', '[91]']",0
2000-12-16,64.09375,streamflow,10154200,ft3/s,"['A', '[91]']",0
2000-12-17,69.645836,streamflow,10154200,ft3/s,"['A', '[91]']",0
2000-12-18,73.15625,streamflow,10154200,ft3/s,"['A', '[91]']",0
2000-12-19,69.583336,streamflow,10154200,ft3/s,"['A', '[91]']",0
2000-12-20,78.989586,streamflow,10154200,ft3/s,"['A', '[91]']",0
2000-12-21,72.96429,streamflow,10154200,ft3/s,"['A', '[91]']",0
2000-12-22,,streamflow,10154200,ft3/s,"['A', '[91]']",0
2000-12-23,66.45588,streamflow,10154200,ft3/s,"['A', '[91]']",0
2000-12-24,68.645836,streamflow,10154200,ft3/s,"['A', '[91]']",0
2000-12-25,67.364586,streamflow,10154200,ft3/s,"['A', '[91]']",0
2000-12-26,61.666668,streamflow,10154200,ft3/s,"['A', '[91]']",0
2000-12-27,69.489586,streamflow,10154200,ft3/s,"['A', '[91]']",0
2000-12-28,66.739586,streamflow,10154200,ft3/s,"['A', '[91]']",0
2000-12-29,60.697918,streamflow,10154200,ft3/s,"['A', '[91]']",0
2000-12-30,63.166668,streamflow,10154200,ft3/s,"['A', '[91]']",0
2000-12-31,64.364586,streamflow,10154200,ft3/s,"['A', '[91]']",0
2001-01-01,65.739586,streamflow,10154200,ft3/s,"['A', '[91]']",0
2001-01-02,60.864582,streamflow,10154200,ft3/s,"['A', '[91]']",0
2001-01-03,57.895832,streamflow,10154200,ft3/s,"['A', '[91]']",0
2001-01-04,61.71875,streamflow,10154200,ft3/s,"['A', '[91]']",0
2001-01-05,64.3125,streamflow,10154200,ft3/s,"['A', '[91]']",0
2001-01-06,67.0,streamflow,10154200,ft3/s,"['A', '[91]']",0
2001-01-07,67.010414,streamflow,10154200,ft3/s,"['A', '[91]']",0
2001-01-08,62.677082,streamflow,10154200,ft3/s,"['A', '[91]']",0
2001-01-09,60.625,streamflow,10154200,ft3/s,"['A', '[91]']",0
2001-01-10,62.0,streamflow,10154200,ft3/s,"['A', '[91]']",0
2001-01-11,62.0,streamflow,10154200,ft3/s,"['A', '[91]']",0
2001-01-12,64.46875,streamflow,10154200,ft3/s,"['A', '[91]']",0
2001-01-13,70.166664,streamflow,10154200,ft3/s,"['A', '[91]']",0
2001-01-14,63.03125,streamflow,10154200,ft3/s,"['A', '[91]']",0
2001-01-15,63.5,streamflow,10154200,ft3/s,"['A', '[91]']",0
2001-01-16,60.65625,streamflow,10154200,ft3/s,"['A', '[91]']",0
2001-01-17,60.375,streamflow,10154200,ft3/s,"['A', '[91]']",0
2001-01-18,58.020832,streamflow,10154200,ft3/s,"['A', '[91]']",0
2001-01-19,57.208332,streamflow,10154200,ft3/s,"['A', '[91]']",0
2001-01-20,60.979168,streamflow,10154200,ft3/s,"['A', '[91]']",0
2001-01-21,60.447918,streamflow,10154200,ft3/s,"['A', '[91]']",0
2001-01-22,64.0,streamflow,10154200,ft3/s,"['A', '[91]']",0
2001-01-23,67.302086,streamflow,10154200,ft3/s,"['A', '[91]']",0
2001-01-24,72.010414,streamflow,10154200,ft3/s,"['A', '[91]']",0
2001-01-25,64.270836,streamflow,10154200,ft3/s,"['A', '[91]']",0
2001-01-26,56.53125,streamflow,10154200,ft3/s,"['A', '[91]']",0
2001-01-27,57.958332,streamflow,10154200,ft3/s,"['A', '[91]']",0
2001-01-28,57.09375,streamflow,10154200,ft3/s,"['A', '[91]']",0
2001-01-29,55.708332,streamflow,10154200,ft3/s,"['A', '[91]']",0
2001-01-30,57.270832,streamflow,10154200,ft3/s,"['A', '[91]']",0
2001-01-31,51.104168,streamflow,10154200,ft3/s,"['A', '[91]']",0
2001-02-01,58.4375,streamflow,10154200,ft3/s,"['A', '[91]']",0
2001-02-02,60.802082,streamflow,10154200,ft3/s,"['A', '[91]']",0
2001-02-03,57.0,streamflow,10154200,ft3/s,"['A', '[91]']",0
2001-02-04,57.375,streamflow,10154200,ft3/s,"['A', '[91]']",0
2001-02-05,60.458332,streamflow,10154200,ft3/s,"['A', '[91]']",0
2001-02-06,56.875,streamflow,10154200,ft3/s,"['A', '[91]']",0
2001-02-07,56.010418,streamflow,10154200,ft3/s,"['A', '[91]']",0
2001-02-08,52.239582,streamflow,10154200,ft3/s,"['A', '[91]']",0
2001-02-09,42.677082,streamflow,10154200,ft3/s,"['A', '[91]']",0
2001-02-10,57.260418,streamflow,10154200,ft3/s,"['A', '[91]']",0
2001-02-11,62.145832,streamflow,10154200,ft3/s,"['A', '[91]']",0
2001-02-12,57.145832,streamflow,10154200,ft3/s,"['A', '[91]']",0
2001-02-13,56.03125,streamflow,10154200,ft3/s,"['A', '[91]']",0
2001-02-14,56.645832,streamflow,10154200,ft3/s,"['A', '[91]']",0
2001-02-15,58.989582,streamflow,10154200,ft3/s,"['A', '[91]']",0
2001-02-16,53.84375,streamflow,10154200,ft3/s,"['A', '[91]']",0
2001-02-17,52.59375,streamflow,10154200,ft3/s,"['A', '[91]']",0
2001-02-18,53.510418,streamflow,10154200,ft3/s,"['A', '[91]']",0
2001-02-19,55.125,streamflow,10154200,ft3/s,"['A', '[91]']",0
2001-02-20,57.3125,streamflow,10154200,ft3/s,"['A', '[91]']",0
2001-02-21,54.708332,streamflow,10154200,ft3/s,"['A', '[91]']",0
2001-02-22,52.96875,streamflow,10154200,ft3/s,"['A', '[91]']",0
2001-02-23,61.739582,streamflow,10154200,ft3/s,"['A', '[91]']",0
2001-02-24,63.729168,streamflow,10154200,ft3/s,"['A', '[91]']",0
2001-02-25,53.614582,streamflow,10154200,ft3/s,"['A', '[91]']",0
2001-02-26,50.15625,streamflow,10154200,ft3/s,"['A', '[91]']",0
2001-02-27,56.572918,streamflow,10154200,ft3/s,"['A', '[91]']",0
2001-02-28,53.510418,streamflow,10154200,ft3/s,"['A', '[91]']",0
2001-03-01,57.083332,streamflow,10154200,ft3/s,"['A', '[91]']",0
2001-03-02,48.385418,streamflow,10154200,ft3/s,"['A', '[91]']",0
2001-03-03,58.8125,streamflow,10154200,ft3/s,"['A', '[91]']",0
2001-03-04,46.65625,streamflow,10154200,ft3/s,"['A', '[91]']",0
2001-03-05,57.833332,streamflow,10154200,ft3/s,"['A', '[91]']",0
2001-03-06,52.625,streamflow,10154200,ft3/s,"['A', '[91]']",0
2001-03-07,55.979168,streamflow,10154200,ft3/s,"['A', '[91]']",0
2001-03-08,56.510418,streamflow,10154200,ft3/s,"['A', '[91]']",0
2001-03-09,60.239582,streamflow,10154200,ft3/s,"['A', '[91]']",0
2001-03-10,59.760418,streamflow,10154200,ft3/s,"['A', '[91]']",0
2001-03-11,60.666668,streamflow,10154200,ft3/s,"['A', '[91]']",0
2001-03-12,55.59375,streamflow,10154200,ft3/s,"['A', '[91]']",0
2001-03-13,58.9375,streamflow,10154200,ft3/s,"['A', '[91]']",0
2001-03-14,56.625,streamflow,10154200,ft3/s,"['A', '[91]']",0
2001-03-15,50.947918,streamflow,10154200,ft3/s,"['A', '[91]']",0
2001-03-16,61.90625,streamflow,10154200,ft3/s,"['A', '[91]']",0
2001-03-17,57.65625,streamflow,10154200,ft3/s,"['A', '[91]']",0
2001-03-18,59.552082,streamflow,10154200,ft3/s,"['A', '[91]']",0
2001-03-19,58.53125,streamflow,10154200,ft3/s,"['A', '[91]']",0
2001-03-20,67.4375,streamflow,10154200,ft3/s,"['A', '[91]']",0
2001-03-21,75.239586,streamflow,10154200,ft3/s,"['A', '[91]']",0
2001-03-22,82.729164,streamflow,10154200,ft3/s,"['A', '[91]']",0
2001-03-23,93.958336,streamflow,10154200,ft3/s,"['A', '[91]']",0
2001-03-24,99.583336,streamflow,10154200,ft3/s,"['A', '[91]']",0
2001-03-25,102.229164,streamflow,10154200,ft3/s,"['A', '[91]']",0
2001-03-26,110.583336,streamflow,10154200,ft3/s,"['A', '[91]']",0
2001-03-27,109.458336,streamflow,10154200,ft3/s,"['A', '[91]']",0
2001-03-28,104.979164,streamflow,10154200,ft3/s,"['A', '[91]']",0
2001-03-29,101.65625,streamflow,10154200,ft3/s,"['A', '[91]']",0
2001-03-30,96.197914,streamflow,10154200,ft3/s,"['A', '[91]']",0
2001-03-31,92.145836,streamflow,10154200,ft3/s,"['A', '[91]']",0
2001-04-01,95.072914,streamflow,10154200,ft3/s,"['A', '[91]']",0
2001-04-02,106.166664,streamflow,10154200,ft3/s,"['A', '[91]']",0
2001-04-03,111.979164,streamflow,10154200,ft3/s,"['A', '[91]']",0
2001-04-04,105.625,streamflow,10154200,ft3/s,"['A', '[91]']",0
2001-04-05,102.572914,streamflow,10154200,ft3/s,"['A', '[91]']",0
2001-04-06,109.708336,streamflow,10154200,ft3/s,"['A', '[91]']",0
2001-04-07,106.34375,streamflow,10154200,ft3/s,"['A', '[91]']",0
2001-04-08,103.09375,streamflow,10154200,ft3/s,"['A', '[91]']",0
2001-04-09,88.364586,streamflow,10154200,ft3/s,"['A', '[91]']",0
2001-04-10,108.03125,streamflow,10154200,ft3/s,"['A', '[91]']",0
2001-04-11,94.270836,streamflow,10154200,ft3/s,"['A', '[91]']",0
2001-04-12,99.96875,streamflow,10154200,ft3/s,"['A', '[91]']",0
2001-04-13,87.458336,streamflow,10154200,ft3/s,"['A', '[91]']",0
2001-04-14,96.0625,streamflow,10154200,ft3/s,"['A', '[91]']",0
2001-04-15,88.28125,streamflow,10154200,ft3/s,"['A', '[91]']",0
2001-04-16,113.708336,streamflow,10154200,ft3/s,"['A', '[91]']",0
2001-04-17,135.25,streamflow,10154200,ft3/s,"['A', '[91]']",0
2001-04-18,179.1875,streamflow,10154200,ft3/s,"['A', '[91]']",0
2001-04-19,230.48958,streamflow,10154200,ft3/s,"['A', '[91]']",0
2001-04-20,250.45833,streamflow,10154200,ft3/s,"['A', '[91]']",0
2001-04-21,216.29167,streamflow,10154200,ft3/s,"['A', '[91]']",0
2001-04-22,194.92708,streamflow,10154200,ft3/s,"['A', '[91]']",0
2001-04-23,175.8125,streamflow,10154200,ft3/s,"['A', '[91]']",0
2001-04-24,162.6875,streamflow,10154200,ft3/s,"['A', '[91]']",0
2001-04-25,180.07292,streamflow,10154200,ft3/s,"['A', '[91]']",0
2001-04-26,247.09375,streamflow,10154200,ft3/s,"['A', '[91]']",0
2001-04-27,336.3854,streamflow,10154200,ft3/s,"['A', '[91]']",0
2001-04-28,415.03125,streamflow,10154200,ft3/s,"['A', '[91]']",0
2001-04-29,563.92706,streamflow,10154200,ft3/s,"['A', '[91]']",0
2001-04-30,598.4375,streamflow,10154200,ft3/s,"['A', '[91]']",0
2001-05-01,696.0833,streamflow,10154200,ft3/s,"['A', '[91]']",0
2001-05-02,,streamflow,10154200,ft3/s,"['A', '[91]']",0
2001-05-03,,streamflow,10154200,ft3/s,"['A', '[91]']",0
2001-05-04,,streamflow,10154200,ft3/s,"['A', '[91]']",0
2001-05-05,,streamflow,10154200,ft3/s,"['A', '[91]']",0
2001-05-06,,streamflow,10154200,ft3/s,"['A', '[91]']",0
2001-05-07,,streamflow,10154200,ft3/s,"['A', '[91]']",0
2001-05-08,538.2639,streamflow,10154200,ft3/s,"['A', '[91]']",0
2001-05-09,742.57294,streamflow,10154200,ft3/s,"['A', '[91]']",0
2001-05-10,969.80206,streamflow,10154200,ft3/s,"['A', '[91]']",0
2001-05-11,1125.4688,streamflow,10154200,ft3/s,"['A', '[91]']",0
2001-05-12,1186.6666,streamflow,10154200,ft3/s,"['A', '[91]']",0
2001-05-13,1188.0209,streamflow,10154200,ft3/s,"['A', '[91]']",0
2001-05-14,1288.2291,streamflow,10154200,ft3/s,"['A', '[91]']",0
2001-05-15,1365.2084,streamflow,10154200,ft3/s,"['A', '[91]']",0
2001-05-16,1772.2916,streamflow,10154200,ft3/s,"['A', '[91]']",0
2001-05-17,1948.0209,streamflow,10154200,ft3/s,"['A', '[91]']",0
2001-05-18,1542.8125,streamflow,10154200,ft3/s,"['A', '[91]']",0
2001-05-19,1295.3125,streamflow,10154200,ft3/s,"['A', '[91]']",0
2001-05-20,1233.2291,streamflow,10154200,ft3/s,"['A', '[91]']",0
2001-05-21,1102.4375,streamflow,10154200,ft3/s,"['A', '[91]']",0
2001-05-22,961.15625,streamflow,10154200,ft3/s,"['A', '[91]']",0
2001-05-23,933.6042,streamflow,10154200,ft3/s,"['A', '[91]']",0
2001-05-24,951.09375,streamflow,10154200,ft3/s,"['A', '[91]']",0
2001-05-25,909.8333,streamflow,10154200,ft3/s,"['A', '[91]']",0
2001-05-26,869.51044,streamflow,10154200,ft3/s,"['A', '[91]']",0
2001-05-27,811.63544,streamflow,10154200,ft3/s,"['A', '[91]']",0
2001-05-28,701.15625,streamflow,10154200,ft3/s,"['A', '[91]']",0
2001-05-29,628.05206,streamflow,10154200,ft3/s,"['A', '[91]']",0
2001-05-30,557.96875,streamflow,10154200,ft3/s,"['A', '[91]']",0
2001-05-31,488.72916,streamflow,10154200,ft3/s,"['A', '[91]']",0
2001-06-01,437.6354,streamflow,10154200,ft3/s,"['A', '[91]']",0
2001-06-02,395.08334,streamflow,10154200,ft3/s,"['A', '[91]']",0
2001-06-03,364.6146,streamflow,10154200,ft3/s,"['A', '[91]']",0
2001-06-04,332.3646,streamflow,10154200,ft3/s,"['A', '[91]']",0
2001-06-05,300.3229,streamflow,10154200,ft3/s,"['A', '[91]']",0
2001-06-06,274.96875,streamflow,10154200,ft3/s,"['A', '[91]']",0
2001-06-07,246.72917,streamflow,10154200,ft3/s,"['A', '[91]']",0
2001-06-08,227.29167,streamflow,10154200,ft3/s,"['A', '[91]']",0
2001-06-09,218.42708,streamflow,10154200,ft3/s,"['A', '[91]']",0
2001-06-10,202.13542,streamflow,10154200,ft3/s,"['A', '[91]']",0
2001-06-11,194.4375,streamflow,10154200,ft3/s,"['A', '[91]']",0
2001-06-12,188.79167,streamflow,10154200,ft3/s,"['A', '[91]']",0
2001-06-13,206.30208,streamflow,10154200,ft3/s,"['A', '[91]']",0
2001-06-14,185.625,streamflow,10154200,ft3/s,"['A', '[91]']",0
2001-06-15,168.59375,streamflow,10154200,ft3/s,"['A', '[91]']",0
2001-06-16,151.75,streamflow,10154200,ft3/s,"['A', '[91]']",0
2001-06-17,140.83333,streamflow,10154200,ft3/s,"['A', '[91]']",0
2001-06-18,130.16667,streamflow,10154200,ft3/s,"['A', '[91]']",0
2001-06-19,96.010414,streamflow,10154200,ft3/s,"['A', '[91]']",0
2001-06-20,83.3125,streamflow,10154200,ft3/s,"['A', '[91]']",0
2001-06-21,79.177086,streamflow,10154200,ft3/s,"['A', '[91]']",0
2001-06-22,69.989586,streamflow,10154200,ft3/s,"['A', '[91]']",0
2001-06-23,74.71875,streamflow,10154200,ft3/s,"['A', '[91]']",0
2001-06-24,69.208336,streamflow,10154200,ft3/s,"['A', '[91]']",0
2001-06-25,69.854164,streamflow,10154200,ft3/s,"['A', '[91]']",0
2001-06-26,63.895832,streamflow,10154200,ft3/s,"['A', '[91]']",0
2001-06-27,62.270832,streamflow,10154200,ft3/s,"['A', '[91]']",0
2001-06-28,64.520836,streamflow,10154200,ft3/s,"['A', '[91]']",0
2001-06-29,56.364582,streamflow,10154200,ft3/s,"['A', '[91]']",0
2001-06-30,59.010418,streamflow,10154200,ft3/s,"['A', '[91]']",0
2001-07-01,54.916668,streamflow,10154200,ft3/s,"['A', '[91]']",0
2001-07-02,54.90625,streamflow,10154200,ft3/s,"['A', '[91]']",0
2001-07-03,55.166668,streamflow,10154200,ft3/s,"['A', '[91]']",0
2001-07-04,54.104168,streamflow,10154200,ft3/s,"['A', '[91]']",0
2001-07-05,55.854168,streamflow,10154200,ft3/s,"['A', '[91]']",0
2001-07-06,61.833332,streamflow,10154200,ft3/s,"['A', '[91]']",0
2001-07-07,69.708336,streamflow,10154200,ft3/s,"['A', '[91]']",0
2001-07-08,94.5,streamflow,10154200,ft3/s,"['A', '[91]']",0
2001-07-09,100.125,streamflow,10154200,ft3/s,"['A', '[91]']",0
2001-07-10,120.739586,streamflow,10154200,ft3/s,"['A', '[91]']",0
2001-07-11,99.916664,streamflow,10154200,ft3/s,"['A', '[91]']",0
2001-07-12,90.229164,streamflow,10154200,ft3/s,"['A', '[91]']",0
2001-07-13,82.604164,streamflow,10154200,ft3/s,"['A', '[91]']",0
2001-07-14,79.979164,streamflow,10154200,ft3/s,"['A', '[91]']",0
2001-07-15,80.291664,streamflow,10154200,ft3/s,"['A', '[91]']",0
2001-07-16,77.989586,streamflow,10154200,ft3/s,"['A', '[91]']",0
2001-07-17,72.604164,streamflow,10154200,ft3/s,"['A', '[91]']",0
2001-07-18,69.270836,streamflow,10154200,ft3/s,"['A', '[91]']",0
2001-07-19,65.989586,streamflow,10154200,ft3/s,"['A', '[91]']",0
2001-07-20,66.052086,streamflow,10154200,ft3/s,"['A', '[91]']",0
2001-07-21,62.385418,streamflow,10154200,ft3/s,"['A', '[91]']",0
2001-07-22,60.15625,streamflow,10154200,ft3/s,"['A', '[91]']",0
2001-07-23,60.71875,streamflow,10154200,ft3/s,"['A', '[91]']",0
2001-07-24,68.03125,streamflow,10154200,ft3/s,"['A', '[91]']",0
2001-07-25,68.708336,streamflow,10154200,ft3/s,"['A', '[91]']",0
2001-07-26,67.229164,streamflow,10154200,ft3/s,"['A', '[91]']",0
2001-07-27,69.895836,streamflow,10154200,ft3/s,"['A', '[91]']",0
2001-07-28,74.135414,streamflow,10154200,ft3/s,"['A', '[91]']",0
2001-07-29,67.885414,streamflow,10154200,ft3/s,"['A', '[91]']",0
2001-07-30,64.625,streamflow,10154200,ft3/s,"['A', '[91]']",0
2001-07-31,67.572914,streamflow,10154200,ft3/s,"['A', '[91]']",0
2001-08-01,65.447914,streamflow,10154200,ft3/s,"['A', '[91]']",0
2001-08-02,64.0,streamflow,10154200,ft3/s,"['A', '[91]']",0
2001-08-03,69.0,streamflow,10154200,ft3/s,"['A', '[91]']",0
2001-08-04,65.166664,streamflow,10154200,ft3/s,"['A', '[91]']",0
2001-08-05,60.510418,streamflow,10154200,ft3/s,"['A', '[91]']",0
2001-08-06,58.65625,streamflow,10154200,ft3/s,"['A', '[91]']",0
2001-08-07,53.125,streamflow,10154200,ft3/s,"['A', '[91]']",0
2001-08-08,53.6875,streamflow,10154200,ft3/s,"['A', '[91]']",0
2001-08-09,51.197918,streamflow,10154200,ft3/s,"['A', '[91]']",0
2001-08-10,53.197918,streamflow,10154200,ft3/s,"['A', '[91]']",0
2001-08-11,51.229168,streamflow,10154200,ft3/s,"['A', '[91]']",0
2001-08-12,51.0,streamflow,10154200,ft3/s,"['A', '[91]']",0
2001-08-13,51.0,streamflow,10154200,ft3/s,"['A', '[91]']",0
2001-08-14,50.989582,streamflow,10154200,ft3/s,"['A', '[91]']",0
2001-08-15,50.114582,streamflow,10154200,ft3/s,"['A', '[91]']",0
2001-08-16,47.03125,streamflow,10154200,ft3/s,"['A', '[91]']",0
2001-08-17,47.0,streamflow,10154200,ft3/s,"['A', '[91]']",0
2001-08-18,47.604168,streamflow,10154200,ft3/s,"['A', '[91]']",0
2001-08-19,46.552082,streamflow,10154200,ft3/s,"['A', '[91]']",0
2001-08-20,48.302082,streamflow,10154200,ft3/s,"['A', '[91]']",0
2001-08-21,52.197918,streamflow,10154200,ft3/s,"['A', '[91]']",0
2001-08-22,56.822918,streamflow,10154200,ft3/s,"['A', '[91]']",0
2001-08-23,54.65625,streamflow,10154200,ft3/s,"['A', '[91]']",0
2001-08-24,47.020832,streamflow,10154200,ft3/s,"['A', '[91]']",0
2001-08-25,45.729168,streamflow,10154200,ft3/s,"['A', '[91]']",0
2001-08-26,37.8125,streamflow,10154200,ft3/s,"['A', '[91]']",0
2001-08-27,33.03125,streamflow,10154200,ft3/s,"['A', '[91]']",0
2001-08-28,31.052084,streamflow,10154200,ft3/s,"['A', '[91]']",0
2001-08-29,31.0,streamflow,10154200,ft3/s,"['A', '[91]']",0
2001-08-30,32.135418,streamflow,10154200,ft3/s,"['A', '[91]']",0
2001-08-31,33.8125,streamflow,10154200,ft3/s,"['A', '[91]']",0
2001-09-01,34.072918,streamflow,10154200,ft3/s,"['A', '[91]']",0
2001-09-02,32.78125,streamflow,10154200,ft3/s,"['A', '[91]']",0
2001-09-03,33.0,streamflow,10154200,ft3/s,"['A', '[91]']",0
2001-09-04,32.729168,streamflow,10154200,ft3/s,"['A', '[91]']",0
2001-09-05,31.0,streamflow,10154200,ft3/s,"['A', '[91]']",0
2001-09-06,31.104166,streamflow,10154200,ft3/s,"['A', '[91]']",0
2001-09-07,28.9375,streamflow,10154200,ft3/s,"['A', '[91]']",0
2001-09-08,29.333334,streamflow,10154200,ft3/s,"['A', '[91]']",0
2001-09-09,30.1875,streamflow,10154200,ft3/s,"['A', '[91]']",0
2001-09-10,30.21875,streamflow,10154200,ft3/s,"['A', '[91]']",0
2001-09-11,32.479168,streamflow,10154200,ft3/s,"['A', '[91]']",0
2001-09-12,30.645834,streamflow,10154200,ft3/s,"['A', '[91]']",0
2001-09-13,29.197916,streamflow,10154200,ft3/s,"['A', '[91]']",0
2001-09-14,31.895834,streamflow,10154200,ft3/s,"['A', '[91]']",0
2001-09-15,30.0625,streamflow,10154200,ft3/s,"['A', '[91]']",0
2001-09-16,29.375,streamflow,10154200,ft3/s,"['A', '[91]']",0
2001-09-17,33.416668,streamflow,10154200,ft3/s,"['A', '[91]']",0
2001-09-18,34.0,streamflow,10154200,ft3/s,"['A', '[91]']",0
2001-09-19,33.427082,streamflow,10154200,ft3/s,"['A', '[91]']",0
2001-09-20,33.239582,streamflow,10154200,ft3/s,"['A', '[91]']",0
2001-09-21,30.197916,streamflow,10154200,ft3/s,"['A', '[91]']",0
2001-09-22,29.0,streamflow,10154200,ft3/s,"['A', '[91]']",0
2001-09-23,29.031578,streamflow,10154200,ft3/s,"['A', '[91]']",0
2001-09-24,28.0625,streamflow,10154200,ft3/s,"['A', '[91]']",0
2001-09-25,28.0,streamflow,10154200,ft3/s,"['A', '[91]']",0
2001-09-26,28.0,streamflow,10154200,ft3/s,"['A', '[91]']",0
2001-09-27,28.084211,streamflow,10154200,ft3/s,"['A', '[91]']",0
2001-09-28,28.011494,streamflow,10154200,ft3/s,"['A', '[91]']",0
2001-09-29,28.126316,streamflow,10154200,ft3/s,"['A', '[91]']",0
2001-09-30,28.0,streamflow,10154200,ft3/s,"['A', '[91]']",0
2001-10-01,27.75,streamflow,10154200,ft3/s,"['A', '[91]']",0
2001-10-02,27.604395,streamflow,10154200,ft3/s,"['A', '[91]']",0
2001-10-03,29.322222,streamflow,10154200,ft3/s,"['A', '[91]']",0
2001-10-04,31.145834,streamflow,10154200,ft3/s,"['A', '[91]']",0
2001-10-05,32.90625,streamflow,10154200,ft3/s,"['A', '[91]']",0
2001-10-06,32.041668,streamflow,10154200,ft3/s,"['A', '[91]']",0
2001-10-07,32.747368,streamflow,10154200,ft3/s,"['A', '[91]']",0
2001-10-08,32.96875,streamflow,10154200,ft3/s,"['A', '[91]']",0
2001-10-09,37.052082,streamflow,10154200,ft3/s,"['A', '[91]']",0
2001-10-10,39.177082,streamflow,10154200,ft3/s,"['A', '[91]']",0
2001-10-11,37.65625,streamflow,10154200,ft3/s,"['A', '[91]']",0
2001-10-12,38.59375,streamflow,10154200,ft3/s,"['A', '[91]']",0
2001-10-13,37.552082,streamflow,10154200,ft3/s,"['A', '[91]']",0
2001-10-14,36.697918,streamflow,10154200,ft3/s,"['A', '[91]']",0
2001-10-15,36.0,streamflow,10154200,ft3/s,"['A', '[91]']",0
2001-10-16,36.53125,streamflow,10154200,ft3/s,"['A', '[91]']",0
2001-10-17,36.291668,streamflow,10154200,ft3/s,"['A', '[91]']",0
2001-10-18,36.15625,streamflow,10154200,ft3/s,"['A', '[91]']",0
2001-10-19,34.927082,streamflow,10154200,ft3/s,"['A', '[91]']",0
2001-10-20,35.770832,streamflow,10154200,ft3/s,"['A', '[91]']",0
2001-10-21,35.552082,streamflow,10154200,ft3/s,"['A', '[91]']",0
2001-10-22,35.40625,streamflow,10154200,ft3/s,"['A', '[91]']",0
2001-10-23,36.145832,streamflow,10154200,ft3/s,"['A', '[91]']",0
2001-10-24,37.5625,streamflow,10154200,ft3/s,"['A', '[91]']",0
2001-10-25,34.697918,streamflow,10154200,ft3/s,"['A', '[91]']",0
2001-10-26,34.90625,streamflow,10154200,ft3/s,"['A', '[91]']",0
2001-10-27,36.020832,streamflow,10154200,ft3/s,"['A', '[91]']",0
2001-10-28,35.173912,streamflow,10154200,ft3/s,"['A', '[91]']",0
2001-10-29,35.135418,streamflow,10154200,ft3/s,"['A', '[91]']",0
2001-10-30,34.677082,streamflow,10154200,ft3/s,"['A', '[91]']",0
2001-10-31,59.239582,streamflow,10154200,ft3/s,"['A', '[91]']",0
2001-11-01,66.989586,streamflow,10154200,ft3/s,"['A', '[91]']",0
2001-11-02,48.84375,streamflow,10154200,ft3/s,"['A', '[91]']",0
2001-11-03,45.78125,streamflow,10154200,ft3/s,"['A', '[91]']",0
2001-11-04,46.645832,streamflow,10154200,ft3/s,"['A', '[91]']",0
2001-11-05,43.677082,streamflow,10154200,ft3/s,"['A', '[91]']",0
2001-11-06,44.760418,streamflow,10154200,ft3/s,"['A', '[91]']",0
2001-11-07,53.34375,streamflow,10154200,ft3/s,"['A', '[91]']",0
2001-11-08,59.583332,streamflow,10154200,ft3/s,"['A', '[91]']",0
2001-11-09,48.84375,streamflow,10154200,ft3/s,"['A', '[91]']",0
2001-11-10,45.989582,streamflow,10154200,ft3/s,"['A', '[91]']",0
2001-11-11,46.739582,streamflow,10154200,ft3/s,"['A', '[91]']",0
2001-11-12,45.479168,streamflow,10154200,ft3/s,"['A', '[91]']",0
2001-11-13,45.25,streamflow,10154200,ft3/s,"['A', '[91]']",0
2001-11-14,47.645832,streamflow,10154200,ft3/s,"['A', '[91]']",0
2001-11-15,45.270832,streamflow,10154200,ft3/s,"['A', '[91]']",0
2001-11-16,42.052082,streamflow,10154200,ft3/s,"['A', '[91]']",0
2001-11-17,42.895832,streamflow,10154200,ft3/s,"['A', '[91]']",0
2001-11-18,44.739582,streamflow,10154200,ft3/s,"['A', '[91]']",0
2001-11-19,42.0625,streamflow,10154200,ft3/s,"['A', '[91]']",0
2001-11-20,36.4375,streamflow,10154200,ft3/s,"['A', '[91]']",0
2001-11-21,43.333332,streamflow,10154200,ft3/s,"['A', '[91]']",0
2001-11-22,47.645832,streamflow,10154200,ft3/s,"['A', '[91]']",0
2001-11-23,50.364582,streamflow,10154200,ft3/s,"['A', '[91]']",0
2001-11-24,47.760418,streamflow,10154200,ft3/s,"['A', '[91]']",0
2001-11-25,48.3125,streamflow,10154200,ft3/s,"['A', '[91]']",0
2001-11-26,51.5625,streamflow,10154200,ft3/s,"['A', '[91]']",0
2001-11-27,46.010418,streamflow,10154200,ft3/s,"['A', '[91]']",0
2001-11-28,41.552082,streamflow,10154200,ft3/s,"['A', '[91]']",0
2001-11-29,54.785713,streamflow,10154200,ft3/s,"['A', '[91]']",0
2001-11-30,,streamflow,10154200,ft3/s,"['A', '[91]']",0
2001-12-01,47.985294,streamflow,10154200,ft3/s,"['A', '[91]']",0
2001-12-02,51.364582,streamflow,10154200,ft3/s,"['A', '[91]']",0
2001-12-03,54.927082,streamflow,10154200,ft3/s,"['A', '[91]']",0
2001-12-04,53.4375,streamflow,10154200,ft3/s,"['A', '[91]']",0
2001-12-05,50.541668,streamflow,10154200,ft3/s,"['A', '[91]']",0
2001-12-06,55.0,streamflow,10154200,ft3/s,"['A', '[91]']",0
2001-12-07,,streamflow,10154200,ft3/s,"['A', '[91]']",0
2001-12-08,44.514706,streamflow,10154200,ft3/s,"['A', '[91]']",0
2001-12-09,55.464287,streamflow,10154200,ft3/s,"['A', '[91]']",0
2001-12-10,,streamflow,10154200,ft3/s,"['A', '[91]']",0
2001-12-11,56.02941,streamflow,10154200,ft3/s,"['A', '[91]']",0
2001-12-12,51.677082,streamflow,10154200,ft3/s,"['A', '[91]']",0
2001-12-13,48.552082,streamflow,10154200,ft3/s,"['A', '[91]']",0
2001-12-14,56.010418,streamflow,10154200,ft3/s,"['A', '[91]']",0
2001-12-15,52.375,streamflow,10154200,ft3/s,"['A', '[91]']",0
2001-12-16,43.53125,streamflow,10154200,ft3/s,"['A', '[91]']",0
2001-12-17,46.857143,streamflow,10154200,ft3/s,"['A', '[91]']",0
2001-12-18,,streamflow,10154200,ft3/s,"['A', '[91]']",0
2001-12-19,49.705883,streamflow,10154200,ft3/s,"['A', '[91]']",0
2001-12-20,51.291668,streamflow,10154200,ft3/s,"['A', '[91]']",0
2001-12-21,51.71875,streamflow,10154200,ft3/s,"['A', '[91]']",0
2001-12-22,50.0,streamflow,10154200,ft3/s,"['A', '[91]']",0
2001-12-23,41.958332,streamflow,10154200,ft3/s,"['A', '[91]']",0
2001-12-24,43.203125,streamflow,10154200,ft3/s,"['A', '[91]']",0
2001-12-25,41.072918,streamflow,10154200,ft3/s,"['A', '[91]']",0
2001-12-26,41.75,streamflow,10154200,ft3/s,"['A', '[91]']",0
2001-12-27,46.770832,streamflow,10154200,ft3/s,"['A', '[91]']",0
2001-12-28,50.666668,streamflow,10154200,ft3/s,"['A', '[91]']",0
2001-12-29,50.28125,streamflow,10154200,ft3/s,"['A', '[91]']",0
2001-12-30,51.041668,streamflow,10154200,ft3/s,"['A', '[91]']",0
2001-12-31,50.25,streamflow,10154200,ft3/s,"['A', '[91]']",0
2002-01-01,48.42857,streamflow,10154200,ft3/s,"['A', '[91]']",0
2002-01-02,,streamflow,10154200,ft3/s,"['A', '[91]']",0
2002-01-03,,streamflow,10154200,ft3/s,"['A', '[91]']",0
2002-01-04,49.058823,streamflow,10154200,ft3/s,"['A', '[91]']",0
2002-01-05,43.572918,streamflow,10154200,ft3/s,"['A', '[91]']",0
2002-01-06,54.17857,streamflow,10154200,ft3/s,"['A', '[91]']",0
2002-01-07,49.14706,streamflow,10154200,ft3/s,"['A', '[91]']",0
2002-01-08,49.572918,streamflow,10154200,ft3/s,"['A', '[91]']",0
2002-01-09,50.125,streamflow,10154200,ft3/s,"['A', '[91]']",0
2002-01-10,47.78125,streamflow,10154200,ft3/s,"['A', '[91]']",0
2002-01-11,46.479168,streamflow,10154200,ft3/s,"['A', '[91]']",0
2002-01-12,50.666668,streamflow,10154200,ft3/s,"['A', '[91]']",0
2002-01-13,47.614582,streamflow,10154200,ft3/s,"['A', '[91]']",0
2002-01-14,35.885418,streamflow,10154200,ft3/s,"['A', '[91]']",0
2002-01-15,45.607143,streamflow,10154200,ft3/s,"['A', '[91]']",0
2002-01-16,44.17647,streamflow,10154200,ft3/s,"['A', '[91]']",0
2002-01-17,42.697918,streamflow,10154200,ft3/s,"['A', '[91]']",0
2002-01-18,44.552082,streamflow,10154200,ft3/s,"['A', '[91]']",0
2002-01-19,43.364582,streamflow,10154200,ft3/s,"['A', '[91]']",0
2002-01-20,45.8125,streamflow,10154200,ft3/s,"['A', '[91]']",0
2002-01-21,47.416668,streamflow,10154200,ft3/s,"['A', '[91]']",0
2002-01-22,48.75,streamflow,10154200,ft3/s,"['A', '[91]']",0
2002-01-23,43.145832,streamflow,10154200,ft3/s,"['A', '[91]']",0
2002-01-24,45.177082,streamflow,10154200,ft3/s,"['A', '[91]']",0
2002-01-25,45.84375,streamflow,10154200,ft3/s,"['A', '[91]']",0
2002-01-26,48.916668,streamflow,10154200,ft3/s,"['A', '[91]']",0
2002-01-27,48.21875,streamflow,10154200,ft3/s,"['A', '[91]']",0
2002-01-28,47.59375,streamflow,10154200,ft3/s,"['A', '[91]']",0
2002-01-29,43.96875,streamflow,10154200,ft3/s,"['A', '[91]']",0
2002-01-30,41.6875,streamflow,10154200,ft3/s,"['A', '[91]']",0
2002-01-31,43.885418,streamflow,10154200,ft3/s,"['A', '[91]']",0
2002-02-01,44.885418,streamflow,10154200,ft3/s,"['A', '[91]']",0
2002-02-02,44.572918,streamflow,10154200,ft3/s,"['A', '[91]']",0
2002-02-03,44.052082,streamflow,10154200,ft3/s,"['A', '[91]']",0
2002-02-04,44.145832,streamflow,10154200,ft3/s,"['A', '[91]']",0
2002-02-05,43.604168,streamflow,10154200,ft3/s,"['A', '[91]']",0
2002-02-06,44.083332,streamflow,10154200,ft3/s,"['A', '[91]']",0
2002-02-07,45.666668,streamflow,10154200,ft3/s,"['A', '[91]']",0
2002-02-08,47.0,streamflow,10154200,ft3/s,"['A', '[91]']",0
2002-02-09,46.635418,streamflow,10154200,ft3/s,"['A', '[91]']",0
2002-02-10,43.0625,streamflow,10154200,ft3/s,"['A', '[91]']",0
2002-02-11,45.78125,streamflow,10154200,ft3/s,"['A', '[91]']",0
2002-02-12,44.958332,streamflow,10154200,ft3/s,"['A', '[91]']",0
2002-02-13,41.8125,streamflow,10154200,ft3/s,"['A', '[91]']",0
2002-02-14,45.854168,streamflow,10154200,ft3/s,"['A', '[91]']",0
2002-02-15,42.53125,streamflow,10154200,ft3/s,"['A', '[91]']",0
2002-02-16,44.760418,streamflow,10154200,ft3/s,"['A', '[91]']",0
2002-02-17,45.0,streamflow,10154200,ft3/s,"['A', '[91]']",0
2002-02-18,45.0,streamflow,10154200,ft3/s,"['A', '[91]']",0
2002-02-19,45.0,streamflow,10154200,ft3/s,"['A', '[91]']",0
2002-02-20,45.75,streamflow,10154200,ft3/s,"['A', '[91]']",0
2002-02-21,42.114582,streamflow,10154200,ft3/s,"['A', '[91]']",0
2002-02-22,46.083332,streamflow,10154200,ft3/s,"['A', '[91]']",0
2002-02-23,48.0,streamflow,10154200,ft3/s,"['A', '[91]']",0
2002-02-24,47.395832,streamflow,10154200,ft3/s,"['A', '[91]']",0
2002-02-25,43.989582,streamflow,10154200,ft3/s,"['A', '[91]']",0
2002-02-26,38.1875,streamflow,10154200,ft3/s,"['A', '[91]']",0
2002-02-27,46.96875,streamflow,10154200,ft3/s,"['A', '[91]']",0
2002-02-28,45.104168,streamflow,10154200,ft3/s,"['A', '[91]']",0
2002-03-01,46.833332,streamflow,10154200,ft3/s,"['A', '[91]']",0
2002-03-02,38.71875,streamflow,10154200,ft3/s,"['A', '[91]']",0
2002-03-03,39.864582,streamflow,10154200,ft3/s,"['A', '[91]']",0
2002-03-04,40.875,streamflow,10154200,ft3/s,"['A', '[91]']",0
2002-03-05,43.395832,streamflow,10154200,ft3/s,"['A', '[91]']",0
2002-03-06,45.291668,streamflow,10154200,ft3/s,"['A', '[91]']",0
2002-03-07,45.0,streamflow,10154200,ft3/s,"['A', '[91]']",0
2002-03-08,44.447918,streamflow,10154200,ft3/s,"['A', '[91]']",0
2002-03-09,40.666668,streamflow,10154200,ft3/s,"['A', '[91]']",0
2002-03-10,48.65625,streamflow,10154200,ft3/s,"['A', '[91]']",0
2002-03-11,46.8125,streamflow,10154200,ft3/s,"['A', '[91]']",0
2002-03-12,46.0,streamflow,10154200,ft3/s,"['A', '[91]']",0
2002-03-13,47.614582,streamflow,10154200,ft3/s,"['A', '[91]']",0
2002-03-14,48.729168,streamflow,10154200,ft3/s,"['A', '[91]']",0
2002-03-15,42.875,streamflow,10154200,ft3/s,"['A', '[91]']",0
2002-03-16,48.041668,streamflow,10154200,ft3/s,"['A', '[91]']",0
2002-03-17,47.46875,streamflow,10154200,ft3/s,"['A', '[91]']",0
2002-03-18,43.8125,streamflow,10154200,ft3/s,"['A', '[91]']",0
2002-03-19,45.03125,streamflow,10154200,ft3/s,"['A', '[91]']",0
2002-03-20,46.9375,streamflow,10154200,ft3/s,"['A', '[91]']",0
2002-03-21,48.583332,streamflow,10154200,ft3/s,"['A', '[91]']",0
2002-03-22,52.885418,streamflow,10154200,ft3/s,"['A', '[91]']",0
2002-03-23,59.09375,streamflow,10154200,ft3/s,"['A', '[91]']",0
2002-03-24,57.59375,streamflow,10154200,ft3/s,"['A', '[91]']",0
2002-03-25,52.697918,streamflow,10154200,ft3/s,"['A', '[91]']",0
2002-03-26,51.458332,streamflow,10154200,ft3/s,"['A', '[91]']",0
2002-03-27,57.208332,streamflow,10154200,ft3/s,"['A', '[91]']",0
2002-03-28,58.8125,streamflow,10154200,ft3/s,"['A', '[91]']",0
2002-03-29,62.59375,streamflow,10154200,ft3/s,"['A', '[91]']",0
2002-03-30,69.208336,streamflow,10154200,ft3/s,"['A', '[91]']",0
2002-03-31,76.8125,streamflow,10154200,ft3/s,"['A', '[91]']",0
2002-04-01,88.96875,streamflow,10154200,ft3/s,"['A', '[91]']",0
2002-04-02,104.447914,streamflow,10154200,ft3/s,"['A', '[91]']",0
2002-04-03,115.583336,streamflow,10154200,ft3/s,"['A', '[91]']",0
2002-04-04,128.46875,streamflow,10154200,ft3/s,"['A', '[91]']",0
2002-04-05,151.69792,streamflow,10154200,ft3/s,"['A', '[91]']",0
2002-04-06,170.85417,streamflow,10154200,ft3/s,"['A', '[91]']",0
2002-04-07,170.30208,streamflow,10154200,ft3/s,"['A', '[91]']",0
2002-04-08,178.08333,streamflow,10154200,ft3/s,"['A', '[91]']",0
2002-04-09,169.47917,streamflow,10154200,ft3/s,"['A', '[91]']",0
2002-04-10,175.9375,streamflow,10154200,ft3/s,"['A', '[91]']",0
2002-04-11,171.34375,streamflow,10154200,ft3/s,"['A', '[91]']",0
2002-04-12,169.44792,streamflow,10154200,ft3/s,"['A', '[91]']",0
2002-04-13,178.55208,streamflow,10154200,ft3/s,"['A', '[91]']",0
2002-04-14,215.17708,streamflow,10154200,ft3/s,"['A', '[91]']",0
2002-04-15,259.8021,streamflow,10154200,ft3/s,"['A', '[91]']",0
2002-04-16,256.9896,streamflow,10154200,ft3/s,"['A', '[91]']",0
2002-04-17,215.09375,streamflow,10154200,ft3/s,"['A', '[91]']",0
2002-04-18,180.23958,streamflow,10154200,ft3/s,"['A', '[91]']",0
2002-04-19,179.32292,streamflow,10154200,ft3/s,"['A', '[91]']",0
2002-04-20,167.41667,streamflow,10154200,ft3/s,"['A', '[91]']",0
2002-04-21,152.66667,streamflow,10154200,ft3/s,"['A', '[91]']",0
2002-04-22,145.59375,streamflow,10154200,ft3/s,"['A', '[91]']",0
2002-04-23,157.46875,streamflow,10154200,ft3/s,"['A', '[91]']",0
2002-04-24,170.19792,streamflow,10154200,ft3/s,"['A', '[91]']",0
2002-04-25,179.13542,streamflow,10154200,ft3/s,"['A', '[91]']",0
2002-04-26,201.5,streamflow,10154200,ft3/s,"['A', '[91]']",0
2002-04-27,246.02083,streamflow,10154200,ft3/s,"['A', '[91]']",0
2002-04-28,226.44792,streamflow,10154200,ft3/s,"['A', '[91]']",0
2002-04-29,211.45833,streamflow,10154200,ft3/s,"['A', '[91]']",0
2002-04-30,267.54166,streamflow,10154200,ft3/s,"['A', '[91]']",0
2002-05-01,351.5625,streamflow,10154200,ft3/s,"['A', '[91]']",0
2002-05-02,332.14584,streamflow,10154200,ft3/s,"['A', '[91]']",0
2002-05-03,353.2604,streamflow,10154200,ft3/s,"['A', '[91]']",0
2002-05-04,344.39584,streamflow,10154200,ft3/s,"['A', '[91]']",0
2002-05-05,399.9271,streamflow,10154200,ft3/s,"['A', '[91]']",0
2002-05-06,439.2396,streamflow,10154200,ft3/s,"['A', '[91]']",0
2002-05-07,584.0833,streamflow,10154200,ft3/s,"['A', '[91]']",0
2002-05-08,565.07294,streamflow,10154200,ft3/s,"['A', '[91]']",0
2002-05-09,514.5,streamflow,10154200,ft3/s,"['A', '[91]']",0
2002-05-10,470.125,streamflow,10154200,ft3/s,"['A', '[91]']",0
2002-05-11,406.72916,streamflow,10154200,ft3/s,"['A', '[91]']",0
2002-05-12,366.27084,streamflow,10154200,ft3/s,"['A', '[91]']",0
2002-05-13,408.41666,streamflow,10154200,ft3/s,"['A', '[91]']",0
2002-05-14,594.7708,streamflow,10154200,ft3/s,"['A', '[91]']",0
2002-05-15,731.48956,streamflow,10154200,ft3/s,"['A', '[91]']",0
2002-05-16,847.8125,streamflow,10154200,ft3/s,"['A', '[91]']",0
2002-05-17,797.7917,streamflow,10154200,ft3/s,"['A', '[91]']",0
2002-05-18,963.7083,streamflow,10154200,ft3/s,"['A', '[91]']",0
2002-05-19,1138.875,streamflow,10154200,ft3/s,"['A', '[91]']",0
2002-05-20,1247.3959,streamflow,10154200,ft3/s,"['A', '[91]']",0
2002-05-21,1290.9375,streamflow,10154200,ft3/s,"['A', '[91]']",0
2002-05-22,893.36456,streamflow,10154200,ft3/s,"['A', '[91]']",0
2002-05-23,681.17706,streamflow,10154200,ft3/s,"['A', '[91]']",0
2002-05-24,579.28125,streamflow,10154200,ft3/s,"['A', '[91]']",0
2002-05-25,513.4375,streamflow,10154200,ft3/s,"['A', '[91]']",0
2002-05-26,501.79166,streamflow,10154200,ft3/s,"['A', '[91]']",0
2002-05-27,511.79166,streamflow,10154200,ft3/s,"['A', '[91]']",0
2002-05-28,612.0625,streamflow,10154200,ft3/s,"['A', '[91]']",0
2002-05-29,735.05206,streamflow,10154200,ft3/s,"['A', '[91]']",0
2002-05-30,810.7708,streamflow,10154200,ft3/s,"['A', '[91]']",0
2002-05-31,877.7083,streamflow,10154200,ft3/s,"['A', '[91]']",0
2002-06-01,827.5208,streamflow,10154200,ft3/s,"['A', '[91]']",0
2002-06-02,751.3333,streamflow,10154200,ft3/s,"['A', '[91]']",0
2002-06-03,640.5208,streamflow,10154200,ft3/s,"['A', '[91]']",0
2002-06-04,537.36456,streamflow,10154200,ft3/s,"['A', '[91]']",0
2002-06-05,465.5,streamflow,10154200,ft3/s,"['A', '[91]']",0
2002-06-06,426.60416,streamflow,10154200,ft3/s,"['A', '[91]']",0
2002-06-07,401.29166,streamflow,10154200,ft3/s,"['A', '[91]']",0
2002-06-08,364.10416,streamflow,10154200,ft3/s,"['A', '[91]']",0
2002-06-09,331.39584,streamflow,10154200,ft3/s,"['A', '[91]']",0
2002-06-10,297.34375,streamflow,10154200,ft3/s,"['A', '[91]']",0
2002-06-11,264.20834,streamflow,10154200,ft3/s,"['A', '[91]']",0
2002-06-12,224.91667,streamflow,10154200,ft3/s,"['A', '[91]']",0
2002-06-13,203.95833,streamflow,10154200,ft3/s,"['A', '[91]']",0
2002-06-14,180.9375,streamflow,10154200,ft3/s,"['A', '[91]']",0
2002-06-15,169.91667,streamflow,10154200,ft3/s,"['A', '[91]']",0
2002-06-16,158.35417,streamflow,10154200,ft3/s,"['A', '[91]']",0
2002-06-17,145.02083,streamflow,10154200,ft3/s,"['A', '[91]']",0
2002-06-18,98.5625,streamflow,10154200,ft3/s,"['A', '[91]']",0
2002-06-19,79.552086,streamflow,10154200,ft3/s,"['A', '[91]']",0
2002-06-20,74.65625,streamflow,10154200,ft3/s,"['A', '[91]']",0
2002-06-21,75.4375,streamflow,10154200,ft3/s,"['A', '[91]']",0
2002-06-22,77.958336,streamflow,10154200,ft3/s,"['A', '[91]']",0
2002-06-23,73.083336,streamflow,10154200,ft3/s,"['A', '[91]']",0
2002-06-24,66.34375,streamflow,10154200,ft3/s,"['A', '[91]']",0
2002-06-25,65.770836,streamflow,10154200,ft3/s,"['A', '[91]']",0
2002-06-26,62.572918,streamflow,10154200,ft3/s,"['A', '[91]']",0
2002-06-27,63.645832,streamflow,10154200,ft3/s,"['A', '[91]']",0
2002-06-28,55.083332,streamflow,10154200,ft3/s,"['A', '[91]']",0
2002-06-29,52.0,streamflow,10154200,ft3/s,"['A', '[91]']",0
2002-06-30,50.979168,streamflow,10154200,ft3/s,"['A', '[91]']",0
2002-07-01,48.197918,streamflow,10154200,ft3/s,"['A', '[91]']",0
2002-07-02,48.25,streamflow,10154200,ft3/s,"['A', '[91]']",0
2002-07-03,50.020832,streamflow,10154200,ft3/s,"['A', '[91]']",0
2002-07-04,51.8125,streamflow,10154200,ft3/s,"['A', '[91]']",0
2002-07-05,51.572918,streamflow,10154200,ft3/s,"['A', '[91]']",0
2002-07-06,53.239582,streamflow,10154200,ft3/s,"['A', '[91]']",0
2002-07-07,46.541668,streamflow,10154200,ft3/s,"['A', '[91]']",0
2002-07-08,46.708332,streamflow,10154200,ft3/s,"['A', '[91]']",0
2002-07-09,42.739582,streamflow,10154200,ft3/s,"['A', '[91]']",0
2002-07-10,44.802082,streamflow,10154200,ft3/s,"['A', '[91]']",0
2002-07-11,44.75,streamflow,10154200,ft3/s,"['A', '[91]']",0
2002-07-12,44.135418,streamflow,10154200,ft3/s,"['A', '[91]']",0
2002-07-13,43.375,streamflow,10154200,ft3/s,"['A', '[91]']",0
2002-07-14,47.28125,streamflow,10154200,ft3/s,"['A', '[91]']",0
2002-07-15,55.479168,streamflow,10154200,ft3/s,"['A', '[91]']",0
2002-07-16,59.1875,streamflow,10154200,ft3/s,"['A', '[91]']",0
2002-07-17,69.34375,streamflow,10154200,ft3/s,"['A', '[91]']",0
2002-07-18,68.260414,streamflow,10154200,ft3/s,"['A', '[91]']",0
2002-07-19,65.541664,streamflow,10154200,ft3/s,"['A', '[91]']",0
2002-07-20,65.072914,streamflow,10154200,ft3/s,"['A', '[91]']",0
2002-07-21,61.875,streamflow,10154200,ft3/s,"['A', '[91]']",0
2002-07-22,57.354168,streamflow,10154200,ft3/s,"['A', '[91]']",0
2002-07-23,58.322918,streamflow,10154200,ft3/s,"['A', '[91]']",0
2002-07-24,59.125,streamflow,10154200,ft3/s,"['A', '[91]']",0
2002-07-25,56.864582,streamflow,10154200,ft3/s,"['A', '[91]']",0
2002-07-26,59.9375,streamflow,10154200,ft3/s,"['A', '[91]']",0
2002-07-27,56.71875,streamflow,10154200,ft3/s,"['A', '[91]']",0
2002-07-28,55.791668,streamflow,10154200,ft3/s,"['A', '[91]']",0
2002-07-29,56.385418,streamflow,10154200,ft3/s,"['A', '[91]']",0
2002-07-30,56.385418,streamflow,10154200,ft3/s,"['A', '[91]']",0
2002-07-31,56.5625,streamflow,10154200,ft3/s,"['A', '[91]']",0
2002-08-01,53.15625,streamflow,10154200,ft3/s,"['A', '[91]']",0
2002-08-02,55.979168,streamflow,10154200,ft3/s,"['A', '[91]']",0
2002-08-03,54.166668,streamflow,10154200,ft3/s,"['A', '[91]']",0
2002-08-04,54.458332,streamflow,10154200,ft3/s,"['A', '[91]']",0
2002-08-05,54.697918,streamflow,10154200,ft3/s,"['A', '[91]']",0
2002-08-06,52.4375,streamflow,10154200,ft3/s,"['A', '[91]']",0
2002-08-07,52.03125,streamflow,10154200,ft3/s,"['A', '[91]']",0
2002-08-08,51.78125,streamflow,10154200,ft3/s,"['A', '[91]']",0
2002-08-09,50.875,streamflow,10154200,ft3/s,"['A', '[91]']",0
2002-08-10,53.28125,streamflow,10154200,ft3/s,"['A', '[91]']",0
2002-08-11,55.427082,streamflow,10154200,ft3/s,"['A', '[91]']",0
2002-08-12,54.833332,streamflow,10154200,ft3/s,"['A', '[91]']",0
2002-08-13,50.3125,streamflow,10154200,ft3/s,"['A', '[91]']",0
2002-08-14,50.458332,streamflow,10154200,ft3/s,"['A', '[91]']",0
2002-08-15,49.708332,streamflow,10154200,ft3/s,"['A', '[91]']",0
2002-08-16,52.135418,streamflow,10154200,ft3/s,"['A', '[91]']",0
2002-08-17,54.875,streamflow,10154200,ft3/s,"['A', '[91]']",0
2002-08-18,50.385418,streamflow,10154200,ft3/s,"['A', '[91]']",0
2002-08-19,50.166668,streamflow,10154200,ft3/s,"['A', '[91]']",0
2002-08-20,52.135418,streamflow,10154200,ft3/s,"['A', '[91]']",0
2002-08-21,54.729168,streamflow,10154200,ft3/s,"['A', '[91]']",0
2002-08-22,53.520832,streamflow,10154200,ft3/s,"['A', '[91]']",0
2002-08-23,47.239582,streamflow,10154200,ft3/s,"['A', '[91]']",0
2002-08-24,34.28125,streamflow,10154200,ft3/s,"['A', '[91]']",0
2002-08-25,31.0,streamflow,10154200,ft3/s,"['A', '[91]']",0
2002-08-26,30.291666,streamflow,10154200,ft3/s,"['A', '[91]']",0
2002-08-27,29.364584,streamflow,10154200,ft3/s,"['A', '[91]']",0
2002-08-28,29.0,streamflow,10154200,ft3/s,"['A', '[91]']",0
2002-08-29,29.864584,streamflow,10154200,ft3/s,"['A', '[91]']",0
2002-08-30,29.416666,streamflow,10154200,ft3/s,"['A', '[91]']",0
2002-08-31,29.0,streamflow,10154200,ft3/s,"['A', '[91]']",0
2002-09-01,29.0,streamflow,10154200,ft3/s,"['A', '[91]']",0
2002-09-02,29.0,streamflow,10154200,ft3/s,"['A', '[91]']",0
2002-09-03,29.791666,streamflow,10154200,ft3/s,"['A', '[91]']",0
2002-09-04,30.0,streamflow,10154200,ft3/s,"['A', '[91]']",0
2002-09-05,29.666666,streamflow,10154200,ft3/s,"['A', '[91]']",0
2002-09-06,29.46875,streamflow,10154200,ft3/s,"['A', '[91]']",0
2002-09-07,36.916668,streamflow,10154200,ft3/s,"['A', '[91]']",0
2002-09-08,39.03125,streamflow,10154200,ft3/s,"['A', '[91]']",0
2002-09-09,38.427082,streamflow,10154200,ft3/s,"['A', '[91]']",0
2002-09-10,34.072918,streamflow,10154200,ft3/s,"['A', '[91]']",0
2002-09-11,33.541668,streamflow,10154200,ft3/s,"['A', '[91]']",0
2002-09-12,41.875,streamflow,10154200,ft3/s,"['A', '[91]']",0
2002-09-13,46.395832,streamflow,10154200,ft3/s,"['A', '[91]']",0
2002-09-14,38.875,streamflow,10154200,ft3/s,"['A', '[91]']",0
2002-09-15,36.020832,streamflow,10154200,ft3/s,"['A', '[91]']",0
2002-09-16,33.114582,streamflow,10154200,ft3/s,"['A', '[91]']",0
2002-09-17,48.322918,streamflow,10154200,ft3/s,"['A', '[91]']",0
2002-09-18,71.197914,streamflow,10154200,ft3/s,"['A', '[91]']",0
2002-09-19,78.5,streamflow,10154200,ft3/s,"['A', '[91]']",0
2002-09-20,65.895836,streamflow,10154200,ft3/s,"['A', '[91]']",0
2002-09-21,60.875,streamflow,10154200,ft3/s,"['A', '[91]']",0
2002-09-22,55.427082,streamflow,10154200,ft3/s,"['A', '[91]']",0
2002-09-23,51.666668,streamflow,10154200,ft3/s,"['A', '[91]']",0
2002-09-24,51.0,streamflow,10154200,ft3/s,"['A', '[91]']",0
2002-09-25,50.0,streamflow,10154200,ft3/s,"['A', '[91]']",0
2002-09-26,47.375,streamflow,10154200,ft3/s,"['A', '[91]']",0
2002-09-27,47.0,streamflow,10154200,ft3/s,"['A', '[91]']",0
2002-09-28,46.229168,streamflow,10154200,ft3/s,"['A', '[91]']",0
2002-09-29,46.28125,streamflow,10154200,ft3/s,"['A', '[91]']",0
2002-09-30,53.03125,streamflow,10154200,ft3/s,"['A', '[91]']",0
2002-10-01,75.083336,streamflow,10154200,ft3/s,"['A', '[91]']",0
2002-10-02,98.125,streamflow,10154200,ft3/s,"['A', '[91]']",0
2002-10-03,91.114586,streamflow,10154200,ft3/s,"['A', '[91]']",0
2002-10-04,80.927086,streamflow,10154200,ft3/s,"['A', '[91]']",0
2002-10-05,74.09375,streamflow,10154200,ft3/s,"['A', '[91]']",0
2002-10-06,71.03125,streamflow,10154200,ft3/s,"['A', '[91]']",0
2002-10-07,74.53125,streamflow,10154200,ft3/s,"['A', '[91]']",0
2002-10-08,79.364586,streamflow,10154200,ft3/s,"['A', '[91]']",0
2002-10-09,80.28125,streamflow,10154200,ft3/s,"['A', '[91]']",0
2002-10-10,81.75,streamflow,10154200,ft3/s,"['A', '[91]']",0
2002-10-11,76.520836,streamflow,10154200,ft3/s,"['A', '[91]']",0
2002-10-12,73.71875,streamflow,10154200,ft3/s,"['A', '[91]']",0
2002-10-13,70.572914,streamflow,10154200,ft3/s,"['A', '[91]']",0
2002-10-14,66.71875,streamflow,10154200,ft3/s,"['A', '[91]']",0
2002-10-15,63.625,streamflow,10154200,ft3/s,"['A', '[91]']",0
2002-10-16,65.125,streamflow,10154200,ft3/s,"['A', '[91]']",0
2002-10-17,63.072918,streamflow,10154200,ft3/s,"['A', '[91]']",0
2002-10-18,59.270832,streamflow,10154200,ft3/s,"['A', '[91]']",0
2002-10-19,57.3125,streamflow,10154200,ft3/s,"['A', '[91]']",0
2002-10-20,57.302082,streamflow,10154200,ft3/s,"['A', '[91]']",0
2002-10-21,54.989582,streamflow,10154200,ft3/s,"['A', '[91]']",0
2002-10-22,52.395832,streamflow,10154200,ft3/s,"['A', '[91]']",0
2002-10-23,57.3125,streamflow,10154200,ft3/s,"['A', '[91]']",0
2002-10-24,63.916668,streamflow,10154200,ft3/s,"['A', '[91]']",0
2002-10-25,62.875,streamflow,10154200,ft3/s,"['A', '[91]']",0
2002-10-26,68.614586,streamflow,10154200,ft3/s,"['A', '[91]']",0
2002-10-27,68.902176,streamflow,10154200,ft3/s,"['A', '[91]']",0
2002-10-28,63.8125,streamflow,10154200,ft3/s,"['A', '[91]']",0
2002-10-29,66.4375,streamflow,10154200,ft3/s,"['A', '[91]']",0
2002-10-30,71.052086,streamflow,10154200,ft3/s,"['A', '[91]']",0
2002-10-31,56.572918,streamflow,10154200,ft3/s,"['A', '[91]']",0
2002-11-01,53.958332,streamflow,10154200,ft3/s,"['A', '[91]']",0
2002-11-02,47.125,streamflow,10154200,ft3/s,"['A', '[91]']",0
2002-11-03,49.604168,streamflow,10154200,ft3/s,"['A', '[91]']",0
2002-11-04,56.239582,streamflow,10154200,ft3/s,"['A', '[91]']",0
2002-11-05,58.927082,streamflow,10154200,ft3/s,"['A', '[91]']",0
2002-11-06,61.395832,streamflow,10154200,ft3/s,"['A', '[91]']",0
2002-11-07,63.427082,streamflow,10154200,ft3/s,"['A', '[91]']",0
2002-11-08,67.239586,streamflow,10154200,ft3/s,"['A', '[91]']",0
2002-11-09,75.572914,streamflow,10154200,ft3/s,"['A', '[91]']",0
2002-11-10,70.85714,streamflow,10154200,ft3/s,"['A', '[91]']",0
2002-11-11,,streamflow,10154200,ft3/s,"['A', '[91]']",0
2002-11-12,50.117645,streamflow,10154200,ft3/s,"['A', '[91]']",0
2002-11-13,76.854164,streamflow,10154200,ft3/s,"['A', '[91]']",0
2002-11-14,67.760414,streamflow,10154200,ft3/s,"['A', '[91]']",0
2002-11-15,64.958336,streamflow,10154200,ft3/s,"['A', '[91]']",0
2002-11-16,54.833332,streamflow,10154200,ft3/s,"['A', '[91]']",0
2002-11-17,64.479164,streamflow,10154200,ft3/s,"['A', '[91]']",0
2002-11-18,61.03125,streamflow,10154200,ft3/s,"['A', '[91]']",0
2002-11-19,56.385418,streamflow,10154200,ft3/s,"['A', '[91]']",0
2002-11-20,60.979168,streamflow,10154200,ft3/s,"['A', '[91]']",0
2002-11-21,64.916664,streamflow,10154200,ft3/s,"['A', '[91]']",0
2002-11-22,63.416668,streamflow,10154200,ft3/s,"['A', '[91]']",0
2002-11-23,65.072914,streamflow,10154200,ft3/s,"['A', '[91]']",0
2002-11-24,65.114586,streamflow,10154200,ft3/s,"['A', '[91]']",0
2002-11-25,61.947918,streamflow,10154200,ft3/s,"['A', '[91]']",0
2002-11-26,42.46875,streamflow,10154200,ft3/s,"['A', '[91]']",0
2002-11-27,55.052082,streamflow,10154200,ft3/s,"['A', '[91]']",0
2002-11-28,62.0,streamflow,10154200,ft3/s,"['A', '[91]']",0
2002-11-29,63.53125,streamflow,10154200,ft3/s,"['A', '[91]']",0
2002-11-30,61.90625,streamflow,10154200,ft3/s,"['A', '[91]']",0
2002-12-01,70.083336,streamflow,10154200,ft3/s,"['A', '[91]']",0
2002-12-02,60.072918,streamflow,10154200,ft3/s,"['A', '[91]']",0
2002-12-03,53.416668,streamflow,10154200,ft3/s,"['A', '[91]']",0
2002-12-04,58.135418,streamflow,10154200,ft3/s,"['A', '[91]']",0
2002-12-05,61.552082,streamflow,10154200,ft3/s,"['A', '[91]']",0
2002-12-06,50.166668,streamflow,10154200,ft3/s,"['A', '[91]']",0
2002-12-07,55.625,streamflow,10154200,ft3/s,"['A', '[91]']",0
2002-12-08,50.770832,streamflow,10154200,ft3/s,"['A', '[91]']",0
2002-12-09,45.729168,streamflow,10154200,ft3/s,"['A', '[91]']",0
2002-12-10,56.833332,streamflow,10154200,ft3/s,"['A', '[91]']",0
2002-12-11,66.541664,streamflow,10154200,ft3/s,"['A', '[91]']",0
2002-12-12,62.072918,streamflow,10154200,ft3/s,"['A', '[91]']",0
2002-12-13,57.052082,streamflow,10154200,ft3/s,"['A', '[91]']",0
2002-12-14,60.46875,streamflow,10154200,ft3/s,"['A', '[91]']",0
2002-12-15,63.947918,streamflow,10154200,ft3/s,"['A', '[91]']",0
2002-12-16,54.197918,streamflow,10154200,ft3/s,"['A', '[91]']",0
2002-12-17,64.71875,streamflow,10154200,ft3/s,"['A', '[91]']",0
2002-12-18,64.072914,streamflow,10154200,ft3/s,"['A', '[91]']",0
2002-12-19,60.166668,streamflow,10154200,ft3/s,"['A', '[91]']",0
2002-12-20,56.875,streamflow,10154200,ft3/s,"['A', '[91]']",0
2002-12-21,64.6875,streamflow,10154200,ft3/s,"['A', '[91]']",0
2002-12-22,63.84375,streamflow,10154200,ft3/s,"['A', '[91]']",0
2002-12-23,52.989582,streamflow,10154200,ft3/s,"['A', '[91]']",0
2002-12-24,52.989582,streamflow,10154200,ft3/s,"['A', '[91]']",0
2002-12-25,58.645832,streamflow,10154200,ft3/s,"['A', '[91]']",0
2002-12-26,54.791668,streamflow,10154200,ft3/s,"['A', '[91]']",0
2002-12-27,57.479168,streamflow,10154200,ft3/s,"['A', '[91]']",0
2002-12-28,60.1875,streamflow,10154200,ft3/s,"['A', '[91]']",0
2002-12-29,59.0,streamflow,10154200,ft3/s,"['A', '[91]']",0
2002-12-30,59.385418,streamflow,10154200,ft3/s,"['A', '[91]']",0
2002-12-31,58.229168,streamflow,10154200,ft3/s,"['A', '[91]']",0
2003-01-01,61.229168,streamflow,10154200,ft3/s,"['A', '[91]']",0
2003-01-02,58.395832,streamflow,10154200,ft3/s,"['A', '[91]']",0
2003-01-03,62.791668,streamflow,10154200,ft3/s,"['A', '[91]']",0
2003-01-04,58.614582,streamflow,10154200,ft3/s,"['A', '[91]']",0
2003-01-05,58.541668,streamflow,10154200,ft3/s,"['A', '[91]']",0
2003-01-06,56.885418,streamflow,10154200,ft3/s,"['A', '[91]']",0
2003-01-07,55.583332,streamflow,10154200,ft3/s,"['A', '[91]']",0
2003-01-08,59.535713,streamflow,10154200,ft3/s,"['A', '[91]']",0
2003-01-09,,streamflow,10154200,ft3/s,"['A', '[91]']",0
2003-01-10,,streamflow,10154200,ft3/s,"['A', '[91]']",0
2003-01-11,,streamflow,10154200,ft3/s,"['A', '[91]']",0
2003-01-12,,streamflow,10154200,ft3/s,"['A', '[91]']",0
2003-01-13,,streamflow,10154200,ft3/s,"['A', '[91]']",0
2003-01-14,,streamflow,10154200,ft3/s,"['A', '[91]']",0
2003-01-15,,streamflow,10154200,ft3/s,"['A', '[91]']",0
2003-01-16,,streamflow,10154200,ft3/s,"['A', '[91]']",0
2003-01-17,,streamflow,10154200,ft3/s,"['A', '[91]']",0
2003-01-18,,streamflow,10154200,ft3/s,"['A', '[91]']",0
2003-01-19,,streamflow,10154200,ft3/s,"['A', '[91]']",0
2003-01-20,,streamflow,10154200,ft3/s,"['A', '[91]']",0
2003-01-21,,streamflow,10154200,ft3/s,"['A', '[91]']",0
2003-01-22,,streamflow,10154200,ft3/s,"['A', '[91]']",0
2003-01-23,48.074627,streamflow,10154200,ft3/s,"['A', '[91]']",0
2003-01-24,48.989582,streamflow,10154200,ft3/s,"['A', '[91]']",0
2003-01-25,47.90625,streamflow,10154200,ft3/s,"['A', '[91]']",0
2003-01-26,47.46875,streamflow,10154200,ft3/s,"['A', '[91]']",0
2003-01-27,47.78125,streamflow,10154200,ft3/s,"['A', '[91]']",0
2003-01-28,52.708332,streamflow,10154200,ft3/s,"['A', '[91]']",0
2003-01-29,45.1875,streamflow,10154200,ft3/s,"['A', '[91]']",0
2003-01-30,49.125,streamflow,10154200,ft3/s,"['A', '[91]']",0
2003-01-31,51.958332,streamflow,10154200,ft3/s,"['A', '[91]']",0
2003-02-01,51.072918,streamflow,10154200,ft3/s,"['A', '[91]']",0
2003-02-02,51.59375,streamflow,10154200,ft3/s,"['A', '[91]']",0
2003-02-03,48.291668,streamflow,10154200,ft3/s,"['A', '[91]']",0
2003-02-04,51.4375,streamflow,10154200,ft3/s,"['A', '[91]']",0
2003-02-05,39.020832,streamflow,10154200,ft3/s,"['A', '[91]']",0
2003-02-06,40.239582,streamflow,10154200,ft3/s,"['A', '[91]']",0
2003-02-07,46.760418,streamflow,10154200,ft3/s,"['A', '[91]']",0
2003-02-08,47.552082,streamflow,10154200,ft3/s,"['A', '[91]']",0
2003-02-09,49.28125,streamflow,10154200,ft3/s,"['A', '[91]']",0
2003-02-10,43.822918,streamflow,10154200,ft3/s,"['A', '[91]']",0
2003-02-11,43.25,streamflow,10154200,ft3/s,"['A', '[91]']",0
2003-02-12,43.520832,streamflow,10154200,ft3/s,"['A', '[91]']",0
2003-02-13,46.072918,streamflow,10154200,ft3/s,"['A', '[91]']",0
2003-02-14,47.4375,streamflow,10154200,ft3/s,"['A', '[91]']",0
2003-02-15,48.5,streamflow,10154200,ft3/s,"['A', '[91]']",0
2003-02-16,45.60294,streamflow,10154200,ft3/s,"['A', '[91]']",0
2003-02-17,44.541668,streamflow,10154200,ft3/s,"['A', '[91]']",0
2003-02-18,44.510418,streamflow,10154200,ft3/s,"['A', '[91]']",0
2003-02-19,42.104168,streamflow,10154200,ft3/s,"['A', '[91]']",0
2003-02-20,45.072918,streamflow,10154200,ft3/s,"['A', '[91]']",0
2003-02-21,42.65625,streamflow,10154200,ft3/s,"['A', '[91]']",0
2003-02-22,42.142857,streamflow,10154200,ft3/s,"['A', '[91]']",0
2003-02-23,,streamflow,10154200,ft3/s,"['A', '[91]']",0
2003-02-24,40.558823,streamflow,10154200,ft3/s,"['A', '[91]']",0
2003-02-25,46.40625,streamflow,10154200,ft3/s,"['A', '[91]']",0
2003-02-26,46.0,streamflow,10154200,ft3/s,"['A', '[91]']",0
2003-02-27,46.0,streamflow,10154200,ft3/s,"['A', '[91]']",0
2003-02-28,40.28125,streamflow,10154200,ft3/s,"['A', '[91]']",0
2003-03-01,41.229168,streamflow,10154200,ft3/s,"['A', '[91]']",0
2003-03-02,43.0625,streamflow,10154200,ft3/s,"['A', '[91]']",0
2003-03-03,40.78125,streamflow,10154200,ft3/s,"['A', '[91]']",0
2003-03-04,45.489582,streamflow,10154200,ft3/s,"['A', '[91]']",0
2003-03-05,43.885418,streamflow,10154200,ft3/s,"['A', '[91]']",0
2003-03-06,45.010418,streamflow,10154200,ft3/s,"['A', '[91]']",0
2003-03-07,44.364582,streamflow,10154200,ft3/s,"['A', '[91]']",0
2003-03-08,43.708332,streamflow,10154200,ft3/s,"['A', '[91]']",0
2003-03-09,44.947918,streamflow,10154200,ft3/s,"['A', '[91]']",0
2003-03-10,46.322918,streamflow,10154200,ft3/s,"['A', '[91]']",0
2003-03-11,48.583332,streamflow,10154200,ft3/s,"['A', '[91]']",0
2003-03-12,51.1875,streamflow,10154200,ft3/s,"['A', '[91]']",0
2003-03-13,55.71875,streamflow,10154200,ft3/s,"['A', '[91]']",0
2003-03-14,68.770836,streamflow,10154200,ft3/s,"['A', '[91]']",0
2003-03-15,65.03125,streamflow,10154200,ft3/s,"['A', '[91]']",0
2003-03-16,65.979164,streamflow,10154200,ft3/s,"['A', '[91]']",0
2003-03-17,65.916664,streamflow,10154200,ft3/s,"['A', '[91]']",0
2003-03-18,58.385418,streamflow,10154200,ft3/s,"['A', '[91]']",0
2003-03-19,56.614582,streamflow,10154200,ft3/s,"['A', '[91]']",0
2003-03-20,57.427082,streamflow,10154200,ft3/s,"['A', '[91]']",0
2003-03-21,58.895832,streamflow,10154200,ft3/s,"['A', '[91]']",0
2003-03-22,61.375,streamflow,10154200,ft3/s,"['A', '[91]']",0
2003-03-23,71.46875,streamflow,10154200,ft3/s,"['A', '[91]']",0
2003-03-24,71.291664,streamflow,10154200,ft3/s,"['A', '[91]']",0
2003-03-25,61.333332,streamflow,10154200,ft3/s,"['A', '[91]']",0
2003-03-26,73.145836,streamflow,10154200,ft3/s,"['A', '[91]']",0
2003-03-27,65.364586,streamflow,10154200,ft3/s,"['A', '[91]']",0
2003-03-28,67.239586,streamflow,10154200,ft3/s,"['A', '[91]']",0
2003-03-29,56.34375,streamflow,10154200,ft3/s,"['A', '[91]']",0
2003-03-30,70.375,streamflow,10154200,ft3/s,"['A', '[91]']",0
2003-03-31,79.208336,streamflow,10154200,ft3/s,"['A', '[91]']",0
2003-04-01,93.07143,streamflow,10154200,ft3/s,"['A', '[91]']",0
2003-04-02,101.161766,streamflow,10154200,ft3/s,"['A', '[91]']",0
2003-04-03,90.5,streamflow,10154200,ft3/s,"['A', '[91]']",0
2003-04-04,70.125,streamflow,10154200,ft3/s,"['A', '[91]']",0
2003-04-05,91.84375,streamflow,10154200,ft3/s,"['A', '[91]']",0
2003-04-06,81.177086,streamflow,10154200,ft3/s,"['A', '[91]']",0
2003-04-07,71.489586,streamflow,10154200,ft3/s,"['A', '[91]']",0
2003-04-08,79.625,streamflow,10154200,ft3/s,"['A', '[91]']",0
2003-04-09,96.822914,streamflow,10154200,ft3/s,"['A', '[91]']",0
2003-04-10,113.84375,streamflow,10154200,ft3/s,"['A', '[91]']",0
2003-04-11,143.02083,streamflow,10154200,ft3/s,"['A', '[91]']",0
2003-04-12,187.16667,streamflow,10154200,ft3/s,"['A', '[91]']",0
2003-04-13,228.27083,streamflow,10154200,ft3/s,"['A', '[91]']",0
2003-04-14,273.09375,streamflow,10154200,ft3/s,"['A', '[91]']",0
2003-04-15,280.09375,streamflow,10154200,ft3/s,"['A', '[91]']",0
2003-04-16,232.64583,streamflow,10154200,ft3/s,"['A', '[91]']",0
2003-04-17,223.38542,streamflow,10154200,ft3/s,"['A', '[91]']",0
2003-04-18,217.79167,streamflow,10154200,ft3/s,"['A', '[91]']",0
2003-04-19,202.55208,streamflow,10154200,ft3/s,"['A', '[91]']",0
2003-04-20,182.27083,streamflow,10154200,ft3/s,"['A', '[91]']",0
2003-04-21,188.32292,streamflow,10154200,ft3/s,"['A', '[91]']",0
2003-04-22,199.70833,streamflow,10154200,ft3/s,"['A', '[91]']",0
2003-04-23,183.89583,streamflow,10154200,ft3/s,"['A', '[91]']",0
2003-04-24,170.27083,streamflow,10154200,ft3/s,"['A', '[91]']",0
2003-04-25,191.25,streamflow,10154200,ft3/s,"['A', '[91]']",0
2003-04-26,256.6875,streamflow,10154200,ft3/s,"['A', '[91]']",0
2003-04-27,267.09375,streamflow,10154200,ft3/s,"['A', '[91]']",0
2003-04-28,263.90625,streamflow,10154200,ft3/s,"['A', '[91]']",0
2003-04-29,256.47916,streamflow,10154200,ft3/s,"['A', '[91]']",0
2003-04-30,246.5,streamflow,10154200,ft3/s,"['A', '[91]']",0
2003-05-01,211.42708,streamflow,10154200,ft3/s,"['A', '[91]']",0
2003-05-02,206.45833,streamflow,10154200,ft3/s,"['A', '[91]']",0
2003-05-03,198.85417,streamflow,10154200,ft3/s,"['A', '[91]']",0
2003-05-04,194.8125,streamflow,10154200,ft3/s,"['A', '[91]']",0
2003-05-05,199.36458,streamflow,10154200,ft3/s,"['A', '[91]']",0
2003-05-06,176.5,streamflow,10154200,ft3/s,"['A', '[91]']",0
2003-05-07,171.70833,streamflow,10154200,ft3/s,"['A', '[91]']",0
2003-05-08,172.15625,streamflow,10154200,ft3/s,"['A', '[91]']",0
2003-05-09,170.58333,streamflow,10154200,ft3/s,"['A', '[91]']",0
2003-05-10,170.46875,streamflow,10154200,ft3/s,"['A', '[91]']",0
2003-05-11,172.97917,streamflow,10154200,ft3/s,"['A', '[91]']",0
2003-05-12,168.05208,streamflow,10154200,ft3/s,"['A', '[91]']",0
2003-05-13,193.1875,streamflow,10154200,ft3/s,"['A', '[91]']",0
2003-05-14,254.40625,streamflow,10154200,ft3/s,"['A', '[91]']",0
2003-05-15,365.5,streamflow,10154200,ft3/s,"['A', '[91]']",0
2003-05-16,573.7708,streamflow,10154200,ft3/s,"['A', '[91]']",0
2003-05-17,794.78125,streamflow,10154200,ft3/s,"['A', '[91]']",0
2003-05-18,824.3542,streamflow,10154200,ft3/s,"['A', '[91]']",0
2003-05-19,1061.7084,streamflow,10154200,ft3/s,"['A', '[91]']",0
2003-05-20,927.625,streamflow,10154200,ft3/s,"['A', '[91]']",0
2003-05-21,984.7292,streamflow,10154200,ft3/s,"['A', '[91]']",0
2003-05-22,1279.7084,streamflow,10154200,ft3/s,"['A', '[91]']",0
2003-05-23,1598.4375,streamflow,10154200,ft3/s,"['A', '[91]']",0
2003-05-24,1802.5,streamflow,10154200,ft3/s,"['A', '[91]']",0
2003-05-25,1703.4375,streamflow,10154200,ft3/s,"['A', '[91]']",0
2003-05-26,1950.625,streamflow,10154200,ft3/s,"['A', '[91]']",0
2003-05-27,1990.0,streamflow,10154200,ft3/s,"['A', '[91]']",0
2003-05-28,1966.3541,streamflow,10154200,ft3/s,"['A', '[91]']",0
2003-05-29,1919.0625,streamflow,10154200,ft3/s,"['A', '[91]']",0
2003-05-30,1798.9584,streamflow,10154200,ft3/s,"['A', '[91]']",0
2003-05-31,1589.375,streamflow,10154200,ft3/s,"['A', '[91]']",0
2003-06-01,1367.1875,streamflow,10154200,ft3/s,"['A', '[91]']",0
2003-06-02,1130.2396,streamflow,10154200,ft3/s,"['A', '[91]']",0
2003-06-03,902.125,streamflow,10154200,ft3/s,"['A', '[91]']",0
2003-06-04,716.0208,streamflow,10154200,ft3/s,"['A', '[91]']",0
2003-06-05,604.4375,streamflow,10154200,ft3/s,"['A', '[91]']",0
2003-06-06,522.34375,streamflow,10154200,ft3/s,"['A', '[91]']",0
2003-06-07,452.91666,streamflow,10154200,ft3/s,"['A', '[91]']",0
2003-06-08,397.1771,streamflow,10154200,ft3/s,"['A', '[91]']",0
2003-06-09,358.5729,streamflow,10154200,ft3/s,"['A', '[91]']",0
2003-06-10,337.91666,streamflow,10154200,ft3/s,"['A', '[91]']",0
2003-06-11,310.53125,streamflow,10154200,ft3/s,"['A', '[91]']",0
2003-06-12,278.8125,streamflow,10154200,ft3/s,"['A', '[91]']",0
2003-06-13,341.1146,streamflow,10154200,ft3/s,"['A', '[91]']",0
2003-06-14,296.08334,streamflow,10154200,ft3/s,"['A', '[91]']",0
2003-06-15,250.3125,streamflow,10154200,ft3/s,"['A', '[91]']",0
2003-06-16,220.9375,streamflow,10154200,ft3/s,"['A', '[91]']",0
2003-06-17,201.52083,streamflow,10154200,ft3/s,"['A', '[91]']",0
2003-06-18,192.41667,streamflow,10154200,ft3/s,"['A', '[91]']",0
2003-06-19,182.44792,streamflow,10154200,ft3/s,"['A', '[91]']",0
2003-06-20,179.88542,streamflow,10154200,ft3/s,"['A', '[91]']",0
2003-06-21,176.46875,streamflow,10154200,ft3/s,"['A', '[91]']",0
2003-06-22,255.63542,streamflow,10154200,ft3/s,"['A', '[91]']",0
2003-06-23,229.29167,streamflow,10154200,ft3/s,"['A', '[91]']",0
2003-06-24,273.90625,streamflow,10154200,ft3/s,"['A', '[91]']",0
2003-06-25,307.65625,streamflow,10154200,ft3/s,"['A', '[91]']",0
2003-06-26,289.875,streamflow,10154200,ft3/s,"['A', '[91]']",0
2003-06-27,255.55208,streamflow,10154200,ft3/s,"['A', '[91]']",0
2003-06-28,220.94792,streamflow,10154200,ft3/s,"['A', '[91]']",0
2003-06-29,189.83333,streamflow,10154200,ft3/s,"['A', '[91]']",0
2003-06-30,166.63542,streamflow,10154200,ft3/s,"['A', '[91]']",0
2003-07-01,147.0625,streamflow,10154200,ft3/s,"['A', '[91]']",0
2003-07-02,131.85417,streamflow,10154200,ft3/s,"['A', '[91]']",0
2003-07-03,123.791664,streamflow,10154200,ft3/s,"['A', '[91]']",0
2003-07-04,81.84375,streamflow,10154200,ft3/s,"['A', '[91]']",0
2003-07-05,72.5,streamflow,10154200,ft3/s,"['A', '[91]']",0
2003-07-06,78.1875,streamflow,10154200,ft3/s,"['A', '[91]']",0
2003-07-07,64.854164,streamflow,10154200,ft3/s,"['A', '[91]']",0
2003-07-08,68.6875,streamflow,10154200,ft3/s,"['A', '[91]']",0
2003-07-09,58.885418,streamflow,10154200,ft3/s,"['A', '[91]']",0
2003-07-10,55.364582,streamflow,10154200,ft3/s,"['A', '[91]']",0
2003-07-11,55.541668,streamflow,10154200,ft3/s,"['A', '[91]']",0
2003-07-12,44.25,streamflow,10154200,ft3/s,"['A', '[91]']",0
2003-07-13,48.697918,streamflow,10154200,ft3/s,"['A', '[91]']",0
2003-07-14,41.770832,streamflow,10154200,ft3/s,"['A', '[91]']",0
2003-07-15,58.15625,streamflow,10154200,ft3/s,"['A', '[91]']",0
2003-07-16,68.552086,streamflow,10154200,ft3/s,"['A', '[91]']",0
2003-07-17,74.895836,streamflow,10154200,ft3/s,"['A', '[91]']",0
2003-07-18,75.208336,streamflow,10154200,ft3/s,"['A', '[91]']",0
2003-07-19,70.145836,streamflow,10154200,ft3/s,"['A', '[91]']",0
2003-07-20,60.270832,streamflow,10154200,ft3/s,"['A', '[91]']",0
2003-07-21,65.25,streamflow,10154200,ft3/s,"['A', '[91]']",0
2003-07-22,56.78125,streamflow,10154200,ft3/s,"['A', '[91]']",0
2003-07-23,56.020832,streamflow,10154200,ft3/s,"['A', '[91]']",0
2003-07-24,68.520836,streamflow,10154200,ft3/s,"['A', '[91]']",0
2003-07-25,58.541668,streamflow,10154200,ft3/s,"['A', '[91]']",0
2003-07-26,54.145832,streamflow,10154200,ft3/s,"['A', '[91]']",0
2003-07-27,60.739582,streamflow,10154200,ft3/s,"['A', '[91]']",0
2003-07-28,51.770832,streamflow,10154200,ft3/s,"['A', '[91]']",0
2003-07-29,58.864582,streamflow,10154200,ft3/s,"['A', '[91]']",0
2003-07-30,48.1875,streamflow,10154200,ft3/s,"['A', '[91]']",0
2003-07-31,59.958332,streamflow,10154200,ft3/s,"['A', '[91]']",0
2003-08-01,54.479168,streamflow,10154200,ft3/s,"['A', '[91]']",0
2003-08-02,57.947918,streamflow,10154200,ft3/s,"['A', '[91]']",0
2003-08-03,87.90625,streamflow,10154200,ft3/s,"['A', '[91]']",0
2003-08-04,74.864586,streamflow,10154200,ft3/s,"['A', '[91]']",0
2003-08-05,59.104168,streamflow,10154200,ft3/s,"['A', '[91]']",0
2003-08-06,62.552082,streamflow,10154200,ft3/s,"['A', '[91]']",0
2003-08-07,58.4375,streamflow,10154200,ft3/s,"['A', '[91]']",0
2003-08-08,70.6875,streamflow,10154200,ft3/s,"['A', '[91]']",0
2003-08-09,66.90625,streamflow,10154200,ft3/s,"['A', '[91]']",0
2003-08-10,60.864582,streamflow,10154200,ft3/s,"['A', '[91]']",0
2003-08-11,69.739586,streamflow,10154200,ft3/s,"['A', '[91]']",0
2003-08-12,72.010414,streamflow,10154200,ft3/s,"['A', '[91]']",0
2003-08-13,72.052086,streamflow,10154200,ft3/s,"['A', '[91]']",0
2003-08-14,75.760414,streamflow,10154200,ft3/s,"['A', '[91]']",0
2003-08-15,77.739586,streamflow,10154200,ft3/s,"['A', '[91]']",0
2003-08-16,70.65625,streamflow,10154200,ft3/s,"['A', '[91]']",0
2003-08-17,61.833332,streamflow,10154200,ft3/s,"['A', '[91]']",0
2003-08-18,57.239582,streamflow,10154200,ft3/s,"['A', '[91]']",0
2003-08-19,67.635414,streamflow,10154200,ft3/s,"['A', '[91]']",0
2003-08-20,59.197918,streamflow,10154200,ft3/s,"['A', '[91]']",0
2003-08-21,59.822918,streamflow,10154200,ft3/s,"['A', '[91]']",0
2003-08-22,77.791664,streamflow,10154200,ft3/s,"['A', '[91]']",0
2003-08-23,64.40625,streamflow,10154200,ft3/s,"['A', '[91]']",0
2003-08-24,57.947918,streamflow,10154200,ft3/s,"['A', '[91]']",0
2003-08-25,53.895832,streamflow,10154200,ft3/s,"['A', '[91]']",0
2003-08-26,35.8125,streamflow,10154200,ft3/s,"['A', '[91]']",0
2003-08-27,37.052082,streamflow,10154200,ft3/s,"['A', '[91]']",0
2003-08-28,40.114582,streamflow,10154200,ft3/s,"['A', '[91]']",0
2003-08-29,38.90625,streamflow,10154200,ft3/s,"['A', '[91]']",0
2003-08-30,46.864582,streamflow,10154200,ft3/s,"['A', '[91]']",0
2003-08-31,47.260418,streamflow,10154200,ft3/s,"['A', '[91]']",0
2003-09-01,50.697918,streamflow,10154200,ft3/s,"['A', '[91]']",0
2003-09-02,42.21875,streamflow,10154200,ft3/s,"['A', '[91]']",0
2003-09-03,32.0,streamflow,10154200,ft3/s,"['A', '[91]']",0
2003-09-04,36.510418,streamflow,10154200,ft3/s,"['A', '[91]']",0
2003-09-05,37.760418,streamflow,10154200,ft3/s,"['A', '[91]']",0
2003-09-06,35.114582,streamflow,10154200,ft3/s,"['A', '[91]']",0
2003-09-07,43.322918,streamflow,10154200,ft3/s,"['A', '[91]']",0
2003-09-08,42.885418,streamflow,10154200,ft3/s,"['A', '[91]']",0
2003-09-09,42.96875,streamflow,10154200,ft3/s,"['A', '[91]']",0
2003-09-10,57.145832,streamflow,10154200,ft3/s,"['A', '[91]']",0
2003-09-11,54.864582,streamflow,10154200,ft3/s,"['A', '[91]']",0
2003-09-12,46.041668,streamflow,10154200,ft3/s,"['A', '[91]']",0
2003-09-13,47.46875,streamflow,10154200,ft3/s,"['A', '[91]']",0
2003-09-14,47.625,streamflow,10154200,ft3/s,"['A', '[91]']",0
2003-09-15,46.041668,streamflow,10154200,ft3/s,"['A', '[91]']",0
2003-09-16,50.427082,streamflow,10154200,ft3/s,"['A', '[91]']",0
2003-09-17,52.072918,streamflow,10154200,ft3/s,"['A', '[91]']",0
2003-09-18,68.927086,streamflow,10154200,ft3/s,"['A', '[91]']",0
2003-09-19,70.125,streamflow,10154200,ft3/s,"['A', '[91]']",0
2003-09-20,,streamflow,10154200,ft3/s,"['A', '[91]']",0
2003-09-21,81.59722,streamflow,10154200,ft3/s,"['A', '[91]']",0
2003-09-22,82.1875,streamflow,10154200,ft3/s,"['A', '[91]']",0
2003-09-23,82.916664,streamflow,10154200,ft3/s,"['A', '[91]']",0
2003-09-24,56.270832,streamflow,10154200,ft3/s,"['A', '[91]']",0
2003-09-25,52.072918,streamflow,10154200,ft3/s,"['A', '[91]']",0
2003-09-26,50.9375,streamflow,10154200,ft3/s,"['A', '[91]']",0
2003-09-27,44.03125,streamflow,10154200,ft3/s,"['A', '[91]']",0
2003-09-28,44.927082,streamflow,10154200,ft3/s,"['A', '[91]']",0
2003-09-29,47.104168,streamflow,10154200,ft3/s,"['A', '[91]']",0
2003-09-30,50.239582,streamflow,10154200,ft3/s,"['A', '[91]']",0
2003-10-01,39.416668,streamflow,10154200,ft3/s,"['A', '[91]']",0
2003-10-02,47.864582,streamflow,10154200,ft3/s,"['A', '[91]']",0
2003-10-03,47.53125,streamflow,10154200,ft3/s,"['A', '[91]']",0
2003-10-04,58.197918,streamflow,10154200,ft3/s,"['A', '[91]']",0
2003-10-05,44.916668,streamflow,10154200,ft3/s,"['A', '[91]']",0
2003-10-06,59.958332,streamflow,10154200,ft3/s,"['A', '[91]']",0
2003-10-07,47.09375,streamflow,10154200,ft3/s,"['A', '[91]']",0
2003-10-08,44.489582,streamflow,10154200,ft3/s,"['A', '[91]']",0
2003-10-09,48.28125,streamflow,10154200,ft3/s,"['A', '[91]']",0
2003-10-10,49.177082,streamflow,10154200,ft3/s,"['A', '[91]']",0
2003-10-11,51.072918,streamflow,10154200,ft3/s,"['A', '[91]']",0
2003-10-12,57.989582,streamflow,10154200,ft3/s,"['A', '[91]']",0
2003-10-13,57.614582,streamflow,10154200,ft3/s,"['A', '[91]']",0
2003-10-14,44.489582,streamflow,10154200,ft3/s,"['A', '[91]']",0
2003-10-15,55.708332,streamflow,10154200,ft3/s,"['A', '[91]']",0
2003-10-16,48.708332,streamflow,10154200,ft3/s,"['A', '[91]']",0
2003-10-17,44.770832,streamflow,10154200,ft3/s,"['A', '[91]']",0
2003-10-18,46.84375,streamflow,10154200,ft3/s,"['A', '[91]']",0
2003-10-19,43.03125,streamflow,10154200,ft3/s,"['A', '[91]']",0
2003-10-20,52.53125,streamflow,10154200,ft3/s,"['A', '[91]']",0
2003-10-21,42.572918,streamflow,10154200,ft3/s,"['A', '[91]']",0
2003-10-22,38.25,streamflow,10154200,ft3/s,"['A', '[91]']",0
2003-10-23,43.0625,streamflow,10154200,ft3/s,"['A', '[91]']",0
2003-10-24,38.447918,streamflow,10154200,ft3/s,"['A', '[91]']",0
2003-10-25,44.458332,streamflow,10154200,ft3/s,"['A', '[91]']",0
2003-10-26,47.135418,streamflow,10154200,ft3/s,"['A', '[91]']",0
2003-10-27,45.958332,streamflow,10154200,ft3/s,"['A', '[91]']",0
2003-10-28,41.979168,streamflow,10154200,ft3/s,"['A', '[91]']",0
2003-10-29,44.364582,streamflow,10154200,ft3/s,"['A', '[91]']",0
2003-10-30,47.979168,streamflow,10154200,ft3/s,"['A', '[91]']",0
2003-10-31,47.291668,streamflow,10154200,ft3/s,"['A', '[91]']",0
2003-11-01,57.604168,streamflow,10154200,ft3/s,"['A', '[91]']",0
2003-11-02,49.135418,streamflow,10154200,ft3/s,"['A', '[91]']",0
2003-11-03,54.8125,streamflow,10154200,ft3/s,"['A', '[91]']",0
2003-11-04,50.833332,streamflow,10154200,ft3/s,"['A', '[91]']",0
2003-11-05,50.864582,streamflow,10154200,ft3/s,"['A', '[91]']",0
2003-11-06,45.96875,streamflow,10154200,ft3/s,"['A', '[91]']",0
2003-11-07,37.75,streamflow,10154200,ft3/s,"['A', '[91]']",0
2003-11-08,53.09375,streamflow,10154200,ft3/s,"['A', '[91]']",0
2003-11-09,48.25,streamflow,10154200,ft3/s,"['A', '[91]']",0
2003-11-10,51.135418,streamflow,10154200,ft3/s,"['A', '[91]']",0
2003-11-11,45.072918,streamflow,10154200,ft3/s,"['A', '[91]']",0
2003-11-12,58.583332,streamflow,10154200,ft3/s,"['A', '[91]']",0
2003-11-13,46.239582,streamflow,10154200,ft3/s,"['A', '[91]']",0
2003-11-14,45.927082,streamflow,10154200,ft3/s,"['A', '[91]']",0
2003-11-15,47.760418,streamflow,10154200,ft3/s,"['A', '[91]']",0
2003-11-16,57.125,streamflow,10154200,ft3/s,"['A', '[91]']",0
2003-11-17,44.927082,streamflow,10154200,ft3/s,"['A', '[91]']",0
2003-11-18,43.53125,streamflow,10154200,ft3/s,"['A', '[91]']",0
2003-11-19,60.714287,streamflow,10154200,ft3/s,"['A', '[91]']",0
2003-11-20,,streamflow,10154200,ft3/s,"['A', '[91]']",0
2003-11-21,46.617645,streamflow,10154200,ft3/s,"['A', '[91]']",0
2003-11-22,41.239582,streamflow,10154200,ft3/s,"['A', '[91]']",0
2003-11-23,37.0,streamflow,10154200,ft3/s,"['A', '[91]']",0
2003-11-24,50.989582,streamflow,10154200,ft3/s,"['A', '[91]']",0
2003-11-25,75.1875,streamflow,10154200,ft3/s,"['A', '[91]']",0
2003-11-26,64.083336,streamflow,10154200,ft3/s,"['A', '[91]']",0
2003-11-27,45.604168,streamflow,10154200,ft3/s,"['A', '[91]']",0
2003-11-28,45.416668,streamflow,10154200,ft3/s,"['A', '[91]']",0
2003-11-29,53.041668,streamflow,10154200,ft3/s,"['A', '[91]']",0
2003-11-30,68.729164,streamflow,10154200,ft3/s,"['A', '[91]']",0
2003-12-01,70.208336,streamflow,10154200,ft3/s,"['A', '[91]']",0
2003-12-02,43.5625,streamflow,10154200,ft3/s,"['A', '[91]']",0
2003-12-03,39.979168,streamflow,10154200,ft3/s,"['A', '[91]']",0
2003-12-04,40.28125,streamflow,10154200,ft3/s,"['A', '[91]']",0
2003-12-05,46.416668,streamflow,10154200,ft3/s,"['A', '[91]']",0
2003-12-06,50.208332,streamflow,10154200,ft3/s,"['A', '[91]']",0
2003-12-07,64.65625,streamflow,10154200,ft3/s,"['A', '[91]']",0
2003-12-08,54.21875,streamflow,10154200,ft3/s,"['A', '[91]']",0
2003-12-09,38.0625,streamflow,10154200,ft3/s,"['A', '[91]']",0
2003-12-10,41.416668,streamflow,10154200,ft3/s,"['A', '[91]']",0
2003-12-11,50.291668,streamflow,10154200,ft3/s,"['A', '[91]']",0
2003-12-12,50.9375,streamflow,10154200,ft3/s,"['A', '[91]']",0
2003-12-13,60.6875,streamflow,10154200,ft3/s,"['A', '[91]']",0
2003-12-14,55.052082,streamflow,10154200,ft3/s,"['A', '[91]']",0
2003-12-15,41.375,streamflow,10154200,ft3/s,"['A', '[91]']",0
2003-12-16,37.416668,streamflow,10154200,ft3/s,"['A', '[91]']",0
2003-12-17,41.5,streamflow,10154200,ft3/s,"['A', '[91]']",0
2003-12-18,48.91129,streamflow,10154200,ft3/s,"['A', '[91]']",0
2003-12-19,46.427082,streamflow,10154200,ft3/s,"['A', '[91]']",0
2003-12-20,44.489582,streamflow,10154200,ft3/s,"['A', '[91]']",0
2003-12-21,45.291668,streamflow,10154200,ft3/s,"['A', '[91]']",0
2003-12-22,45.479168,streamflow,10154200,ft3/s,"['A', '[91]']",0
2003-12-23,39.020832,streamflow,10154200,ft3/s,"['A', '[91]']",0
2003-12-24,47.0,streamflow,10154200,ft3/s,"['A', '[91]']",0
2003-12-25,45.8125,streamflow,10154200,ft3/s,"['A', '[91]']",0
2003-12-26,47.770832,streamflow,10154200,ft3/s,"['A', '[91]']",0
2003-12-27,44.447918,streamflow,10154200,ft3/s,"['A', '[91]']",0
2003-12-28,45.489582,streamflow,10154200,ft3/s,"['A', '[91]']",0
2003-12-29,46.322918,streamflow,10154200,ft3/s,"['A', '[91]']",0
2003-12-30,50.010418,streamflow,10154200,ft3/s,"['A', '[91]']",0
2003-12-31,53.729168,streamflow,10154200,ft3/s,"['A', '[91]']",0
2004-01-01,52.8125,streamflow,10154200,ft3/s,"['A', '[91]']",0
2004-01-02,48.395832,streamflow,10154200,ft3/s,"['A', '[91]']",0
2004-01-03,44.604168,streamflow,10154200,ft3/s,"['A', '[91]']",0
2004-01-04,49.895832,streamflow,10154200,ft3/s,"['A', '[91]']",0
2004-01-05,50.583332,streamflow,10154200,ft3/s,"['A', '[91]']",0
2004-01-06,46.84375,streamflow,10154200,ft3/s,"['A', '[91]']",0
2004-01-07,50.135418,streamflow,10154200,ft3/s,"['A', '[91]']",0
2004-01-08,50.489582,streamflow,10154200,ft3/s,"['A', '[91]']",0
2004-01-09,50.34375,streamflow,10154200,ft3/s,"['A', '[91]']",0
2004-01-10,48.9375,streamflow,10154200,ft3/s,"['A', '[91]']",0
2004-01-11,46.71875,streamflow,10154200,ft3/s,"['A', '[91]']",0
2004-01-12,45.0,streamflow,10154200,ft3/s,"['A', '[91]']",0
2004-01-13,43.895832,streamflow,10154200,ft3/s,"['A', '[91]']",0
2004-01-14,45.197918,streamflow,10154200,ft3/s,"['A', '[91]']",0
2004-01-15,46.0,streamflow,10154200,ft3/s,"['A', '[91]']",0
2004-01-16,45.25,streamflow,10154200,ft3/s,"['A', '[91]']",0
2004-01-17,41.864582,streamflow,10154200,ft3/s,"['A', '[91]']",0
2004-01-18,40.677082,streamflow,10154200,ft3/s,"['A', '[91]']",0
2004-01-19,44.21875,streamflow,10154200,ft3/s,"['A', '[91]']",0
2004-01-20,45.333332,streamflow,10154200,ft3/s,"['A', '[91]']",0
2004-01-21,40.6875,streamflow,10154200,ft3/s,"['A', '[91]']",0
2004-01-22,38.052082,streamflow,10154200,ft3/s,"['A', '[91]']",0
2004-01-23,39.75,streamflow,10154200,ft3/s,"['A', '[91]']",0
2004-01-24,42.354168,streamflow,10154200,ft3/s,"['A', '[91]']",0
2004-01-25,44.0,streamflow,10154200,ft3/s,"['A', '[91]']",0
2004-01-26,42.177082,streamflow,10154200,ft3/s,"['A', '[91]']",0
2004-01-27,41.8125,streamflow,10154200,ft3/s,"['A', '[91]']",0
2004-01-28,44.0,streamflow,10154200,ft3/s,"['A', '[91]']",0
2004-01-29,43.583332,streamflow,10154200,ft3/s,"['A', '[91]']",0
2004-01-30,43.020832,streamflow,10154200,ft3/s,"['A', '[91]']",0
2004-01-31,43.083332,streamflow,10154200,ft3/s,"['A', '[91]']",0
2004-02-01,36.760418,streamflow,10154200,ft3/s,"['A', '[91]']",0
2004-02-02,42.166668,streamflow,10154200,ft3/s,"['A', '[91]']",0
2004-02-03,42.864582,streamflow,10154200,ft3/s,"['A', '[91]']",0
2004-02-04,42.958332,streamflow,10154200,ft3/s,"['A', '[91]']",0
2004-02-05,43.135418,streamflow,10154200,ft3/s,"['A', '[91]']",0
2004-02-06,41.90625,streamflow,10154200,ft3/s,"['A', '[91]']",0
2004-02-07,39.697918,streamflow,10154200,ft3/s,"['A', '[91]']",0
2004-02-08,43.21875,streamflow,10154200,ft3/s,"['A', '[91]']",0
2004-02-09,42.34375,streamflow,10154200,ft3/s,"['A', '[91]']",0
2004-02-10,38.354168,streamflow,10154200,ft3/s,"['A', '[91]']",0
2004-02-11,40.614582,streamflow,10154200,ft3/s,"['A', '[91]']",0
2004-02-12,37.729168,streamflow,10154200,ft3/s,"['A', '[91]']",0
2004-02-13,38.09375,streamflow,10154200,ft3/s,"['A', '[91]']",0
2004-02-14,39.854168,streamflow,10154200,ft3/s,"['A', '[91]']",0
2004-02-15,40.489582,streamflow,10154200,ft3/s,"['A', '[91]']",0
2004-02-16,41.5,streamflow,10154200,ft3/s,"['A', '[91]']",0
2004-02-17,40.864582,streamflow,10154200,ft3/s,"['A', '[91]']",0
2004-02-18,40.875,streamflow,10154200,ft3/s,"['A', '[91]']",0
2004-02-19,41.5625,streamflow,10154200,ft3/s,"['A', '[91]']",0
2004-02-20,39.041668,streamflow,10154200,ft3/s,"['A', '[91]']",0
2004-02-21,41.333332,streamflow,10154200,ft3/s,"['A', '[91]']",0
2004-02-22,42.09375,streamflow,10154200,ft3/s,"['A', '[91]']",0
2004-02-23,41.65625,streamflow,10154200,ft3/s,"['A', '[91]']",0
2004-02-24,40.395832,streamflow,10154200,ft3/s,"['A', '[91]']",0
2004-02-25,41.135418,streamflow,10154200,ft3/s,"['A', '[91]']",0
2004-02-26,42.583332,streamflow,10154200,ft3/s,"['A', '[91]']",0
2004-02-27,40.041668,streamflow,10154200,ft3/s,"['A', '[91]']",0
2004-02-28,45.166668,streamflow,10154200,ft3/s,"['A', '[91]']",0
2004-02-29,45.458332,streamflow,10154200,ft3/s,"['A', '[91]']",0
2004-03-01,41.822918,streamflow,10154200,ft3/s,"['A', '[91]']",0
2004-03-02,41.1875,streamflow,10154200,ft3/s,"['A', '[91]']",0
2004-03-03,44.833332,streamflow,10154200,ft3/s,"['A', '[91]']",0
2004-03-04,43.354168,streamflow,10154200,ft3/s,"['A', '[91]']",0
2004-03-05,44.59375,streamflow,10154200,ft3/s,"['A', '[91]']",0
2004-03-06,43.958332,streamflow,10154200,ft3/s,"['A', '[91]']",0
2004-03-07,39.979168,streamflow,10154200,ft3/s,"['A', '[91]']",0
2004-03-08,45.708332,streamflow,10154200,ft3/s,"['A', '[91]']",0
2004-03-09,52.989582,streamflow,10154200,ft3/s,"['A', '[91]']",0
2004-03-10,59.885418,streamflow,10154200,ft3/s,"['A', '[91]']",0
2004-03-11,55.479168,streamflow,10154200,ft3/s,"['A', '[91]']",0
2004-03-12,62.802082,streamflow,10154200,ft3/s,"['A', '[91]']",0
2004-03-13,64.760414,streamflow,10154200,ft3/s,"['A', '[91]']",0
2004-03-14,67.302086,streamflow,10154200,ft3/s,"['A', '[91]']",0
2004-03-15,67.885414,streamflow,10154200,ft3/s,"['A', '[91]']",0
2004-03-16,68.958336,streamflow,10154200,ft3/s,"['A', '[91]']",0
2004-03-17,72.833336,streamflow,10154200,ft3/s,"['A', '[91]']",0
2004-03-18,77.0625,streamflow,10154200,ft3/s,"['A', '[91]']",0
2004-03-19,90.0625,streamflow,10154200,ft3/s,"['A', '[91]']",0
2004-03-20,112.21875,streamflow,10154200,ft3/s,"['A', '[91]']",0
2004-03-21,136.97917,streamflow,10154200,ft3/s,"['A', '[91]']",0
2004-03-22,166.89583,streamflow,10154200,ft3/s,"['A', '[91]']",0
2004-03-23,200.25,streamflow,10154200,ft3/s,"['A', '[91]']",0
2004-03-24,216.70833,streamflow,10154200,ft3/s,"['A', '[91]']",0
2004-03-25,213.59375,streamflow,10154200,ft3/s,"['A', '[91]']",0
2004-03-26,215.76042,streamflow,10154200,ft3/s,"['A', '[91]']",0
2004-03-27,182.90625,streamflow,10154200,ft3/s,"['A', '[91]']",0
2004-03-28,167.64583,streamflow,10154200,ft3/s,"['A', '[91]']",0
2004-03-29,145.14583,streamflow,10154200,ft3/s,"['A', '[91]']",0
2004-03-30,155.14583,streamflow,10154200,ft3/s,"['A', '[91]']",0
2004-03-31,165.92708,streamflow,10154200,ft3/s,"['A', '[91]']",0
2004-04-01,195.60417,streamflow,10154200,ft3/s,"['A', '[91]']",0
2004-04-02,203.26042,streamflow,10154200,ft3/s,"['A', '[91]']",0
2004-04-03,266.47916,streamflow,10154200,ft3/s,"['A', '[91]']",0
2004-04-04,263.89584,streamflow,10154200,ft3/s,"['A', '[91]']",0
2004-04-05,273.75,streamflow,10154200,ft3/s,"['A', '[91]']",0
2004-04-06,282.875,streamflow,10154200,ft3/s,"['A', '[91]']",0
2004-04-07,295.375,streamflow,10154200,ft3/s,"['A', '[91]']",0
2004-04-08,292.71875,streamflow,10154200,ft3/s,"['A', '[91]']",0
2004-04-09,287.25,streamflow,10154200,ft3/s,"['A', '[91]']",0
2004-04-10,259.08334,streamflow,10154200,ft3/s,"['A', '[91]']",0
2004-04-11,224.26042,streamflow,10154200,ft3/s,"['A', '[91]']",0
2004-04-12,221.90625,streamflow,10154200,ft3/s,"['A', '[91]']",0
2004-04-13,230.65625,streamflow,10154200,ft3/s,"['A', '[91]']",0
2004-04-14,259.5625,streamflow,10154200,ft3/s,"['A', '[91]']",0
2004-04-15,260.1146,streamflow,10154200,ft3/s,"['A', '[91]']",0
2004-04-16,242.07292,streamflow,10154200,ft3/s,"['A', '[91]']",0
2004-04-17,229.71875,streamflow,10154200,ft3/s,"['A', '[91]']",0
2004-04-18,233.125,streamflow,10154200,ft3/s,"['A', '[91]']",0
2004-04-19,220.67708,streamflow,10154200,ft3/s,"['A', '[91]']",0
2004-04-20,210.88542,streamflow,10154200,ft3/s,"['A', '[91]']",0
2004-04-21,206.57292,streamflow,10154200,ft3/s,"['A', '[91]']",0
2004-04-22,197.5625,streamflow,10154200,ft3/s,"['A', '[91]']",0
2004-04-23,179.92708,streamflow,10154200,ft3/s,"['A', '[91]']",0
2004-04-24,188.08333,streamflow,10154200,ft3/s,"['A', '[91]']",0
2004-04-25,181.90625,streamflow,10154200,ft3/s,"['A', '[91]']",0
2004-04-26,198.79167,streamflow,10154200,ft3/s,"['A', '[91]']",0
2004-04-27,251.6875,streamflow,10154200,ft3/s,"['A', '[91]']",0
2004-04-28,341.85416,streamflow,10154200,ft3/s,"['A', '[91]']",0
2004-04-29,377.66666,streamflow,10154200,ft3/s,"['A', '[91]']",0
2004-04-30,341.58334,streamflow,10154200,ft3/s,"['A', '[91]']",0
2004-05-01,341.8021,streamflow,10154200,ft3/s,"['A', '[91]']",0
2004-05-02,400.7604,streamflow,10154200,ft3/s,"['A', '[91]']",0
2004-05-03,531.42706,streamflow,10154200,ft3/s,"['A', '[91]']",0
2004-05-04,714.65625,streamflow,10154200,ft3/s,"['A', '[91]']",0
2004-05-05,940.53125,streamflow,10154200,ft3/s,"['A', '[91]']",0
2004-05-06,1105.6354,streamflow,10154200,ft3/s,"['A', '[91]']",0
2004-05-07,1153.1771,streamflow,10154200,ft3/s,"['A', '[91]']",0
2004-05-08,1052.2084,streamflow,10154200,ft3/s,"['A', '[91]']",0
2004-05-09,1123.9584,streamflow,10154200,ft3/s,"['A', '[91]']",0
2004-05-10,1154.8959,streamflow,10154200,ft3/s,"['A', '[91]']",0
2004-05-11,1181.0416,streamflow,10154200,ft3/s,"['A', '[91]']",0
2004-05-12,876.7917,streamflow,10154200,ft3/s,"['A', '[91]']",0
2004-05-13,687.65625,streamflow,10154200,ft3/s,"['A', '[91]']",0
2004-05-14,570.78125,streamflow,10154200,ft3/s,"['A', '[91]']",0
2004-05-15,500.3854,streamflow,10154200,ft3/s,"['A', '[91]']",0
2004-05-16,493.02084,streamflow,10154200,ft3/s,"['A', '[91]']",0
2004-05-17,550.76044,streamflow,10154200,ft3/s,"['A', '[91]']",0
2004-05-18,605.23956,streamflow,10154200,ft3/s,"['A', '[91]']",0
2004-05-19,627.5833,streamflow,10154200,ft3/s,"['A', '[91]']",0
2004-05-20,615.61456,streamflow,10154200,ft3/s,"['A', '[91]']",0
2004-05-21,625.32294,streamflow,10154200,ft3/s,"['A', '[91]']",0
2004-05-22,602.375,streamflow,10154200,ft3/s,"['A', '[91]']",0
2004-05-23,532.9583,streamflow,10154200,ft3/s,"['A', '[91]']",0
2004-05-24,485.8229,streamflow,10154200,ft3/s,"['A', '[91]']",0
2004-05-25,450.08334,streamflow,10154200,ft3/s,"['A', '[91]']",0
2004-05-26,409.4375,streamflow,10154200,ft3/s,"['A', '[91]']",0
2004-05-27,395.8021,streamflow,10154200,ft3/s,"['A', '[91]']",0
2004-05-28,434.125,streamflow,10154200,ft3/s,"['A', '[91]']",0
2004-05-29,486.125,streamflow,10154200,ft3/s,"['A', '[91]']",0
2004-05-30,427.91666,streamflow,10154200,ft3/s,"['A', '[91]']",0
2004-05-31,371.0521,streamflow,10154200,ft3/s,"['A', '[91]']",0
2004-06-01,360.85416,streamflow,10154200,ft3/s,"['A', '[91]']",0
2004-06-02,397.6979,streamflow,10154200,ft3/s,"['A', '[91]']",0
2004-06-03,467.10416,streamflow,10154200,ft3/s,"['A', '[91]']",0
2004-06-04,506.60416,streamflow,10154200,ft3/s,"['A', '[91]']",0
2004-06-05,535.96875,streamflow,10154200,ft3/s,"['A', '[91]']",0
2004-06-06,542.88544,streamflow,10154200,ft3/s,"['A', '[91]']",0
2004-06-07,514.67706,streamflow,10154200,ft3/s,"['A', '[91]']",0
2004-06-08,473.10416,streamflow,10154200,ft3/s,"['A', '[91]']",0
2004-06-09,418.6979,streamflow,10154200,ft3/s,"['A', '[91]']",0
2004-06-10,397.4271,streamflow,10154200,ft3/s,"['A', '[91]']",0
2004-06-11,401.16666,streamflow,10154200,ft3/s,"['A', '[91]']",0
2004-06-12,352.34375,streamflow,10154200,ft3/s,"['A', '[91]']",0
2004-06-13,311.90625,streamflow,10154200,ft3/s,"['A', '[91]']",0
2004-06-14,271.27084,streamflow,10154200,ft3/s,"['A', '[91]']",0
2004-06-15,247.08333,streamflow,10154200,ft3/s,"['A', '[91]']",0
2004-06-16,230.76042,streamflow,10154200,ft3/s,"['A', '[91]']",0
2004-06-17,235.5,streamflow,10154200,ft3/s,"['A', '[91]']",0
2004-06-18,314.0104,streamflow,10154200,ft3/s,"['A', '[91]']",0
2004-06-19,255.98958,streamflow,10154200,ft3/s,"['A', '[91]']",0
2004-06-20,220.85417,streamflow,10154200,ft3/s,"['A', '[91]']",0
2004-06-21,210.77083,streamflow,10154200,ft3/s,"['A', '[91]']",0
2004-06-22,196.70833,streamflow,10154200,ft3/s,"['A', '[91]']",0
2004-06-23,179.10417,streamflow,10154200,ft3/s,"['A', '[91]']",0
2004-06-24,161.30208,streamflow,10154200,ft3/s,"['A', '[91]']",0
2004-06-25,164.46875,streamflow,10154200,ft3/s,"['A', '[91]']",0
2004-06-26,157.33333,streamflow,10154200,ft3/s,"['A', '[91]']",0
2004-06-27,160.125,streamflow,10154200,ft3/s,"['A', '[91]']",0
2004-06-28,150.88542,streamflow,10154200,ft3/s,"['A', '[91]']",0
2004-06-29,140.1875,streamflow,10154200,ft3/s,"['A', '[91]']",0
2004-06-30,163.42708,streamflow,10154200,ft3/s,"['A', '[91]']",0
2004-07-01,141.375,streamflow,10154200,ft3/s,"['A', '[91]']",0
2004-07-02,126.729164,streamflow,10154200,ft3/s,"['A', '[91]']",0
2004-07-03,118.583336,streamflow,10154200,ft3/s,"['A', '[91]']",0
2004-07-04,111.677086,streamflow,10154200,ft3/s,"['A', '[91]']",0
2004-07-05,103.4375,streamflow,10154200,ft3/s,"['A', '[91]']",0
2004-07-06,97.864586,streamflow,10154200,ft3/s,"['A', '[91]']",0
2004-07-07,90.59375,streamflow,10154200,ft3/s,"['A', '[91]']",0
2004-07-08,87.729164,streamflow,10154200,ft3/s,"['A', '[91]']",0
2004-07-09,84.260414,streamflow,10154200,ft3/s,"['A', '[91]']",0
2004-07-10,64.958336,streamflow,10154200,ft3/s,"['A', '[91]']",0
2004-07-11,70.885414,streamflow,10154200,ft3/s,"['A', '[91]']",0
2004-07-12,73.635414,streamflow,10154200,ft3/s,"['A', '[91]']",0
2004-07-13,72.21875,streamflow,10154200,ft3/s,"['A', '[91]']",0
2004-07-14,77.46875,streamflow,10154200,ft3/s,"['A', '[91]']",0
2004-07-15,80.875,streamflow,10154200,ft3/s,"['A', '[91]']",0
2004-07-16,80.614586,streamflow,10154200,ft3/s,"['A', '[91]']",0
2004-07-17,107.34375,streamflow,10154200,ft3/s,"['A', '[91]']",0
2004-07-18,92.833336,streamflow,10154200,ft3/s,"['A', '[91]']",0
2004-07-19,104.5625,streamflow,10154200,ft3/s,"['A', '[91]']",0
2004-07-20,86.583336,streamflow,10154200,ft3/s,"['A', '[91]']",0
2004-07-21,79.645836,streamflow,10154200,ft3/s,"['A', '[91]']",0
2004-07-22,73.677086,streamflow,10154200,ft3/s,"['A', '[91]']",0
2004-07-23,76.197914,streamflow,10154200,ft3/s,"['A', '[91]']",0
2004-07-24,72.5625,streamflow,10154200,ft3/s,"['A', '[91]']",0
2004-07-25,67.59375,streamflow,10154200,ft3/s,"['A', '[91]']",0
2004-07-26,75.354164,streamflow,10154200,ft3/s,"['A', '[91]']",0
2004-07-27,81.302086,streamflow,10154200,ft3/s,"['A', '[91]']",0
2004-07-28,77.604164,streamflow,10154200,ft3/s,"['A', '[91]']",0
2004-07-29,72.510414,streamflow,10154200,ft3/s,"['A', '[91]']",0
2004-07-30,70.177086,streamflow,10154200,ft3/s,"['A', '[91]']",0
2004-07-31,70.697914,streamflow,10154200,ft3/s,"['A', '[91]']",0
2004-08-01,70.020836,streamflow,10154200,ft3/s,"['A', '[91]']",0
2004-08-02,81.989586,streamflow,10154200,ft3/s,"['A', '[91]']",0
2004-08-03,84.927086,streamflow,10154200,ft3/s,"['A', '[91]']",0
2004-08-04,79.885414,streamflow,10154200,ft3/s,"['A', '[91]']",0
2004-08-05,78.072914,streamflow,10154200,ft3/s,"['A', '[91]']",0
2004-08-06,75.71875,streamflow,10154200,ft3/s,"['A', '[91]']",0
2004-08-07,73.833336,streamflow,10154200,ft3/s,"['A', '[91]']",0
2004-08-08,71.625,streamflow,10154200,ft3/s,"['A', '[91]']",0
2004-08-09,69.395836,streamflow,10154200,ft3/s,"['A', '[91]']",0
2004-08-10,67.875,streamflow,10154200,ft3/s,"['A', '[91]']",0
2004-08-11,67.510414,streamflow,10154200,ft3/s,"['A', '[91]']",0
2004-08-12,67.427086,streamflow,10154200,ft3/s,"['A', '[91]']",0
2004-08-13,72.958336,streamflow,10154200,ft3/s,"['A', '[91]']",0
2004-08-14,72.729164,streamflow,10154200,ft3/s,"['A', '[91]']",0
2004-08-15,72.302086,streamflow,10154200,ft3/s,"['A', '[91]']",0
2004-08-16,71.958336,streamflow,10154200,ft3/s,"['A', '[91]']",0
2004-08-17,74.770836,streamflow,10154200,ft3/s,"['A', '[91]']",0
2004-08-18,75.885414,streamflow,10154200,ft3/s,"['A', '[91]']",0
2004-08-19,80.645836,streamflow,10154200,ft3/s,"['A', '[91]']",0
2004-08-20,65.59375,streamflow,10154200,ft3/s,"['A', '[91]']",0
2004-08-21,63.229168,streamflow,10154200,ft3/s,"['A', '[91]']",0
2004-08-22,62.041668,streamflow,10154200,ft3/s,"['A', '[91]']",0
2004-08-23,61.0625,streamflow,10154200,ft3/s,"['A', '[91]']",0
2004-08-24,52.614582,streamflow,10154200,ft3/s,"['A', '[91]']",0
2004-08-25,47.572918,streamflow,10154200,ft3/s,"['A', '[91]']",0
2004-08-26,45.520832,streamflow,10154200,ft3/s,"['A', '[91]']",0
2004-08-27,44.666668,streamflow,10154200,ft3/s,"['A', '[91]']",0
2004-08-28,42.25,streamflow,10154200,ft3/s,"['A', '[91]']",0
2004-08-29,39.833332,streamflow,10154200,ft3/s,"['A', '[91]']",0
2004-08-30,37.364582,streamflow,10154200,ft3/s,"['A', '[91]']",0
2004-08-31,35.947918,streamflow,10154200,ft3/s,"['A', '[91]']",0
2004-09-01,34.041668,streamflow,10154200,ft3/s,"['A', '[91]']",0
2004-09-02,33.0,streamflow,10154200,ft3/s,"['A', '[91]']",0
2004-09-03,33.552082,streamflow,10154200,ft3/s,"['A', '[91]']",0
2004-09-04,36.927082,streamflow,10154200,ft3/s,"['A', '[91]']",0
2004-09-05,43.28125,streamflow,10154200,ft3/s,"['A', '[91]']",0
2004-09-06,39.322918,streamflow,10154200,ft3/s,"['A', '[91]']",0
2004-09-07,36.958332,streamflow,10154200,ft3/s,"['A', '[91]']",0
2004-09-08,35.739582,streamflow,10154200,ft3/s,"['A', '[91]']",0
2004-09-09,34.020832,streamflow,10154200,ft3/s,"['A', '[91]']",0
2004-09-10,34.0,streamflow,10154200,ft3/s,"['A', '[91]']",0
2004-09-11,33.322918,streamflow,10154200,ft3/s,"['A', '[91]']",0
2004-09-12,33.083332,streamflow,10154200,ft3/s,"['A', '[91]']",0
2004-09-13,34.166668,streamflow,10154200,ft3/s,"['A', '[91]']",0
2004-09-14,34.072918,streamflow,10154200,ft3/s,"['A', '[91]']",0
2004-09-15,33.84375,streamflow,10154200,ft3/s,"['A', '[91]']",0
2004-09-16,34.760418,streamflow,10154200,ft3/s,"['A', '[91]']",0
2004-09-17,40.729168,streamflow,10154200,ft3/s,"['A', '[91]']",0
2004-09-18,40.489582,streamflow,10154200,ft3/s,"['A', '[91]']",0
2004-09-19,41.354168,streamflow,10154200,ft3/s,"['A', '[91]']",0
2004-09-20,50.458332,streamflow,10154200,ft3/s,"['A', '[91]']",0
2004-09-21,50.5,streamflow,10154200,ft3/s,"['A', '[91]']",0
2004-09-22,48.947918,streamflow,10154200,ft3/s,"['A', '[91]']",0
2004-09-23,48.40625,streamflow,10154200,ft3/s,"['A', '[91]']",0
2004-09-24,47.333332,streamflow,10154200,ft3/s,"['A', '[91]']",0
2004-09-25,46.510418,streamflow,10154200,ft3/s,"['A', '[91]']",0
2004-09-26,45.458332,streamflow,10154200,ft3/s,"['A', '[91]']",0
2004-09-27,43.677082,streamflow,10154200,ft3/s,"['A', '[91]']",0
2004-09-28,44.072918,streamflow,10154200,ft3/s,"['A', '[91]']",0
2004-09-29,42.385418,streamflow,10154200,ft3/s,"['A', '[91]']",0
2004-09-30,41.572918,streamflow,10154200,ft3/s,"['A', '[91]']",0
2004-10-01,41.375,streamflow,10154200,ft3/s,"['A', '[91]']",0
2004-10-02,40.010418,streamflow,10154200,ft3/s,"['A', '[91]']",0
2004-10-03,38.21875,streamflow,10154200,ft3/s,"['A', '[91]']",0
2004-10-04,37.260418,streamflow,10154200,ft3/s,"['A', '[91]']",0
2004-10-05,36.5625,streamflow,10154200,ft3/s,"['A', '[91]']",0
2004-10-06,40.0625,streamflow,10154200,ft3/s,"['A', '[91]']",0
2004-10-07,39.0625,streamflow,10154200,ft3/s,"['A', '[91]']",0
2004-10-08,38.34375,streamflow,10154200,ft3/s,"['A', '[91]']",0
2004-10-09,37.760418,streamflow,10154200,ft3/s,"['A', '[91]']",0
2004-10-10,35.916668,streamflow,10154200,ft3/s,"['A', '[91]']",0
2004-10-11,36.489582,streamflow,10154200,ft3/s,"['A', '[91]']",0
2004-10-12,37.354168,streamflow,10154200,ft3/s,"['A', '[91]']",0
2004-10-13,36.947918,streamflow,10154200,ft3/s,"['A', '[91]']",0
2004-10-14,36.020832,streamflow,10154200,ft3/s,"['A', '[91]']",0
2004-10-15,35.0625,streamflow,10154200,ft3/s,"['A', '[91]']",0
2004-10-16,34.0,streamflow,10154200,ft3/s,"['A', '[91]']",0
2004-10-17,34.0,streamflow,10154200,ft3/s,"['A', '[91]']",0
2004-10-18,38.541668,streamflow,10154200,ft3/s,"['A', '[91]']",0
2004-10-19,44.21875,streamflow,10154200,ft3/s,"['A', '[91]']",0
2004-10-20,55.135418,streamflow,10154200,ft3/s,"['A', '[91]']",0
2004-10-21,107.697914,streamflow,10154200,ft3/s,"['A', '[91]']",0
2004-10-22,93.46875,streamflow,10154200,ft3/s,"['A', '[91]']",0
2004-10-23,74.208336,streamflow,10154200,ft3/s,"['A', '[91]']",0
2004-10-24,78.59375,streamflow,10154200,ft3/s,"['A', '[91]']",0
2004-10-25,80.177086,streamflow,10154200,ft3/s,"['A', '[91]']",0
2004-10-26,79.489586,streamflow,10154200,ft3/s,"['A', '[91]']",0
2004-10-27,76.270836,streamflow,10154200,ft3/s,"['A', '[91]']",0
2004-10-28,96.604164,streamflow,10154200,ft3/s,"['A', '[91]']",0
2004-10-29,84.770836,streamflow,10154200,ft3/s,"['A', '[91]']",0
2004-10-30,77.291664,streamflow,10154200,ft3/s,"['A', '[91]']",0
2004-10-31,76.489586,streamflow,10154200,ft3/s,"['A', '[91]']",0
2004-11-01,63.5,streamflow,10154200,ft3/s,"['A', '[91]']",0
2004-11-02,54.302082,streamflow,10154200,ft3/s,"['A', '[91]']",0
2004-11-03,73.145836,streamflow,10154200,ft3/s,"['A', '[91]']",0
2004-11-04,71.177086,streamflow,10154200,ft3/s,"['A', '[91]']",0
2004-11-05,65.333336,streamflow,10154200,ft3/s,"['A', '[91]']",0
2004-11-06,65.510414,streamflow,10154200,ft3/s,"['A', '[91]']",0
2004-11-07,66.697914,streamflow,10154200,ft3/s,"['A', '[91]']",0
2004-11-08,69.479164,streamflow,10154200,ft3/s,"['A', '[91]']",0
2004-11-09,79.4375,streamflow,10154200,ft3/s,"['A', '[91]']",0
2004-11-10,85.09375,streamflow,10154200,ft3/s,"['A', '[91]']",0
2004-11-11,81.145836,streamflow,10154200,ft3/s,"['A', '[91]']",0
2004-11-12,80.125,streamflow,10154200,ft3/s,"['A', '[91]']",0
2004-11-13,77.270836,streamflow,10154200,ft3/s,"['A', '[91]']",0
2004-11-14,71.895836,streamflow,10154200,ft3/s,"['A', '[91]']",0
2004-11-15,66.791664,streamflow,10154200,ft3/s,"['A', '[91]']",0
2004-11-16,68.166664,streamflow,10154200,ft3/s,"['A', '[91]']",0
2004-11-17,69.385414,streamflow,10154200,ft3/s,"['A', '[91]']",0
2004-11-18,61.541668,streamflow,10154200,ft3/s,"['A', '[91]']",0
2004-11-19,62.729168,streamflow,10154200,ft3/s,"['A', '[91]']",0
2004-11-20,48.354168,streamflow,10154200,ft3/s,"['A', '[91]']",0
2004-11-21,56.84375,streamflow,10154200,ft3/s,"['A', '[91]']",0
2004-11-22,62.989582,streamflow,10154200,ft3/s,"['A', '[91]']",0
2004-11-23,63.041668,streamflow,10154200,ft3/s,"['A', '[91]']",0
2004-11-24,54.494736,streamflow,10154200,ft3/s,"['A', '[91]']",0
2004-11-25,60.34375,streamflow,10154200,ft3/s,"['A', '[91]']",0
2004-11-26,53.291668,streamflow,10154200,ft3/s,"['A', '[91]']",0
2004-11-27,46.614582,streamflow,10154200,ft3/s,"['A', '[91]']",0
2004-11-28,42.114582,streamflow,10154200,ft3/s,"['A', '[91]']",0
2004-11-29,39.916668,streamflow,10154200,ft3/s,"['A', '[91]']",0
2004-11-30,42.270832,streamflow,10154200,ft3/s,"['A', '[91]']",0
2004-12-01,46.0,streamflow,10154200,ft3/s,"['A', '[91]']",0
2004-12-02,,streamflow,10154200,ft3/s,"['A', '[91]']",0
2004-12-03,,streamflow,10154200,ft3/s,"['A', '[91]']",0
2004-12-04,,streamflow,10154200,ft3/s,"['A', '[91]']",0
2004-12-05,,streamflow,10154200,ft3/s,"['A', '[91]']",0
2004-12-06,,streamflow,10154200,ft3/s,"['A', '[91]']",0
2004-12-07,56.044117,streamflow,10154200,ft3/s,"['A', '[91]']",0
2004-12-08,56.21875,streamflow,10154200,ft3/s,"['A', '[91]']",0
2004-12-09,56.833332,streamflow,10154200,ft3/s,"['A', '[91]']",0
2004-12-10,57.791668,streamflow,10154200,ft3/s,"['A', '[91]']",0
2004-12-11,59.9375,streamflow,10154200,ft3/s,"['A', '[91]']",0
2004-12-12,62.270832,streamflow,10154200,ft3/s,"['A', '[91]']",0
2004-12-13,61.666668,streamflow,10154200,ft3/s,"['A', '[91]']",0
2004-12-14,59.520832,streamflow,10154200,ft3/s,"['A', '[91]']",0
2004-12-15,58.09375,streamflow,10154200,ft3/s,"['A', '[91]']",0
2004-12-16,57.666668,streamflow,10154200,ft3/s,"['A', '[91]']",0
2004-12-17,56.166668,streamflow,10154200,ft3/s,"['A', '[91]']",0
2004-12-18,58.770832,streamflow,10154200,ft3/s,"['A', '[91]']",0
2004-12-19,62.729168,streamflow,10154200,ft3/s,"['A', '[91]']",0
2004-12-20,64.354164,streamflow,10154200,ft3/s,"['A', '[91]']",0
2004-12-21,66.770836,streamflow,10154200,ft3/s,"['A', '[91]']",0
2004-12-22,74.479164,streamflow,10154200,ft3/s,"['A', '[91]']",0
2004-12-23,72.645836,streamflow,10154200,ft3/s,"['A', '[91]']",0
2004-12-24,70.84375,streamflow,10154200,ft3/s,"['A', '[91]']",0
2004-12-25,70.645836,streamflow,10154200,ft3/s,"['A', '[91]']",0
2004-12-26,74.604164,streamflow,10154200,ft3/s,"['A', '[91]']",0
2004-12-27,77.0625,streamflow,10154200,ft3/s,"['A', '[91]']",0
2004-12-28,75.447914,streamflow,10154200,ft3/s,"['A', '[91]']",0
2004-12-29,75.53125,streamflow,10154200,ft3/s,"['A', '[91]']",0
2004-12-30,77.958336,streamflow,10154200,ft3/s,"['A', '[91]']",0
2004-12-31,80.21875,streamflow,10154200,ft3/s,"['A', '[91]']",0
2005-01-01,80.479164,streamflow,10154200,ft3/s,"['A', '[91]']",0
2005-01-02,81.302086,streamflow,10154200,ft3/s,"['A', '[91]']",0
2005-01-03,88.895836,streamflow,10154200,ft3/s,"['A', '[91]']",0
2005-01-04,85.260414,streamflow,10154200,ft3/s,"['A', '[91]']",0
2005-01-05,83.520836,streamflow,10154200,ft3/s,"['A', '[91]']",0
2005-01-06,80.770836,streamflow,10154200,ft3/s,"['A', '[91]']",0
2005-01-07,69.885414,streamflow,10154200,ft3/s,"['A', '[91]']",0
2005-01-08,64.708336,streamflow,10154200,ft3/s,"['A', '[91]']",0
2005-01-09,68.614586,streamflow,10154200,ft3/s,"['A', '[91]']",0
2005-01-10,68.59375,streamflow,10154200,ft3/s,"['A', '[91]']",0
2005-01-11,66.666664,streamflow,10154200,ft3/s,"['A', '[91]']",0
2005-01-12,69.322914,streamflow,10154200,ft3/s,"['A', '[91]']",0
2005-01-13,66.6875,streamflow,10154200,ft3/s,"['A', '[91]']",0
2005-01-14,69.947914,streamflow,10154200,ft3/s,"['A', '[91]']",0
2005-01-15,73.875,streamflow,10154200,ft3/s,"['A', '[91]']",0
2005-01-16,80.614586,streamflow,10154200,ft3/s,"['A', '[91]']",0
2005-01-17,68.177086,streamflow,10154200,ft3/s,"['A', '[91]']",0
2005-01-18,63.625,streamflow,10154200,ft3/s,"['A', '[91]']",0
2005-01-19,62.791668,streamflow,10154200,ft3/s,"['A', '[91]']",0
2005-01-20,63.239582,streamflow,10154200,ft3/s,"['A', '[91]']",0
2005-01-21,63.5625,streamflow,10154200,ft3/s,"['A', '[91]']",0
2005-01-22,64.614586,streamflow,10154200,ft3/s,"['A', '[91]']",0
2005-01-23,68.364586,streamflow,10154200,ft3/s,"['A', '[91]']",0
2005-01-24,76.84375,streamflow,10154200,ft3/s,"['A', '[91]']",0
2005-01-25,81.260414,streamflow,10154200,ft3/s,"['A', '[91]']",0
2005-01-26,71.53125,streamflow,10154200,ft3/s,"['A', '[91]']",0
2005-01-27,62.177082,streamflow,10154200,ft3/s,"['A', '[91]']",0
2005-01-28,62.28125,streamflow,10154200,ft3/s,"['A', '[91]']",0
2005-01-29,62.09375,streamflow,10154200,ft3/s,"['A', '[91]']",0
2005-01-30,61.802082,streamflow,10154200,ft3/s,"['A', '[91]']",0
2005-01-31,58.208332,streamflow,10154200,ft3/s,"['A', '[91]']",0
2005-02-01,61.197918,streamflow,10154200,ft3/s,"['A', '[91]']",0
2005-02-02,54.40625,streamflow,10154200,ft3/s,"['A', '[91]']",0
2005-02-03,56.1875,streamflow,10154200,ft3/s,"['A', '[91]']",0
2005-02-04,60.447918,streamflow,10154200,ft3/s,"['A', '[91]']",0
2005-02-05,56.989582,streamflow,10154200,ft3/s,"['A', '[91]']",0
2005-02-06,55.010418,streamflow,10154200,ft3/s,"['A', '[91]']",0
2005-02-07,62.40625,streamflow,10154200,ft3/s,"['A', '[91]']",0
2005-02-08,55.354168,streamflow,10154200,ft3/s,"['A', '[91]']",0
2005-02-09,47.239582,streamflow,10154200,ft3/s,"['A', '[91]']",0
2005-02-10,59.3125,streamflow,10154200,ft3/s,"['A', '[91]']",0
2005-02-11,56.947918,streamflow,10154200,ft3/s,"['A', '[91]']",0
2005-02-12,61.229168,streamflow,10154200,ft3/s,"['A', '[91]']",0
2005-02-13,58.416668,streamflow,10154200,ft3/s,"['A', '[91]']",0
2005-02-14,58.802082,streamflow,10154200,ft3/s,"['A', '[91]']",0
2005-02-15,59.53125,streamflow,10154200,ft3/s,"['A', '[91]']",0
2005-02-16,53.229168,streamflow,10154200,ft3/s,"['A', '[91]']",0
2005-02-17,51.177082,streamflow,10154200,ft3/s,"['A', '[91]']",0
2005-02-18,60.854168,streamflow,10154200,ft3/s,"['A', '[91]']",0
2005-02-19,63.416668,streamflow,10154200,ft3/s,"['A', '[91]']",0
2005-02-20,60.697918,streamflow,10154200,ft3/s,"['A', '[91]']",0
2005-02-21,60.90625,streamflow,10154200,ft3/s,"['A', '[91]']",0
2005-02-22,62.34375,streamflow,10154200,ft3/s,"['A', '[91]']",0
2005-02-23,61.010418,streamflow,10154200,ft3/s,"['A', '[91]']",0
2005-02-24,62.604168,streamflow,10154200,ft3/s,"['A', '[91]']",0
2005-02-25,68.364586,streamflow,10154200,ft3/s,"['A', '[91]']",0
2005-02-26,69.947914,streamflow,10154200,ft3/s,"['A', '[91]']",0
2005-02-27,67.625,streamflow,10154200,ft3/s,"['A', '[91]']",0
2005-02-28,70.020836,streamflow,10154200,ft3/s,"['A', '[91]']",0
2005-03-01,78.739586,streamflow,10154200,ft3/s,"['A', '[91]']",0
2005-03-02,64.395836,streamflow,10154200,ft3/s,"['A', '[91]']",0
2005-03-03,77.364586,streamflow,10154200,ft3/s,"['A', '[91]']",0
2005-03-04,73.104164,streamflow,10154200,ft3/s,"['A', '[91]']",0
2005-03-05,72.53125,streamflow,10154200,ft3/s,"['A', '[91]']",0
2005-03-06,72.645836,streamflow,10154200,ft3/s,"['A', '[91]']",0
2005-03-07,76.677086,streamflow,10154200,ft3/s,"['A', '[91]']",0
2005-03-08,79.135414,streamflow,10154200,ft3/s,"['A', '[91]']",0
2005-03-09,80.03125,streamflow,10154200,ft3/s,"['A', '[91]']",0
2005-03-10,86.854164,streamflow,10154200,ft3/s,"['A', '[91]']",0
2005-03-11,92.197914,streamflow,10154200,ft3/s,"['A', '[91]']",0
2005-03-12,98.604164,streamflow,10154200,ft3/s,"['A', '[91]']",0
2005-03-13,105.020836,streamflow,10154200,ft3/s,"['A', '[91]']",0
2005-03-14,96.885414,streamflow,10154200,ft3/s,"['A', '[91]']",0
2005-03-15,87.760414,streamflow,10154200,ft3/s,"['A', '[91]']",0
2005-03-16,103.510414,streamflow,10154200,ft3/s,"['A', '[91]']",0
2005-03-17,92.635414,streamflow,10154200,ft3/s,"['A', '[91]']",0
2005-03-18,89.447914,streamflow,10154200,ft3/s,"['A', '[91]']",0
2005-03-19,89.447914,streamflow,10154200,ft3/s,"['A', '[91]']",0
2005-03-20,92.5,streamflow,10154200,ft3/s,"['A', '[91]']",0
2005-03-21,89.729164,streamflow,10154200,ft3/s,"['A', '[91]']",0
2005-03-22,82.572914,streamflow,10154200,ft3/s,"['A', '[91]']",0
2005-03-23,92.885414,streamflow,10154200,ft3/s,"['A', '[91]']",0
2005-03-24,90.270836,streamflow,10154200,ft3/s,"['A', '[91]']",0
2005-03-25,88.6875,streamflow,10154200,ft3/s,"['A', '[91]']",0
2005-03-26,82.322914,streamflow,10154200,ft3/s,"['A', '[91]']",0
2005-03-27,84.15625,streamflow,10154200,ft3/s,"['A', '[91]']",0
2005-03-28,97.197914,streamflow,10154200,ft3/s,"['A', '[91]']",0
2005-03-29,91.75,streamflow,10154200,ft3/s,"['A', '[91]']",0
2005-03-30,90.260414,streamflow,10154200,ft3/s,"['A', '[91]']",0
2005-03-31,79.802086,streamflow,10154200,ft3/s,"['A', '[91]']",0
2005-04-01,82.864586,streamflow,10154200,ft3/s,"['A', '[91]']",0
2005-04-02,96.697914,streamflow,10154200,ft3/s,"['A', '[91]']",0
2005-04-03,100.84375,streamflow,10154200,ft3/s,"['A', '[91]']",0
2005-04-04,108.270836,streamflow,10154200,ft3/s,"['A', '[91]']",0
2005-04-05,100.71875,streamflow,10154200,ft3/s,"['A', '[91]']",0
2005-04-06,104.666664,streamflow,10154200,ft3/s,"['A', '[91]']",0
2005-04-07,132.05208,streamflow,10154200,ft3/s,"['A', '[91]']",0
2005-04-08,178.10417,streamflow,10154200,ft3/s,"['A', '[91]']",0
2005-04-09,161.17708,streamflow,10154200,ft3/s,"['A', '[91]']",0
2005-04-10,147.57292,streamflow,10154200,ft3/s,"['A', '[91]']",0
2005-04-11,141.4375,streamflow,10154200,ft3/s,"['A', '[91]']",0
2005-04-12,153.29167,streamflow,10154200,ft3/s,"['A', '[91]']",0
2005-04-13,186.35417,streamflow,10154200,ft3/s,"['A', '[91]']",0
2005-04-14,206.07292,streamflow,10154200,ft3/s,"['A', '[91]']",0
2005-04-15,201.29167,streamflow,10154200,ft3/s,"['A', '[91]']",0
2005-04-16,219.47917,streamflow,10154200,ft3/s,"['A', '[91]']",0
2005-04-17,277.96875,streamflow,10154200,ft3/s,"['A', '[91]']",0
2005-04-18,343.27084,streamflow,10154200,ft3/s,"['A', '[91]']",0
2005-04-19,326.1354,streamflow,10154200,ft3/s,"['A', '[91]']",0
2005-04-20,303.15625,streamflow,10154200,ft3/s,"['A', '[91]']",0
2005-04-21,254.27083,streamflow,10154200,ft3/s,"['A', '[91]']",0
2005-04-22,227.5,streamflow,10154200,ft3/s,"['A', '[91]']",0
2005-04-23,233.29167,streamflow,10154200,ft3/s,"['A', '[91]']",0
2005-04-24,290.91666,streamflow,10154200,ft3/s,"['A', '[91]']",0
2005-04-25,315.02084,streamflow,10154200,ft3/s,"['A', '[91]']",0
2005-04-26,308.04166,streamflow,10154200,ft3/s,"['A', '[91]']",0
2005-04-27,356.25,streamflow,10154200,ft3/s,"['A', '[91]']",0
2005-04-28,379.0,streamflow,10154200,ft3/s,"['A', '[91]']",0
2005-04-29,370.0625,streamflow,10154200,ft3/s,"['A', '[91]']",0
2005-04-30,320.6875,streamflow,10154200,ft3/s,"['A', '[91]']",0
2005-05-01,291.77084,streamflow,10154200,ft3/s,"['A', '[91]']",0
2005-05-02,277.03125,streamflow,10154200,ft3/s,"['A', '[91]']",0
2005-05-03,275.8125,streamflow,10154200,ft3/s,"['A', '[91]']",0
2005-05-04,288.0,streamflow,10154200,ft3/s,"['A', '[91]']",0
2005-05-05,318.3646,streamflow,10154200,ft3/s,"['A', '[91]']",0
2005-05-06,489.22916,streamflow,10154200,ft3/s,"['A', '[91]']",0
2005-05-07,520.1458,streamflow,10154200,ft3/s,"['A', '[91]']",0
2005-05-08,477.52084,streamflow,10154200,ft3/s,"['A', '[91]']",0
2005-05-09,495.85416,streamflow,10154200,ft3/s,"['A', '[91]']",0
2005-05-10,551.05206,streamflow,10154200,ft3/s,"['A', '[91]']",0
2005-05-11,551.03125,streamflow,10154200,ft3/s,"['A', '[91]']",0
2005-05-12,464.04166,streamflow,10154200,ft3/s,"['A', '[91]']",0
2005-05-13,342.59375,streamflow,10154200,ft3/s,"['A', '[91]']",0
2005-05-14,355.96875,streamflow,10154200,ft3/s,"['A', '[91]']",0
2005-05-15,399.0625,streamflow,10154200,ft3/s,"['A', '[91]']",0
2005-05-16,498.97916,streamflow,10154200,ft3/s,"['A', '[91]']",0
2005-05-17,606.94794,streamflow,10154200,ft3/s,"['A', '[91]']",0
2005-05-18,526.23956,streamflow,10154200,ft3/s,"['A', '[91]']",0
2005-05-19,575.07294,streamflow,10154200,ft3/s,"['A', '[91]']",0
2005-05-20,871.10986,streamflow,10154200,ft3/s,"['A', '[91]']",0
2005-05-21,1232.5,streamflow,10154200,ft3/s,"['A', '[91]']",0
2005-05-22,,streamflow,10154200,ft3/s,"['A', '[91]']",0
2005-05-23,,streamflow,10154200,ft3/s,"['A', '[91]']",0
2005-05-24,1643.3334,streamflow,10154200,ft3/s,"['A', '[91]']",0
2005-05-25,1710.7291,streamflow,10154200,ft3/s,"['A', '[91]']",0
2005-05-26,1698.125,streamflow,10154200,ft3/s,"['A', '[91]']",0
2005-05-27,1696.7709,streamflow,10154200,ft3/s,"['A', '[91]']",0
2005-05-28,1712.6041,streamflow,10154200,ft3/s,"['A', '[91]']",0
2005-05-29,1744.7872,streamflow,10154200,ft3/s,"['A', '[91]']",0
2005-05-30,1661.3541,streamflow,10154200,ft3/s,"['A', '[91]']",0
2005-05-31,1543.7234,streamflow,10154200,ft3/s,"['A', '[91]']",0
2005-06-01,1732.8125,streamflow,10154200,ft3/s,"['A', '[91]']",0
2005-06-02,1686.6666,streamflow,10154200,ft3/s,"['A', '[91]']",0
2005-06-03,1485.4166,streamflow,10154200,ft3/s,"['A', '[91]']",0
2005-06-04,1247.6041,streamflow,10154200,ft3/s,"['A', '[91]']",0
2005-06-05,1224.4791,streamflow,10154200,ft3/s,"['A', '[91]']",0
2005-06-06,1410.0,streamflow,10154200,ft3/s,"['A', '[91]']",0
2005-06-07,1370.1041,streamflow,10154200,ft3/s,"['A', '[91]']",0
2005-06-08,1098.4375,streamflow,10154200,ft3/s,"['A', '[91]']",0
2005-06-09,982.0625,streamflow,10154200,ft3/s,"['A', '[91]']",0
2005-06-10,864.96875,streamflow,10154200,ft3/s,"['A', '[91]']",0
2005-06-11,641.4375,streamflow,10154200,ft3/s,"['A', '[91]']",0
2005-06-12,664.55206,streamflow,10154200,ft3/s,"['A', '[91]']",0
2005-06-13,621.0208,streamflow,10154200,ft3/s,"['A', '[91]']",0
2005-06-14,647.2292,streamflow,10154200,ft3/s,"['A', '[91]']",0
2005-06-15,764.1875,streamflow,10154200,ft3/s,"['A', '[91]']",0
2005-06-16,1337.0416,streamflow,10154200,ft3/s,"['A', '[91]']",0
2005-06-17,1422.9375,streamflow,10154200,ft3/s,"['A', '[91]']",0
2005-06-18,1668.2291,streamflow,10154200,ft3/s,"['A', '[91]']",0
2005-06-19,1375.9375,streamflow,10154200,ft3/s,"['A', '[91]']",0
2005-06-20,1295.0,streamflow,10154200,ft3/s,"['A', '[91]']",0
2005-06-21,1249.5834,streamflow,10154200,ft3/s,"['A', '[91]']",0
2005-06-22,1155.8854,streamflow,10154200,ft3/s,"['A', '[91]']",0
2005-06-23,954.1875,streamflow,10154200,ft3/s,"['A', '[91]']",0
2005-06-24,881.23956,streamflow,10154200,ft3/s,"['A', '[91]']",0
2005-06-25,805.125,streamflow,10154200,ft3/s,"['A', '[91]']",0
2005-06-26,796.63544,streamflow,10154200,ft3/s,"['A', '[91]']",0
2005-06-27,716.4792,streamflow,10154200,ft3/s,"['A', '[91]']",0
2005-06-28,636.05206,streamflow,10154200,ft3/s,"['A', '[91]']",0
2005-06-29,607.9583,streamflow,10154200,ft3/s,"['A', '[91]']",0
2005-06-30,526.01044,streamflow,10154200,ft3/s,"['A', '[91]']",0
2005-07-01,483.6875,streamflow,10154200,ft3/s,"['A', '[91]']",0
2005-07-02,436.0625,streamflow,10154200,ft3/s,"['A', '[91]']",0
2005-07-03,410.0104,streamflow,10154200,ft3/s,"['A', '[91]']",0
2005-07-04,376.09375,streamflow,10154200,ft3/s,"['A', '[91]']",0
2005-07-05,325.1354,streamflow,10154200,ft3/s,"['A', '[91]']",0
2005-07-06,294.53125,streamflow,10154200,ft3/s,"['A', '[91]']",0
2005-07-07,426.5729,streamflow,10154200,ft3/s,"['A', '[91]']",0
2005-07-08,390.6771,streamflow,10154200,ft3/s,"['A', '[91]']",0
2005-07-09,343.28125,streamflow,10154200,ft3/s,"['A', '[91]']",0
2005-07-10,319.54166,streamflow,10154200,ft3/s,"['A', '[91]']",0
2005-07-11,293.8229,streamflow,10154200,ft3/s,"['A', '[91]']",0
2005-07-12,269.78125,streamflow,10154200,ft3/s,"['A', '[91]']",0
2005-07-13,251.57292,streamflow,10154200,ft3/s,"['A', '[91]']",0
2005-07-14,228.70833,streamflow,10154200,ft3/s,"['A', '[91]']",0
2005-07-15,209.29167,streamflow,10154200,ft3/s,"['A', '[91]']",0
2005-07-16,194.0,streamflow,10154200,ft3/s,"['A', '[91]']",0
2005-07-17,179.20833,streamflow,10154200,ft3/s,"['A', '[91]']",0
2005-07-18,168.89583,streamflow,10154200,ft3/s,"['A', '[91]']",0
2005-07-19,154.04167,streamflow,10154200,ft3/s,"['A', '[91]']",0
2005-07-20,146.88542,streamflow,10154200,ft3/s,"['A', '[91]']",0
2005-07-21,141.16667,streamflow,10154200,ft3/s,"['A', '[91]']",0
2005-07-22,134.04167,streamflow,10154200,ft3/s,"['A', '[91]']",0
2005-07-23,136.25,streamflow,10154200,ft3/s,"['A', '[91]']",0
2005-07-24,129.61458,streamflow,10154200,ft3/s,"['A', '[91]']",0
2005-07-25,124.895836,streamflow,10154200,ft3/s,"['A', '[91]']",0
2005-07-26,121.375,streamflow,10154200,ft3/s,"['A', '[91]']",0
2005-07-27,112.958336,streamflow,10154200,ft3/s,"['A', '[91]']",0
2005-07-28,105.34375,streamflow,10154200,ft3/s,"['A', '[91]']",0
2005-07-29,99.208336,streamflow,10154200,ft3/s,"['A', '[91]']",0
2005-07-30,97.885414,streamflow,10154200,ft3/s,"['A', '[91]']",0
2005-07-31,111.125,streamflow,10154200,ft3/s,"['A', '[91]']",0
2005-08-01,104.052086,streamflow,10154200,ft3/s,"['A', '[91]']",0
2005-08-02,101.552086,streamflow,10154200,ft3/s,"['A', '[91]']",0
2005-08-03,97.895836,streamflow,10154200,ft3/s,"['A', '[91]']",0
2005-08-04,95.15625,streamflow,10154200,ft3/s,"['A', '[91]']",0
2005-08-05,98.5,streamflow,10154200,ft3/s,"['A', '[91]']",0
2005-08-06,106.25,streamflow,10154200,ft3/s,"['A', '[91]']",0
2005-08-07,102.802086,streamflow,10154200,ft3/s,"['A', '[91]']",0
2005-08-08,101.333336,streamflow,10154200,ft3/s,"['A', '[91]']",0
2005-08-09,104.166664,streamflow,10154200,ft3/s,"['A', '[91]']",0
2005-08-10,105.604164,streamflow,10154200,ft3/s,"['A', '[91]']",0
2005-08-11,100.947914,streamflow,10154200,ft3/s,"['A', '[91]']",0
2005-08-12,95.9375,streamflow,10154200,ft3/s,"['A', '[91]']",0
2005-08-13,100.177086,streamflow,10154200,ft3/s,"['A', '[91]']",0
2005-08-14,92.854164,streamflow,10154200,ft3/s,"['A', '[91]']",0
2005-08-15,87.020836,streamflow,10154200,ft3/s,"['A', '[91]']",0
2005-08-16,90.416664,streamflow,10154200,ft3/s,"['A', '[91]']",0
2005-08-17,92.614586,streamflow,10154200,ft3/s,"['A', '[91]']",0
2005-08-18,90.375,streamflow,10154200,ft3/s,"['A', '[91]']",0
2005-08-19,95.239586,streamflow,10154200,ft3/s,"['A', '[91]']",0
2005-08-20,91.791664,streamflow,10154200,ft3/s,"['A', '[91]']",0
2005-08-21,88.729164,streamflow,10154200,ft3/s,"['A', '[91]']",0
2005-08-22,89.760414,streamflow,10154200,ft3/s,"['A', '[91]']",0
2005-08-23,95.9375,streamflow,10154200,ft3/s,"['A', '[91]']",0
2005-08-24,91.239586,streamflow,10154200,ft3/s,"['A', '[91]']",0
2005-08-25,80.1875,streamflow,10154200,ft3/s,"['A', '[91]']",0
2005-08-26,71.833336,streamflow,10154200,ft3/s,"['A', '[91]']",0
2005-08-27,70.78125,streamflow,10154200,ft3/s,"['A', '[91]']",0
2005-08-28,71.802086,streamflow,10154200,ft3/s,"['A', '[91]']",0
2005-08-29,66.885414,streamflow,10154200,ft3/s,"['A', '[91]']",0
2005-08-30,64.90625,streamflow,10154200,ft3/s,"['A', '[91]']",0
2005-08-31,64.177086,streamflow,10154200,ft3/s,"['A', '[91]']",0
2005-09-01,64.114586,streamflow,10154200,ft3/s,"['A', '[91]']",0
2005-09-02,61.09375,streamflow,10154200,ft3/s,"['A', '[91]']",0
2005-09-03,60.760418,streamflow,10154200,ft3/s,"['A', '[91]']",0
2005-09-04,60.729168,streamflow,10154200,ft3/s,"['A', '[91]']",0
2005-09-05,59.291668,streamflow,10154200,ft3/s,"['A', '[91]']",0
2005-09-06,59.03125,streamflow,10154200,ft3/s,"['A', '[91]']",0
2005-09-07,59.020832,streamflow,10154200,ft3/s,"['A', '[91]']",0
2005-09-08,61.25,streamflow,10154200,ft3/s,"['A', '[91]']",0
2005-09-09,73.083336,streamflow,10154200,ft3/s,"['A', '[91]']",0
2005-09-10,99.729164,streamflow,10154200,ft3/s,"['A', '[91]']",0
2005-09-11,77.3125,streamflow,10154200,ft3/s,"['A', '[91]']",0
2005-09-12,69.375,streamflow,10154200,ft3/s,"['A', '[91]']",0
2005-09-13,68.75,streamflow,10154200,ft3/s,"['A', '[91]']",0
2005-09-14,67.510414,streamflow,10154200,ft3/s,"['A', '[91]']",0
2005-09-15,64.479164,streamflow,10154200,ft3/s,"['A', '[91]']",0
2005-09-16,62.635418,streamflow,10154200,ft3/s,"['A', '[91]']",0
2005-09-17,61.010418,streamflow,10154200,ft3/s,"['A', '[91]']",0
2005-09-18,59.625,streamflow,10154200,ft3/s,"['A', '[91]']",0
2005-09-19,58.760418,streamflow,10154200,ft3/s,"['A', '[91]']",0
2005-09-20,58.364582,streamflow,10154200,ft3/s,"['A', '[91]']",0
2005-09-21,59.822918,streamflow,10154200,ft3/s,"['A', '[91]']",0
2005-09-22,64.3125,streamflow,10154200,ft3/s,"['A', '[91]']",0
2005-09-23,61.135418,streamflow,10154200,ft3/s,"['A', '[91]']",0
2005-09-24,59.083332,streamflow,10154200,ft3/s,"['A', '[91]']",0
2005-09-25,58.21875,streamflow,10154200,ft3/s,"['A', '[91]']",0
2005-09-26,57.208332,streamflow,10154200,ft3/s,"['A', '[91]']",0
2005-09-27,56.96875,streamflow,10154200,ft3/s,"['A', '[91]']",0
2005-09-28,66.677086,streamflow,10154200,ft3/s,"['A', '[91]']",0
2005-09-29,74.6875,streamflow,10154200,ft3/s,"['A', '[91]']",0
2005-09-30,79.447914,streamflow,10154200,ft3/s,"['A', '[91]']",0
2005-10-01,78.479164,streamflow,10154200,ft3/s,"['A', '[91]']",0
2005-10-02,78.375,streamflow,10154200,ft3/s,"['A', '[91]']",0
2005-10-03,77.333336,streamflow,10154200,ft3/s,"['A', '[91]']",0
2005-10-04,75.21875,streamflow,10154200,ft3/s,"['A', '[91]']",0
2005-10-05,81.28125,streamflow,10154200,ft3/s,"['A', '[91]']",0
2005-10-06,80.354164,streamflow,10154200,ft3/s,"['A', '[91]']",0
2005-10-07,79.729164,streamflow,10154200,ft3/s,"['A', '[91]']",0
2005-10-08,81.229164,streamflow,10154200,ft3/s,"['A', '[91]']",0
2005-10-09,83.958336,streamflow,10154200,ft3/s,"['A', '[91]']",0
2005-10-10,82.197914,streamflow,10154200,ft3/s,"['A', '[91]']",0
2005-10-11,80.104164,streamflow,10154200,ft3/s,"['A', '[91]']",0
2005-10-12,77.875,streamflow,10154200,ft3/s,"['A', '[91]']",0
2005-10-13,76.90625,streamflow,10154200,ft3/s,"['A', '[91]']",0
2005-10-14,76.0,streamflow,10154200,ft3/s,"['A', '[91]']",0
2005-10-15,76.072914,streamflow,10154200,ft3/s,"['A', '[91]']",0
2005-10-16,77.614586,streamflow,10154200,ft3/s,"['A', '[91]']",0
2005-10-17,79.1875,streamflow,10154200,ft3/s,"['A', '[91]']",0
2005-10-18,76.947914,streamflow,10154200,ft3/s,"['A', '[91]']",0
2005-10-19,80.34375,streamflow,10154200,ft3/s,"['A', '[91]']",0
2005-10-20,78.291664,streamflow,10154200,ft3/s,"['A', '[91]']",0
2005-10-21,76.520836,streamflow,10154200,ft3/s,"['A', '[91]']",0
2005-10-22,76.03125,streamflow,10154200,ft3/s,"['A', '[91]']",0
2005-10-23,76.104164,streamflow,10154200,ft3/s,"['A', '[91]']",0
2005-10-24,69.333336,streamflow,10154200,ft3/s,"['A', '[91]']",0
2005-10-25,66.833336,streamflow,10154200,ft3/s,"['A', '[91]']",0
2005-10-26,64.916664,streamflow,10154200,ft3/s,"['A', '[91]']",0
2005-10-27,64.0,streamflow,10154200,ft3/s,"['A', '[91]']",0
2005-10-28,70.78125,streamflow,10154200,ft3/s,"['A', '[91]']",0
2005-10-29,76.739586,streamflow,10154200,ft3/s,"['A', '[91]']",0
2005-10-30,72.427086,streamflow,10154200,ft3/s,"['A', '[91]']",0
2005-10-31,66.1875,streamflow,10154200,ft3/s,"['A', '[91]']",0
2005-11-01,67.104164,streamflow,10154200,ft3/s,"['A', '[91]']",0
2005-11-02,60.90625,streamflow,10154200,ft3/s,"['A', '[91]']",0
2005-11-03,53.010418,streamflow,10154200,ft3/s,"['A', '[91]']",0
2005-11-04,50.677082,streamflow,10154200,ft3/s,"['A', '[91]']",0
2005-11-05,52.40625,streamflow,10154200,ft3/s,"['A', '[91]']",0
2005-11-06,51.447918,streamflow,10154200,ft3/s,"['A', '[91]']",0
2005-11-07,54.395832,streamflow,10154200,ft3/s,"['A', '[91]']",0
2005-11-08,54.9375,streamflow,10154200,ft3/s,"['A', '[91]']",0
2005-11-09,54.90625,streamflow,10154200,ft3/s,"['A', '[91]']",0
2005-11-10,52.479168,streamflow,10154200,ft3/s,"['A', '[91]']",0
2005-11-11,52.364582,streamflow,10154200,ft3/s,"['A', '[91]']",0
2005-11-12,54.75,streamflow,10154200,ft3/s,"['A', '[91]']",0
2005-11-13,50.28125,streamflow,10154200,ft3/s,"['A', '[91]']",0
2005-11-14,54.0,streamflow,10154200,ft3/s,"['A', '[91]']",0
2005-11-15,41.489582,streamflow,10154200,ft3/s,"['A', '[91]']",0
2005-11-16,43.635418,streamflow,10154200,ft3/s,"['A', '[91]']",0
2005-11-17,57.833332,streamflow,10154200,ft3/s,"['A', '[91]']",0
2005-11-18,50.447918,streamflow,10154200,ft3/s,"['A', '[91]']",0
2005-11-19,53.25,streamflow,10154200,ft3/s,"['A', '[91]']",0
2005-11-20,49.09375,streamflow,10154200,ft3/s,"['A', '[91]']",0
2005-11-21,48.625,streamflow,10154200,ft3/s,"['A', '[91]']",0
2005-11-22,48.520832,streamflow,10154200,ft3/s,"['A', '[91]']",0
2005-11-23,46.885418,streamflow,10154200,ft3/s,"['A', '[91]']",0
2005-11-24,47.270832,streamflow,10154200,ft3/s,"['A', '[91]']",0
2005-11-25,46.979168,streamflow,10154200,ft3/s,"['A', '[91]']",0
2005-11-26,55.135418,streamflow,10154200,ft3/s,"['A', '[91]']",0
2005-11-27,50.895832,streamflow,10154200,ft3/s,"['A', '[91]']",0
2005-11-28,50.65625,streamflow,10154200,ft3/s,"['A', '[91]']",0
2005-11-29,48.4375,streamflow,10154200,ft3/s,"['A', '[91]']",0
2005-11-30,54.8125,streamflow,10154200,ft3/s,"['A', '[91]']",0
2005-12-01,53.885418,streamflow,10154200,ft3/s,"['A', '[91]']",0
2005-12-02,58.71875,streamflow,10154200,ft3/s,"['A', '[91]']",0
2005-12-03,61.072918,streamflow,10154200,ft3/s,"['A', '[91]']",0
2005-12-04,60.4375,streamflow,10154200,ft3/s,"['A', '[91]']",0
2005-12-05,55.5625,streamflow,10154200,ft3/s,"['A', '[91]']",0
2005-12-06,59.5,streamflow,10154200,ft3/s,"['A', '[91]']",0
2005-12-07,58.791668,streamflow,10154200,ft3/s,"['A', '[91]']",0
2005-12-08,58.28125,streamflow,10154200,ft3/s,"['A', '[91]']",0
2005-12-09,59.0,streamflow,10154200,ft3/s,"['A', '[91]']",0
2005-12-10,58.979168,streamflow,10154200,ft3/s,"['A', '[91]']",0
2005-12-11,57.822918,streamflow,10154200,ft3/s,"['A', '[91]']",0
2005-12-12,55.072918,streamflow,10154200,ft3/s,"['A', '[91]']",0
2005-12-13,57.53125,streamflow,10154200,ft3/s,"['A', '[91]']",0
2005-12-14,56.739582,streamflow,10154200,ft3/s,"['A', '[91]']",0
2005-12-15,53.041668,streamflow,10154200,ft3/s,"['A', '[91]']",0
2005-12-16,55.041668,streamflow,10154200,ft3/s,"['A', '[91]']",0
2005-12-17,55.0,streamflow,10154200,ft3/s,"['A', '[91]']",0
2005-12-18,54.53125,streamflow,10154200,ft3/s,"['A', '[91]']",0
2005-12-19,55.03125,streamflow,10154200,ft3/s,"['A', '[91]']",0
2005-12-20,58.020832,streamflow,10154200,ft3/s,"['A', '[91]']",0
2005-12-21,57.229168,streamflow,10154200,ft3/s,"['A', '[91]']",0
2005-12-22,56.5,streamflow,10154200,ft3/s,"['A', '[91]']",0
2005-12-23,62.135418,streamflow,10154200,ft3/s,"['A', '[91]']",0
2005-12-24,58.427082,streamflow,10154200,ft3/s,"['A', '[91]']",0
2005-12-25,59.375,streamflow,10154200,ft3/s,"['A', '[91]']",0
2005-12-26,58.385418,streamflow,10154200,ft3/s,"['A', '[91]']",0
2005-12-27,58.489582,streamflow,10154200,ft3/s,"['A', '[91]']",0
2005-12-28,59.0,streamflow,10154200,ft3/s,"['A', '[91]']",0
2005-12-29,61.0,streamflow,10154200,ft3/s,"['A', '[91]']",0
2005-12-30,53.458332,streamflow,10154200,ft3/s,"['A', '[91]']",0
2005-12-31,63.333332,streamflow,10154200,ft3/s,"['A', '[91]']",0
2006-01-01,66.302086,streamflow,10154200,ft3/s,"['A', '[91]']",0
2006-01-02,66.958336,streamflow,10154200,ft3/s,"['A', '[91]']",0
2006-01-03,73.614586,streamflow,10154200,ft3/s,"['A', '[91]']",0
2006-01-04,75.645836,streamflow,10154200,ft3/s,"['A', '[91]']",0
2006-01-05,65.78125,streamflow,10154200,ft3/s,"['A', '[91]']",0
2006-01-06,69.552086,streamflow,10154200,ft3/s,"['A', '[91]']",0
2006-01-07,72.125,streamflow,10154200,ft3/s,"['A', '[91]']",0
2006-01-08,67.78125,streamflow,10154200,ft3/s,"['A', '[91]']",0
2006-01-09,58.854168,streamflow,10154200,ft3/s,"['A', '[91]']",0
2006-01-10,57.666668,streamflow,10154200,ft3/s,"['A', '[91]']",0
2006-01-11,65.65625,streamflow,10154200,ft3/s,"['A', '[91]']",0
2006-01-12,65.802086,streamflow,10154200,ft3/s,"['A', '[91]']",0
2006-01-13,58.65625,streamflow,10154200,ft3/s,"['A', '[91]']",0
2006-01-14,64.270836,streamflow,10154200,ft3/s,"['A', '[91]']",0
2006-01-15,63.760418,streamflow,10154200,ft3/s,"['A', '[91]']",0
2006-01-16,58.708332,streamflow,10154200,ft3/s,"['A', '[91]']",0
2006-01-17,57.729168,streamflow,10154200,ft3/s,"['A', '[91]']",0
2006-01-18,64.625,streamflow,10154200,ft3/s,"['A', '[91]']",0
2006-01-19,63.0625,streamflow,10154200,ft3/s,"['A', '[91]']",0
2006-01-20,62.458332,streamflow,10154200,ft3/s,"['A', '[91]']",0
2006-01-21,59.5625,streamflow,10154200,ft3/s,"['A', '[91]']",0
2006-01-22,60.552082,streamflow,10154200,ft3/s,"['A', '[91]']",0
2006-01-23,58.375,streamflow,10154200,ft3/s,"['A', '[91]']",0
2006-01-24,58.802082,streamflow,10154200,ft3/s,"['A', '[91]']",0
2006-01-25,58.072918,streamflow,10154200,ft3/s,"['A', '[91]']",0
2006-01-26,59.635418,streamflow,10154200,ft3/s,"['A', '[91]']",0
2006-01-27,59.583332,streamflow,10154200,ft3/s,"['A', '[91]']",0
2006-01-28,59.354168,streamflow,10154200,ft3/s,"['A', '[91]']",0
2006-01-29,59.25,streamflow,10154200,ft3/s,"['A', '[91]']",0
2006-01-30,59.458332,streamflow,10154200,ft3/s,"['A', '[91]']",0
2006-01-31,60.3125,streamflow,10154200,ft3/s,"['A', '[91]']",0
2006-02-01,60.385418,streamflow,10154200,ft3/s,"['A', '[91]']",0
2006-02-02,61.71875,streamflow,10154200,ft3/s,"['A', '[91]']",0
2006-02-03,62.354168,streamflow,10154200,ft3/s,"['A', '[91]']",0
2006-02-04,60.677082,streamflow,10154200,ft3/s,"['A', '[91]']",0
2006-02-05,62.229168,streamflow,10154200,ft3/s,"['A', '[91]']",0
2006-02-06,56.479168,streamflow,10154200,ft3/s,"['A', '[91]']",0
2006-02-07,57.78125,streamflow,10154200,ft3/s,"['A', '[91]']",0
2006-02-08,61.583332,streamflow,10154200,ft3/s,"['A', '[91]']",0
2006-02-09,61.291668,streamflow,10154200,ft3/s,"['A', '[91]']",0
2006-02-10,60.375,streamflow,10154200,ft3/s,"['A', '[91]']",0
2006-02-11,58.15625,streamflow,10154200,ft3/s,"['A', '[91]']",0
2006-02-12,58.885418,streamflow,10154200,ft3/s,"['A', '[91]']",0
2006-02-13,61.010418,streamflow,10154200,ft3/s,"['A', '[91]']",0
2006-02-14,60.947918,streamflow,10154200,ft3/s,"['A', '[91]']",0
2006-02-15,60.0,streamflow,10154200,ft3/s,"['A', '[91]']",0
2006-02-16,59.78125,streamflow,10154200,ft3/s,"['A', '[91]']",0
2006-02-17,59.135418,streamflow,10154200,ft3/s,"['A', '[91]']",0
2006-02-18,60.0,streamflow,10154200,ft3/s,"['A', '[91]']",0
2006-02-19,60.0,streamflow,10154200,ft3/s,"['A', '[91]']",0
2006-02-20,60.0,streamflow,10154200,ft3/s,"['A', '[91]']",0
2006-02-21,60.0,streamflow,10154200,ft3/s,"['A', '[91]']",0
2006-02-22,60.0,streamflow,10154200,ft3/s,"['A', '[91]']",0
2006-02-23,59.739582,streamflow,10154200,ft3/s,"['A', '[91]']",0
2006-02-24,58.96875,streamflow,10154200,ft3/s,"['A', '[91]']",0
2006-02-25,57.895832,streamflow,10154200,ft3/s,"['A', '[91]']",0
2006-02-26,57.041668,streamflow,10154200,ft3/s,"['A', '[91]']",0
2006-02-27,55.854168,streamflow,10154200,ft3/s,"['A', '[91]']",0
2006-02-28,59.020832,streamflow,10154200,ft3/s,"['A', '[91]']",0
2006-03-01,63.84375,streamflow,10154200,ft3/s,"['A', '[91]']",0
2006-03-02,62.697918,streamflow,10154200,ft3/s,"['A', '[91]']",0
2006-03-03,66.541664,streamflow,10154200,ft3/s,"['A', '[91]']",0
2006-03-04,66.875,streamflow,10154200,ft3/s,"['A', '[91]']",0
2006-03-05,57.802082,streamflow,10154200,ft3/s,"['A', '[91]']",0
2006-03-06,67.510414,streamflow,10154200,ft3/s,"['A', '[91]']",0
2006-03-07,65.927086,streamflow,10154200,ft3/s,"['A', '[91]']",0
2006-03-08,64.364586,streamflow,10154200,ft3/s,"['A', '[91]']",0
2006-03-09,59.65625,streamflow,10154200,ft3/s,"['A', '[91]']",0
2006-03-10,56.552082,streamflow,10154200,ft3/s,"['A', '[91]']",0
2006-03-11,62.229168,streamflow,10154200,ft3/s,"['A', '[91]']",0
2006-03-12,68.010414,streamflow,10154200,ft3/s,"['A', '[91]']",0
2006-03-13,62.53125,streamflow,10154200,ft3/s,"['A', '[91]']",0
2006-03-14,63.729168,streamflow,10154200,ft3/s,"['A', '[91]']",0
2006-03-15,65.697914,streamflow,10154200,ft3/s,"['A', '[91]']",0
2006-03-16,58.635418,streamflow,10154200,ft3/s,"['A', '[91]']",0
2006-03-17,65.208336,streamflow,10154200,ft3/s,"['A', '[91]']",0
2006-03-18,60.947918,streamflow,10154200,ft3/s,"['A', '[91]']",0
2006-03-19,60.447918,streamflow,10154200,ft3/s,"['A', '[91]']",0
2006-03-20,59.458332,streamflow,10154200,ft3/s,"['A', '[91]']",0
2006-03-21,60.5625,streamflow,10154200,ft3/s,"['A', '[91]']",0
2006-03-22,57.5625,streamflow,10154200,ft3/s,"['A', '[91]']",0
2006-03-23,58.53125,streamflow,10154200,ft3/s,"['A', '[91]']",0
2006-03-24,63.125,streamflow,10154200,ft3/s,"['A', '[91]']",0
2006-03-25,57.322918,streamflow,10154200,ft3/s,"['A', '[91]']",0
2006-03-26,65.104164,streamflow,10154200,ft3/s,"['A', '[91]']",0
2006-03-27,55.40625,streamflow,10154200,ft3/s,"['A', '[91]']",0
2006-03-28,65.302086,streamflow,10154200,ft3/s,"['A', '[91]']",0
2006-03-29,68.239586,streamflow,10154200,ft3/s,"['A', '[91]']",0
2006-03-30,68.4375,streamflow,10154200,ft3/s,"['A', '[91]']",0
2006-03-31,64.833336,streamflow,10154200,ft3/s,"['A', '[91]']",0
2006-04-01,65.03125,streamflow,10154200,ft3/s,"['A', '[91]']",0
2006-04-02,59.15625,streamflow,10154200,ft3/s,"['A', '[91]']",0
2006-04-03,72.604164,streamflow,10154200,ft3/s,"['A', '[91]']",0
2006-04-04,91.760414,streamflow,10154200,ft3/s,"['A', '[91]']",0
2006-04-05,126.125,streamflow,10154200,ft3/s,"['A', '[91]']",0
2006-04-06,122.604164,streamflow,10154200,ft3/s,"['A', '[91]']",0
2006-04-07,104.083336,streamflow,10154200,ft3/s,"['A', '[91]']",0
2006-04-08,117.989586,streamflow,10154200,ft3/s,"['A', '[91]']",0
2006-04-09,135.47917,streamflow,10154200,ft3/s,"['A', '[91]']",0
2006-04-10,162.86458,streamflow,10154200,ft3/s,"['A', '[91]']",0
2006-04-11,151.02083,streamflow,10154200,ft3/s,"['A', '[91]']",0
2006-04-12,144.13542,streamflow,10154200,ft3/s,"['A', '[91]']",0
2006-04-13,196.55208,streamflow,10154200,ft3/s,"['A', '[91]']",0
2006-04-14,251.80208,streamflow,10154200,ft3/s,"['A', '[91]']",0
2006-04-15,272.0,streamflow,10154200,ft3/s,"['A', '[91]']",0
2006-04-16,259.79166,streamflow,10154200,ft3/s,"['A', '[91]']",0
2006-04-17,306.27084,streamflow,10154200,ft3/s,"['A', '[91]']",0
2006-04-18,233.44792,streamflow,10154200,ft3/s,"['A', '[91]']",0
2006-04-19,192.73958,streamflow,10154200,ft3/s,"['A', '[91]']",0
2006-04-20,186.83333,streamflow,10154200,ft3/s,"['A', '[91]']",0
2006-04-21,212.02083,streamflow,10154200,ft3/s,"['A', '[91]']",0
2006-04-22,260.8229,streamflow,10154200,ft3/s,"['A', '[91]']",0
2006-04-23,377.3125,streamflow,10154200,ft3/s,"['A', '[91]']",0
2006-04-24,417.875,streamflow,10154200,ft3/s,"['A', '[91]']",0
2006-04-25,347.21875,streamflow,10154200,ft3/s,"['A', '[91]']",0
2006-04-26,331.3646,streamflow,10154200,ft3/s,"['A', '[91]']",0
2006-04-27,401.4271,streamflow,10154200,ft3/s,"['A', '[91]']",0
2006-04-28,486.78125,streamflow,10154200,ft3/s,"['A', '[91]']",0
2006-04-29,535.51044,streamflow,10154200,ft3/s,"['A', '[91]']",0
2006-04-30,592.6458,streamflow,10154200,ft3/s,"['A', '[91]']",0
2006-05-01,590.0208,streamflow,10154200,ft3/s,"['A', '[91]']",0
2006-05-02,653.0208,streamflow,10154200,ft3/s,"['A', '[91]']",0
2006-05-03,713.13544,streamflow,10154200,ft3/s,"['A', '[91]']",0
2006-05-04,703.9375,streamflow,10154200,ft3/s,"['A', '[91]']",0
2006-05-05,714.0417,streamflow,10154200,ft3/s,"['A', '[91]']",0
2006-05-06,679.2917,streamflow,10154200,ft3/s,"['A', '[91]']",0
2006-05-07,667.5,streamflow,10154200,ft3/s,"['A', '[91]']",0
2006-05-08,729.7708,streamflow,10154200,ft3/s,"['A', '[91]']",0
2006-05-09,747.73956,streamflow,10154200,ft3/s,"['A', '[91]']",0
2006-05-10,742.78125,streamflow,10154200,ft3/s,"['A', '[91]']",0
2006-05-11,750.0208,streamflow,10154200,ft3/s,"['A', '[91]']",0
2006-05-12,823.125,streamflow,10154200,ft3/s,"['A', '[91]']",0
2006-05-13,1025.6771,streamflow,10154200,ft3/s,"['A', '[91]']",0
2006-05-14,1134.4791,streamflow,10154200,ft3/s,"['A', '[91]']",0
2006-05-15,1248.4375,streamflow,10154200,ft3/s,"['A', '[91]']",0
2006-05-16,1421.5625,streamflow,10154200,ft3/s,"['A', '[91]']",0
2006-05-17,1535.9375,streamflow,10154200,ft3/s,"['A', '[91]']",0
2006-05-18,1542.2916,streamflow,10154200,ft3/s,"['A', '[91]']",0
2006-05-19,1649.375,streamflow,10154200,ft3/s,"['A', '[91]']",0
2006-05-20,1728.75,streamflow,10154200,ft3/s,"['A', '[91]']",0
2006-05-21,1728.75,streamflow,10154200,ft3/s,"['A', '[91]']",0
2006-05-22,1787.5,streamflow,10154200,ft3/s,"['A', '[91]']",0
2006-05-23,1653.0209,streamflow,10154200,ft3/s,"['A', '[91]']",0
2006-05-24,1428.3334,streamflow,10154200,ft3/s,"['A', '[91]']",0
2006-05-25,1525.5209,streamflow,10154200,ft3/s,"['A', '[91]']",0
2006-05-26,1698.9584,streamflow,10154200,ft3/s,"['A', '[91]']",0
2006-05-27,1981.0416,streamflow,10154200,ft3/s,"['A', '[91]']",0
2006-05-28,1684.7916,streamflow,10154200,ft3/s,"['A', '[91]']",0
2006-05-29,1335.7291,streamflow,10154200,ft3/s,"['A', '[91]']",0
2006-05-30,1159.6875,streamflow,10154200,ft3/s,"['A', '[91]']",0
2006-05-31,1139.4791,streamflow,10154200,ft3/s,"['A', '[91]']",0
2006-06-01,1219.2709,streamflow,10154200,ft3/s,"['A', '[91]']",0
2006-06-02,1407.3959,streamflow,10154200,ft3/s,"['A', '[91]']",0
2006-06-03,1462.3959,streamflow,10154200,ft3/s,"['A', '[91]']",0
2006-06-04,1402.7084,streamflow,10154200,ft3/s,"['A', '[91]']",0
2006-06-05,1588.125,streamflow,10154200,ft3/s,"['A', '[91]']",0
2006-06-06,1653.8541,streamflow,10154200,ft3/s,"['A', '[91]']",0
2006-06-07,1531.9791,streamflow,10154200,ft3/s,"['A', '[91]']",0
2006-06-08,1461.3541,streamflow,10154200,ft3/s,"['A', '[91]']",0
2006-06-09,1151.0416,streamflow,10154200,ft3/s,"['A', '[91]']",0
2006-06-10,1077.0104,streamflow,10154200,ft3/s,"['A', '[91]']",0
2006-06-11,874.5417,streamflow,10154200,ft3/s,"['A', '[91]']",0
2006-06-12,744.29474,streamflow,10154200,ft3/s,"['A', '[91]']",0
2006-06-13,654.5,streamflow,10154200,ft3/s,"['A', '[91]']",0
2006-06-14,618.73956,streamflow,10154200,ft3/s,"['A', '[91]']",0
2006-06-15,729.55206,streamflow,10154200,ft3/s,"['A', '[91]']",0
2006-06-16,639.59375,streamflow,10154200,ft3/s,"['A', '[91]']",0
2006-06-17,573.2708,streamflow,10154200,ft3/s,"['A', '[91]']",0
2006-06-18,521.5417,streamflow,10154200,ft3/s,"['A', '[91]']",0
2006-06-19,491.625,streamflow,10154200,ft3/s,"['A', '[91]']",0
2006-06-20,457.3646,streamflow,10154200,ft3/s,"['A', '[91]']",0
2006-06-21,428.65625,streamflow,10154200,ft3/s,"['A', '[91]']",0
2006-06-22,399.5,streamflow,10154200,ft3/s,"['A', '[91]']",0
2006-06-23,360.64584,streamflow,10154200,ft3/s,"['A', '[91]']",0
2006-06-24,325.375,streamflow,10154200,ft3/s,"['A', '[91]']",0
2006-06-25,288.3229,streamflow,10154200,ft3/s,"['A', '[91]']",0
2006-06-26,261.15625,streamflow,10154200,ft3/s,"['A', '[91]']",0
2006-06-27,250.63542,streamflow,10154200,ft3/s,"['A', '[91]']",0
2006-06-28,225.25,streamflow,10154200,ft3/s,"['A', '[91]']",0
2006-06-29,206.21875,streamflow,10154200,ft3/s,"['A', '[91]']",0
2006-06-30,205.875,streamflow,10154200,ft3/s,"['A', '[91]']",0
2006-07-01,201.125,streamflow,10154200,ft3/s,"['A', '[91]']",0
2006-07-02,185.01042,streamflow,10154200,ft3/s,"['A', '[91]']",0
2006-07-03,170.5625,streamflow,10154200,ft3/s,"['A', '[91]']",0
2006-07-04,175.64583,streamflow,10154200,ft3/s,"['A', '[91]']",0
2006-07-05,191.89583,streamflow,10154200,ft3/s,"['A', '[91]']",0
2006-07-06,168.30208,streamflow,10154200,ft3/s,"['A', '[91]']",0
2006-07-07,162.98958,streamflow,10154200,ft3/s,"['A', '[91]']",0
2006-07-08,151.40625,streamflow,10154200,ft3/s,"['A', '[91]']",0
2006-07-09,139.73958,streamflow,10154200,ft3/s,"['A', '[91]']",0
2006-07-10,140.23958,streamflow,10154200,ft3/s,"['A', '[91]']",0
2006-07-11,130.10417,streamflow,10154200,ft3/s,"['A', '[91]']",0
2006-07-12,131.70833,streamflow,10154200,ft3/s,"['A', '[91]']",0
2006-07-13,122.229164,streamflow,10154200,ft3/s,"['A', '[91]']",0
2006-07-14,113.90625,streamflow,10154200,ft3/s,"['A', '[91]']",0
2006-07-15,107.333336,streamflow,10154200,ft3/s,"['A', '[91]']",0
2006-07-16,102.666664,streamflow,10154200,ft3/s,"['A', '[91]']",0
2006-07-17,98.3125,streamflow,10154200,ft3/s,"['A', '[91]']",0
2006-07-18,94.614586,streamflow,10154200,ft3/s,"['A', '[91]']",0
2006-07-19,80.041664,streamflow,10154200,ft3/s,"['A', '[91]']",0
2006-07-20,90.854164,streamflow,10154200,ft3/s,"['A', '[91]']",0
2006-07-21,81.53125,streamflow,10154200,ft3/s,"['A', '[91]']",0
2006-07-22,78.322914,streamflow,10154200,ft3/s,"['A', '[91]']",0
2006-07-23,78.427086,streamflow,10154200,ft3/s,"['A', '[91]']",0
2006-07-24,76.875,streamflow,10154200,ft3/s,"['A', '[91]']",0
2006-07-25,78.59375,streamflow,10154200,ft3/s,"['A', '[91]']",0
2006-07-26,78.541664,streamflow,10154200,ft3/s,"['A', '[91]']",0
2006-07-27,75.572914,streamflow,10154200,ft3/s,"['A', '[91]']",0
2006-07-28,79.75,streamflow,10154200,ft3/s,"['A', '[91]']",0
2006-07-29,79.822914,streamflow,10154200,ft3/s,"['A', '[91]']",0
2006-07-30,78.3125,streamflow,10154200,ft3/s,"['A', '[91]']",0
2006-07-31,80.854164,streamflow,10154200,ft3/s,"['A', '[91]']",0
2006-08-01,89.71875,streamflow,10154200,ft3/s,"['A', '[91]']",0
2006-08-02,95.197914,streamflow,10154200,ft3/s,"['A', '[91]']",0
2006-08-03,83.666664,streamflow,10154200,ft3/s,"['A', '[91]']",0
2006-08-04,85.135414,streamflow,10154200,ft3/s,"['A', '[91]']",0
2006-08-05,87.177086,streamflow,10154200,ft3/s,"['A', '[91]']",0
2006-08-06,95.53125,streamflow,10154200,ft3/s,"['A', '[91]']",0
2006-08-07,112.802086,streamflow,10154200,ft3/s,"['A', '[91]']",0
2006-08-08,96.75,streamflow,10154200,ft3/s,"['A', '[91]']",0
2006-08-09,85.458336,streamflow,10154200,ft3/s,"['A', '[91]']",0
2006-08-10,84.229164,streamflow,10154200,ft3/s,"['A', '[91]']",0
2006-08-11,81.802086,streamflow,10154200,ft3/s,"['A', '[91]']",0
2006-08-12,83.125,streamflow,10154200,ft3/s,"['A', '[91]']",0
2006-08-13,82.083336,streamflow,10154200,ft3/s,"['A', '[91]']",0
2006-08-14,81.583336,streamflow,10154200,ft3/s,"['A', '[91]']",0
2006-08-15,81.520836,streamflow,10154200,ft3/s,"['A', '[91]']",0
2006-08-16,84.708336,streamflow,10154200,ft3/s,"['A', '[91]']",0
2006-08-17,79.125,streamflow,10154200,ft3/s,"['A', '[91]']",0
2006-08-18,77.6875,streamflow,10154200,ft3/s,"['A', '[91]']",0
2006-08-19,73.90625,streamflow,10154200,ft3/s,"['A', '[91]']",0
2006-08-20,74.40625,streamflow,10154200,ft3/s,"['A', '[91]']",0
2006-08-21,72.739586,streamflow,10154200,ft3/s,"['A', '[91]']",0
2006-08-22,72.447914,streamflow,10154200,ft3/s,"['A', '[91]']",0
2006-08-23,71.666664,streamflow,10154200,ft3/s,"['A', '[91]']",0
2006-08-24,62.625,streamflow,10154200,ft3/s,"['A', '[91]']",0
2006-08-25,58.0,streamflow,10154200,ft3/s,"['A', '[91]']",0
2006-08-26,56.385418,streamflow,10154200,ft3/s,"['A', '[91]']",0
2006-08-27,58.46875,streamflow,10154200,ft3/s,"['A', '[91]']",0
2006-08-28,59.354168,streamflow,10154200,ft3/s,"['A', '[91]']",0
2006-08-29,58.197918,streamflow,10154200,ft3/s,"['A', '[91]']",0
2006-08-30,58.9375,streamflow,10154200,ft3/s,"['A', '[91]']",0
2006-08-31,53.6875,streamflow,10154200,ft3/s,"['A', '[91]']",0
2006-09-01,54.385418,streamflow,10154200,ft3/s,"['A', '[91]']",0
2006-09-02,54.354168,streamflow,10154200,ft3/s,"['A', '[91]']",0
2006-09-03,52.0,streamflow,10154200,ft3/s,"['A', '[91]']",0
2006-09-04,51.583332,streamflow,10154200,ft3/s,"['A', '[91]']",0
2006-09-05,52.84375,streamflow,10154200,ft3/s,"['A', '[91]']",0
2006-09-06,50.291668,streamflow,10154200,ft3/s,"['A', '[91]']",0
2006-09-07,48.958332,streamflow,10154200,ft3/s,"['A', '[91]']",0
2006-09-08,61.6875,streamflow,10154200,ft3/s,"['A', '[91]']",0
2006-09-09,64.0625,streamflow,10154200,ft3/s,"['A', '[91]']",0
2006-09-10,66.302086,streamflow,10154200,ft3/s,"['A', '[91]']",0
2006-09-11,66.604164,streamflow,10154200,ft3/s,"['A', '[91]']",0
2006-09-12,64.791664,streamflow,10154200,ft3/s,"['A', '[91]']",0
2006-09-13,62.229168,streamflow,10154200,ft3/s,"['A', '[91]']",0
2006-09-14,61.9375,streamflow,10154200,ft3/s,"['A', '[91]']",0
2006-09-15,70.958336,streamflow,10154200,ft3/s,"['A', '[91]']",0
2006-09-16,85.4375,streamflow,10154200,ft3/s,"['A', '[91]']",0
2006-09-17,89.427086,streamflow,10154200,ft3/s,"['A', '[91]']",0
2006-09-18,91.708336,streamflow,10154200,ft3/s,"['A', '[91]']",0
2006-09-19,91.03125,streamflow,10154200,ft3/s,"['A', '[91]']",0
2006-09-20,95.614586,streamflow,10154200,ft3/s,"['A', '[91]']",0
2006-09-21,109.416664,streamflow,10154200,ft3/s,"['A', '[91]']",0
2006-09-22,104.75,streamflow,10154200,ft3/s,"['A', '[91]']",0
2006-09-23,103.354164,streamflow,10154200,ft3/s,"['A', '[91]']",0
2006-09-24,97.041664,streamflow,10154200,ft3/s,"['A', '[91]']",0
2006-09-25,96.447914,streamflow,10154200,ft3/s,"['A', '[91]']",0
2006-09-26,92.166664,streamflow,10154200,ft3/s,"['A', '[91]']",0
2006-09-27,87.666664,streamflow,10154200,ft3/s,"['A', '[91]']",0
2006-09-28,84.40625,streamflow,10154200,ft3/s,"['A', '[91]']",0
2006-09-29,80.291664,streamflow,10154200,ft3/s,"['A', '[91]']",0
2006-09-30,72.302086,streamflow,10154200,ft3/s,"['A', '[91]']",0
2006-10-01,70.979164,streamflow,10154200,ft3/s,"['A', '[91]']",0
2006-10-02,69.458336,streamflow,10154200,ft3/s,"['A', '[91]']",0
2006-10-03,98.302086,streamflow,10154200,ft3/s,"['A', '[91]']",0
2006-10-04,92.791664,streamflow,10154200,ft3/s,"['A', '[91]']",0
2006-10-05,116.010414,streamflow,10154200,ft3/s,"['A', '[91]']",0
2006-10-06,145.17708,streamflow,10154200,ft3/s,"['A', '[91]']",0
2006-10-07,222.19792,streamflow,10154200,ft3/s,"['A', '[91]']",0
2006-10-08,177.76042,streamflow,10154200,ft3/s,"['A', '[91]']",0
2006-10-09,164.28125,streamflow,10154200,ft3/s,"['A', '[91]']",0
2006-10-10,167.6875,streamflow,10154200,ft3/s,"['A', '[91]']",0
2006-10-11,159.70833,streamflow,10154200,ft3/s,"['A', '[91]']",0
2006-10-12,152.75,streamflow,10154200,ft3/s,"['A', '[91]']",0
2006-10-13,145.90625,streamflow,10154200,ft3/s,"['A', '[91]']",0
2006-10-14,140.65625,streamflow,10154200,ft3/s,"['A', '[91]']",0
2006-10-15,138.77083,streamflow,10154200,ft3/s,"['A', '[91]']",0
2006-10-16,145.55208,streamflow,10154200,ft3/s,"['A', '[91]']",0
2006-10-17,158.40625,streamflow,10154200,ft3/s,"['A', '[91]']",0
2006-10-18,145.19792,streamflow,10154200,ft3/s,"['A', '[91]']",0
2006-10-19,139.88542,streamflow,10154200,ft3/s,"['A', '[91]']",0
2006-10-20,144.20833,streamflow,10154200,ft3/s,"['A', '[91]']",0
2006-10-21,141.33333,streamflow,10154200,ft3/s,"['A', '[91]']",0
2006-10-22,124.25,streamflow,10154200,ft3/s,"['A', '[91]']",0
2006-10-23,123.1875,streamflow,10154200,ft3/s,"['A', '[91]']",0
2006-10-24,124.4375,streamflow,10154200,ft3/s,"['A', '[91]']",0
2006-10-25,125.791664,streamflow,10154200,ft3/s,"['A', '[91]']",0
2006-10-26,120.791664,streamflow,10154200,ft3/s,"['A', '[91]']",0
2006-10-27,111.822914,streamflow,10154200,ft3/s,"['A', '[91]']",0
2006-10-28,116.21875,streamflow,10154200,ft3/s,"['A', '[91]']",0
2006-10-29,113.625,streamflow,10154200,ft3/s,"['A', '[91]']",0
2006-10-30,110.958336,streamflow,10154200,ft3/s,"['A', '[91]']",0
2006-10-31,106.96875,streamflow,10154200,ft3/s,"['A', '[91]']",0
2006-11-01,89.614586,streamflow,10154200,ft3/s,"['A', '[91]']",0
2006-11-02,98.416664,streamflow,10154200,ft3/s,"['A', '[91]']",0
2006-11-03,105.96875,streamflow,10154200,ft3/s,"['A', '[91]']",0
2006-11-04,100.958336,streamflow,10154200,ft3/s,"['A', '[91]']",0
2006-11-05,98.28125,streamflow,10154200,ft3/s,"['A', '[91]']",0
2006-11-06,98.3125,streamflow,10154200,ft3/s,"['A', '[91]']",0
2006-11-07,97.989586,streamflow,10154200,ft3/s,"['A', '[91]']",0
2006-11-08,96.197914,streamflow,10154200,ft3/s,"['A', '[91]']",0
2006-11-09,97.604164,streamflow,10154200,ft3/s,"['A', '[91]']",0
2006-11-10,89.427086,streamflow,10154200,ft3/s,"['A', '[91]']",0
2006-11-11,81.864586,streamflow,10154200,ft3/s,"['A', '[91]']",0
2006-11-12,91.364586,streamflow,10154200,ft3/s,"['A', '[91]']",0
2006-11-13,74.15625,streamflow,10154200,ft3/s,"['A', '[91]']",0
2006-11-14,92.1875,streamflow,10154200,ft3/s,"['A', '[91]']",0
2006-11-15,69.510414,streamflow,10154200,ft3/s,"['A', '[91]']",0
2006-11-16,103.28125,streamflow,10154200,ft3/s,"['A', '[91]']",0
2006-11-17,105.239586,streamflow,10154200,ft3/s,"['A', '[91]']",0
2006-11-18,101.802086,streamflow,10154200,ft3/s,"['A', '[91]']",0
2006-11-19,85.260414,streamflow,10154200,ft3/s,"['A', '[91]']",0
2006-11-20,90.583336,streamflow,10154200,ft3/s,"['A', '[91]']",0
2006-11-21,88.270836,streamflow,10154200,ft3/s,"['A', '[91]']",0
2006-11-22,87.208336,streamflow,10154200,ft3/s,"['A', '[91]']",0
2006-11-23,86.354164,streamflow,10154200,ft3/s,"['A', '[91]']",0
2006-11-24,62.916668,streamflow,10154200,ft3/s,"['A', '[91]']",0
2006-11-25,73.302086,streamflow,10154200,ft3/s,"['A', '[91]']",0
2006-11-26,79.416664,streamflow,10154200,ft3/s,"['A', '[91]']",0
2006-11-27,82.760414,streamflow,10154200,ft3/s,"['A', '[91]']",0
2006-11-28,74.447914,streamflow,10154200,ft3/s,"['A', '[91]']",0
2006-11-29,69.177086,streamflow,10154200,ft3/s,"['A', '[91]']",0
2006-11-30,56.458332,streamflow,10154200,ft3/s,"['A', '[91]']",0
2006-12-01,71.625,streamflow,10154200,ft3/s,"['A', '[91]']",0
2006-12-02,74.010414,streamflow,10154200,ft3/s,"['A', '[91]']",0
2006-12-03,71.53125,streamflow,10154200,ft3/s,"['A', '[91]']",0
2006-12-04,69.989586,streamflow,10154200,ft3/s,"['A', '[91]']",0
2006-12-05,74.052086,streamflow,10154200,ft3/s,"['A', '[91]']",0
2006-12-06,74.895836,streamflow,10154200,ft3/s,"['A', '[91]']",0
2006-12-07,75.375,streamflow,10154200,ft3/s,"['A', '[91]']",0
2006-12-08,74.625,streamflow,10154200,ft3/s,"['A', '[91]']",0
2006-12-09,73.885414,streamflow,10154200,ft3/s,"['A', '[91]']",0
2006-12-10,73.729164,streamflow,10154200,ft3/s,"['A', '[91]']",0
2006-12-11,73.833336,streamflow,10154200,ft3/s,"['A', '[91]']",0
2006-12-12,72.25,streamflow,10154200,ft3/s,"['A', '[91]']",0
2006-12-13,73.385414,streamflow,10154200,ft3/s,"['A', '[91]']",0
2006-12-14,73.364586,streamflow,10154200,ft3/s,"['A', '[91]']",0
2006-12-15,76.447914,streamflow,10154200,ft3/s,"['A', '[91]']",0
2006-12-16,75.635414,streamflow,10154200,ft3/s,"['A', '[91]']",0
2006-12-17,75.635414,streamflow,10154200,ft3/s,"['A', '[91]']",0
2006-12-18,65.03125,streamflow,10154200,ft3/s,"['A', '[91]']",0
2006-12-19,63.15625,streamflow,10154200,ft3/s,"['A', '[91]']",0
2006-12-20,68.791664,streamflow,10154200,ft3/s,"['A', '[91]']",0
2006-12-21,69.385414,streamflow,10154200,ft3/s,"['A', '[91]']",0
2006-12-22,64.125,streamflow,10154200,ft3/s,"['A', '[91]']",0
2006-12-23,69.072914,streamflow,10154200,ft3/s,"['A', '[91]']",0
2006-12-24,69.260414,streamflow,10154200,ft3/s,"['A', '[91]']",0
2006-12-25,69.75,streamflow,10154200,ft3/s,"['A', '[91]']",0
2006-12-26,68.458336,streamflow,10154200,ft3/s,"['A', '[91]']",0
2006-12-27,69.177086,streamflow,10154200,ft3/s,"['A', '[91]']",0
2006-12-28,71.760414,streamflow,10154200,ft3/s,"['A', '[91]']",0
2006-12-29,70.270836,streamflow,10154200,ft3/s,"['A', '[91]']",0
2006-12-30,65.5,streamflow,10154200,ft3/s,"['A', '[91]']",0
2006-12-31,64.875,streamflow,10154200,ft3/s,"['A', '[91]']",0
2007-01-01,69.0,streamflow,10154200,ft3/s,"['A', '[91]']",0
2007-01-02,62.447918,streamflow,10154200,ft3/s,"['A', '[91]']",0
2007-01-03,66.479164,streamflow,10154200,ft3/s,"['A', '[91]']",0
2007-01-04,67.239586,streamflow,10154200,ft3/s,"['A', '[91]']",0
2007-01-05,66.8125,streamflow,10154200,ft3/s,"['A', '[91]']",0
2007-01-06,62.302082,streamflow,10154200,ft3/s,"['A', '[91]']",0
2007-01-07,64.291664,streamflow,10154200,ft3/s,"['A', '[91]']",0
2007-01-08,65.5625,streamflow,10154200,ft3/s,"['A', '[91]']",0
2007-01-09,67.59375,streamflow,10154200,ft3/s,"['A', '[91]']",0
2007-01-10,66.552086,streamflow,10154200,ft3/s,"['A', '[91]']",0
2007-01-11,69.9375,streamflow,10154200,ft3/s,"['A', '[91]']",0
2007-01-12,67.447914,streamflow,10154200,ft3/s,"['A', '[91]']",0
2007-01-13,64.17857,streamflow,10154200,ft3/s,"['A', '[91]']",0
2007-01-14,,streamflow,10154200,ft3/s,"['A', '[91]']",0
2007-01-15,,streamflow,10154200,ft3/s,"['A', '[91]']",0
2007-01-16,,streamflow,10154200,ft3/s,"['A', '[91]']",0
2007-01-17,,streamflow,10154200,ft3/s,"['A', '[91]']",0
2007-01-18,,streamflow,10154200,ft3/s,"['A', '[91]']",0
2007-01-19,,streamflow,10154200,ft3/s,"['A', '[91]']",0
2007-01-20,,streamflow,10154200,ft3/s,"['A', '[91]']",0
2007-01-21,,streamflow,10154200,ft3/s,"['A', '[91]']",0
2007-01-22,,streamflow,10154200,ft3/s,"['A', '[91]']",0
2007-01-23,,streamflow,10154200,ft3/s,"['A', '[91]']",0
2007-01-24,,streamflow,10154200,ft3/s,"['A', '[91]']",0
2007-01-25,,streamflow,10154200,ft3/s,"['A', '[91]']",0
2007-01-26,,streamflow,10154200,ft3/s,"['A', '[91]']",0
2007-01-27,,streamflow,10154200,ft3/s,"['A', '[91]']",0
2007-01-28,,streamflow,10154200,ft3/s,"['A', '[91]']",0
2007-01-29,,streamflow,10154200,ft3/s,"['A', '[91]']",0
2007-01-30,,streamflow,10154200,ft3/s,"['A', '[91]']",0
2007-01-31,55.455883,streamflow,10154200,ft3/s,"['A', '[91]']",0
2007-02-01,54.479168,streamflow,10154200,ft3/s,"['A', '[91]']",0
2007-02-02,55.083332,streamflow,10154200,ft3/s,"['A', '[91]']",0
2007-02-03,56.0,streamflow,10154200,ft3/s,"['A', '[91]']",0
2007-02-04,56.0,streamflow,10154200,ft3/s,"['A', '[91]']",0
2007-02-05,56.0,streamflow,10154200,ft3/s,"['A', '[91]']",0
2007-02-06,54.833332,streamflow,10154200,ft3/s,"['A', '[91]']",0
2007-02-07,54.875,streamflow,10154200,ft3/s,"['A', '[91]']",0
2007-02-08,55.0,streamflow,10154200,ft3/s,"['A', '[91]']",0
2007-02-09,54.770832,streamflow,10154200,ft3/s,"['A', '[91]']",0
2007-02-10,54.53125,streamflow,10154200,ft3/s,"['A', '[91]']",0
2007-02-11,56.333332,streamflow,10154200,ft3/s,"['A', '[91]']",0
2007-02-12,59.427082,streamflow,10154200,ft3/s,"['A', '[91]']",0
2007-02-13,53.84375,streamflow,10154200,ft3/s,"['A', '[91]']",0
2007-02-14,61.270832,streamflow,10154200,ft3/s,"['A', '[91]']",0
2007-02-15,57.75,streamflow,10154200,ft3/s,"['A', '[91]']",0
2007-02-16,57.612404,streamflow,10154200,ft3/s,"['A', '[91]']",0
2007-02-17,50.546875,streamflow,10154200,ft3/s,"['A', '[91]']",0
2007-02-18,57.073826,streamflow,10154200,ft3/s,"['A', '[91]']",0
2007-02-19,63.364487,streamflow,10154200,ft3/s,"['A', '[91]']",0
2007-02-20,51.078125,streamflow,10154200,ft3/s,"['A', '[91]']",0
2007-02-21,58.9774,streamflow,10154200,ft3/s,"['A', '[91]']",0
2007-02-22,59.244755,streamflow,10154200,ft3/s,"['A', '[91]']",0
2007-02-23,59.21875,streamflow,10154200,ft3/s,"['A', '[91]']",0
2007-02-24,53.0625,streamflow,10154200,ft3/s,"['A', '[91]']",0
2007-02-25,55.020832,streamflow,10154200,ft3/s,"['A', '[91]']",0
2007-02-26,59.291668,streamflow,10154200,ft3/s,"['A', '[91]']",0
2007-02-27,59.489582,streamflow,10154200,ft3/s,"['A', '[91]']",0
2007-02-28,54.302082,streamflow,10154200,ft3/s,"['A', '[91]']",0
2007-03-01,62.291668,streamflow,10154200,ft3/s,"['A', '[91]']",0
2007-03-02,58.84375,streamflow,10154200,ft3/s,"['A', '[91]']",0
2007-03-03,59.458332,streamflow,10154200,ft3/s,"['A', '[91]']",0
2007-03-04,64.885414,streamflow,10154200,ft3/s,"['A', '[91]']",0
2007-03-05,63.5,streamflow,10154200,ft3/s,"['A', '[91]']",0
2007-03-06,60.354168,streamflow,10154200,ft3/s,"['A', '[91]']",0
2007-03-07,58.625,streamflow,10154200,ft3/s,"['A', '[91]']",0
2007-03-08,62.0,streamflow,10154200,ft3/s,"['A', '[91]']",0
2007-03-09,60.645832,streamflow,10154200,ft3/s,"['A', '[91]']",0
2007-03-10,66.166664,streamflow,10154200,ft3/s,"['A', '[91]']",0
2007-03-11,62.5,streamflow,10154200,ft3/s,"['A', '[91]']",0
2007-03-12,66.5625,streamflow,10154200,ft3/s,"['A', '[91]']",0
2007-03-13,82.572914,streamflow,10154200,ft3/s,"['A', '[91]']",0
2007-03-14,102.8125,streamflow,10154200,ft3/s,"['A', '[91]']",0
2007-03-15,113.8125,streamflow,10154200,ft3/s,"['A', '[91]']",0
2007-03-16,111.739586,streamflow,10154200,ft3/s,"['A', '[91]']",0
2007-03-17,126.041664,streamflow,10154200,ft3/s,"['A', '[91]']",0
2007-03-18,161.39583,streamflow,10154200,ft3/s,"['A', '[91]']",0
2007-03-19,190.69792,streamflow,10154200,ft3/s,"['A', '[91]']",0
2007-03-20,202.67708,streamflow,10154200,ft3/s,"['A', '[91]']",0
2007-03-21,200.94792,streamflow,10154200,ft3/s,"['A', '[91]']",0
2007-03-22,184.41667,streamflow,10154200,ft3/s,"['A', '[91]']",0
2007-03-23,192.23958,streamflow,10154200,ft3/s,"['A', '[91]']",0
2007-03-24,196.41667,streamflow,10154200,ft3/s,"['A', '[91]']",0
2007-03-25,210.42708,streamflow,10154200,ft3/s,"['A', '[91]']",0
2007-03-26,230.69792,streamflow,10154200,ft3/s,"['A', '[91]']",0
2007-03-27,243.86458,streamflow,10154200,ft3/s,"['A', '[91]']",0
2007-03-28,235.67708,streamflow,10154200,ft3/s,"['A', '[91]']",0
2007-03-29,221.65625,streamflow,10154200,ft3/s,"['A', '[91]']",0
2007-03-30,229.38542,streamflow,10154200,ft3/s,"['A', '[91]']",0
2007-03-31,239.48958,streamflow,10154200,ft3/s,"['A', '[91]']",0
2007-04-01,245.54167,streamflow,10154200,ft3/s,"['A', '[91]']",0
2007-04-02,252.88542,streamflow,10154200,ft3/s,"['A', '[91]']",0
2007-04-03,246.53125,streamflow,10154200,ft3/s,"['A', '[91]']",0
2007-04-04,248.91667,streamflow,10154200,ft3/s,"['A', '[91]']",0
2007-04-05,269.97916,streamflow,10154200,ft3/s,"['A', '[91]']",0
2007-04-06,317.04166,streamflow,10154200,ft3/s,"['A', '[91]']",0
2007-04-07,358.0521,streamflow,10154200,ft3/s,"['A', '[91]']",0
2007-04-08,400.20834,streamflow,10154200,ft3/s,"['A', '[91]']",0
2007-04-09,395.96875,streamflow,10154200,ft3/s,"['A', '[91]']",0
2007-04-10,371.375,streamflow,10154200,ft3/s,"['A', '[91]']",0
2007-04-11,318.8125,streamflow,10154200,ft3/s,"['A', '[91]']",0
2007-04-12,321.04166,streamflow,10154200,ft3/s,"['A', '[91]']",0
2007-04-13,308.64584,streamflow,10154200,ft3/s,"['A', '[91]']",0
2007-04-14,324.22916,streamflow,10154200,ft3/s,"['A', '[91]']",0
2007-04-15,339.25,streamflow,10154200,ft3/s,"['A', '[91]']",0
2007-04-16,353.83334,streamflow,10154200,ft3/s,"['A', '[91]']",0
2007-04-17,353.52084,streamflow,10154200,ft3/s,"['A', '[91]']",0
2007-04-18,392.4271,streamflow,10154200,ft3/s,"['A', '[91]']",0
2007-04-19,391.7396,streamflow,10154200,ft3/s,"['A', '[91]']",0
2007-04-20,386.35416,streamflow,10154200,ft3/s,"['A', '[91]']",0
2007-04-21,357.6771,streamflow,10154200,ft3/s,"['A', '[91]']",0
2007-04-22,342.53125,streamflow,10154200,ft3/s,"['A', '[91]']",0
2007-04-23,338.0,streamflow,10154200,ft3/s,"['A', '[91]']",0
2007-04-24,335.79166,streamflow,10154200,ft3/s,"['A', '[91]']",0
2007-04-25,346.97916,streamflow,10154200,ft3/s,"['A', '[91]']",0
2007-04-26,371.64584,streamflow,10154200,ft3/s,"['A', '[91]']",0
2007-04-27,388.79166,streamflow,10154200,ft3/s,"['A', '[91]']",0
2007-04-28,449.3021,streamflow,10154200,ft3/s,"['A', '[91]']",0
2007-04-29,583.5833,streamflow,10154200,ft3/s,"['A', '[91]']",0
2007-04-30,763.4167,streamflow,10154200,ft3/s,"['A', '[91]']",0
2007-05-01,852.1579,streamflow,10154200,ft3/s,"['A', '[91]']",0
2007-05-02,916.625,streamflow,10154200,ft3/s,"['A', '[91]']",0
2007-05-03,1040.6459,streamflow,10154200,ft3/s,"['A', '[91]']",0
2007-05-04,862.53125,streamflow,10154200,ft3/s,"['A', '[91]']",0
2007-05-05,714.55206,streamflow,10154200,ft3/s,"['A', '[91]']",0
2007-05-06,603.42706,streamflow,10154200,ft3/s,"['A', '[91]']",0
2007-05-07,526.23956,streamflow,10154200,ft3/s,"['A', '[91]']",0
2007-05-08,510.65625,streamflow,10154200,ft3/s,"['A', '[91]']",0
2007-05-09,565.0208,streamflow,10154200,ft3/s,"['A', '[91]']",0
2007-05-10,669.78125,streamflow,10154200,ft3/s,"['A', '[91]']",0
2007-05-11,876.9375,streamflow,10154200,ft3/s,"['A', '[91]']",0
2007-05-12,1130.6459,streamflow,10154200,ft3/s,"['A', '[91]']",0
2007-05-13,1233.6459,streamflow,10154200,ft3/s,"['A', '[91]']",0
2007-05-14,1342.3711,streamflow,10154200,ft3/s,"['A', '[91]']",0
2007-05-15,1231.9791,streamflow,10154200,ft3/s,"['A', '[91]']",0
2007-05-16,1157.2916,streamflow,10154200,ft3/s,"['A', '[91]']",0
2007-05-17,1020.23956,streamflow,10154200,ft3/s,"['A', '[91]']",0
2007-05-18,963.2292,streamflow,10154200,ft3/s,"['A', '[91]']",0
2007-05-19,1023.34375,streamflow,10154200,ft3/s,"['A', '[91]']",0
2007-05-20,1035.7188,streamflow,10154200,ft3/s,"['A', '[91]']",0
2007-05-21,978.61456,streamflow,10154200,ft3/s,"['A', '[91]']",0
2007-05-22,851.51044,streamflow,10154200,ft3/s,"['A', '[91]']",0
2007-05-23,686.125,streamflow,10154200,ft3/s,"['A', '[91]']",0
2007-05-24,585.44794,streamflow,10154200,ft3/s,"['A', '[91]']",0
2007-05-25,517.9583,streamflow,10154200,ft3/s,"['A', '[91]']",0
2007-05-26,487.28125,streamflow,10154200,ft3/s,"['A', '[91]']",0
2007-05-27,471.20834,streamflow,10154200,ft3/s,"['A', '[91]']",0
2007-05-28,487.3021,streamflow,10154200,ft3/s,"['A', '[91]']",0
2007-05-29,486.75,streamflow,10154200,ft3/s,"['A', '[91]']",0
2007-05-30,443.75,streamflow,10154200,ft3/s,"['A', '[91]']",0
2007-05-31,412.08334,streamflow,10154200,ft3/s,"['A', '[91]']",0
2007-06-01,383.84375,streamflow,10154200,ft3/s,"['A', '[91]']",0
2007-06-02,359.3125,streamflow,10154200,ft3/s,"['A', '[91]']",0
2007-06-03,332.625,streamflow,10154200,ft3/s,"['A', '[91]']",0
2007-06-04,337.75,streamflow,10154200,ft3/s,"['A', '[91]']",0
2007-06-05,319.58334,streamflow,10154200,ft3/s,"['A', '[91]']",0
2007-06-06,313.22916,streamflow,10154200,ft3/s,"['A', '[91]']",0
2007-06-07,331.41666,streamflow,10154200,ft3/s,"['A', '[91]']",0
2007-06-08,280.52084,streamflow,10154200,ft3/s,"['A', '[91]']",0
2007-06-09,251.73958,streamflow,10154200,ft3/s,"['A', '[91]']",0
2007-06-10,203.22917,streamflow,10154200,ft3/s,"['A', '[91]']",0
2007-06-11,193.80208,streamflow,10154200,ft3/s,"['A', '[91]']",0
2007-06-12,185.15625,streamflow,10154200,ft3/s,"['A', '[91]']",0
2007-06-13,178.125,streamflow,10154200,ft3/s,"['A', '[91]']",0
2007-06-14,161.34375,streamflow,10154200,ft3/s,"['A', '[91]']",0
2007-06-15,141.47917,streamflow,10154200,ft3/s,"['A', '[91]']",0
2007-06-16,127.947914,streamflow,10154200,ft3/s,"['A', '[91]']",0
2007-06-17,116.0,streamflow,10154200,ft3/s,"['A', '[91]']",0
2007-06-18,108.5,streamflow,10154200,ft3/s,"['A', '[91]']",0
2007-06-19,102.239586,streamflow,10154200,ft3/s,"['A', '[91]']",0
2007-06-20,87.822914,streamflow,10154200,ft3/s,"['A', '[91]']",0
2007-06-21,87.895836,streamflow,10154200,ft3/s,"['A', '[91]']",0
2007-06-22,85.583336,streamflow,10154200,ft3/s,"['A', '[91]']",0
2007-06-23,81.958336,streamflow,10154200,ft3/s,"['A', '[91]']",0
2007-06-24,76.8125,streamflow,10154200,ft3/s,"['A', '[91]']",0
2007-06-25,73.78125,streamflow,10154200,ft3/s,"['A', '[91]']",0
2007-06-26,70.708336,streamflow,10154200,ft3/s,"['A', '[91]']",0
2007-06-27,70.479164,streamflow,10154200,ft3/s,"['A', '[91]']",0
2007-06-28,64.604164,streamflow,10154200,ft3/s,"['A', '[91]']",0
2007-06-29,65.635414,streamflow,10154200,ft3/s,"['A', '[91]']",0
2007-06-30,66.260414,streamflow,10154200,ft3/s,"['A', '[91]']",0
2007-07-01,66.604164,streamflow,10154200,ft3/s,"['A', '[91]']",0
2007-07-02,62.989582,streamflow,10154200,ft3/s,"['A', '[91]']",0
2007-07-03,62.520832,streamflow,10154200,ft3/s,"['A', '[91]']",0
2007-07-04,62.239582,streamflow,10154200,ft3/s,"['A', '[91]']",0
2007-07-05,60.552082,streamflow,10154200,ft3/s,"['A', '[91]']",0
2007-07-06,61.59375,streamflow,10154200,ft3/s,"['A', '[91]']",0
2007-07-07,60.072918,streamflow,10154200,ft3/s,"['A', '[91]']",0
2007-07-08,59.083332,streamflow,10154200,ft3/s,"['A', '[91]']",0
2007-07-09,55.854168,streamflow,10154200,ft3/s,"['A', '[91]']",0
2007-07-10,56.604168,streamflow,10154200,ft3/s,"['A', '[91]']",0
2007-07-11,52.677082,streamflow,10154200,ft3/s,"['A', '[91]']",0
2007-07-12,56.364582,streamflow,10154200,ft3/s,"['A', '[91]']",0
2007-07-13,59.802082,streamflow,10154200,ft3/s,"['A', '[91]']",0
2007-07-14,59.90625,streamflow,10154200,ft3/s,"['A', '[91]']",0
2007-07-15,55.864582,streamflow,10154200,ft3/s,"['A', '[91]']",0
2007-07-16,56.333332,streamflow,10154200,ft3/s,"['A', '[91]']",0
2007-07-17,59.708332,streamflow,10154200,ft3/s,"['A', '[91]']",0
2007-07-18,60.510418,streamflow,10154200,ft3/s,"['A', '[91]']",0
2007-07-19,57.916668,streamflow,10154200,ft3/s,"['A', '[91]']",0
2007-07-20,55.770832,streamflow,10154200,ft3/s,"['A', '[91]']",0
2007-07-21,54.510418,streamflow,10154200,ft3/s,"['A', '[91]']",0
2007-07-22,57.65625,streamflow,10154200,ft3/s,"['A', '[91]']",0
2007-07-23,66.385414,streamflow,10154200,ft3/s,"['A', '[91]']",0
2007-07-24,68.145836,streamflow,10154200,ft3/s,"['A', '[91]']",0
2007-07-25,80.239586,streamflow,10154200,ft3/s,"['A', '[91]']",0
2007-07-26,78.416664,streamflow,10154200,ft3/s,"['A', '[91]']",0
2007-07-27,,streamflow,10154200,ft3/s,"['A', '[91]']",0
2007-07-28,,streamflow,10154200,ft3/s,"['A', '[91]']",0
2007-07-29,,streamflow,10154200,ft3/s,"['A', '[91]']",0
2007-07-30,,streamflow,10154200,ft3/s,"['A', '[91]']",0
2007-07-31,,streamflow,10154200,ft3/s,"['A', '[91]']",0
2007-08-01,62.13889,streamflow,10154200,ft3/s,"['A', '[91]']",0
2007-08-02,59.0625,streamflow,10154200,ft3/s,"['A', '[91]']",0
2007-08-03,70.604164,streamflow,10154200,ft3/s,"['A', '[91]']",0
2007-08-04,75.895836,streamflow,10154200,ft3/s,"['A', '[91]']",0
2007-08-05,66.4375,streamflow,10154200,ft3/s,"['A', '[91]']",0
2007-08-06,71.822914,streamflow,10154200,ft3/s,"['A', '[91]']",0
2007-08-07,72.1875,streamflow,10154200,ft3/s,"['A', '[91]']",0
2007-08-08,73.489586,streamflow,10154200,ft3/s,"['A', '[91]']",0
2007-08-09,69.072914,streamflow,10154200,ft3/s,"['A', '[91]']",0
2007-08-10,67.020836,streamflow,10154200,ft3/s,"['A', '[91]']",0
2007-08-11,67.09375,streamflow,10154200,ft3/s,"['A', '[91]']",0
2007-08-12,66.447914,streamflow,10154200,ft3/s,"['A', '[91]']",0
2007-08-13,65.145836,streamflow,10154200,ft3/s,"['A', '[91]']",0
2007-08-14,64.1875,streamflow,10154200,ft3/s,"['A', '[91]']",0
2007-08-15,68.5,streamflow,10154200,ft3/s,"['A', '[91]']",0
2007-08-16,67.71875,streamflow,10154200,ft3/s,"['A', '[91]']",0
2007-08-17,69.28125,streamflow,10154200,ft3/s,"['A', '[91]']",0
2007-08-18,64.364586,streamflow,10154200,ft3/s,"['A', '[91]']",0
2007-08-19,63.260418,streamflow,10154200,ft3/s,"['A', '[91]']",0
2007-08-20,58.677082,streamflow,10154200,ft3/s,"['A', '[91]']",0
2007-08-21,57.322918,streamflow,10154200,ft3/s,"['A', '[91]']",0
2007-08-22,56.395832,streamflow,10154200,ft3/s,"['A', '[91]']",0
2007-08-23,57.3125,streamflow,10154200,ft3/s,"['A', '[91]']",0
2007-08-24,48.083332,streamflow,10154200,ft3/s,"['A', '[91]']",0
2007-08-25,40.84375,streamflow,10154200,ft3/s,"['A', '[91]']",0
2007-08-26,38.333332,streamflow,10154200,ft3/s,"['A', '[91]']",0
2007-08-27,37.28125,streamflow,10154200,ft3/s,"['A', '[91]']",0
2007-08-28,37.395832,streamflow,10154200,ft3/s,"['A', '[91]']",0
2007-08-29,36.895832,streamflow,10154200,ft3/s,"['A', '[91]']",0
2007-08-30,39.864582,streamflow,10154200,ft3/s,"['A', '[91]']",0
2007-08-31,39.197918,streamflow,10154200,ft3/s,"['A', '[91]']",0
2007-09-01,37.010418,streamflow,10154200,ft3/s,"['A', '[91]']",0
2007-09-02,34.0,streamflow,10154200,ft3/s,"['A', '[91]']",0
2007-09-03,34.71875,streamflow,10154200,ft3/s,"['A', '[91]']",0
2007-09-04,34.052082,streamflow,10154200,ft3/s,"['A', '[91]']",0
2007-09-05,55.447918,streamflow,10154200,ft3/s,"['A', '[91]']",0
2007-09-06,65.677086,streamflow,10154200,ft3/s,"['A', '[91]']",0
2007-09-07,52.333332,streamflow,10154200,ft3/s,"['A', '[91]']",0
2007-09-08,47.572918,streamflow,10154200,ft3/s,"['A', '[91]']",0
2007-09-09,45.166668,streamflow,10154200,ft3/s,"['A', '[91]']",0
2007-09-10,44.447918,streamflow,10154200,ft3/s,"['A', '[91]']",0
2007-09-11,46.875,streamflow,10154200,ft3/s,"['A', '[91]']",0
2007-09-12,50.375,streamflow,10154200,ft3/s,"['A', '[91]']",0
2007-09-13,50.0,streamflow,10154200,ft3/s,"['A', '[91]']",0
2007-09-14,50.0,streamflow,10154200,ft3/s,"['A', '[91]']",0
2007-09-15,49.177082,streamflow,10154200,ft3/s,"['A', '[91]']",0
2007-09-16,46.729168,streamflow,10154200,ft3/s,"['A', '[91]']",0
2007-09-17,46.0,streamflow,10154200,ft3/s,"['A', '[91]']",0
2007-09-18,45.760418,streamflow,10154200,ft3/s,"['A', '[91]']",0
2007-09-19,46.145832,streamflow,10154200,ft3/s,"['A', '[91]']",0
2007-09-20,46.0,streamflow,10154200,ft3/s,"['A', '[91]']",0
2007-09-21,46.0,streamflow,10154200,ft3/s,"['A', '[91]']",0
2007-09-22,46.041668,streamflow,10154200,ft3/s,"['A', '[91]']",0
2007-09-23,62.520832,streamflow,10154200,ft3/s,"['A', '[91]']",0
2007-09-24,71.395836,streamflow,10154200,ft3/s,"['A', '[91]']",0
2007-09-25,63.322918,streamflow,10154200,ft3/s,"['A', '[91]']",0
2007-09-26,60.145832,streamflow,10154200,ft3/s,"['A', '[91]']",0
2007-09-27,58.510418,streamflow,10154200,ft3/s,"['A', '[91]']",0
2007-09-28,56.4375,streamflow,10154200,ft3/s,"['A', '[91]']",0
2007-09-29,56.0625,streamflow,10154200,ft3/s,"['A', '[91]']",0
2007-09-30,61.53125,streamflow,10154200,ft3/s,"['A', '[91]']",0
2007-10-01,61.690624,streamflow,10154200,ft3/s,"['A', '[91]']",0
2007-10-02,69.98021,streamflow,10154200,ft3/s,"['A', '[91]']",0
2007-10-03,66.40833,streamflow,10154200,ft3/s,"['A', '[91]']",0
2007-10-04,63.808334,streamflow,10154200,ft3/s,"['A', '[91]']",0
2007-10-05,61.603127,streamflow,10154200,ft3/s,"['A', '[91]']",0
2007-10-06,82.282295,streamflow,10154200,ft3/s,"['A', '[91]']",0
2007-10-07,85.68021,streamflow,10154200,ft3/s,"['A', '[91]']",0
2007-10-08,75.347916,streamflow,10154200,ft3/s,"['A', '[91]']",0
2007-10-09,78.620224,streamflow,10154200,ft3/s,"['A', '[91]']",0
2007-10-10,78.28021,streamflow,10154200,ft3/s,"['A', '[91]']",0
2007-10-11,77.64792,streamflow,10154200,ft3/s,"['A', '[91]']",0
2007-10-12,72.958336,streamflow,10154200,ft3/s,"['A', '[91]']",0
2007-10-13,71.99166,streamflow,10154200,ft3/s,"['A', '[91]']",0
2007-10-14,72.67708,streamflow,10154200,ft3/s,"['A', '[91]']",0
2007-10-15,71.77291,streamflow,10154200,ft3/s,"['A', '[91]']",0
2007-10-16,72.691666,streamflow,10154200,ft3/s,"['A', '[91]']",0
2007-10-17,79.01087,streamflow,10154200,ft3/s,"['A', '[91]']",0
2007-10-18,80.546875,streamflow,10154200,ft3/s,"['A', '[91]']",0
2007-10-19,79.06848,streamflow,10154200,ft3/s,"['A', '[91]']",0
2007-10-20,86.7375,streamflow,10154200,ft3/s,"['A', '[91]']",0
2007-10-21,90.09687,streamflow,10154200,ft3/s,"['A', '[91]']",0
2007-10-22,79.489586,streamflow,10154200,ft3/s,"['A', '[91]']",0
2007-10-23,89.5,streamflow,10154200,ft3/s,"['A', '[91]']",0
2007-10-24,87.7552,streamflow,10154200,ft3/s,"['A', '[91]']",0
2007-10-25,86.82916,streamflow,10154200,ft3/s,"['A', '[91]']",0
2007-10-26,86.19896,streamflow,10154200,ft3/s,"['A', '[91]']",0
2007-10-27,85.808334,streamflow,10154200,ft3/s,"['A', '[91]']",0
2007-10-28,83.49688,streamflow,10154200,ft3/s,"['A', '[91]']",0
2007-10-29,81.28646,streamflow,10154200,ft3/s,"['A', '[91]']",0
2007-10-30,81.75834,streamflow,10154200,ft3/s,"['A', '[91]']",0
2007-10-31,86.270836,streamflow,10154200,ft3/s,"['A', '[91]']",0
2007-11-01,81.586464,streamflow,10154200,ft3/s,"['A', '[91]']",0
2007-11-02,76.42917,streamflow,10154200,ft3/s,"['A', '[91]']",0
2007-11-03,68.44271,streamflow,10154200,ft3/s,"['A', '[91]']",0
2007-11-04,70.29583,streamflow,10154200,ft3/s,"['A', '[91]']",0
2007-11-05,68.60833,streamflow,10154200,ft3/s,"['A', '[91]']",0
2007-11-06,65.62292,streamflow,10154200,ft3/s,"['A', '[91]']",0
2007-11-07,63.35625,streamflow,10154200,ft3/s,"['A', '[91]']",0
2007-11-08,62.685417,streamflow,10154200,ft3/s,"['A', '[91]']",0
2007-11-09,62.853127,streamflow,10154200,ft3/s,"['A', '[91]']",0
2007-11-10,63.3875,streamflow,10154200,ft3/s,"['A', '[91]']",0
2007-11-11,63.318752,streamflow,10154200,ft3/s,"['A', '[91]']",0
2007-11-12,62.963543,streamflow,10154200,ft3/s,"['A', '[91]']",0
2007-11-13,62.827084,streamflow,10154200,ft3/s,"['A', '[91]']",0
2007-11-14,62.78542,streamflow,10154200,ft3/s,"['A', '[91]']",0
2007-11-15,52.070835,streamflow,10154200,ft3/s,"['A', '[91]']",0
2007-11-16,59.602085,streamflow,10154200,ft3/s,"['A', '[91]']",0
2007-11-17,60.632294,streamflow,10154200,ft3/s,"['A', '[91]']",0
2007-11-18,59.891666,streamflow,10154200,ft3/s,"['A', '[91]']",0
2007-11-19,57.66875,streamflow,10154200,ft3/s,"['A', '[91]']",0
2007-11-20,57.3625,streamflow,10154200,ft3/s,"['A', '[91]']",0
2007-11-21,46.214584,streamflow,10154200,ft3/s,"['A', '[91]']",0
2007-11-22,33.50625,streamflow,10154200,ft3/s,"['A', '[91]']",0
2007-11-23,40.822918,streamflow,10154200,ft3/s,"['A', '[91]']",0
2007-11-24,38.367706,streamflow,10154200,ft3/s,"['A', '[91]']",0
2007-11-25,39.473957,streamflow,10154200,ft3/s,"['A', '[91]']",0
2007-11-26,43.098957,streamflow,10154200,ft3/s,"['A', '[91]']",0
2007-11-27,44.305206,streamflow,10154200,ft3/s,"['A', '[91]']",0
2007-11-28,47.941666,streamflow,10154200,ft3/s,"['A', '[91]']",0
2007-11-29,45.580208,streamflow,10154200,ft3/s,"['A', '[91]']",0
2007-11-30,52.589584,streamflow,10154200,ft3/s,"['A', '[91]']",0
2007-12-01,54.947918,streamflow,10154200,ft3/s,"['A', '[91]']",0
2007-12-02,51.96146,streamflow,10154200,ft3/s,"['A', '[91]']",0
2007-12-03,52.21042,streamflow,10154200,ft3/s,"['A', '[91]']",0
2007-12-04,54.746876,streamflow,10154200,ft3/s,"['A', '[91]']",0
2007-12-05,54.798958,streamflow,10154200,ft3/s,"['A', '[91]']",0
2007-12-06,54.821877,streamflow,10154200,ft3/s,"['A', '[91]']",0
2007-12-07,53.5625,streamflow,10154200,ft3/s,"['A', '[91]']",0
2007-12-08,56.165627,streamflow,10154200,ft3/s,"['A', '[91]']",0
2007-12-09,56.46771,streamflow,10154200,ft3/s,"['A', '[91]']",0
2007-12-10,48.255207,streamflow,10154200,ft3/s,"['A', '[91]']",0
2007-12-11,53.903126,streamflow,10154200,ft3/s,"['A', '[91]']",0
2007-12-12,49.697918,streamflow,10154200,ft3/s,"['A', '[91]']",0
2007-12-13,47.258335,streamflow,10154200,ft3/s,"['A', '[91]']",0
2007-12-14,50.646873,streamflow,10154200,ft3/s,"['A', '[91]']",0
2007-12-15,46.9625,streamflow,10154200,ft3/s,"['A', '[91]']",0
2007-12-16,49.360416,streamflow,10154200,ft3/s,"['A', '[91]']",0
2007-12-17,50.211456,streamflow,10154200,ft3/s,"['A', '[91]']",0
2007-12-18,50.1375,streamflow,10154200,ft3/s,"['A', '[91]']",0
2007-12-19,51.10104,streamflow,10154200,ft3/s,"['A', '[91]']",0
2007-12-20,52.097916,streamflow,10154200,ft3/s,"['A', '[91]']",0
2007-12-21,54.012497,streamflow,10154200,ft3/s,"['A', '[91]']",0
2007-12-22,51.067707,streamflow,10154200,ft3/s,"['A', '[91]']",0
2007-12-23,53.138542,streamflow,10154200,ft3/s,"['A', '[91]']",0
2007-12-24,54.1,streamflow,10154200,ft3/s,"['A', '[91]']",0
2007-12-25,53.685417,streamflow,10154200,ft3/s,"['A', '[91]']",0
2007-12-26,50.578125,streamflow,10154200,ft3/s,"['A', '[91]']",0
2007-12-27,52.755207,streamflow,10154200,ft3/s,"['A', '[91]']",0
2007-12-28,51.536457,streamflow,10154200,ft3/s,"['A', '[91]']",0
2007-12-29,50.023956,streamflow,10154200,ft3/s,"['A', '[91]']",0
2007-12-30,52.040627,streamflow,10154200,ft3/s,"['A', '[91]']",0
2007-12-31,51.45625,streamflow,10154200,ft3/s,"['A', '[91]']",0
2008-01-01,51.169792,streamflow,10154200,ft3/s,"['A', '[91]']",0
2008-01-02,51.795834,streamflow,10154200,ft3/s,"['A', '[91]']",0
2008-01-03,50.722916,streamflow,10154200,ft3/s,"['A', '[91]']",0
2008-01-04,52.625,streamflow,10154200,ft3/s,"['A', '[91]']",0
2008-01-05,51.805206,streamflow,10154200,ft3/s,"['A', '[91]']",0
2008-01-06,50.670834,streamflow,10154200,ft3/s,"['A', '[91]']",0
2008-01-07,50.31354,streamflow,10154200,ft3/s,"['A', '[91]']",0
2008-01-08,54.372917,streamflow,10154200,ft3/s,"['A', '[91]']",0
2008-01-09,59.110416,streamflow,10154200,ft3/s,"['A', '[91]']",0
2008-01-10,55.58229,streamflow,10154200,ft3/s,"['A', '[91]']",0
2008-01-11,58.83542,streamflow,10154200,ft3/s,"['A', '[91]']",0
2008-01-12,57.725,streamflow,10154200,ft3/s,"['A', '[91]']",0
2008-01-13,57.6125,streamflow,10154200,ft3/s,"['A', '[91]']",0
2008-01-14,55.260418,streamflow,10154200,ft3/s,"['A', '[91]']",0
2008-01-15,53.089584,streamflow,10154200,ft3/s,"['A', '[91]']",0
2008-01-16,51.682144,streamflow,10154200,ft3/s,"['A', '[91]']",0
2008-01-17,,streamflow,10154200,ft3/s,"['A', '[91]']",0
2008-01-18,,streamflow,10154200,ft3/s,"['A', '[91]']",0
2008-01-19,,streamflow,10154200,ft3/s,"['A', '[91]']",0
2008-01-20,,streamflow,10154200,ft3/s,"['A', '[91]']",0
2008-01-21,,streamflow,10154200,ft3/s,"['A', '[91]']",0
2008-01-22,,streamflow,10154200,ft3/s,"['A', '[91]']",0
2008-01-23,,streamflow,10154200,ft3/s,"['A', '[91]']",0
2008-01-24,,streamflow,10154200,ft3/s,"['A', '[91]']",0
2008-01-25,,streamflow,10154200,ft3/s,"['A', '[91]']",0
2008-01-26,,streamflow,10154200,ft3/s,"['A', '[91]']",0
2008-01-27,,streamflow,10154200,ft3/s,"['A', '[91]']",0
2008-01-28,,streamflow,10154200,ft3/s,"['A', '[91]']",0
2008-01-29,,streamflow,10154200,ft3/s,"['A', '[91]']",0
2008-01-30,52.155884,streamflow,10154200,ft3/s,"['A', '[91]']",0
2008-01-31,52.67604,streamflow,10154200,ft3/s,"['A', '[91]']",0
2008-02-01,54.977085,streamflow,10154200,ft3/s,"['A', '[91]']",0
2008-02-02,54.43125,streamflow,10154200,ft3/s,"['A', '[91]']",0
2008-02-03,55.46146,streamflow,10154200,ft3/s,"['A', '[91]']",0
2008-02-04,56.709377,streamflow,10154200,ft3/s,"['A', '[91]']",0
2008-02-05,55.25104,streamflow,10154200,ft3/s,"['A', '[91]']",0
2008-02-06,53.40521,streamflow,10154200,ft3/s,"['A', '[91]']",0
2008-02-07,53.221874,streamflow,10154200,ft3/s,"['A', '[91]']",0
2008-02-08,51.61354,streamflow,10154200,ft3/s,"['A', '[91]']",0
2008-02-09,52.645832,streamflow,10154200,ft3/s,"['A', '[91]']",0
2008-02-10,50.5625,streamflow,10154200,ft3/s,"['A', '[91]']",0
2008-02-11,50.8375,streamflow,10154200,ft3/s,"['A', '[91]']",0
2008-02-12,49.829166,streamflow,10154200,ft3/s,"['A', '[91]']",0
2008-02-13,49.6375,streamflow,10154200,ft3/s,"['A', '[91]']",0
2008-02-14,50.065624,streamflow,10154200,ft3/s,"['A', '[91]']",0
2008-02-15,46.93854,streamflow,10154200,ft3/s,"['A', '[91]']",0
2008-02-16,48.314583,streamflow,10154200,ft3/s,"['A', '[91]']",0
2008-02-17,50.05,streamflow,10154200,ft3/s,"['A', '[91]']",0
2008-02-18,47.177082,streamflow,10154200,ft3/s,"['A', '[91]']",0
2008-02-19,48.016666,streamflow,10154200,ft3/s,"['A', '[91]']",0
2008-02-20,49.065624,streamflow,10154200,ft3/s,"['A', '[91]']",0
2008-02-21,48.404167,streamflow,10154200,ft3/s,"['A', '[91]']",0
2008-02-22,47.671875,streamflow,10154200,ft3/s,"['A', '[91]']",0
2008-02-23,47.603127,streamflow,10154200,ft3/s,"['A', '[91]']",0
2008-02-24,48.065624,streamflow,10154200,ft3/s,"['A', '[91]']",0
2008-02-25,48.130207,streamflow,10154200,ft3/s,"['A', '[91]']",0
2008-02-26,50.680206,streamflow,10154200,ft3/s,"['A', '[91]']",0
2008-02-27,49.454166,streamflow,10154200,ft3/s,"['A', '[91]']",0
2008-02-28,52.785416,streamflow,10154200,ft3/s,"['A', '[91]']",0
2008-02-29,51.003124,streamflow,10154200,ft3/s,"['A', '[91]']",0
2008-03-01,52.586456,streamflow,10154200,ft3/s,"['A', '[91]']",0
2008-03-02,51.922916,streamflow,10154200,ft3/s,"['A', '[91]']",0
2008-03-03,47.46771,streamflow,10154200,ft3/s,"['A', '[91]']",0
2008-03-04,54.214737,streamflow,10154200,ft3/s,"['A', '[91]']",0
2008-03-05,46.989582,streamflow,10154200,ft3/s,"['A', '[91]']",0
2008-03-06,49.880207,streamflow,10154200,ft3/s,"['A', '[91]']",0
2008-03-07,50.42604,streamflow,10154200,ft3/s,"['A', '[91]']",0
2008-03-08,53.180206,streamflow,10154200,ft3/s,"['A', '[91]']",0
2008-03-09,50.630207,streamflow,10154200,ft3/s,"['A', '[91]']",0
2008-03-10,49.509373,streamflow,10154200,ft3/s,"['A', '[91]']",0
2008-03-11,50.00833,streamflow,10154200,ft3/s,"['A', '[91]']",0
2008-03-12,52.338543,streamflow,10154200,ft3/s,"['A', '[91]']",0
2008-03-13,50.747917,streamflow,10154200,ft3/s,"['A', '[91]']",0
2008-03-14,52.802082,streamflow,10154200,ft3/s,"['A', '[91]']",0
2008-03-15,46.683334,streamflow,10154200,ft3/s,"['A', '[91]']",0
2008-03-16,53.827084,streamflow,10154200,ft3/s,"['A', '[91]']",0
2008-03-17,46.903126,streamflow,10154200,ft3/s,"['A', '[91]']",0
2008-03-18,51.121876,streamflow,10154200,ft3/s,"['A', '[91]']",0
2008-03-19,52.69375,streamflow,10154200,ft3/s,"['A', '[91]']",0
2008-03-20,53.279167,streamflow,10154200,ft3/s,"['A', '[91]']",0
2008-03-21,53.194794,streamflow,10154200,ft3/s,"['A', '[91]']",0
2008-03-22,51.122917,streamflow,10154200,ft3/s,"['A', '[91]']",0
2008-03-23,50.653126,streamflow,10154200,ft3/s,"['A', '[91]']",0
2008-03-24,57.672916,streamflow,10154200,ft3/s,"['A', '[91]']",0
2008-03-25,60.610416,streamflow,10154200,ft3/s,"['A', '[91]']",0
2008-03-26,68.785416,streamflow,10154200,ft3/s,"['A', '[91]']",0
2008-03-27,67.90417,streamflow,10154200,ft3/s,"['A', '[91]']",0
2008-03-28,57.534374,streamflow,10154200,ft3/s,"['A', '[91]']",0
2008-03-29,66.68438,streamflow,10154200,ft3/s,"['A', '[91]']",0
2008-03-30,67.66771,streamflow,10154200,ft3/s,"['A', '[91]']",0
2008-03-31,62.278126,streamflow,10154200,ft3/s,"['A', '[91]']",0
2008-04-01,49.982292,streamflow,10154200,ft3/s,"['A', '[91]']",0
2008-04-02,69.75208,streamflow,10154200,ft3/s,"['A', '[91]']",0
2008-04-03,58.119793,streamflow,10154200,ft3/s,"['A', '[91]']",0
2008-04-04,57.240623,streamflow,10154200,ft3/s,"['A', '[91]']",0
2008-04-05,63.69271,streamflow,10154200,ft3/s,"['A', '[91]']",0
2008-04-06,56.63125,streamflow,10154200,ft3/s,"['A', '[91]']",0
2008-04-07,60.578125,streamflow,10154200,ft3/s,"['A', '[91]']",0
2008-04-08,55.38125,streamflow,10154200,ft3/s,"['A', '[91]']",0
2008-04-09,62.225,streamflow,10154200,ft3/s,"['A', '[91]']",0
2008-04-10,58.639584,streamflow,10154200,ft3/s,"['A', '[91]']",0
2008-04-11,57.064583,streamflow,10154200,ft3/s,"['A', '[91]']",0
2008-04-12,54.722916,streamflow,10154200,ft3/s,"['A', '[91]']",0
2008-04-13,64.64792,streamflow,10154200,ft3/s,"['A', '[91]']",0
2008-04-14,84.660416,streamflow,10154200,ft3/s,"['A', '[91]']",0
2008-04-15,133.77083,streamflow,10154200,ft3/s,"['A', '[91]']",0
2008-04-16,131.77083,streamflow,10154200,ft3/s,"['A', '[91]']",0
2008-04-17,115.04063,streamflow,10154200,ft3/s,"['A', '[91]']",0
2008-04-18,119.916664,streamflow,10154200,ft3/s,"['A', '[91]']",0
2008-04-19,150.25,streamflow,10154200,ft3/s,"['A', '[91]']",0
2008-04-20,186.82292,streamflow,10154200,ft3/s,"['A', '[91]']",0
2008-04-21,170.01042,streamflow,10154200,ft3/s,"['A', '[91]']",0
2008-04-22,170.58333,streamflow,10154200,ft3/s,"['A', '[91]']",0
2008-04-23,188.13542,streamflow,10154200,ft3/s,"['A', '[91]']",0
2008-04-24,187.48958,streamflow,10154200,ft3/s,"['A', '[91]']",0
2008-04-25,158.34375,streamflow,10154200,ft3/s,"['A', '[91]']",0
2008-04-26,150.54167,streamflow,10154200,ft3/s,"['A', '[91]']",0
2008-04-27,157.375,streamflow,10154200,ft3/s,"['A', '[91]']",0
2008-04-28,200.84375,streamflow,10154200,ft3/s,"['A', '[91]']",0
2008-04-29,302.60416,streamflow,10154200,ft3/s,"['A', '[91]']",0
2008-04-30,380.40625,streamflow,10154200,ft3/s,"['A', '[91]']",0
2008-05-01,323.8646,streamflow,10154200,ft3/s,"['A', '[91]']",0
2008-05-02,265.2604,streamflow,10154200,ft3/s,"['A', '[91]']",0
2008-05-03,251.42708,streamflow,10154200,ft3/s,"['A', '[91]']",0
2008-05-04,267.6771,streamflow,10154200,ft3/s,"['A', '[91]']",0
2008-05-05,325.91666,streamflow,10154200,ft3/s,"['A', '[91]']",0
2008-05-06,448.47916,streamflow,10154200,ft3/s,"['A', '[91]']",0
2008-05-07,598.67706,streamflow,10154200,ft3/s,"['A', '[91]']",0
2008-05-08,606.76044,streamflow,10154200,ft3/s,"['A', '[91]']",0
2008-05-09,535.51044,streamflow,10154200,ft3/s,"['A', '[91]']",0
2008-05-10,481.03125,streamflow,10154200,ft3/s,"['A', '[91]']",0
2008-05-11,502.95834,streamflow,10154200,ft3/s,"['A', '[91]']",0
2008-05-12,645.21875,streamflow,10154200,ft3/s,"['A', '[91]']",0
2008-05-13,560.84375,streamflow,10154200,ft3/s,"['A', '[91]']",0
2008-05-14,556.3542,streamflow,10154200,ft3/s,"['A', '[91]']",0
2008-05-15,535.01044,streamflow,10154200,ft3/s,"['A', '[91]']",0
2008-05-16,730.1042,streamflow,10154200,ft3/s,"['A', '[91]']",0
2008-05-17,1052.0209,streamflow,10154200,ft3/s,"['A', '[91]']",0
2008-05-18,1443.5416,streamflow,10154200,ft3/s,"['A', '[91]']",0
2008-05-19,1780.4166,streamflow,10154200,ft3/s,"['A', '[91]']",0
2008-05-20,2414.5833,streamflow,10154200,ft3/s,"['A', '[91]']",0
2008-05-21,2433.2292,streamflow,10154200,ft3/s,"['A', '[91]']",0
2008-05-22,1695.8334,streamflow,10154200,ft3/s,"['A', '[91]']",0
2008-05-23,1371.6666,streamflow,10154200,ft3/s,"['A', '[91]']",0
2008-05-24,1105.4166,streamflow,10154200,ft3/s,"['A', '[91]']",0
2008-05-25,949.6667,streamflow,10154200,ft3/s,"['A', '[91]']",0
2008-05-26,858.17706,streamflow,10154200,ft3/s,"['A', '[91]']",0
2008-05-27,801.13544,streamflow,10154200,ft3/s,"['A', '[91]']",0
2008-05-28,787.23956,streamflow,10154200,ft3/s,"['A', '[91]']",0
2008-05-29,850.61456,streamflow,10154200,ft3/s,"['A', '[91]']",0
2008-05-30,853.4792,streamflow,10154200,ft3/s,"['A', '[91]']",0
2008-05-31,921.30206,streamflow,10154200,ft3/s,"['A', '[91]']",0
2008-06-01,1128.4375,streamflow,10154200,ft3/s,"['A', '[91]']",0
2008-06-02,1539.1666,streamflow,10154200,ft3/s,"['A', '[91]']",0
2008-06-03,1662.8125,streamflow,10154200,ft3/s,"['A', '[91]']",0
2008-06-04,1531.9791,streamflow,10154200,ft3/s,"['A', '[91]']",0
2008-06-05,1301.7709,streamflow,10154200,ft3/s,"['A', '[91]']",0
2008-06-06,1154.5834,streamflow,10154200,ft3/s,"['A', '[91]']",0
2008-06-07,1127.2916,streamflow,10154200,ft3/s,"['A', '[91]']",0
2008-06-08,1020.2917,streamflow,10154200,ft3/s,"['A', '[91]']",0
2008-06-09,1077.8541,streamflow,10154200,ft3/s,"['A', '[91]']",0
2008-06-10,1284.7916,streamflow,10154200,ft3/s,"['A', '[91]']",0
2008-06-11,1479.6875,streamflow,10154200,ft3/s,"['A', '[91]']",0
2008-06-12,879.42706,streamflow,10154200,ft3/s,"['A', '[91]']",0
2008-06-13,790.46875,streamflow,10154200,ft3/s,"['A', '[91]']",0
2008-06-14,866.67706,streamflow,10154200,ft3/s,"['A', '[91]']",0
2008-06-15,1037.5938,streamflow,10154200,ft3/s,"['A', '[91]']",0
2008-06-16,1157.1875,streamflow,10154200,ft3/s,"['A', '[91]']",0
2008-06-17,1204.2709,streamflow,10154200,ft3/s,"['A', '[91]']",0
2008-06-18,1174.1666,streamflow,10154200,ft3/s,"['A', '[91]']",0
2008-06-19,1147.6041,streamflow,10154200,ft3/s,"['A', '[91]']",0
2008-06-20,1023.5833,streamflow,10154200,ft3/s,"['A', '[91]']",0
2008-06-21,915.4375,streamflow,10154200,ft3/s,"['A', '[91]']",0
2008-06-22,861.4583,streamflow,10154200,ft3/s,"['A', '[91]']",0
2008-06-23,826.28125,streamflow,10154200,ft3/s,"['A', '[91]']",0
2008-06-24,764.44794,streamflow,10154200,ft3/s,"['A', '[91]']",0
2008-06-25,721.0208,streamflow,10154200,ft3/s,"['A', '[91]']",0
2008-06-26,670.8125,streamflow,10154200,ft3/s,"['A', '[91]']",0
2008-06-27,782.6875,streamflow,10154200,ft3/s,"['A', '[91]']",0
2008-06-28,703.57294,streamflow,10154200,ft3/s,"['A', '[91]']",0
2008-06-29,625.17706,streamflow,10154200,ft3/s,"['A', '[91]']",0
2008-06-30,568.2083,streamflow,10154200,ft3/s,"['A', '[91]']",0
2008-07-01,513.61456,streamflow,10154200,ft3/s,"['A', '[91]']",0
2008-07-02,448.04166,streamflow,10154200,ft3/s,"['A', '[91]']",0
2008-07-03,408.47916,streamflow,10154200,ft3/s,"['A', '[91]']",0
2008-07-04,365.47916,streamflow,10154200,ft3/s,"['A', '[91]']",0
2008-07-05,336.7396,streamflow,10154200,ft3/s,"['A', '[91]']",0
2008-07-06,291.6771,streamflow,10154200,ft3/s,"['A', '[91]']",0
2008-07-07,269.5729,streamflow,10154200,ft3/s,"['A', '[91]']",0
2008-07-08,234.08333,streamflow,10154200,ft3/s,"['A', '[91]']",0
2008-07-09,213.875,streamflow,10154200,ft3/s,"['A', '[91]']",0
2008-07-10,191.17708,streamflow,10154200,ft3/s,"['A', '[91]']",0
2008-07-11,172.48958,streamflow,10154200,ft3/s,"['A', '[91]']",0
2008-07-12,151.01042,streamflow,10154200,ft3/s,"['A', '[91]']",0
2008-07-13,129.36458,streamflow,10154200,ft3/s,"['A', '[91]']",0
2008-07-14,127.822914,streamflow,10154200,ft3/s,"['A', '[91]']",0
2008-07-15,120.416664,streamflow,10154200,ft3/s,"['A', '[91]']",0
2008-07-16,116.333336,streamflow,10154200,ft3/s,"['A', '[91]']",0
2008-07-17,126.364586,streamflow,10154200,ft3/s,"['A', '[91]']",0
2008-07-18,107.81875,streamflow,10154200,ft3/s,"['A', '[91]']",0
2008-07-19,96.94896,streamflow,10154200,ft3/s,"['A', '[91]']",0
2008-07-20,93.72604,streamflow,10154200,ft3/s,"['A', '[91]']",0
2008-07-21,92.39792,streamflow,10154200,ft3/s,"['A', '[91]']",0
2008-07-22,91.90521,streamflow,10154200,ft3/s,"['A', '[91]']",0
2008-07-23,88.76666,streamflow,10154200,ft3/s,"['A', '[91]']",0
2008-07-24,87.98333,streamflow,10154200,ft3/s,"['A', '[91]']",0
2008-07-25,86.5,streamflow,10154200,ft3/s,"['A', '[91]']",0
2008-07-26,84.950005,streamflow,10154200,ft3/s,"['A', '[91]']",0
2008-07-27,85.65,streamflow,10154200,ft3/s,"['A', '[91]']",0
2008-07-28,88.05,streamflow,10154200,ft3/s,"['A', '[91]']",0
2008-07-29,84.13438,streamflow,10154200,ft3/s,"['A', '[91]']",0
2008-07-30,83.4,streamflow,10154200,ft3/s,"['A', '[91]']",0
2008-07-31,83.4,streamflow,10154200,ft3/s,"['A', '[91]']",0
2008-08-01,83.74375,streamflow,10154200,ft3/s,"['A', '[91]']",0
2008-08-02,89.33646,streamflow,10154200,ft3/s,"['A', '[91]']",0
2008-08-03,92.59271,streamflow,10154200,ft3/s,"['A', '[91]']",0
2008-08-04,89.98333,streamflow,10154200,ft3/s,"['A', '[91]']",0
2008-08-05,89.26771,streamflow,10154200,ft3/s,"['A', '[91]']",0
2008-08-06,91.02812,streamflow,10154200,ft3/s,"['A', '[91]']",0
2008-08-07,92.62813,streamflow,10154200,ft3/s,"['A', '[91]']",0
2008-08-08,100.95208,streamflow,10154200,ft3/s,"['A', '[91]']",0
2008-08-09,95.390625,streamflow,10154200,ft3/s,"['A', '[91]']",0
2008-08-10,103.80625,streamflow,10154200,ft3/s,"['A', '[91]']",0
2008-08-11,96.63021,streamflow,10154200,ft3/s,"['A', '[91]']",0
2008-08-12,88.21667,streamflow,10154200,ft3/s,"['A', '[91]']",0
2008-08-13,88.58333,streamflow,10154200,ft3/s,"['A', '[91]']",0
2008-08-14,87.28854,streamflow,10154200,ft3/s,"['A', '[91]']",0
2008-08-15,83.4,streamflow,10154200,ft3/s,"['A', '[91]']",0
2008-08-16,83.4,streamflow,10154200,ft3/s,"['A', '[91]']",0
2008-08-17,83.4,streamflow,10154200,ft3/s,"['A', '[91]']",0
2008-08-18,83.4,streamflow,10154200,ft3/s,"['A', '[91]']",0
2008-08-19,77.61875,streamflow,10154200,ft3/s,"['A', '[91]']",0
2008-08-20,78.395836,streamflow,10154200,ft3/s,"['A', '[91]']",0
2008-08-21,80.3,streamflow,10154200,ft3/s,"['A', '[91]']",0
2008-08-22,80.3,streamflow,10154200,ft3/s,"['A', '[91]']",0
2008-08-23,80.3,streamflow,10154200,ft3/s,"['A', '[91]']",0
2008-08-24,80.3,streamflow,10154200,ft3/s,"['A', '[91]']",0
2008-08-25,81.05,streamflow,10154200,ft3/s,"['A', '[91]']",0
2008-08-26,65.90938,streamflow,10154200,ft3/s,"['A', '[91]']",0
2008-08-27,57.6,streamflow,10154200,ft3/s,"['A', '[91]']",0
2008-08-28,56.359375,streamflow,10154200,ft3/s,"['A', '[91]']",0
2008-08-29,54.294792,streamflow,10154200,ft3/s,"['A', '[91]']",0
2008-08-30,54.546875,streamflow,10154200,ft3/s,"['A', '[91]']",0
2008-08-31,58.09271,streamflow,10154200,ft3/s,"['A', '[91]']",0
2008-09-01,91.558334,streamflow,10154200,ft3/s,"['A', '[91]']",0
2008-09-02,91.73542,streamflow,10154200,ft3/s,"['A', '[91]']",0
2008-09-03,77.13959,streamflow,10154200,ft3/s,"['A', '[91]']",0
2008-09-04,67.30312,streamflow,10154200,ft3/s,"['A', '[91]']",0
2008-09-05,66.05625,streamflow,10154200,ft3/s,"['A', '[91]']",0
2008-09-06,64.905205,streamflow,10154200,ft3/s,"['A', '[91]']",0
2008-09-07,64.47188,streamflow,10154200,ft3/s,"['A', '[91]']",0
2008-09-08,64.30937,streamflow,10154200,ft3/s,"['A', '[91]']",0
2008-09-09,64.41771,streamflow,10154200,ft3/s,"['A', '[91]']",0
2008-09-10,72.85729,streamflow,10154200,ft3/s,"['A', '[91]']",0
2008-09-11,80.3,streamflow,10154200,ft3/s,"['A', '[91]']",0
2008-09-12,80.3,streamflow,10154200,ft3/s,"['A', '[91]']",0
2008-09-13,66.79584,streamflow,10154200,ft3/s,"['A', '[91]']",0
2008-09-14,57.504166,streamflow,10154200,ft3/s,"['A', '[91]']",0
2008-09-15,55.5875,streamflow,10154200,ft3/s,"['A', '[91]']",0
2008-09-16,67.76146,streamflow,10154200,ft3/s,"['A', '[91]']",0
2008-09-17,76.75729,streamflow,10154200,ft3/s,"['A', '[91]']",0
2008-09-18,79.22188,streamflow,10154200,ft3/s,"['A', '[91]']",0
2008-09-19,80.3,streamflow,10154200,ft3/s,"['A', '[91]']",0
2008-09-20,80.3,streamflow,10154200,ft3/s,"['A', '[91]']",0
2008-09-21,81.44063,streamflow,10154200,ft3/s,"['A', '[91]']",0
2008-09-22,81.8,streamflow,10154200,ft3/s,"['A', '[91]']",0
2008-09-23,81.8,streamflow,10154200,ft3/s,"['A', '[91]']",0
2008-09-24,81.8,streamflow,10154200,ft3/s,"['A', '[91]']",0
2008-09-25,81.8,streamflow,10154200,ft3/s,"['A', '[91]']",0
2008-09-26,74.816666,streamflow,10154200,ft3/s,"['A', '[91]']",0
2008-09-27,74.49375,streamflow,10154200,ft3/s,"['A', '[91]']",0
2008-09-28,77.245834,streamflow,10154200,ft3/s,"['A', '[91]']",0
2008-09-29,79.37813,streamflow,10154200,ft3/s,"['A', '[91]']",0
2008-09-30,80.3,streamflow,10154200,ft3/s,"['A', '[91]']",0
2008-10-01,76.433334,streamflow,10154200,ft3/s,"['A', '[91]']",0
2008-10-02,65.94211,streamflow,10154200,ft3/s,"['A', '[91]']",0
2008-10-03,61.18646,streamflow,10154200,ft3/s,"['A', '[91]']",0
2008-10-04,63.818752,streamflow,10154200,ft3/s,"['A', '[91]']",0
2008-10-05,83.60521,streamflow,10154200,ft3/s,"['A', '[91]']",0
2008-10-06,75.15312,streamflow,10154200,ft3/s,"['A', '[91]']",0
2008-10-07,68.64896,streamflow,10154200,ft3/s,"['A', '[91]']",0
2008-10-08,62.7375,streamflow,10154200,ft3/s,"['A', '[91]']",0
2008-10-09,61.6,streamflow,10154200,ft3/s,"['A', '[91]']",0
2008-10-10,63.697914,streamflow,10154200,ft3/s,"['A', '[91]']",0
2008-10-11,63.346874,streamflow,10154200,ft3/s,"['A', '[91]']",0
2008-10-12,64.24062,streamflow,10154200,ft3/s,"['A', '[91]']",0
2008-10-13,60.35521,streamflow,10154200,ft3/s,"['A', '[91]']",0
2008-10-14,58.951042,streamflow,10154200,ft3/s,"['A', '[91]']",0
2008-10-15,57.4,streamflow,10154200,ft3/s,"['A', '[91]']",0
2008-10-16,55.547916,streamflow,10154200,ft3/s,"['A', '[91]']",0
2008-10-17,54.160416,streamflow,10154200,ft3/s,"['A', '[91]']",0
2008-10-18,53.425,streamflow,10154200,ft3/s,"['A', '[91]']",0
2008-10-19,52.475,streamflow,10154200,ft3/s,"['A', '[91]']",0
2008-10-20,52.55521,streamflow,10154200,ft3/s,"['A', '[91]']",0
2008-10-21,52.21146,streamflow,10154200,ft3/s,"['A', '[91]']",0
2008-10-22,49.44896,streamflow,10154200,ft3/s,"['A', '[91]']",0
2008-10-23,48.716667,streamflow,10154200,ft3/s,"['A', '[91]']",0
2008-10-24,51.060417,streamflow,10154200,ft3/s,"['A', '[91]']",0
2008-10-25,50.74271,streamflow,10154200,ft3/s,"['A', '[91]']",0
2008-10-26,50.32083,streamflow,10154200,ft3/s,"['A', '[91]']",0
2008-10-27,49.541668,streamflow,10154200,ft3/s,"['A', '[91]']",0
2008-10-28,49.068752,streamflow,10154200,ft3/s,"['A', '[91]']",0
2008-10-29,49.164585,streamflow,10154200,ft3/s,"['A', '[91]']",0
2008-10-30,49.232292,streamflow,10154200,ft3/s,"['A', '[91]']",0
2008-10-31,48.620834,streamflow,10154200,ft3/s,"['A', '[91]']",0
2008-11-01,49.175003,streamflow,10154200,ft3/s,"['A', '[91]']",0
2008-11-02,50.9875,streamflow,10154200,ft3/s,"['A', '[91]']",0
2008-11-03,64.972916,streamflow,10154200,ft3/s,"['A', '[91]']",0
2008-11-04,60.93125,streamflow,10154200,ft3/s,"['A', '[91]']",0
2008-11-05,59.364582,streamflow,10154200,ft3/s,"['A', '[91]']",0
2008-11-06,49.053123,streamflow,10154200,ft3/s,"['A', '[91]']",0
2008-11-07,57.39479,streamflow,10154200,ft3/s,"['A', '[91]']",0
2008-11-08,58.690624,streamflow,10154200,ft3/s,"['A', '[91]']",0
2008-11-09,57.3875,streamflow,10154200,ft3/s,"['A', '[91]']",0
2008-11-10,57.2875,streamflow,10154200,ft3/s,"['A', '[91]']",0
2008-11-11,57.75,streamflow,10154200,ft3/s,"['A', '[91]']",0
2008-11-12,56.9875,streamflow,10154200,ft3/s,"['A', '[91]']",0
2008-11-13,58.075,streamflow,10154200,ft3/s,"['A', '[91]']",0
2008-11-14,60.033333,streamflow,10154200,ft3/s,"['A', '[91]']",0
2008-11-15,48.111458,streamflow,10154200,ft3/s,"['A', '[91]']",0
2008-11-16,56.64375,streamflow,10154200,ft3/s,"['A', '[91]']",0
2008-11-17,55.580208,streamflow,10154200,ft3/s,"['A', '[91]']",0
2008-11-18,54.578125,streamflow,10154200,ft3/s,"['A', '[91]']",0
2008-11-19,53.835415,streamflow,10154200,ft3/s,"['A', '[91]']",0
2008-11-20,54.516666,streamflow,10154200,ft3/s,"['A', '[91]']",0
2008-11-21,51.258335,streamflow,10154200,ft3/s,"['A', '[91]']",0
2008-11-22,42.295834,streamflow,10154200,ft3/s,"['A', '[91]']",0
2008-11-23,48.795834,streamflow,10154200,ft3/s,"['A', '[91]']",0
2008-11-24,41.711456,streamflow,10154200,ft3/s,"['A', '[91]']",0
2008-11-25,46.30521,streamflow,10154200,ft3/s,"['A', '[91]']",0
2008-11-26,49.28021,streamflow,10154200,ft3/s,"['A', '[91]']",0
2008-11-27,54.166668,streamflow,10154200,ft3/s,"['A', '[91]']",0
2008-11-28,51.1875,streamflow,10154200,ft3/s,"['A', '[91]']",0
2008-11-29,49.729168,streamflow,10154200,ft3/s,"['A', '[91]']",0
2008-11-30,51.24896,streamflow,10154200,ft3/s,"['A', '[91]']",0
2008-12-01,49.306248,streamflow,10154200,ft3/s,"['A', '[91]']",0
2008-12-02,49.661457,streamflow,10154200,ft3/s,"['A', '[91]']",0
2008-12-03,51.53854,streamflow,10154200,ft3/s,"['A', '[91]']",0
2008-12-04,46.13229,streamflow,10154200,ft3/s,"['A', '[91]']",0
2008-12-05,39.403126,streamflow,10154200,ft3/s,"['A', '[91]']",0
2008-12-06,45.920834,streamflow,10154200,ft3/s,"['A', '[91]']",0
2008-12-07,52.159374,streamflow,10154200,ft3/s,"['A', '[91]']",0
2008-12-08,48.146873,streamflow,10154200,ft3/s,"['A', '[91]']",0
2008-12-09,45.463543,streamflow,10154200,ft3/s,"['A', '[91]']",0
2008-12-10,41.53229,streamflow,10154200,ft3/s,"['A', '[91]']",0
2008-12-11,47.2125,streamflow,10154200,ft3/s,"['A', '[91]']",0
2008-12-12,48.807293,streamflow,10154200,ft3/s,"['A', '[91]']",0
2008-12-13,49.04271,streamflow,10154200,ft3/s,"['A', '[91]']",0
2008-12-14,45.121876,streamflow,10154200,ft3/s,"['A', '[91]']",0
2008-12-15,41.184376,streamflow,10154200,ft3/s,"['A', '[91]']",0
2008-12-16,45.00833,streamflow,10154200,ft3/s,"['A', '[91]']",0
2008-12-17,45.270832,streamflow,10154200,ft3/s,"['A', '[91]']",0
2008-12-18,47.990627,streamflow,10154200,ft3/s,"['A', '[91]']",0
2008-12-19,49.232292,streamflow,10154200,ft3/s,"['A', '[91]']",0
2008-12-20,48.465626,streamflow,10154200,ft3/s,"['A', '[91]']",0
2008-12-21,48.0875,streamflow,10154200,ft3/s,"['A', '[91]']",0
2008-12-22,50.35521,streamflow,10154200,ft3/s,"['A', '[91]']",0
2008-12-23,51.455208,streamflow,10154200,ft3/s,"['A', '[91]']",0
2008-12-24,50.584373,streamflow,10154200,ft3/s,"['A', '[91]']",0
2008-12-25,50.996876,streamflow,10154200,ft3/s,"['A', '[91]']",0
2008-12-26,50.89375,streamflow,10154200,ft3/s,"['A', '[91]']",0
2008-12-27,50.401043,streamflow,10154200,ft3/s,"['A', '[91]']",0
2008-12-28,52.54375,streamflow,10154200,ft3/s,"['A', '[91]']",0
2008-12-29,52.841667,streamflow,10154200,ft3/s,"['A', '[91]']",0
2008-12-30,51.294792,streamflow,10154200,ft3/s,"['A', '[91]']",0
2008-12-31,49.071877,streamflow,10154200,ft3/s,"['A', '[91]']",0
2009-01-01,49.228127,streamflow,10154200,ft3/s,"['A', '[91]']",0
2009-01-02,48.83542,streamflow,10154200,ft3/s,"['A', '[91]']",0
2009-01-03,49.115627,streamflow,10154200,ft3/s,"['A', '[91]']",0
2009-01-04,41.49167,streamflow,10154200,ft3/s,"['A', '[91]']",0
2009-01-05,40.87604,streamflow,10154200,ft3/s,"['A', '[91]']",0
2009-01-06,47.266666,streamflow,10154200,ft3/s,"['A', '[91]']",0
2009-01-07,50.88229,streamflow,10154200,ft3/s,"['A', '[91]']",0
2009-01-08,52.28021,streamflow,10154200,ft3/s,"['A', '[91]']",0
2009-01-09,51.134373,streamflow,10154200,ft3/s,"['A', '[91]']",0
2009-01-10,48.93854,streamflow,10154200,ft3/s,"['A', '[91]']",0
2009-01-11,49.037502,streamflow,10154200,ft3/s,"['A', '[91]']",0
2009-01-12,49.346874,streamflow,10154200,ft3/s,"['A', '[91]']",0
2009-01-13,48.9,streamflow,10154200,ft3/s,"['A', '[91]']",0
2009-01-14,48.265625,streamflow,10154200,ft3/s,"['A', '[91]']",0
2009-01-15,47.69896,streamflow,10154200,ft3/s,"['A', '[91]']",0
2009-01-16,47.33646,streamflow,10154200,ft3/s,"['A', '[91]']",0
2009-01-17,46.78021,streamflow,10154200,ft3/s,"['A', '[91]']",0
2009-01-18,45.94479,streamflow,10154200,ft3/s,"['A', '[91]']",0
2009-01-19,45.75833,streamflow,10154200,ft3/s,"['A', '[91]']",0
2009-01-20,45.716667,streamflow,10154200,ft3/s,"['A', '[91]']",0
2009-01-21,46.05521,streamflow,10154200,ft3/s,"['A', '[91]']",0
2009-01-22,46.99375,streamflow,10154200,ft3/s,"['A', '[91]']",0
2009-01-23,50.15,streamflow,10154200,ft3/s,"['A', '[91]']",0
2009-01-24,51.58125,streamflow,10154200,ft3/s,"['A', '[91]']",0
2009-01-25,52.73854,streamflow,10154200,ft3/s,"['A', '[91]']",0
2009-01-26,53.07083,streamflow,10154200,ft3/s,"['A', '[91]']",0
2009-01-27,49.40521,streamflow,10154200,ft3/s,"['A', '[91]']",0
2009-01-28,49.427086,streamflow,10154200,ft3/s,"['A', '[91]']",0
2009-01-29,52.921875,streamflow,10154200,ft3/s,"['A', '[91]']",0
2009-01-30,50.314583,streamflow,10154200,ft3/s,"['A', '[91]']",0
2009-01-31,50.850002,streamflow,10154200,ft3/s,"['A', '[91]']",0
2009-02-01,49.5,streamflow,10154200,ft3/s,"['A', '[91]']",0
2009-02-02,47.610416,streamflow,10154200,ft3/s,"['A', '[91]']",0
2009-02-03,48.853127,streamflow,10154200,ft3/s,"['A', '[91]']",0
2009-02-04,48.566666,streamflow,10154200,ft3/s,"['A', '[91]']",0
2009-02-05,48.19167,streamflow,10154200,ft3/s,"['A', '[91]']",0
2009-02-06,47.9,streamflow,10154200,ft3/s,"['A', '[91]']",0
2009-02-07,47.9,streamflow,10154200,ft3/s,"['A', '[91]']",0
2009-02-08,47.9,streamflow,10154200,ft3/s,"['A', '[91]']",0
2009-02-09,48.943752,streamflow,10154200,ft3/s,"['A', '[91]']",0
2009-02-10,49.175,streamflow,10154200,ft3/s,"['A', '[91]']",0
2009-02-11,50.309376,streamflow,10154200,ft3/s,"['A', '[91]']",0
2009-02-12,49.410416,streamflow,10154200,ft3/s,"['A', '[91]']",0
2009-02-13,50.025,streamflow,10154200,ft3/s,"['A', '[91]']",0
2009-02-14,49.79271,streamflow,10154200,ft3/s,"['A', '[91]']",0
2009-02-15,48.91042,streamflow,10154200,ft3/s,"['A', '[91]']",0
2009-02-16,48.613544,streamflow,10154200,ft3/s,"['A', '[91]']",0
2009-02-17,49.17917,streamflow,10154200,ft3/s,"['A', '[91]']",0
2009-02-18,48.766666,streamflow,10154200,ft3/s,"['A', '[91]']",0
2009-02-19,48.935417,streamflow,10154200,ft3/s,"['A', '[91]']",0
2009-02-20,46.919792,streamflow,10154200,ft3/s,"['A', '[91]']",0
2009-02-21,47.923958,streamflow,10154200,ft3/s,"['A', '[91]']",0
2009-02-22,49.165627,streamflow,10154200,ft3/s,"['A', '[91]']",0
2009-02-23,48.702084,streamflow,10154200,ft3/s,"['A', '[91]']",0
2009-02-24,50.252083,streamflow,10154200,ft3/s,"['A', '[91]']",0
2009-02-25,51.951042,streamflow,10154200,ft3/s,"['A', '[91]']",0
2009-02-26,51.347916,streamflow,10154200,ft3/s,"['A', '[91]']",0
2009-02-27,49.61771,streamflow,10154200,ft3/s,"['A', '[91]']",0
2009-02-28,39.077084,streamflow,10154200,ft3/s,"['A', '[91]']",0
2009-03-01,54.370834,streamflow,10154200,ft3/s,"['A', '[91]']",0
2009-03-02,52.77604,streamflow,10154200,ft3/s,"['A', '[91]']",0
2009-03-03,52.1875,streamflow,10154200,ft3/s,"['A', '[91]']",0
2009-03-04,56.684376,streamflow,10154200,ft3/s,"['A', '[91]']",0
2009-03-05,55.077084,streamflow,10154200,ft3/s,"['A', '[91]']",0
2009-03-06,41.635418,streamflow,10154200,ft3/s,"['A', '[91]']",0
2009-03-07,52.485416,streamflow,10154200,ft3/s,"['A', '[91]']",0
2009-03-08,48.328125,streamflow,10154200,ft3/s,"['A', '[91]']",0
2009-03-09,57.19583,streamflow,10154200,ft3/s,"['A', '[91]']",0
2009-03-10,47.63646,streamflow,10154200,ft3/s,"['A', '[91]']",0
2009-03-11,47.18646,streamflow,10154200,ft3/s,"['A', '[91]']",0
2009-03-12,53.196877,streamflow,10154200,ft3/s,"['A', '[91]']",0
2009-03-13,48.4625,streamflow,10154200,ft3/s,"['A', '[91]']",0
2009-03-14,49.615623,streamflow,10154200,ft3/s,"['A', '[91]']",0
2009-03-15,53.389584,streamflow,10154200,ft3/s,"['A', '[91]']",0
2009-03-16,53.759377,streamflow,10154200,ft3/s,"['A', '[91]']",0
2009-03-17,59.48854,streamflow,10154200,ft3/s,"['A', '[91]']",0
2009-03-18,66.51146,streamflow,10154200,ft3/s,"['A', '[91]']",0
2009-03-19,74.93229,streamflow,10154200,ft3/s,"['A', '[91]']",0
2009-03-20,83.00625,streamflow,10154200,ft3/s,"['A', '[91]']",0
2009-03-21,105.45,streamflow,10154200,ft3/s,"['A', '[91]']",0
2009-03-22,126.166664,streamflow,10154200,ft3/s,"['A', '[91]']",0
2009-03-23,107.60729,streamflow,10154200,ft3/s,"['A', '[91]']",0
2009-03-24,93.44688,streamflow,10154200,ft3/s,"['A', '[91]']",0
2009-03-25,87.54792,streamflow,10154200,ft3/s,"['A', '[91]']",0
2009-03-26,80.28021,streamflow,10154200,ft3/s,"['A', '[91]']",0
2009-03-27,71.5625,streamflow,10154200,ft3/s,"['A', '[91]']",0
2009-03-28,86.927086,streamflow,10154200,ft3/s,"['A', '[91]']",0
2009-03-29,88.47604,streamflow,10154200,ft3/s,"['A', '[91]']",0
2009-03-30,72.41458,streamflow,10154200,ft3/s,"['A', '[91]']",0
2009-03-31,72.66702,streamflow,10154200,ft3/s,"['A', '[91]']",0
2009-04-01,75.61562,streamflow,10154200,ft3/s,"['A', '[91]']",0
2009-04-02,73.74271,streamflow,10154200,ft3/s,"['A', '[91]']",0
2009-04-03,76.447914,streamflow,10154200,ft3/s,"['A', '[91]']",0
2009-04-04,75.44688,streamflow,10154200,ft3/s,"['A', '[91]']",0
2009-04-05,71.745834,streamflow,10154200,ft3/s,"['A', '[91]']",0
2009-04-06,70.36354,streamflow,10154200,ft3/s,"['A', '[91]']",0
2009-04-07,84.061455,streamflow,10154200,ft3/s,"['A', '[91]']",0
2009-04-08,98.36562,streamflow,10154200,ft3/s,"['A', '[91]']",0
2009-04-09,92.714584,streamflow,10154200,ft3/s,"['A', '[91]']",0
2009-04-10,85.88438,streamflow,10154200,ft3/s,"['A', '[91]']",0
2009-04-11,90.71042,streamflow,10154200,ft3/s,"['A', '[91]']",0
2009-04-12,94.625,streamflow,10154200,ft3/s,"['A', '[91]']",0
2009-04-13,101.719795,streamflow,10154200,ft3/s,"['A', '[91]']",0
2009-04-14,127.052086,streamflow,10154200,ft3/s,"['A', '[91]']",0
2009-04-15,180.63542,streamflow,10154200,ft3/s,"['A', '[91]']",0
2009-04-16,148.05208,streamflow,10154200,ft3/s,"['A', '[91]']",0
2009-04-17,128.48958,streamflow,10154200,ft3/s,"['A', '[91]']",0
2009-04-18,154.44792,streamflow,10154200,ft3/s,"['A', '[91]']",0
2009-04-19,211.44792,streamflow,10154200,ft3/s,"['A', '[91]']",0
2009-04-20,294.14584,streamflow,10154200,ft3/s,"['A', '[91]']",0
2009-04-21,390.02084,streamflow,10154200,ft3/s,"['A', '[91]']",0
2009-04-22,494.78125,streamflow,10154200,ft3/s,"['A', '[91]']",0
2009-04-23,597.15625,streamflow,10154200,ft3/s,"['A', '[91]']",0
2009-04-24,664.51044,streamflow,10154200,ft3/s,"['A', '[91]']",0
2009-04-25,672.7917,streamflow,10154200,ft3/s,"['A', '[91]']",0
2009-04-26,550.125,streamflow,10154200,ft3/s,"['A', '[91]']",0
2009-04-27,444.8229,streamflow,10154200,ft3/s,"['A', '[91]']",0
2009-04-28,407.40625,streamflow,10154200,ft3/s,"['A', '[91]']",0
2009-04-29,429.5,streamflow,10154200,ft3/s,"['A', '[91]']",0
2009-04-30,492.0729,streamflow,10154200,ft3/s,"['A', '[91]']",0
2009-05-01,567.375,streamflow,10154200,ft3/s,"['A', '[91]']",0
2009-05-02,613.36456,streamflow,10154200,ft3/s,"['A', '[91]']",0
2009-05-03,602.96875,streamflow,10154200,ft3/s,"['A', '[91]']",0
2009-05-04,560.42706,streamflow,10154200,ft3/s,"['A', '[91]']",0
2009-05-05,513.0208,streamflow,10154200,ft3/s,"['A', '[91]']",0
2009-05-06,568.3542,streamflow,10154200,ft3/s,"['A', '[91]']",0
2009-05-07,735.28125,streamflow,10154200,ft3/s,"['A', '[91]']",0
2009-05-08,904.78125,streamflow,10154200,ft3/s,"['A', '[91]']",0
2009-05-09,909.42706,streamflow,10154200,ft3/s,"['A', '[91]']",0
2009-05-10,884.92706,streamflow,10154200,ft3/s,"['A', '[91]']",0
2009-05-11,976.07294,streamflow,10154200,ft3/s,"['A', '[91]']",0
2009-05-12,1257.7084,streamflow,10154200,ft3/s,"['A', '[91]']",0
2009-05-13,1366.5625,streamflow,10154200,ft3/s,"['A', '[91]']",0
2009-05-14,1183.3334,streamflow,10154200,ft3/s,"['A', '[91]']",0
2009-05-15,1143.75,streamflow,10154200,ft3/s,"['A', '[91]']",0
2009-05-16,1243.5416,streamflow,10154200,ft3/s,"['A', '[91]']",0
2009-05-17,1356.875,streamflow,10154200,ft3/s,"['A', '[91]']",0
2009-05-18,1563.125,streamflow,10154200,ft3/s,"['A', '[91]']",0
2009-05-19,1841.5464,streamflow,10154200,ft3/s,"['A', '[91]']",0
2009-05-20,1820.3125,streamflow,10154200,ft3/s,"['A', '[91]']",0
2009-05-21,1718.2291,streamflow,10154200,ft3/s,"['A', '[91]']",0
2009-05-22,1664.7916,streamflow,10154200,ft3/s,"['A', '[91]']",0
2009-05-23,1435.8334,streamflow,10154200,ft3/s,"['A', '[91]']",0
2009-05-24,1445.0,streamflow,10154200,ft3/s,"['A', '[91]']",0
2009-05-25,1461.0416,streamflow,10154200,ft3/s,"['A', '[91]']",0
2009-05-26,1417.8125,streamflow,10154200,ft3/s,"['A', '[91]']",0
2009-05-27,1449.8959,streamflow,10154200,ft3/s,"['A', '[91]']",0
2009-05-28,1395.4166,streamflow,10154200,ft3/s,"['A', '[91]']",0
2009-05-29,1334.375,streamflow,10154200,ft3/s,"['A', '[91]']",0
2009-05-30,1253.6459,streamflow,10154200,ft3/s,"['A', '[91]']",0
2009-05-31,1246.9791,streamflow,10154200,ft3/s,"['A', '[91]']",0
2009-06-01,1210.9375,streamflow,10154200,ft3/s,"['A', '[91]']",0
2009-06-02,1216.6666,streamflow,10154200,ft3/s,"['A', '[91]']",0
2009-06-03,1155.1041,streamflow,10154200,ft3/s,"['A', '[91]']",0
2009-06-04,1147.8125,streamflow,10154200,ft3/s,"['A', '[91]']",0
2009-06-05,1060.2084,streamflow,10154200,ft3/s,"['A', '[91]']",0
2009-06-06,985.53125,streamflow,10154200,ft3/s,"['A', '[91]']",0
2009-06-07,923.6667,streamflow,10154200,ft3/s,"['A', '[91]']",0
2009-06-08,892.2083,streamflow,10154200,ft3/s,"['A', '[91]']",0
2009-06-09,824.40625,streamflow,10154200,ft3/s,"['A', '[91]']",0
2009-06-10,805.375,streamflow,10154200,ft3/s,"['A', '[91]']",0
2009-06-11,785.8542,streamflow,10154200,ft3/s,"['A', '[91]']",0
2009-06-12,688.44794,streamflow,10154200,ft3/s,"['A', '[91]']",0
2009-06-13,663.13544,streamflow,10154200,ft3/s,"['A', '[91]']",0
2009-06-14,656.98956,streamflow,10154200,ft3/s,"['A', '[91]']",0
2009-06-15,646.7292,streamflow,10154200,ft3/s,"['A', '[91]']",0
2009-06-16,592.11456,streamflow,10154200,ft3/s,"['A', '[91]']",0
2009-06-17,633.38544,streamflow,10154200,ft3/s,"['A', '[91]']",0
2009-06-18,866.78125,streamflow,10154200,ft3/s,"['A', '[91]']",0
2009-06-19,819.2292,streamflow,10154200,ft3/s,"['A', '[91]']",0
2009-06-20,708.4375,streamflow,10154200,ft3/s,"['A', '[91]']",0
2009-06-21,797.76044,streamflow,10154200,ft3/s,"['A', '[91]']",0
2009-06-22,694.05206,streamflow,10154200,ft3/s,"['A', '[91]']",0
2009-06-23,613.59375,streamflow,10154200,ft3/s,"['A', '[91]']",0
2009-06-24,549.6042,streamflow,10154200,ft3/s,"['A', '[91]']",0
2009-06-25,515.1667,streamflow,10154200,ft3/s,"['A', '[91]']",0
2009-06-26,523.5,streamflow,10154200,ft3/s,"['A', '[91]']",0
2009-06-27,514.15625,streamflow,10154200,ft3/s,"['A', '[91]']",0
2009-06-28,463.0104,streamflow,10154200,ft3/s,"['A', '[91]']",0
2009-06-29,409.96875,streamflow,10154200,ft3/s,"['A', '[91]']",0
2009-06-30,368.6979,streamflow,10154200,ft3/s,"['A', '[91]']",0
2009-07-01,336.2396,streamflow,10154200,ft3/s,"['A', '[91]']",0
2009-07-02,332.20834,streamflow,10154200,ft3/s,"['A', '[91]']",0
2009-07-03,375.6146,streamflow,10154200,ft3/s,"['A', '[91]']",0
2009-07-04,341.29166,streamflow,10154200,ft3/s,"['A', '[91]']",0
2009-07-05,275.85416,streamflow,10154200,ft3/s,"['A', '[91]']",0
2009-07-06,278.375,streamflow,10154200,ft3/s,"['A', '[91]']",0
2009-07-07,270.7396,streamflow,10154200,ft3/s,"['A', '[91]']",0
2009-07-08,248.8125,streamflow,10154200,ft3/s,"['A', '[91]']",0
2009-07-09,232.10417,streamflow,10154200,ft3/s,"['A', '[91]']",0
2009-07-10,214.875,streamflow,10154200,ft3/s,"['A', '[91]']",0
2009-07-11,206.9375,streamflow,10154200,ft3/s,"['A', '[91]']",0
2009-07-12,195.875,streamflow,10154200,ft3/s,"['A', '[91]']",0
2009-07-13,184.75,streamflow,10154200,ft3/s,"['A', '[91]']",0
2009-07-14,172.5625,streamflow,10154200,ft3/s,"['A', '[91]']",0
2009-07-15,162.17708,streamflow,10154200,ft3/s,"['A', '[91]']",0
2009-07-16,151.63542,streamflow,10154200,ft3/s,"['A', '[91]']",0
2009-07-17,136.96875,streamflow,10154200,ft3/s,"['A', '[91]']",0
2009-07-18,118.572914,streamflow,10154200,ft3/s,"['A', '[91]']",0
2009-07-19,126.90625,streamflow,10154200,ft3/s,"['A', '[91]']",0
2009-07-20,126.666664,streamflow,10154200,ft3/s,"['A', '[91]']",0
2009-07-21,119.40625,streamflow,10154200,ft3/s,"['A', '[91]']",0
2009-07-22,116.3125,streamflow,10154200,ft3/s,"['A', '[91]']",0
2009-07-23,114.75,streamflow,10154200,ft3/s,"['A', '[91]']",0
2009-07-24,112.25,streamflow,10154200,ft3/s,"['A', '[91]']",0
2009-07-25,110.958336,streamflow,10154200,ft3/s,"['A', '[91]']",0
2009-07-26,111.333336,streamflow,10154200,ft3/s,"['A', '[91]']",0
2009-07-27,115.447914,streamflow,10154200,ft3/s,"['A', '[91]']",0
2009-07-28,109.9375,streamflow,10154200,ft3/s,"['A', '[91]']",0
2009-07-29,104.25,streamflow,10154200,ft3/s,"['A', '[91]']",0
2009-07-30,101.19479,streamflow,10154200,ft3/s,"['A', '[91]']",0
2009-07-31,95.847916,streamflow,10154200,ft3/s,"['A', '[91]']",0
2009-08-01,93.833336,streamflow,10154200,ft3/s,"['A', '[91]']",0
2009-08-02,91.00208,streamflow,10154200,ft3/s,"['A', '[91]']",0
2009-08-03,90.4,streamflow,10154200,ft3/s,"['A', '[91]']",0
2009-08-04,87.95,streamflow,10154200,ft3/s,"['A', '[91]']",0
2009-08-05,87.33333,streamflow,10154200,ft3/s,"['A', '[91]']",0
2009-08-06,86.938545,streamflow,10154200,ft3/s,"['A', '[91]']",0
2009-08-07,92.79896,streamflow,10154200,ft3/s,"['A', '[91]']",0
2009-08-08,87.86667,streamflow,10154200,ft3/s,"['A', '[91]']",0
2009-08-09,87.6,streamflow,10154200,ft3/s,"['A', '[91]']",0
2009-08-10,85.63333,streamflow,10154200,ft3/s,"['A', '[91]']",0
2009-08-11,82.62708,streamflow,10154200,ft3/s,"['A', '[91]']",0
2009-08-12,80.3125,streamflow,10154200,ft3/s,"['A', '[91]']",0
2009-08-13,79.765625,streamflow,10154200,ft3/s,"['A', '[91]']",0
2009-08-14,80.734375,streamflow,10154200,ft3/s,"['A', '[91]']",0
2009-08-15,84.51667,streamflow,10154200,ft3/s,"['A', '[91]']",0
2009-08-16,90.254166,streamflow,10154200,ft3/s,"['A', '[91]']",0
2009-08-17,83.808334,streamflow,10154200,ft3/s,"['A', '[91]']",0
2009-08-18,80.703125,streamflow,10154200,ft3/s,"['A', '[91]']",0
2009-08-19,79.71875,streamflow,10154200,ft3/s,"['A', '[91]']",0
2009-08-20,79.421875,streamflow,10154200,ft3/s,"['A', '[91]']",0
2009-08-21,77.828125,streamflow,10154200,ft3/s,"['A', '[91]']",0
2009-08-22,75.421875,streamflow,10154200,ft3/s,"['A', '[91]']",0
2009-08-23,74.0375,streamflow,10154200,ft3/s,"['A', '[91]']",0
2009-08-24,77.37708,streamflow,10154200,ft3/s,"['A', '[91]']",0
2009-08-25,75.61146,streamflow,10154200,ft3/s,"['A', '[91]']",0
2009-08-26,81.675,streamflow,10154200,ft3/s,"['A', '[91]']",0
2009-08-27,84.09062,streamflow,10154200,ft3/s,"['A', '[91]']",0
2009-08-28,82.73541,streamflow,10154200,ft3/s,"['A', '[91]']",0
2009-08-29,82.984375,streamflow,10154200,ft3/s,"['A', '[91]']",0
2009-08-30,82.796875,streamflow,10154200,ft3/s,"['A', '[91]']",0
2009-08-31,81.546875,streamflow,10154200,ft3/s,"['A', '[91]']",0
2009-09-01,75.518745,streamflow,10154200,ft3/s,"['A', '[91]']",0
2009-09-02,73.64687,streamflow,10154200,ft3/s,"['A', '[91]']",0
2009-09-03,73.9125,streamflow,10154200,ft3/s,"['A', '[91]']",0
2009-09-04,73.92812,streamflow,10154200,ft3/s,"['A', '[91]']",0
2009-09-05,74.97813,streamflow,10154200,ft3/s,"['A', '[91]']",0
2009-09-06,78.203125,streamflow,10154200,ft3/s,"['A', '[91]']",0
2009-09-07,75.11458,streamflow,10154200,ft3/s,"['A', '[91]']",0
2009-09-08,75.38229,streamflow,10154200,ft3/s,"['A', '[91]']",0
2009-09-09,75.1,streamflow,10154200,ft3/s,"['A', '[91]']",0
2009-09-10,75.487495,streamflow,10154200,ft3/s,"['A', '[91]']",0
2009-09-11,73.6,streamflow,10154200,ft3/s,"['A', '[91]']",0
2009-09-12,73.81979,streamflow,10154200,ft3/s,"['A', '[91]']",0
2009-09-13,73.6,streamflow,10154200,ft3/s,"['A', '[91]']",0
2009-09-14,75.589584,streamflow,10154200,ft3/s,"['A', '[91]']",0
2009-09-15,95.94375,streamflow,10154200,ft3/s,"['A', '[91]']",0
2009-09-16,85.40833,streamflow,10154200,ft3/s,"['A', '[91]']",0
2009-09-17,82.78854,streamflow,10154200,ft3/s,"['A', '[91]']",0
2009-09-18,84.833336,streamflow,10154200,ft3/s,"['A', '[91]']",0
2009-09-19,84.27604,streamflow,10154200,ft3/s,"['A', '[91]']",0
2009-09-20,91.53021,streamflow,10154200,ft3/s,"['A', '[91]']",0
2009-09-21,95.06146,streamflow,10154200,ft3/s,"['A', '[91]']",0
2009-09-22,88.82916,streamflow,10154200,ft3/s,"['A', '[91]']",0
2009-09-23,83.13021,streamflow,10154200,ft3/s,"['A', '[91]']",0
2009-09-24,76.50313,streamflow,10154200,ft3/s,"['A', '[91]']",0
2009-09-25,75.1,streamflow,10154200,ft3/s,"['A', '[91]']",0
2009-09-26,76.05,streamflow,10154200,ft3/s,"['A', '[91]']",0
2009-09-27,76.339584,streamflow,10154200,ft3/s,"['A', '[91]']",0
2009-09-28,75.05312,streamflow,10154200,ft3/s,"['A', '[91]']",0
2009-09-29,73.6,streamflow,10154200,ft3/s,"['A', '[91]']",0
2009-09-30,78.566666,streamflow,10154200,ft3/s,"['A', '[91]']",0
2009-10-01,85.79896,streamflow,10154200,ft3/s,"['A', '[91]']",0
2009-10-02,81.51667,streamflow,10154200,ft3/s,"['A', '[91]']",0
2009-10-03,82.84375,streamflow,10154200,ft3/s,"['A', '[91]']",0
2009-10-04,82.76667,streamflow,10154200,ft3/s,"['A', '[91]']",0
2009-10-05,88.683334,streamflow,10154200,ft3/s,"['A', '[91]']",0
2009-10-06,83.4625,streamflow,10154200,ft3/s,"['A', '[91]']",0
2009-10-07,80.6875,streamflow,10154200,ft3/s,"['A', '[91]']",0
2009-10-08,75.56458,streamflow,10154200,ft3/s,"['A', '[91]']",0
2009-10-09,73.4125,streamflow,10154200,ft3/s,"['A', '[91]']",0
2009-10-10,71.675,streamflow,10154200,ft3/s,"['A', '[91]']",0
2009-10-11,70.25833,streamflow,10154200,ft3/s,"['A', '[91]']",0
2009-10-12,70.8,streamflow,10154200,ft3/s,"['A', '[91]']",0
2009-10-13,72.61146,streamflow,10154200,ft3/s,"['A', '[91]']",0
2009-10-14,80.390625,streamflow,10154200,ft3/s,"['A', '[91]']",0
2009-10-15,88.683334,streamflow,10154200,ft3/s,"['A', '[91]']",0
2009-10-16,81.933334,streamflow,10154200,ft3/s,"['A', '[91]']",0
2009-10-17,77.015625,streamflow,10154200,ft3/s,"['A', '[91]']",0
2009-10-18,75.552086,streamflow,10154200,ft3/s,"['A', '[91]']",0
2009-10-19,74.70833,streamflow,10154200,ft3/s,"['A', '[91]']",0
2009-10-20,73.6,streamflow,10154200,ft3/s,"['A', '[91]']",0
2009-10-21,73.01666,streamflow,10154200,ft3/s,"['A', '[91]']",0
2009-10-22,71.39792,streamflow,10154200,ft3/s,"['A', '[91]']",0
2009-10-23,69.51354,streamflow,10154200,ft3/s,"['A', '[91]']",0
2009-10-24,69.67604,streamflow,10154200,ft3/s,"['A', '[91]']",0
2009-10-25,70.58854,streamflow,10154200,ft3/s,"['A', '[91]']",0
2009-10-26,65.00729,streamflow,10154200,ft3/s,"['A', '[91]']",0
2009-10-27,67.655205,streamflow,10154200,ft3/s,"['A', '[91]']",0
2009-10-28,65.5375,streamflow,10154200,ft3/s,"['A', '[91]']",0
2009-10-29,59.458332,streamflow,10154200,ft3/s,"['A', '[91]']",0
2009-10-30,66.01459,streamflow,10154200,ft3/s,"['A', '[91]']",0
2009-10-31,65.96042,streamflow,10154200,ft3/s,"['A', '[91]']",0
2009-11-01,65.229164,streamflow,10154200,ft3/s,"['A', '[91]']",0
2009-11-02,65.55417,streamflow,10154200,ft3/s,"['A', '[91]']",0
2009-11-03,63.604168,streamflow,10154200,ft3/s,"['A', '[91]']",0
2009-11-04,63.184376,streamflow,10154200,ft3/s,"['A', '[91]']",0
2009-11-05,63.211456,streamflow,10154200,ft3/s,"['A', '[91]']",0
2009-11-06,61.087498,streamflow,10154200,ft3/s,"['A', '[91]']",0
2009-11-07,60.432293,streamflow,10154200,ft3/s,"['A', '[91]']",0
2009-11-08,59.75,streamflow,10154200,ft3/s,"['A', '[91]']",0
2009-11-09,55.040627,streamflow,10154200,ft3/s,"['A', '[91]']",0
2009-11-10,59.884377,streamflow,10154200,ft3/s,"['A', '[91]']",0
2009-11-11,59.800003,streamflow,10154200,ft3/s,"['A', '[91]']",0
2009-11-12,59.8375,streamflow,10154200,ft3/s,"['A', '[91]']",0
2009-11-13,65.347916,streamflow,10154200,ft3/s,"['A', '[91]']",0
2009-11-14,50.68646,streamflow,10154200,ft3/s,"['A', '[91]']",0
2009-11-15,55.284374,streamflow,10154200,ft3/s,"['A', '[91]']",0
2009-11-16,50.809376,streamflow,10154200,ft3/s,"['A', '[91]']",0
2009-11-17,57.276043,streamflow,10154200,ft3/s,"['A', '[91]']",0
2009-11-18,58.225,streamflow,10154200,ft3/s,"['A', '[91]']",0
2009-11-19,55.85,streamflow,10154200,ft3/s,"['A', '[91]']",0
2009-11-20,52.60521,streamflow,10154200,ft3/s,"['A', '[91]']",0
2009-11-21,57.380207,streamflow,10154200,ft3/s,"['A', '[91]']",0
2009-11-22,50.40521,streamflow,10154200,ft3/s,"['A', '[91]']",0
2009-11-23,56.947918,streamflow,10154200,ft3/s,"['A', '[91]']",0
2009-11-24,47.098957,streamflow,10154200,ft3/s,"['A', '[91]']",0
2009-11-25,52.103127,streamflow,10154200,ft3/s,"['A', '[91]']",0
2009-11-26,54.754166,streamflow,10154200,ft3/s,"['A', '[91]']",0
2009-11-27,55.335415,streamflow,10154200,ft3/s,"['A', '[91]']",0
2009-11-28,55.3875,streamflow,10154200,ft3/s,"['A', '[91]']",0
2009-11-29,50.516666,streamflow,10154200,ft3/s,"['A', '[91]']",0
2009-11-30,49.503124,streamflow,10154200,ft3/s,"['A', '[91]']",0
2009-12-01,48.584373,streamflow,10154200,ft3/s,"['A', '[91]']",0
2009-12-02,49.102085,streamflow,10154200,ft3/s,"['A', '[91]']",0
2009-12-03,37.504166,streamflow,10154200,ft3/s,"['A', '[91]']",0
2009-12-04,34.462498,streamflow,10154200,ft3/s,"['A', '[91]']",0
2009-12-05,35.70625,streamflow,10154200,ft3/s,"['A', '[91]']",0
2009-12-06,38.528126,streamflow,10154200,ft3/s,"['A', '[91]']",0
2009-12-07,39.306248,streamflow,10154200,ft3/s,"['A', '[91]']",0
2009-12-08,39.1,streamflow,10154200,ft3/s,"['A', '[91]']",0
2009-12-09,39.265625,streamflow,10154200,ft3/s,"['A', '[91]']",0
2009-12-10,39.764584,streamflow,10154200,ft3/s,"['A', '[91]']",0
2009-12-11,40.854168,streamflow,10154200,ft3/s,"['A', '[91]']",0
2009-12-12,41.495834,streamflow,10154200,ft3/s,"['A', '[91]']",0
2009-12-13,46.30521,streamflow,10154200,ft3/s,"['A', '[91]']",0
2009-12-14,47.5875,streamflow,10154200,ft3/s,"['A', '[91]']",0
2009-12-15,48.350002,streamflow,10154200,ft3/s,"['A', '[91]']",0
2009-12-16,50.710415,streamflow,10154200,ft3/s,"['A', '[91]']",0
2009-12-17,51.1,streamflow,10154200,ft3/s,"['A', '[91]']",0
2009-12-18,51.23854,streamflow,10154200,ft3/s,"['A', '[91]']",0
2009-12-19,50.526043,streamflow,10154200,ft3/s,"['A', '[91]']",0
2009-12-20,51.402084,streamflow,10154200,ft3/s,"['A', '[91]']",0
2009-12-21,50.628124,streamflow,10154200,ft3/s,"['A', '[91]']",0
2009-12-22,49.33542,streamflow,10154200,ft3/s,"['A', '[91]']",0
2009-12-23,48.9,streamflow,10154200,ft3/s,"['A', '[91]']",0
2009-12-24,45.783333,streamflow,10154200,ft3/s,"['A', '[91]']",0
2009-12-25,45.08125,streamflow,10154200,ft3/s,"['A', '[91]']",0
2009-12-26,45.066666,streamflow,10154200,ft3/s,"['A', '[91]']",0
2009-12-27,42.0875,streamflow,10154200,ft3/s,"['A', '[91]']",0
2009-12-28,43.10625,streamflow,10154200,ft3/s,"['A', '[91]']",0
2009-12-29,48.197918,streamflow,10154200,ft3/s,"['A', '[91]']",0
2009-12-30,48.73125,streamflow,10154200,ft3/s,"['A', '[91]']",0
2009-12-31,47.91042,streamflow,10154200,ft3/s,"['A', '[91]']",0
2010-01-01,47.389584,streamflow,10154200,ft3/s,"['A', '[91]']",0
2010-01-02,47.775,streamflow,10154200,ft3/s,"['A', '[91]']",0
2010-01-03,45.504166,streamflow,10154200,ft3/s,"['A', '[91]']",0
2010-01-04,43.653126,streamflow,10154200,ft3/s,"['A', '[91]']",0
2010-01-05,47.072918,streamflow,10154200,ft3/s,"['A', '[91]']",0
2010-01-06,47.014584,streamflow,10154200,ft3/s,"['A', '[91]']",0
2010-01-07,46.494793,streamflow,10154200,ft3/s,"['A', '[91]']",0
2010-01-08,43.325,streamflow,10154200,ft3/s,"['A', '[91]']",0
2010-01-09,44.267647,streamflow,10154200,ft3/s,"['A', '[91]']",0
2010-01-10,47.315624,streamflow,10154200,ft3/s,"['A', '[91]']",0
2010-01-11,44.569794,streamflow,10154200,ft3/s,"['A', '[91]']",0
2010-01-12,44.427082,streamflow,10154200,ft3/s,"['A', '[91]']",0
2010-01-13,45.591667,streamflow,10154200,ft3/s,"['A', '[91]']",0
2010-01-14,45.32083,streamflow,10154200,ft3/s,"['A', '[91]']",0
2010-01-15,44.896873,streamflow,10154200,ft3/s,"['A', '[91]']",0
2010-01-16,45.69896,streamflow,10154200,ft3/s,"['A', '[91]']",0
2010-01-17,45.8,streamflow,10154200,ft3/s,"['A', '[91]']",0
2010-01-18,45.78958,streamflow,10154200,ft3/s,"['A', '[91]']",0
2010-01-19,45.529167,streamflow,10154200,ft3/s,"['A', '[91]']",0
2010-01-20,45.903126,streamflow,10154200,ft3/s,"['A', '[91]']",0
2010-01-21,46.315624,streamflow,10154200,ft3/s,"['A', '[91]']",0
2010-01-22,47.177086,streamflow,10154200,ft3/s,"['A', '[91]']",0
2010-01-23,47.34375,streamflow,10154200,ft3/s,"['A', '[91]']",0
2010-01-24,47.8375,streamflow,10154200,ft3/s,"['A', '[91]']",0
2010-01-25,44.8125,streamflow,10154200,ft3/s,"['A', '[91]']",0
2010-01-26,49.464584,streamflow,10154200,ft3/s,"['A', '[91]']",0
2010-01-27,50.057293,streamflow,10154200,ft3/s,"['A', '[91]']",0
2010-01-28,49.278126,streamflow,10154200,ft3/s,"['A', '[91]']",0
2010-01-29,46.452084,streamflow,10154200,ft3/s,"['A', '[91]']",0
2010-01-30,46.173958,streamflow,10154200,ft3/s,"['A', '[91]']",0
2010-01-31,48.582294,streamflow,10154200,ft3/s,"['A', '[91]']",0
2010-02-01,48.060417,streamflow,10154200,ft3/s,"['A', '[91]']",0
2010-02-02,45.53021,streamflow,10154200,ft3/s,"['A', '[91]']",0
2010-02-03,48.209373,streamflow,10154200,ft3/s,"['A', '[91]']",0
2010-02-04,47.945835,streamflow,10154200,ft3/s,"['A', '[91]']",0
2010-02-05,45.6375,streamflow,10154200,ft3/s,"['A', '[91]']",0
2010-02-06,48.36667,streamflow,10154200,ft3/s,"['A', '[91]']",0
2010-02-07,47.795834,streamflow,10154200,ft3/s,"['A', '[91]']",0
2010-02-08,46.939583,streamflow,10154200,ft3/s,"['A', '[91]']",0
2010-02-09,41.34271,streamflow,10154200,ft3/s,"['A', '[91]']",0
2010-02-10,45.535416,streamflow,10154200,ft3/s,"['A', '[91]']",0
2010-02-11,49.413544,streamflow,10154200,ft3/s,"['A', '[91]']",0
2010-02-12,47.401043,streamflow,10154200,ft3/s,"['A', '[91]']",0
2010-02-13,47.4625,streamflow,10154200,ft3/s,"['A', '[91]']",0
2010-02-14,46.410416,streamflow,10154200,ft3/s,"['A', '[91]']",0
2010-02-15,46.9375,streamflow,10154200,ft3/s,"['A', '[91]']",0
2010-02-16,48.415627,streamflow,10154200,ft3/s,"['A', '[91]']",0
2010-02-17,47.965626,streamflow,10154200,ft3/s,"['A', '[91]']",0
2010-02-18,48.685417,streamflow,10154200,ft3/s,"['A', '[91]']",0
2010-02-19,47.620834,streamflow,10154200,ft3/s,"['A', '[91]']",0
2010-02-20,47.364586,streamflow,10154200,ft3/s,"['A', '[91]']",0
2010-02-21,48.00104,streamflow,10154200,ft3/s,"['A', '[91]']",0
2010-02-22,46.422916,streamflow,10154200,ft3/s,"['A', '[91]']",0
2010-02-23,46.03854,streamflow,10154200,ft3/s,"['A', '[91]']",0
2010-02-24,50.115627,streamflow,10154200,ft3/s,"['A', '[91]']",0
2010-02-25,50.389584,streamflow,10154200,ft3/s,"['A', '[91]']",0
2010-02-26,47.604168,streamflow,10154200,ft3/s,"['A', '[91]']",0
2010-02-27,48.544792,streamflow,10154200,ft3/s,"['A', '[91]']",0
2010-02-28,48.94167,streamflow,10154200,ft3/s,"['A', '[91]']",0
2010-03-01,47.56146,streamflow,10154200,ft3/s,"['A', '[91]']",0
2010-03-02,47.33542,streamflow,10154200,ft3/s,"['A', '[91]']",0
2010-03-03,49.44271,streamflow,10154200,ft3/s,"['A', '[91]']",0
2010-03-04,47.9625,streamflow,10154200,ft3/s,"['A', '[91]']",0
2010-03-05,48.5,streamflow,10154200,ft3/s,"['A', '[91]']",0
2010-03-06,45.90729,streamflow,10154200,ft3/s,"['A', '[91]']",0
2010-03-07,51.68125,streamflow,10154200,ft3/s,"['A', '[91]']",0
2010-03-08,50.17917,streamflow,10154200,ft3/s,"['A', '[91]']",0
2010-03-09,49.790627,streamflow,10154200,ft3/s,"['A', '[91]']",0
2010-03-10,51.335415,streamflow,10154200,ft3/s,"['A', '[91]']",0
2010-03-11,45.584373,streamflow,10154200,ft3/s,"['A', '[91]']",0
2010-03-12,45.533333,streamflow,10154200,ft3/s,"['A', '[91]']",0
2010-03-13,51.96979,streamflow,10154200,ft3/s,"['A', '[91]']",0
2010-03-14,49.708336,streamflow,10154200,ft3/s,"['A', '[91]']",0
2010-03-15,47.54271,streamflow,10154200,ft3/s,"['A', '[91]']",0
2010-03-16,48.464584,streamflow,10154200,ft3/s,"['A', '[91]']",0
2010-03-17,52.005207,streamflow,10154200,ft3/s,"['A', '[91]']",0
2010-03-18,54.929165,streamflow,10154200,ft3/s,"['A', '[91]']",0
2010-03-19,54.21042,streamflow,10154200,ft3/s,"['A', '[91]']",0
2010-03-20,47.50104,streamflow,10154200,ft3/s,"['A', '[91]']",0
2010-03-21,49.942707,streamflow,10154200,ft3/s,"['A', '[91]']",0
2010-03-22,55.515625,streamflow,10154200,ft3/s,"['A', '[91]']",0
2010-03-23,54.354164,streamflow,10154200,ft3/s,"['A', '[91]']",0
2010-03-24,49.639584,streamflow,10154200,ft3/s,"['A', '[91]']",0
2010-03-25,54.064583,streamflow,10154200,ft3/s,"['A', '[91]']",0
2010-03-26,53.14375,streamflow,10154200,ft3/s,"['A', '[91]']",0
2010-03-27,49.033333,streamflow,10154200,ft3/s,"['A', '[91]']",0
2010-03-28,51.80104,streamflow,10154200,ft3/s,"['A', '[91]']",0
2010-03-29,57.514584,streamflow,10154200,ft3/s,"['A', '[91]']",0
2010-03-30,59.315624,streamflow,10154200,ft3/s,"['A', '[91]']",0
2010-03-31,60.932293,streamflow,10154200,ft3/s,"['A', '[91]']",0
2010-04-01,57.533333,streamflow,10154200,ft3/s,"['A', '[91]']",0
2010-04-02,54.795834,streamflow,10154200,ft3/s,"['A', '[91]']",0
2010-04-03,56.86771,streamflow,10154200,ft3/s,"['A', '[91]']",0
2010-04-04,56.067707,streamflow,10154200,ft3/s,"['A', '[91]']",0
2010-04-05,58.375,streamflow,10154200,ft3/s,"['A', '[91]']",0
2010-04-06,55.05,streamflow,10154200,ft3/s,"['A', '[91]']",0
2010-04-07,52.528126,streamflow,10154200,ft3/s,"['A', '[91]']",0
2010-04-08,59.99375,streamflow,10154200,ft3/s,"['A', '[91]']",0
2010-04-09,70.48021,streamflow,10154200,ft3/s,"['A', '[91]']",0
2010-04-10,71.23125,streamflow,10154200,ft3/s,"['A', '[91]']",0
2010-04-11,75.75208,streamflow,10154200,ft3/s,"['A', '[91]']",0
2010-04-12,77.33854,streamflow,10154200,ft3/s,"['A', '[91]']",0
2010-04-13,83.77187,streamflow,10154200,ft3/s,"['A', '[91]']",0
2010-04-14,75.20521,streamflow,10154200,ft3/s,"['A', '[91]']",0
2010-04-15,87.135414,streamflow,10154200,ft3/s,"['A', '[91]']",0
2010-04-16,110.677086,streamflow,10154200,ft3/s,"['A', '[91]']",0
2010-04-17,128.60417,streamflow,10154200,ft3/s,"['A', '[91]']",0
2010-04-18,166.72917,streamflow,10154200,ft3/s,"['A', '[91]']",0
2010-04-19,187.60417,streamflow,10154200,ft3/s,"['A', '[91]']",0
2010-04-20,234.38542,streamflow,10154200,ft3/s,"['A', '[91]']",0
2010-04-21,308.9375,streamflow,10154200,ft3/s,"['A', '[91]']",0
2010-04-22,318.41666,streamflow,10154200,ft3/s,"['A', '[91]']",0
2010-04-23,260.4375,streamflow,10154200,ft3/s,"['A', '[91]']",0
2010-04-24,214.26042,streamflow,10154200,ft3/s,"['A', '[91]']",0
2010-04-25,212.0,streamflow,10154200,ft3/s,"['A', '[91]']",0
2010-04-26,209.9375,streamflow,10154200,ft3/s,"['A', '[91]']",0
2010-04-27,242.76042,streamflow,10154200,ft3/s,"['A', '[91]']",0
2010-04-28,260.64584,streamflow,10154200,ft3/s,"['A', '[91]']",0
2010-04-29,231.44792,streamflow,10154200,ft3/s,"['A', '[91]']",0
2010-04-30,206.84375,streamflow,10154200,ft3/s,"['A', '[91]']",0
2010-05-01,192.28125,streamflow,10154200,ft3/s,"['A', '[91]']",0
2010-05-02,177.59375,streamflow,10154200,ft3/s,"['A', '[91]']",0
2010-05-03,163.375,streamflow,10154200,ft3/s,"['A', '[91]']",0
2010-05-04,190.95833,streamflow,10154200,ft3/s,"['A', '[91]']",0
2010-05-05,177.83333,streamflow,10154200,ft3/s,"['A', '[91]']",0
2010-05-06,199.60417,streamflow,10154200,ft3/s,"['A', '[91]']",0
2010-05-07,177.76042,streamflow,10154200,ft3/s,"['A', '[91]']",0
2010-05-08,184.22917,streamflow,10154200,ft3/s,"['A', '[91]']",0
2010-05-09,194.55208,streamflow,10154200,ft3/s,"['A', '[91]']",0
2010-05-10,225.21875,streamflow,10154200,ft3/s,"['A', '[91]']",0
2010-05-11,249.01042,streamflow,10154200,ft3/s,"['A', '[91]']",0
2010-05-12,243.64583,streamflow,10154200,ft3/s,"['A', '[91]']",0
2010-05-13,220.63542,streamflow,10154200,ft3/s,"['A', '[91]']",0
2010-05-14,209.71875,streamflow,10154200,ft3/s,"['A', '[91]']",0
2010-05-15,202.875,streamflow,10154200,ft3/s,"['A', '[91]']",0
2010-05-16,213.78125,streamflow,10154200,ft3/s,"['A', '[91]']",0
2010-05-17,278.7396,streamflow,10154200,ft3/s,"['A', '[91]']",0
2010-05-18,407.78125,streamflow,10154200,ft3/s,"['A', '[91]']",0
2010-05-19,470.83334,streamflow,10154200,ft3/s,"['A', '[91]']",0
2010-05-20,433.8021,streamflow,10154200,ft3/s,"['A', '[91]']",0
2010-05-21,491.16666,streamflow,10154200,ft3/s,"['A', '[91]']",0
2010-05-22,573.5833,streamflow,10154200,ft3/s,"['A', '[91]']",0
2010-05-23,524.9792,streamflow,10154200,ft3/s,"['A', '[91]']",0
2010-05-24,516.46875,streamflow,10154200,ft3/s,"['A', '[91]']",0
2010-05-25,460.6771,streamflow,10154200,ft3/s,"['A', '[91]']",0
2010-05-26,477.9479,streamflow,10154200,ft3/s,"['A', '[91]']",0
2010-05-27,510.90625,streamflow,10154200,ft3/s,"['A', '[91]']",0
2010-05-28,691.7292,streamflow,10154200,ft3/s,"['A', '[91]']",0
2010-05-29,1000.36456,streamflow,10154200,ft3/s,"['A', '[91]']",0
2010-05-30,873.7292,streamflow,10154200,ft3/s,"['A', '[91]']",0
2010-05-31,1001.6458,streamflow,10154200,ft3/s,"['A', '[91]']",0
2010-06-01,1114.0625,streamflow,10154200,ft3/s,"['A', '[91]']",0
2010-06-02,1137.2916,streamflow,10154200,ft3/s,"['A', '[91]']",0
2010-06-03,1330.2084,streamflow,10154200,ft3/s,"['A', '[91]']",0
2010-06-04,1658.3334,streamflow,10154200,ft3/s,"['A', '[91]']",0
2010-06-05,2175.5208,streamflow,10154200,ft3/s,"['A', '[91]']",0
2010-06-06,2531.875,streamflow,10154200,ft3/s,"['A', '[91]']",0
2010-06-07,2817.526,streamflow,10154200,ft3/s,"['A', '[91]']",0
2010-06-08,2859.2708,streamflow,10154200,ft3/s,"['A', '[91]']",0
2010-06-09,2510.4302,streamflow,10154200,ft3/s,"['A', '[91]']",0
2010-06-10,2373.2292,streamflow,10154200,ft3/s,"['A', '[91]']",0
2010-06-11,1930.2084,streamflow,10154200,ft3/s,"['A', '[91]']",0
2010-06-12,1628.0209,streamflow,10154200,ft3/s,"['A', '[91]']",0
2010-06-13,1472.7084,streamflow,10154200,ft3/s,"['A', '[91]']",0
2010-06-14,1236.0416,streamflow,10154200,ft3/s,"['A', '[91]']",0
2010-06-15,1127.5,streamflow,10154200,ft3/s,"['A', '[91]']",0
2010-06-16,1163.2291,streamflow,10154200,ft3/s,"['A', '[91]']",0
2010-06-17,1133.5416,streamflow,10154200,ft3/s,"['A', '[91]']",0
2010-06-18,999.11456,streamflow,10154200,ft3/s,"['A', '[91]']",0
2010-06-19,803.8261,streamflow,10154200,ft3/s,"['A', '[91]']",0
2010-06-20,662.67706,streamflow,10154200,ft3/s,"['A', '[91]']",0
2010-06-21,652.92706,streamflow,10154200,ft3/s,"['A', '[91]']",0
2010-06-22,733.57294,streamflow,10154200,ft3/s,"['A', '[91]']",0
2010-06-23,660.26044,streamflow,10154200,ft3/s,"['A', '[91]']",0
2010-06-24,592.36456,streamflow,10154200,ft3/s,"['A', '[91]']",0
2010-06-25,562.11456,streamflow,10154200,ft3/s,"['A', '[91]']",0
2010-06-26,535.6458,streamflow,10154200,ft3/s,"['A', '[91]']",0
2010-06-27,486.04166,streamflow,10154200,ft3/s,"['A', '[91]']",0
2010-06-28,438.1979,streamflow,10154200,ft3/s,"['A', '[91]']",0
2010-06-29,385.10416,streamflow,10154200,ft3/s,"['A', '[91]']",0
2010-06-30,360.8646,streamflow,10154200,ft3/s,"['A', '[91]']",0
2010-07-01,338.6875,streamflow,10154200,ft3/s,"['A', '[91]']",0
2010-07-02,316.1146,streamflow,10154200,ft3/s,"['A', '[91]']",0
2010-07-03,285.3646,streamflow,10154200,ft3/s,"['A', '[91]']",0
2010-07-04,256.7604,streamflow,10154200,ft3/s,"['A', '[91]']",0
2010-07-05,232.88542,streamflow,10154200,ft3/s,"['A', '[91]']",0
2010-07-06,209.28125,streamflow,10154200,ft3/s,"['A', '[91]']",0
2010-07-07,188.03125,streamflow,10154200,ft3/s,"['A', '[91]']",0
2010-07-08,177.1875,streamflow,10154200,ft3/s,"['A', '[91]']",0
2010-07-09,167.82292,streamflow,10154200,ft3/s,"['A', '[91]']",0
2010-07-10,186.20833,streamflow,10154200,ft3/s,"['A', '[91]']",0
2010-07-11,178.21875,streamflow,10154200,ft3/s,"['A', '[91]']",0
2010-07-12,170.88542,streamflow,10154200,ft3/s,"['A', '[91]']",0
2010-07-13,164.20833,streamflow,10154200,ft3/s,"['A', '[91]']",0
2010-07-14,154.39583,streamflow,10154200,ft3/s,"['A', '[91]']",0
2010-07-15,143.76042,streamflow,10154200,ft3/s,"['A', '[91]']",0
2010-07-16,110.53125,streamflow,10154200,ft3/s,"['A', '[91]']",0
2010-07-17,106.333336,streamflow,10154200,ft3/s,"['A', '[91]']",0
2010-07-18,102.895836,streamflow,10154200,ft3/s,"['A', '[91]']",0
2010-07-19,101.23229,streamflow,10154200,ft3/s,"['A', '[91]']",0
2010-07-20,95.59583,streamflow,10154200,ft3/s,"['A', '[91]']",0
2010-07-21,97.34896,streamflow,10154200,ft3/s,"['A', '[91]']",0
2010-07-22,92.015625,streamflow,10154200,ft3/s,"['A', '[91]']",0
2010-07-23,85.6927,streamflow,10154200,ft3/s,"['A', '[91]']",0
2010-07-24,80.86875,streamflow,10154200,ft3/s,"['A', '[91]']",0
2010-07-25,74.42812,streamflow,10154200,ft3/s,"['A', '[91]']",0
2010-07-26,74.00104,streamflow,10154200,ft3/s,"['A', '[91]']",0
2010-07-27,76.07083,streamflow,10154200,ft3/s,"['A', '[91]']",0
2010-07-28,73.86562,streamflow,10154200,ft3/s,"['A', '[91]']",0
2010-07-29,76.19479,streamflow,10154200,ft3/s,"['A', '[91]']",0
2010-07-30,75.140625,streamflow,10154200,ft3/s,"['A', '[91]']",0
2010-07-31,73.63125,streamflow,10154200,ft3/s,"['A', '[91]']",0
2010-08-01,73.67812,streamflow,10154200,ft3/s,"['A', '[91]']",0
2010-08-02,74.58333,streamflow,10154200,ft3/s,"['A', '[91]']",0
2010-08-03,77.45104,streamflow,10154200,ft3/s,"['A', '[91]']",0
2010-08-04,76.416664,streamflow,10154200,ft3/s,"['A', '[91]']",0
2010-08-05,104.61771,streamflow,10154200,ft3/s,"['A', '[91]']",0
2010-08-06,84.17291,streamflow,10154200,ft3/s,"['A', '[91]']",0
2010-08-07,77.75,streamflow,10154200,ft3/s,"['A', '[91]']",0
2010-08-08,76.15938,streamflow,10154200,ft3/s,"['A', '[91]']",0
2010-08-09,71.96667,streamflow,10154200,ft3/s,"['A', '[91]']",0
2010-08-10,69.41956,streamflow,10154200,ft3/s,"['A', '[91]']",0
2010-08-11,67.802086,streamflow,10154200,ft3/s,"['A', '[91]']",0
2010-08-12,67.01667,streamflow,10154200,ft3/s,"['A', '[91]']",0
2010-08-13,67.395836,streamflow,10154200,ft3/s,"['A', '[91]']",0
2010-08-14,67.043755,streamflow,10154200,ft3/s,"['A', '[91]']",0
2010-08-15,63.61771,streamflow,10154200,ft3/s,"['A', '[91]']",0
2010-08-16,62.98125,streamflow,10154200,ft3/s,"['A', '[91]']",0
2010-08-17,63.257294,streamflow,10154200,ft3/s,"['A', '[91]']",0
2010-08-18,59.675,streamflow,10154200,ft3/s,"['A', '[91]']",0
2010-08-19,64.30625,streamflow,10154200,ft3/s,"['A', '[91]']",0
2010-08-20,86.78438,streamflow,10154200,ft3/s,"['A', '[91]']",0
2010-08-21,76.214584,streamflow,10154200,ft3/s,"['A', '[91]']",0
2010-08-22,73.663536,streamflow,10154200,ft3/s,"['A', '[91]']",0
2010-08-23,75.645836,streamflow,10154200,ft3/s,"['A', '[91]']",0
2010-08-24,62.666664,streamflow,10154200,ft3/s,"['A', '[91]']",0
2010-08-25,60.131252,streamflow,10154200,ft3/s,"['A', '[91]']",0
2010-08-26,58.15,streamflow,10154200,ft3/s,"['A', '[91]']",0
2010-08-27,58.3125,streamflow,10154200,ft3/s,"['A', '[91]']",0
2010-08-28,75.29479,streamflow,10154200,ft3/s,"['A', '[91]']",0
2010-08-29,67.660416,streamflow,10154200,ft3/s,"['A', '[91]']",0
2010-08-30,62.277084,streamflow,10154200,ft3/s,"['A', '[91]']",0
2010-08-31,62.923958,streamflow,10154200,ft3/s,"['A', '[91]']",0
2010-09-01,59.100002,streamflow,10154200,ft3/s,"['A', '[91]']",0
2010-09-02,59.5,streamflow,10154200,ft3/s,"['A', '[91]']",0
2010-09-03,58.975,streamflow,10154200,ft3/s,"['A', '[91]']",0
2010-09-04,58.5375,streamflow,10154200,ft3/s,"['A', '[91]']",0
2010-09-05,56.5,streamflow,10154200,ft3/s,"['A', '[91]']",0
2010-09-06,56.725,streamflow,10154200,ft3/s,"['A', '[91]']",0
2010-09-07,55.75,streamflow,10154200,ft3/s,"['A', '[91]']",0
2010-09-08,56.462498,streamflow,10154200,ft3/s,"['A', '[91]']",0
2010-09-09,55.6,streamflow,10154200,ft3/s,"['A', '[91]']",0
2010-09-10,,streamflow,10154200,ft3/s,"['A', '[91]']",0
2010-09-11,,streamflow,10154200,ft3/s,"['A', '[91]']",0
2010-09-12,,streamflow,10154200,ft3/s,"['A', '[91]']",0
2010-09-13,55.477776,streamflow,10154200,ft3/s,"['A', '[91]']",0
2010-09-14,57.89375,streamflow,10154200,ft3/s,"['A', '[91]']",0
2010-09-15,58.264584,streamflow,10154200,ft3/s,"['A', '[91]']",0
2010-09-16,52.41771,streamflow,10154200,ft3/s,"['A', '[91]']",0
2010-09-17,48.633686,streamflow,10154200,ft3/s,"['A', '[91]']",0
2010-09-18,46.9,streamflow,10154200,ft3/s,"['A', '[91]']",0
2010-09-19,46.9,streamflow,10154200,ft3/s,"['A', '[91]']",0
2010-09-20,46.9,streamflow,10154200,ft3/s,"['A', '[91]']",0
2010-09-21,46.9,streamflow,10154200,ft3/s,"['A', '[91]']",0
2010-09-22,46.91042,streamflow,10154200,ft3/s,"['A', '[91]']",0
2010-09-23,51.166668,streamflow,10154200,ft3/s,"['A', '[91]']",0
2010-09-24,48.43125,streamflow,10154200,ft3/s,"['A', '[91]']",0
2010-09-25,46.9,streamflow,10154200,ft3/s,"['A', '[91]']",0
2010-09-26,46.9,streamflow,10154200,ft3/s,"['A', '[91]']",0
2010-09-27,45.891666,streamflow,10154200,ft3/s,"['A', '[91]']",0
2010-09-28,45.26875,streamflow,10154200,ft3/s,"['A', '[91]']",0
2010-09-29,44.8,streamflow,10154200,ft3/s,"['A', '[91]']",0
2010-09-30,48.9,streamflow,10154200,ft3/s,['A'],0
2010-10-01,52.3375,streamflow,10154200,ft3/s,['A'],0
2010-10-02,53.76875,streamflow,10154200,ft3/s,['A'],0
2010-10-03,48.176044,streamflow,10154200,ft3/s,['A'],0
2010-10-04,47.87917,streamflow,10154200,ft3/s,['A'],0
2010-10-05,51.966667,streamflow,10154200,ft3/s,['A'],0
2010-10-06,63.135418,streamflow,10154200,ft3/s,['A'],0
2010-10-07,70.91563,streamflow,10154200,ft3/s,['A'],0
2010-10-08,78.6125,streamflow,10154200,ft3/s,['A'],0
2010-10-09,68.69479,streamflow,10154200,ft3/s,['A'],0
2010-10-10,59.154167,streamflow,10154200,ft3/s,['A'],0
2010-10-11,55.473957,streamflow,10154200,ft3/s,['A'],0
2010-10-12,54.075,streamflow,10154200,ft3/s,['A'],0
2010-10-13,52.910416,streamflow,10154200,ft3/s,['A'],0
2010-10-14,50.423958,streamflow,10154200,ft3/s,['A'],0
2010-10-15,48.9,streamflow,10154200,ft3/s,['A'],0
2010-10-16,48.50417,streamflow,10154200,ft3/s,['A'],0
2010-10-17,47.9,streamflow,10154200,ft3/s,['A'],0
2010-10-18,47.9,streamflow,10154200,ft3/s,['A'],0
2010-10-19,47.9,streamflow,10154200,ft3/s,['A'],0
2010-10-20,47.4625,streamflow,10154200,ft3/s,['A'],0
2010-10-21,46.2125,streamflow,10154200,ft3/s,['A'],0
2010-10-22,45.8,streamflow,10154200,ft3/s,['A'],0
2010-10-23,46.053123,streamflow,10154200,ft3/s,['A'],0
2010-10-24,52.078125,streamflow,10154200,ft3/s,['A'],0
2010-10-25,130.48541,streamflow,10154200,ft3/s,['A'],0
2010-10-26,96.41146,streamflow,10154200,ft3/s,['A'],0
2010-10-27,80.45104,streamflow,10154200,ft3/s,['A'],0
2010-10-28,70.79375,streamflow,10154200,ft3/s,['A'],0
2010-10-29,76.7875,streamflow,10154200,ft3/s,['A'],0
2010-10-30,77.745834,streamflow,10154200,ft3/s,['A'],0
2010-10-31,89.592705,streamflow,10154200,ft3/s,['A'],0
2010-11-01,83.07604,streamflow,10154200,ft3/s,['A'],0
2010-11-02,77.464584,streamflow,10154200,ft3/s,['A'],0
2010-11-03,78.32708,streamflow,10154200,ft3/s,['A'],0
2010-11-04,82.328125,streamflow,10154200,ft3/s,['A'],0
2010-11-05,84.811455,streamflow,10154200,ft3/s,['A'],0
2010-11-06,88.1,streamflow,10154200,ft3/s,['A'],0
2010-11-07,89.91667,streamflow,10154200,ft3/s,['A'],0
2010-11-08,90.20521,streamflow,10154200,ft3/s,['A'],0
2010-11-09,92.504166,streamflow,10154200,ft3/s,['A'],0
2010-11-10,74.44271,streamflow,10154200,ft3/s,['A'],0
2010-11-11,77.79271,streamflow,10154200,ft3/s,['A'],0
2010-11-12,73.004166,streamflow,10154200,ft3/s,['A'],0
2010-11-13,83.49062,streamflow,10154200,ft3/s,['A'],0
2010-11-14,75.5375,streamflow,10154200,ft3/s,['A'],0
2010-11-15,78.26667,streamflow,10154200,ft3/s,['A'],0
2010-11-16,85.291664,streamflow,10154200,ft3/s,['A'],0
2010-11-17,79.02917,streamflow,10154200,ft3/s,['A'],0
2010-11-18,87.155205,streamflow,10154200,ft3/s,['A'],0
2010-11-19,96.30625,streamflow,10154200,ft3/s,['A'],0
2010-11-20,89.86354,streamflow,10154200,ft3/s,['A'],0
2010-11-21,89.67917,streamflow,10154200,ft3/s,['A'],0
2010-11-22,86.60104,streamflow,10154200,ft3/s,['A'],0
2010-11-23,84.74479,streamflow,10154200,ft3/s,['A'],0
2010-11-24,76.5,streamflow,10154200,ft3/s,['A'],0
2010-11-25,54.880207,streamflow,10154200,ft3/s,['A'],0
2010-11-26,68.001045,streamflow,10154200,ft3/s,['A'],0
2010-11-27,87.942856,streamflow,10154200,ft3/s,['A'],0
2010-11-28,,streamflow,10154200,ft3/s,['A'],0
2010-11-29,,streamflow,10154200,ft3/s,['A'],0
2010-11-30,,streamflow,10154200,ft3/s,['A'],0
2010-12-01,80.07353,streamflow,10154200,ft3/s,['A'],0
2010-12-02,80.140625,streamflow,10154200,ft3/s,['A'],0
2010-12-03,78.96875,streamflow,10154200,ft3/s,['A'],0
2010-12-04,78.09375,streamflow,10154200,ft3/s,['A'],0
2010-12-05,77.84375,streamflow,10154200,ft3/s,['A'],0
2010-12-06,76.51979,streamflow,10154200,ft3/s,['A'],0
2010-12-07,75.97188,streamflow,10154200,ft3/s,['A'],0
2010-12-08,72.03125,streamflow,10154200,ft3/s,['A'],0
2010-12-09,75.94271,streamflow,10154200,ft3/s,['A'],0
2010-12-10,75.623955,streamflow,10154200,ft3/s,['A'],0
2010-12-11,76.38958,streamflow,10154200,ft3/s,['A'],0
2010-12-12,78.515625,streamflow,10154200,ft3/s,['A'],0
2010-12-13,77.155205,streamflow,10154200,ft3/s,['A'],0
2010-12-14,76.82083,streamflow,10154200,ft3/s,['A'],0
2010-12-15,76.677086,streamflow,10154200,ft3/s,['A'],0
2010-12-16,48.479168,streamflow,10154200,ft3/s,['A'],0
2010-12-17,51.591667,streamflow,10154200,ft3/s,['A'],0
2010-12-18,86.67604,streamflow,10154200,ft3/s,['A'],0
2010-12-19,88.30625,streamflow,10154200,ft3/s,['A'],0
2010-12-20,99.666664,streamflow,10154200,ft3/s,['A'],0
2010-12-21,96.56771,streamflow,10154200,ft3/s,['A'],0
2010-12-22,101.70417,streamflow,10154200,ft3/s,['A'],0
2010-12-23,100.98021,streamflow,10154200,ft3/s,['A'],0
2010-12-24,87.629166,streamflow,10154200,ft3/s,['A'],0
2010-12-25,83.72188,streamflow,10154200,ft3/s,['A'],0
2010-12-26,81.29271,streamflow,10154200,ft3/s,['A'],0
2010-12-27,74.72813,streamflow,10154200,ft3/s,['A'],0
2010-12-28,67.88438,streamflow,10154200,ft3/s,['A'],0
2010-12-29,77.925,streamflow,10154200,ft3/s,['A'],0
2010-12-30,73.48229,streamflow,10154200,ft3/s,['A'],0
2010-12-31,68.316666,streamflow,10154200,ft3/s,['A'],0
2011-01-01,64.63333,streamflow,10154200,ft3/s,['A'],0
2011-01-02,66.74687,streamflow,10154200,ft3/s,['A'],0
2011-01-03,75.13958,streamflow,10154200,ft3/s,['A'],0
2011-01-04,74.842705,streamflow,10154200,ft3/s,['A'],0
2011-01-05,72.2,streamflow,10154200,ft3/s,['A'],0
2011-01-06,70.84375,streamflow,10154200,ft3/s,['A'],0
2011-01-07,71.893745,streamflow,10154200,ft3/s,['A'],0
2011-01-08,72.08333,streamflow,10154200,ft3/s,['A'],0
2011-01-09,72.987495,streamflow,10154200,ft3/s,['A'],0
2011-01-10,70.3698,streamflow,10154200,ft3/s,['A'],0
2011-01-11,68.1,streamflow,10154200,ft3/s,['A'],0
2011-01-12,68.30417,streamflow,10154200,ft3/s,['A'],0
2011-01-13,72.34687,streamflow,10154200,ft3/s,['A'],0
2011-01-14,72.56458,streamflow,10154200,ft3/s,['A'],0
2011-01-15,71.441666,streamflow,10154200,ft3/s,['A'],0
2011-01-16,70.8,streamflow,10154200,ft3/s,['A'],0
2011-01-17,88.12708,streamflow,10154200,ft3/s,['A'],0
2011-01-18,101.5125,streamflow,10154200,ft3/s,['A'],0
2011-01-19,88.77604,streamflow,10154200,ft3/s,['A'],0
2011-01-20,73.95937,streamflow,10154200,ft3/s,['A'],0
2011-01-21,80.95521,streamflow,10154200,ft3/s,['A'],0
2011-01-22,87.6,streamflow,10154200,ft3/s,['A'],0
2011-01-23,73.86562,streamflow,10154200,ft3/s,['A'],0
2011-01-24,80.38333,streamflow,10154200,ft3/s,['A'],0
2011-01-25,79.342705,streamflow,10154200,ft3/s,['A'],0
2011-01-26,79.515625,streamflow,10154200,ft3/s,['A'],0
2011-01-27,73.376045,streamflow,10154200,ft3/s,['A'],0
2011-01-28,77.36979,streamflow,10154200,ft3/s,['A'],0
2011-01-29,76.63438,streamflow,10154200,ft3/s,['A'],0
2011-01-30,77.203125,streamflow,10154200,ft3/s,['A'],0
2011-01-31,76.5,streamflow,10154200,ft3/s,['A'],0
2011-02-01,72.37187,streamflow,10154200,ft3/s,['A'],0
2011-02-02,67.74062,streamflow,10154200,ft3/s,['A'],0
2011-02-03,64.2,streamflow,10154200,ft3/s,['A'],0
2011-02-04,64.2,streamflow,10154200,ft3/s,['A'],0
2011-02-05,62.764584,streamflow,10154200,ft3/s,['A'],0
2011-02-06,62.791668,streamflow,10154200,ft3/s,['A'],0
2011-02-07,64.292854,streamflow,10154200,ft3/s,['A'],0
2011-02-08,,streamflow,10154200,ft3/s,['A'],0
2011-02-09,,streamflow,10154200,ft3/s,['A'],0
2011-02-10,75.011765,streamflow,10154200,ft3/s,['A'],0
2011-02-11,75.1,streamflow,10154200,ft3/s,['A'],0
2011-02-12,75.1,streamflow,10154200,ft3/s,['A'],0
2011-02-13,75.1,streamflow,10154200,ft3/s,['A'],0
2011-02-14,73.55104,streamflow,10154200,ft3/s,['A'],0
2011-02-15,72.08333,streamflow,10154200,ft3/s,['A'],0
2011-02-16,71.83542,streamflow,10154200,ft3/s,['A'],0
2011-02-17,70.42917,streamflow,10154200,ft3/s,['A'],0
2011-02-18,72.652084,streamflow,10154200,ft3/s,['A'],0
2011-02-19,73.808334,streamflow,10154200,ft3/s,['A'],0
2011-02-20,73.447914,streamflow,10154200,ft3/s,['A'],0
2011-02-21,73.95521,streamflow,10154200,ft3/s,['A'],0
2011-02-22,72.97083,streamflow,10154200,ft3/s,['A'],0
2011-02-23,75.0625,streamflow,10154200,ft3/s,['A'],0
2011-02-24,72.933334,streamflow,10154200,ft3/s,['A'],0
2011-02-25,72.331245,streamflow,10154200,ft3/s,['A'],0
2011-02-26,74.56562,streamflow,10154200,ft3/s,['A'],0
2011-02-27,76.921875,streamflow,10154200,ft3/s,['A'],0
2011-02-28,69.97604,streamflow,10154200,ft3/s,['A'],0
2011-03-01,73.71042,streamflow,10154200,ft3/s,['A'],0
2011-03-02,74.65833,streamflow,10154200,ft3/s,['A'],0
2011-03-03,74.18125,streamflow,10154200,ft3/s,['A'],0
2011-03-04,71.16979,streamflow,10154200,ft3/s,['A'],0
2011-03-05,70.21667,streamflow,10154200,ft3/s,['A'],0
2011-03-06,71.92812,streamflow,10154200,ft3/s,['A'],0
2011-03-07,70.975006,streamflow,10154200,ft3/s,['A'],0
2011-03-08,72.69583,streamflow,10154200,ft3/s,['A'],0
2011-03-09,72.00208,streamflow,10154200,ft3/s,['A'],0
2011-03-10,70.48854,streamflow,10154200,ft3/s,['A'],0
2011-03-11,79.078125,streamflow,10154200,ft3/s,['A'],0
2011-03-12,80.609375,streamflow,10154200,ft3/s,['A'],0
2011-03-13,81.203125,streamflow,10154200,ft3/s,['A'],0
2011-03-14,82.5625,streamflow,10154200,ft3/s,['A'],0
2011-03-15,83.328125,streamflow,10154200,ft3/s,['A'],0
2011-03-16,88.066666,streamflow,10154200,ft3/s,['A'],0
2011-03-17,93.88333,streamflow,10154200,ft3/s,['A'],0
2011-03-18,87.37187,streamflow,10154200,ft3/s,['A'],0
2011-03-19,91.35,streamflow,10154200,ft3/s,['A'],0
2011-03-20,75.78437,streamflow,10154200,ft3/s,['A'],0
2011-03-21,72.462494,streamflow,10154200,ft3/s,['A'],0
2011-03-22,71.612495,streamflow,10154200,ft3/s,['A'],0
2011-03-23,64.808334,streamflow,10154200,ft3/s,['A'],0
2011-03-24,79.280205,streamflow,10154200,ft3/s,['A'],0
2011-03-25,73.40937,streamflow,10154200,ft3/s,['A'],0
2011-03-26,64.046875,streamflow,10154200,ft3/s,['A'],0
2011-03-27,79.135414,streamflow,10154200,ft3/s,['A'],0
2011-03-28,73.291664,streamflow,10154200,ft3/s,['A'],0
2011-03-29,63.070835,streamflow,10154200,ft3/s,['A'],0
2011-03-30,77.07083,streamflow,10154200,ft3/s,['A'],0
2011-03-31,71.964584,streamflow,10154200,ft3/s,['A'],0
2011-04-01,95.40312,streamflow,10154200,ft3/s,['A'],0
2011-04-02,118.791664,streamflow,10154200,ft3/s,['A'],0
2011-04-03,201.02083,streamflow,10154200,ft3/s,['A'],0
2011-04-04,155.23958,streamflow,10154200,ft3/s,['A'],0
2011-04-05,145.35417,streamflow,10154200,ft3/s,['A'],0
2011-04-06,179.22917,streamflow,10154200,ft3/s,['A'],0
2011-04-07,171.53125,streamflow,10154200,ft3/s,['A'],0
2011-04-08,162.57292,streamflow,10154200,ft3/s,['A'],0
2011-04-09,151.30208,streamflow,10154200,ft3/s,['A'],0
2011-04-10,139.48958,streamflow,10154200,ft3/s,['A'],0
2011-04-11,129.96875,streamflow,10154200,ft3/s,['A'],0
2011-04-12,143.6875,streamflow,10154200,ft3/s,['A'],0
2011-04-13,149.48958,streamflow,10154200,ft3/s,['A'],0
2011-04-14,164.6875,streamflow,10154200,ft3/s,['A'],0
2011-04-15,146.84375,streamflow,10154200,ft3/s,['A'],0
2011-04-16,158.34375,streamflow,10154200,ft3/s,['A'],0
2011-04-17,177.11458,streamflow,10154200,ft3/s,['A'],0
2011-04-18,253.77083,streamflow,10154200,ft3/s,['A'],0
2011-04-19,339.0521,streamflow,10154200,ft3/s,['A'],0
2011-04-20,255.25,streamflow,10154200,ft3/s,['A'],0
2011-04-21,236.11458,streamflow,10154200,ft3/s,['A'],0
2011-04-22,214.59375,streamflow,10154200,ft3/s,['A'],0
2011-04-23,205.5625,streamflow,10154200,ft3/s,['A'],0
2011-04-24,192.17708,streamflow,10154200,ft3/s,['A'],0
2011-04-25,202.5625,streamflow,10154200,ft3/s,['A'],0
2011-04-26,194.76042,streamflow,10154200,ft3/s,['A'],0
2011-04-27,175.91667,streamflow,10154200,ft3/s,['A'],0
2011-04-28,177.02083,streamflow,10154200,ft3/s,['A'],0
2011-04-29,218.97917,streamflow,10154200,ft3/s,['A'],0
2011-04-30,201.8125,streamflow,10154200,ft3/s,['A'],0
2011-05-01,195.66667,streamflow,10154200,ft3/s,['A'],0
2011-05-02,192.3125,streamflow,10154200,ft3/s,['A'],0
2011-05-03,210.625,streamflow,10154200,ft3/s,['A'],0
2011-05-04,221.79167,streamflow,10154200,ft3/s,['A'],0
2011-05-05,260.28125,streamflow,10154200,ft3/s,['A'],0
2011-05-06,357.6146,streamflow,10154200,ft3/s,['A'],0
2011-05-07,474.2604,streamflow,10154200,ft3/s,['A'],0
2011-05-08,643.21875,streamflow,10154200,ft3/s,['A'],0
2011-05-09,677.8542,streamflow,10154200,ft3/s,['A'],0
2011-05-10,525.9375,streamflow,10154200,ft3/s,['A'],0
2011-05-11,441.3854,streamflow,10154200,ft3/s,['A'],0
2011-05-12,417.0521,streamflow,10154200,ft3/s,['A'],0
2011-05-13,502.375,streamflow,10154200,ft3/s,['A'],0
2011-05-14,676.4167,streamflow,10154200,ft3/s,['A'],0
2011-05-15,769.6458,streamflow,10154200,ft3/s,['A'],0
2011-05-16,1071.6666,streamflow,10154200,ft3/s,['A'],0
2011-05-17,858.96875,streamflow,10154200,ft3/s,['A'],0
2011-05-18,715.80206,streamflow,10154200,ft3/s,['A'],0
2011-05-19,643.2083,streamflow,10154200,ft3/s,['A'],0
2011-05-20,590.73956,streamflow,10154200,ft3/s,['A'],0
2011-05-21,536.21875,streamflow,10154200,ft3/s,['A'],0
2011-05-22,540.03125,streamflow,10154200,ft3/s,['A'],0
2011-05-23,603.4375,streamflow,10154200,ft3/s,['A'],0
2011-05-24,617.3958,streamflow,10154200,ft3/s,['A'],0
2011-05-25,578.7917,streamflow,10154200,ft3/s,['A'],0
2011-05-26,666.375,streamflow,10154200,ft3/s,['A'],0
2011-05-27,723.71875,streamflow,10154200,ft3/s,['A'],0
2011-05-28,728.5625,streamflow,10154200,ft3/s,['A'],0
2011-05-29,657.80206,streamflow,10154200,ft3/s,['A'],0
2011-05-30,620.15625,streamflow,10154200,ft3/s,['A'],0
2011-05-31,539.7917,streamflow,10154200,ft3/s,['A'],0
2011-06-01,586.6875,streamflow,10154200,ft3/s,['A'],0
2011-06-02,677.86456,streamflow,10154200,ft3/s,['A'],0
2011-06-03,798.6667,streamflow,10154200,ft3/s,['A'],0
2011-06-04,878.3125,streamflow,10154200,ft3/s,['A'],0
2011-06-05,1082.0312,streamflow,10154200,ft3/s,['A'],0
2011-06-06,1566.6666,streamflow,10154200,ft3/s,['A'],0
2011-06-07,1712.2106,streamflow,10154200,ft3/s,['A'],0
2011-06-08,1697.7084,streamflow,10154200,ft3/s,['A'],0
2011-06-09,1898.8541,streamflow,10154200,ft3/s,['A'],0
2011-06-10,1619.7916,streamflow,10154200,ft3/s,['A'],0
2011-06-11,1758.4375,streamflow,10154200,ft3/s,['A'],0
2011-06-12,1931.25,streamflow,10154200,ft3/s,['A'],0
2011-06-13,1774.1666,streamflow,10154200,ft3/s,['A'],0
2011-06-14,1756.7709,streamflow,10154200,ft3/s,['A'],0
2011-06-15,2102.2917,streamflow,10154200,ft3/s,['A'],0
2011-06-16,2361.7708,streamflow,10154200,ft3/s,['A'],0
2011-06-17,2298.5417,streamflow,10154200,ft3/s,['A'],0
2011-06-18,2066.25,streamflow,10154200,ft3/s,['A'],0
2011-06-19,2032.5,streamflow,10154200,ft3/s,['A'],0
2011-06-20,1859.7916,streamflow,10154200,ft3/s,['A'],0
2011-06-21,1862.7084,streamflow,10154200,ft3/s,['A'],0
2011-06-22,2046.9791,streamflow,10154200,ft3/s,['A'],0
2011-06-23,2267.7083,streamflow,10154200,ft3/s,['A'],0
2011-06-24,2470.8333,streamflow,10154200,ft3/s,['A'],0
2011-06-25,2512.165,streamflow,10154200,ft3/s,['A'],0
2011-06-26,2448.3333,streamflow,10154200,ft3/s,['A'],0
2011-06-27,2282.8125,streamflow,10154200,ft3/s,['A'],0
2011-06-28,2119.0625,streamflow,10154200,ft3/s,['A'],0
2011-06-29,2028.0209,streamflow,10154200,ft3/s,['A'],0
2011-06-30,2260.3125,streamflow,10154200,ft3/s,['A'],0
2011-07-01,2129.7917,streamflow,10154200,ft3/s,['A'],0
2011-07-02,1882.0834,streamflow,10154200,ft3/s,['A'],0
2011-07-03,1803.4375,streamflow,10154200,ft3/s,['A'],0
2011-07-04,1763.5416,streamflow,10154200,ft3/s,['A'],0
2011-07-05,1603.0209,streamflow,10154200,ft3/s,['A'],0
2011-07-06,1878.6459,streamflow,10154200,ft3/s,['A'],0
2011-07-07,1603.0209,streamflow,10154200,ft3/s,['A'],0
2011-07-08,1611.5625,streamflow,10154200,ft3/s,['A'],0
2011-07-09,1252.3959,streamflow,10154200,ft3/s,['A'],0
2011-07-10,1067.6041,streamflow,10154200,ft3/s,['A'],0
2011-07-11,1237.4584,streamflow,10154200,ft3/s,['A'],0
2011-07-12,983.48956,streamflow,10154200,ft3/s,['A'],0
2011-07-13,852.51044,streamflow,10154200,ft3/s,['A'],0
2011-07-14,770.40625,streamflow,10154200,ft3/s,['A'],0
2011-07-15,666.46875,streamflow,10154200,ft3/s,['A'],0
2011-07-16,565.32294,streamflow,10154200,ft3/s,['A'],0
2011-07-17,495.8229,streamflow,10154200,ft3/s,['A'],0
2011-07-18,470.16666,streamflow,10154200,ft3/s,['A'],0
2011-07-19,452.2396,streamflow,10154200,ft3/s,['A'],0
2011-07-20,455.7604,streamflow,10154200,ft3/s,['A'],0
2011-07-21,426.28125,streamflow,10154200,ft3/s,['A'],0
2011-07-22,512.65625,streamflow,10154200,ft3/s,['A'],0
2011-07-23,468.4375,streamflow,10154200,ft3/s,['A'],0
2011-07-24,423.125,streamflow,10154200,ft3/s,['A'],0
2011-07-25,397.65625,streamflow,10154200,ft3/s,['A'],0
2011-07-26,392.6354,streamflow,10154200,ft3/s,['A'],0
2011-07-27,372.1771,streamflow,10154200,ft3/s,['A'],0
2011-07-28,338.95834,streamflow,10154200,ft3/s,['A'],0
2011-07-29,310.14584,streamflow,10154200,ft3/s,['A'],0
2011-07-30,283.96875,streamflow,10154200,ft3/s,['A'],0
2011-07-31,264.34375,streamflow,10154200,ft3/s,['A'],0
2011-08-01,270.1354,streamflow,10154200,ft3/s,['A'],0
2011-08-02,262.47916,streamflow,10154200,ft3/s,['A'],0
2011-08-03,240.57292,streamflow,10154200,ft3/s,['A'],0
2011-08-04,229.29167,streamflow,10154200,ft3/s,['A'],0
2011-08-05,219.78125,streamflow,10154200,ft3/s,['A'],0
2011-08-06,206.6875,streamflow,10154200,ft3/s,['A'],0
2011-08-07,190.79167,streamflow,10154200,ft3/s,['A'],0
2011-08-08,180.33333,streamflow,10154200,ft3/s,['A'],0
2011-08-09,172.52083,streamflow,10154200,ft3/s,['A'],0
2011-08-10,162.38542,streamflow,10154200,ft3/s,['A'],0
2011-08-11,153.26042,streamflow,10154200,ft3/s,['A'],0
2011-08-12,142.3125,streamflow,10154200,ft3/s,['A'],0
2011-08-13,138.125,streamflow,10154200,ft3/s,['A'],0
2011-08-14,136.08333,streamflow,10154200,ft3/s,['A'],0
2011-08-15,154.875,streamflow,10154200,ft3/s,['A'],0
2011-08-16,149.25,streamflow,10154200,ft3/s,['A'],0
2011-08-17,133.89583,streamflow,10154200,ft3/s,['A'],0
2011-08-18,125.03125,streamflow,10154200,ft3/s,['A'],0
2011-08-19,121.552086,streamflow,10154200,ft3/s,['A'],0
2011-08-20,118.604164,streamflow,10154200,ft3/s,['A'],0
2011-08-21,117.416664,streamflow,10154200,ft3/s,['A'],0
2011-08-22,114.8125,streamflow,10154200,ft3/s,['A'],0
2011-08-23,123.1875,streamflow,10154200,ft3/s,['A'],0
2011-08-24,123.208336,streamflow,10154200,ft3/s,['A'],0
2011-08-25,117.083336,streamflow,10154200,ft3/s,['A'],0
2011-08-26,115.0625,streamflow,10154200,ft3/s,['A'],0
2011-08-27,115.479164,streamflow,10154200,ft3/s,['A'],0
2011-08-28,125.208336,streamflow,10154200,ft3/s,['A'],0
2011-08-29,125.833336,streamflow,10154200,ft3/s,['A'],0
2011-08-30,121.322914,streamflow,10154200,ft3/s,['A'],0
2011-08-31,115.958336,streamflow,10154200,ft3/s,['A'],0
2011-09-01,111.770836,streamflow,10154200,ft3/s,['A'],0
2011-09-02,107.333336,streamflow,10154200,ft3/s,['A'],0
2011-09-03,108.25,streamflow,10154200,ft3/s,['A'],0
2011-09-04,105.895836,streamflow,10154200,ft3/s,['A'],0
2011-09-05,104.0,streamflow,10154200,ft3/s,['A'],0
2011-09-06,104.708336,streamflow,10154200,ft3/s,['A'],0
2011-09-07,104.375,streamflow,10154200,ft3/s,['A'],0
2011-09-08,104.0,streamflow,10154200,ft3/s,['A'],0
2011-09-09,108.96875,streamflow,10154200,ft3/s,['A'],0
2011-09-10,107.479164,streamflow,10154200,ft3/s,['A'],0
2011-09-11,102.4375,streamflow,10154200,ft3/s,['A'],0
2011-09-12,112.645836,streamflow,10154200,ft3/s,['A'],0
2011-09-13,108.729164,streamflow,10154200,ft3/s,['A'],0
2011-09-14,104.770836,streamflow,10154200,ft3/s,['A'],0
2011-09-15,106.916664,streamflow,10154200,ft3/s,['A'],0
2011-09-16,106.958336,streamflow,10154200,ft3/s,['A'],0
2011-09-17,138.96875,streamflow,10154200,ft3/s,['A'],0
2011-09-18,135.64583,streamflow,10154200,ft3/s,['A'],0
2011-09-19,117.8125,streamflow,10154200,ft3/s,['A'],0
2011-09-20,114.104164,streamflow,10154200,ft3/s,['A'],0
2011-09-21,111.1875,streamflow,10154200,ft3/s,['A'],0
2011-09-22,138.48958,streamflow,10154200,ft3/s,['A'],0
2011-09-23,117.614586,streamflow,10154200,ft3/s,['A'],0
2011-09-24,107.75,streamflow,10154200,ft3/s,['A'],0
2011-09-25,106.8125,streamflow,10154200,ft3/s,['A'],0
2011-09-26,109.875,streamflow,10154200,ft3/s,['A'],0
2011-09-27,111.625,streamflow,10154200,ft3/s,['A'],0
2011-09-28,112.0,streamflow,10154200,ft3/s,['A'],0
2011-09-29,120.114586,streamflow,10154200,ft3/s,['A'],0
2011-09-30,150.63542,streamflow,10154200,ft3/s,['A'],0
2011-10-01,154.875,streamflow,10154200,ft3/s,['A'],0
2011-10-02,156.375,streamflow,10154200,ft3/s,['A'],0
2011-10-03,155.04167,streamflow,10154200,ft3/s,['A'],0
2011-10-04,161.83333,streamflow,10154200,ft3/s,['A'],0
2011-10-05,178.32292,streamflow,10154200,ft3/s,['A'],0
2011-10-06,213.8125,streamflow,10154200,ft3/s,['A'],0
2011-10-07,190.44792,streamflow,10154200,ft3/s,['A'],0
2011-10-08,181.75,streamflow,10154200,ft3/s,['A'],0
2011-10-09,152.25,streamflow,10154200,ft3/s,['A'],0
2011-10-10,130.4375,streamflow,10154200,ft3/s,['A'],0
2011-10-11,122.5625,streamflow,10154200,ft3/s,['A'],0
2011-10-12,123.020836,streamflow,10154200,ft3/s,['A'],0
2011-10-13,115.104164,streamflow,10154200,ft3/s,['A'],0
2011-10-14,110.625,streamflow,10154200,ft3/s,['A'],0
2011-10-15,112.833336,streamflow,10154200,ft3/s,['A'],0
2011-10-16,114.3125,streamflow,10154200,ft3/s,['A'],0
2011-10-17,127.354164,streamflow,10154200,ft3/s,['A'],0
2011-10-18,123.583336,streamflow,10154200,ft3/s,['A'],0
2011-10-19,113.354164,streamflow,10154200,ft3/s,['A'],0
2011-10-20,108.083336,streamflow,10154200,ft3/s,['A'],0
2011-10-21,106.041664,streamflow,10154200,ft3/s,['A'],0
2011-10-22,106.0,streamflow,10154200,ft3/s,['A'],0
2011-10-23,104.145836,streamflow,10154200,ft3/s,['A'],0
2011-10-24,102.385414,streamflow,10154200,ft3/s,['A'],0
2011-10-25,100.3875,streamflow,10154200,ft3/s,['A'],0
2011-10-26,98.9,streamflow,10154200,ft3/s,['A'],0
2011-10-27,90.83021,streamflow,10154200,ft3/s,['A'],0
2011-10-28,87.094795,streamflow,10154200,ft3/s,['A'],0
2011-10-29,90.83021,streamflow,10154200,ft3/s,['A'],0
2011-10-30,91.02396,streamflow,10154200,ft3/s,['A'],0
2011-10-31,89.69688,streamflow,10154200,ft3/s,['A'],0
2011-11-01,92.07604,streamflow,10154200,ft3/s,['A'],0
2011-11-02,83.20625,streamflow,10154200,ft3/s,['A'],0
2011-11-03,85.50208,streamflow,10154200,ft3/s,['A'],0
2011-11-04,94.989586,streamflow,10154200,ft3/s,['A'],0
2011-11-05,105.020836,streamflow,10154200,ft3/s,['A'],0
2011-11-06,95.00833,streamflow,10154200,ft3/s,['A'],0
2011-11-07,103.416664,streamflow,10154200,ft3/s,['A'],0
2011-11-08,88.74167,streamflow,10154200,ft3/s,['A'],0
2011-11-09,82.558334,streamflow,10154200,ft3/s,['A'],0
2011-11-10,88.19896,streamflow,10154200,ft3/s,['A'],0
2011-11-11,87.72813,streamflow,10154200,ft3/s,['A'],0
2011-11-12,94.30312,streamflow,10154200,ft3/s,['A'],0
2011-11-13,88.864586,streamflow,10154200,ft3/s,['A'],0
2011-11-14,85.68021,streamflow,10154200,ft3/s,['A'],0
2011-11-15,88.145836,streamflow,10154200,ft3/s,['A'],0
2011-11-16,77.083336,streamflow,10154200,ft3/s,['A'],0
2011-11-17,81.32604,streamflow,10154200,ft3/s,['A'],0
2011-11-18,88.88229,streamflow,10154200,ft3/s,['A'],0
2011-11-19,83.68958,streamflow,10154200,ft3/s,['A'],0
2011-11-20,84.31562,streamflow,10154200,ft3/s,['A'],0
2011-11-21,84.9,streamflow,10154200,ft3/s,['A'],0
2011-11-22,83.42292,streamflow,10154200,ft3/s,['A'],0
2011-11-23,79.85833,streamflow,10154200,ft3/s,['A'],0
2011-11-24,82.62813,streamflow,10154200,ft3/s,['A'],0
2011-11-25,79.76146,streamflow,10154200,ft3/s,['A'],0
2011-11-26,64.69688,streamflow,10154200,ft3/s,['A'],0
2011-11-27,74.140625,streamflow,10154200,ft3/s,['A'],0
2011-11-28,82.47396,streamflow,10154200,ft3/s,['A'],0
2011-11-29,78.52187,streamflow,10154200,ft3/s,['A'],0
2011-11-30,76.73333,streamflow,10154200,ft3/s,['A'],0
2011-12-01,78.37292,streamflow,10154200,ft3/s,['A'],0
2011-12-02,65.277084,streamflow,10154200,ft3/s,['A'],0
2011-12-03,76.166664,streamflow,10154200,ft3/s,['A'],0
2011-12-04,68.214584,streamflow,10154200,ft3/s,['A'],0
2011-12-05,70.29271,streamflow,10154200,ft3/s,['A'],0
2011-12-06,60.54271,streamflow,10154200,ft3/s,['A'],0
2011-12-07,63.53229,streamflow,10154200,ft3/s,['A'],0
2011-12-08,71.328125,streamflow,10154200,ft3/s,['A'],0
2011-12-09,72.61146,streamflow,10154200,ft3/s,['A'],0
2011-12-10,69.61146,streamflow,10154200,ft3/s,['A'],0
2011-12-11,72.0,streamflow,10154200,ft3/s,['A'],0
2011-12-12,71.19896,streamflow,10154200,ft3/s,['A'],0
2011-12-13,70.6875,streamflow,10154200,ft3/s,['A'],0
2011-12-14,71.15625,streamflow,10154200,ft3/s,['A'],0
2011-12-15,69.410416,streamflow,10154200,ft3/s,['A'],0
2011-12-16,67.55521,streamflow,10154200,ft3/s,['A'],0
2011-12-17,67.47708,streamflow,10154200,ft3/s,['A'],0
2011-12-18,68.13229,streamflow,10154200,ft3/s,['A'],0
2011-12-19,68.05938,streamflow,10154200,ft3/s,['A'],0
2011-12-20,66.97708,streamflow,10154200,ft3/s,['A'],0
2011-12-21,66.0,streamflow,10154200,ft3/s,['A'],0
2011-12-22,65.614586,streamflow,10154200,ft3/s,['A'],0
2011-12-23,62.141666,streamflow,10154200,ft3/s,['A'],0
2011-12-24,57.322918,streamflow,10154200,ft3/s,['A'],0
2011-12-25,62.296875,streamflow,10154200,ft3/s,['A'],0
2011-12-26,65.05937,streamflow,10154200,ft3/s,['A'],0
2011-12-27,65.123955,streamflow,10154200,ft3/s,['A'],0
2011-12-28,64.01354,streamflow,10154200,ft3/s,['A'],0
2011-12-29,65.015625,streamflow,10154200,ft3/s,['A'],0
2011-12-30,66.0,streamflow,10154200,ft3/s,['A'],0
2011-12-31,66.10208,streamflow,10154200,ft3/s,['A'],0
2012-01-01,61.6625,streamflow,10154200,ft3/s,['A'],0
2012-01-02,65.29792,streamflow,10154200,ft3/s,['A'],0
2012-01-03,64.5,streamflow,10154200,ft3/s,['A'],0
2012-01-04,63.741665,streamflow,10154200,ft3/s,['A'],0
2012-01-05,63.347916,streamflow,10154200,ft3/s,['A'],0
2012-01-06,63.639584,streamflow,10154200,ft3/s,['A'],0
2012-01-07,63.75625,streamflow,10154200,ft3/s,['A'],0
2012-01-08,63.654167,streamflow,10154200,ft3/s,['A'],0
2012-01-09,63.1,streamflow,10154200,ft3/s,['A'],0
2012-01-10,62.233334,streamflow,10154200,ft3/s,['A'],0
2012-01-11,62.25625,streamflow,10154200,ft3/s,['A'],0
2012-01-12,56.0625,streamflow,10154200,ft3/s,['A'],0
2012-01-13,54.65625,streamflow,10154200,ft3/s,['A'],0
2012-01-14,59.17604,streamflow,10154200,ft3/s,['A'],0
2012-01-15,61.78854,streamflow,10154200,ft3/s,['A'],0
2012-01-16,61.896873,streamflow,10154200,ft3/s,['A'],0
2012-01-17,56.01979,streamflow,10154200,ft3/s,['A'],0
2012-01-18,57.760418,streamflow,10154200,ft3/s,['A'],0
2012-01-19,62.471874,streamflow,10154200,ft3/s,['A'],0
2012-01-20,61.6,streamflow,10154200,ft3/s,['A'],0
2012-01-21,62.892708,streamflow,10154200,ft3/s,['A'],0
2012-01-22,62.83125,streamflow,10154200,ft3/s,['A'],0
2012-01-23,64.135414,streamflow,10154200,ft3/s,['A'],0
2012-01-24,66.0,streamflow,10154200,ft3/s,['A'],0
2012-01-25,66.04375,streamflow,10154200,ft3/s,['A'],0
2012-01-26,66.0,streamflow,10154200,ft3/s,['A'],0
2012-01-27,66.29063,streamflow,10154200,ft3/s,['A'],0
2012-01-28,61.190624,streamflow,10154200,ft3/s,['A'],0
2012-01-29,63.741665,streamflow,10154200,ft3/s,['A'],0
2012-01-30,65.20937,streamflow,10154200,ft3/s,['A'],0
2012-01-31,61.273956,streamflow,10154200,ft3/s,['A'],0
2012-02-01,60.889584,streamflow,10154200,ft3/s,['A'],0
2012-02-02,60.96979,streamflow,10154200,ft3/s,['A'],0
2012-02-03,59.239586,streamflow,10154200,ft3/s,['A'],0
2012-02-04,58.13646,streamflow,10154200,ft3/s,['A'],0
2012-02-05,57.857292,streamflow,10154200,ft3/s,['A'],0
2012-02-06,59.459373,streamflow,10154200,ft3/s,['A'],0
2012-02-07,57.033333,streamflow,10154200,ft3/s,['A'],0
2012-02-08,59.79375,streamflow,10154200,ft3/s,['A'],0
2012-02-09,58.129166,streamflow,10154200,ft3/s,['A'],0
2012-02-10,57.4,streamflow,10154200,ft3/s,['A'],0
2012-02-11,57.4,streamflow,10154200,ft3/s,['A'],0
2012-02-12,57.764584,streamflow,10154200,ft3/s,['A'],0
2012-02-13,58.8,streamflow,10154200,ft3/s,['A'],0
2012-02-14,58.8,streamflow,10154200,ft3/s,['A'],0
2012-02-15,58.202084,streamflow,10154200,ft3/s,['A'],0
2012-02-16,57.538544,streamflow,10154200,ft3/s,['A'],0
2012-02-17,56.228127,streamflow,10154200,ft3/s,['A'],0
2012-02-18,55.720833,streamflow,10154200,ft3/s,['A'],0
2012-02-19,59.89375,streamflow,10154200,ft3/s,['A'],0
2012-02-20,58.065624,streamflow,10154200,ft3/s,['A'],0
2012-02-21,58.872917,streamflow,10154200,ft3/s,['A'],0
2012-02-22,58.8,streamflow,10154200,ft3/s,['A'],0
2012-02-23,59.651043,streamflow,10154200,ft3/s,['A'],0
2012-02-24,58.708332,streamflow,10154200,ft3/s,['A'],0
2012-02-25,61.28125,streamflow,10154200,ft3/s,['A'],0
2012-02-26,60.03229,streamflow,10154200,ft3/s,['A'],0
2012-02-27,58.98125,streamflow,10154200,ft3/s,['A'],0
2012-02-28,60.690624,streamflow,10154200,ft3/s,['A'],0
2012-02-29,58.384373,streamflow,10154200,ft3/s,['A'],0
2012-03-01,61.00729,streamflow,10154200,ft3/s,['A'],0
2012-03-02,61.511456,streamflow,10154200,ft3/s,['A'],0
2012-03-03,60.50625,streamflow,10154200,ft3/s,['A'],0
2012-03-04,60.433334,streamflow,10154200,ft3/s,['A'],0
2012-03-05,60.159374,streamflow,10154200,ft3/s,['A'],0
2012-03-06,62.980206,streamflow,10154200,ft3/s,['A'],0
2012-03-07,60.375,streamflow,10154200,ft3/s,['A'],0
2012-03-08,56.772915,streamflow,10154200,ft3/s,['A'],0
2012-03-09,59.03021,streamflow,10154200,ft3/s,['A'],0
2012-03-10,61.173958,streamflow,10154200,ft3/s,['A'],0
2012-03-11,64.370834,streamflow,10154200,ft3/s,['A'],0
2012-03-12,67.08021,streamflow,10154200,ft3/s,['A'],0
2012-03-13,70.30625,streamflow,10154200,ft3/s,['A'],0
2012-03-14,70.71667,streamflow,10154200,ft3/s,['A'],0
2012-03-15,72.62708,streamflow,10154200,ft3/s,['A'],0
2012-03-16,80.25104,streamflow,10154200,ft3/s,['A'],0
2012-03-17,88.816666,streamflow,10154200,ft3/s,['A'],0
2012-03-18,92.75625,streamflow,10154200,ft3/s,['A'],0
2012-03-19,77.80937,streamflow,10154200,ft3/s,['A'],0
2012-03-20,71.26875,streamflow,10154200,ft3/s,['A'],0
2012-03-21,82.058334,streamflow,10154200,ft3/s,['A'],0
2012-03-22,80.27917,streamflow,10154200,ft3/s,['A'],0
2012-03-23,96.285416,streamflow,10154200,ft3/s,['A'],0
2012-03-24,115.395836,streamflow,10154200,ft3/s,['A'],0
2012-03-25,134.01042,streamflow,10154200,ft3/s,['A'],0
2012-03-26,137.33333,streamflow,10154200,ft3/s,['A'],0
2012-03-27,109.316666,streamflow,10154200,ft3/s,['A'],0
2012-03-28,108.135414,streamflow,10154200,ft3/s,['A'],0
2012-03-29,115.666664,streamflow,10154200,ft3/s,['A'],0
2012-03-30,121.291664,streamflow,10154200,ft3/s,['A'],0
2012-03-31,146.03125,streamflow,10154200,ft3/s,['A'],0
2012-04-01,194.89583,streamflow,10154200,ft3/s,['A'],0
2012-04-02,154.01042,streamflow,10154200,ft3/s,['A'],0
2012-04-03,137.88542,streamflow,10154200,ft3/s,['A'],0
2012-04-04,152.48958,streamflow,10154200,ft3/s,['A'],0
2012-04-05,182.38542,streamflow,10154200,ft3/s,['A'],0
2012-04-06,168.76042,streamflow,10154200,ft3/s,['A'],0
2012-04-07,135.23958,streamflow,10154200,ft3/s,['A'],0
2012-04-08,150.21875,streamflow,10154200,ft3/s,['A'],0
2012-04-09,156.23958,streamflow,10154200,ft3/s,['A'],0
2012-04-10,188.22917,streamflow,10154200,ft3/s,['A'],0
2012-04-11,229.51042,streamflow,10154200,ft3/s,['A'],0
2012-04-12,277.1146,streamflow,10154200,ft3/s,['A'],0
2012-04-13,239.98958,streamflow,10154200,ft3/s,['A'],0
2012-04-14,225.02083,streamflow,10154200,ft3/s,['A'],0
2012-04-15,204.15625,streamflow,10154200,ft3/s,['A'],0
2012-04-16,184.0,streamflow,10154200,ft3/s,['A'],0
2012-04-17,177.4375,streamflow,10154200,ft3/s,['A'],0
2012-04-18,174.89583,streamflow,10154200,ft3/s,['A'],0
2012-04-19,177.76042,streamflow,10154200,ft3/s,['A'],0
2012-04-20,171.28125,streamflow,10154200,ft3/s,['A'],0
2012-04-21,185.79167,streamflow,10154200,ft3/s,['A'],0
2012-04-22,249.80208,streamflow,10154200,ft3/s,['A'],0
2012-04-23,306.02084,streamflow,10154200,ft3/s,['A'],0
2012-04-24,408.39584,streamflow,10154200,ft3/s,['A'],0
2012-04-25,581.76044,streamflow,10154200,ft3/s,['A'],0
2012-04-26,582.7917,streamflow,10154200,ft3/s,['A'],0
2012-04-27,731.7708,streamflow,10154200,ft3/s,['A'],0
2012-04-28,581.9583,streamflow,10154200,ft3/s,['A'],0
2012-04-29,506.79166,streamflow,10154200,ft3/s,['A'],0
2012-04-30,485.59375,streamflow,10154200,ft3/s,['A'],0
2012-05-01,530.19794,streamflow,10154200,ft3/s,['A'],0
2012-05-02,565.1875,streamflow,10154200,ft3/s,['A'],0
2012-05-03,727.53125,streamflow,10154200,ft3/s,['A'],0
2012-05-04,775.73956,streamflow,10154200,ft3/s,['A'],0
2012-05-05,838.2083,streamflow,10154200,ft3/s,['A'],0
2012-05-06,746.4167,streamflow,10154200,ft3/s,['A'],0
2012-05-07,702.4792,streamflow,10154200,ft3/s,['A'],0
2012-05-08,645.42706,streamflow,10154200,ft3/s,['A'],0
2012-05-09,718.57294,streamflow,10154200,ft3/s,['A'],0
2012-05-10,898.59375,streamflow,10154200,ft3/s,['A'],0
2012-05-11,954.96875,streamflow,10154200,ft3/s,['A'],0
2012-05-12,889.53125,streamflow,10154200,ft3/s,['A'],0
2012-05-13,799.01044,streamflow,10154200,ft3/s,['A'],0
2012-05-14,795.3125,streamflow,10154200,ft3/s,['A'],0
2012-05-15,852.0417,streamflow,10154200,ft3/s,['A'],0
2012-05-16,872.8125,streamflow,10154200,ft3/s,['A'],0
2012-05-17,764.0417,streamflow,10154200,ft3/s,['A'],0
2012-05-18,678.7292,streamflow,10154200,ft3/s,['A'],0
2012-05-19,619.6042,streamflow,10154200,ft3/s,['A'],0
2012-05-20,544.375,streamflow,10154200,ft3/s,['A'],0
2012-05-21,517.03125,streamflow,10154200,ft3/s,['A'],0
2012-05-22,521.5625,streamflow,10154200,ft3/s,['A'],0
2012-05-23,536.94794,streamflow,10154200,ft3/s,['A'],0
2012-05-24,477.7604,streamflow,10154200,ft3/s,['A'],0
2012-05-25,420.40625,streamflow,10154200,ft3/s,['A'],0
2012-05-26,374.03125,streamflow,10154200,ft3/s,['A'],0
2012-05-27,363.60416,streamflow,10154200,ft3/s,['A'],0
2012-05-28,356.64584,streamflow,10154200,ft3/s,['A'],0
2012-05-29,354.25,streamflow,10154200,ft3/s,['A'],0
2012-05-30,316.78125,streamflow,10154200,ft3/s,['A'],0
2012-05-31,299.90625,streamflow,10154200,ft3/s,['A'],0
2012-06-01,307.3021,streamflow,10154200,ft3/s,['A'],0
2012-06-02,310.46875,streamflow,10154200,ft3/s,['A'],0
2012-06-03,298.39584,streamflow,10154200,ft3/s,['A'],0
2012-06-04,282.53125,streamflow,10154200,ft3/s,['A'],0
2012-06-05,262.25,streamflow,10154200,ft3/s,['A'],0
2012-06-06,243.61458,streamflow,10154200,ft3/s,['A'],0
2012-06-07,221.59375,streamflow,10154200,ft3/s,['A'],0
2012-06-08,198.54167,streamflow,10154200,ft3/s,['A'],0
2012-06-09,182.80208,streamflow,10154200,ft3/s,['A'],0
2012-06-10,172.51042,streamflow,10154200,ft3/s,['A'],0
2012-06-11,164.3158,streamflow,10154200,ft3/s,['A'],0
2012-06-12,122.78125,streamflow,10154200,ft3/s,['A'],0
2012-06-13,104.09375,streamflow,10154200,ft3/s,['A'],0
2012-06-14,102.583336,streamflow,10154200,ft3/s,['A'],0
2012-06-15,100.7375,streamflow,10154200,ft3/s,['A'],0
2012-06-16,92.75208,streamflow,10154200,ft3/s,['A'],0
2012-06-17,87.39687,streamflow,10154200,ft3/s,['A'],0
2012-06-18,83.60729,streamflow,10154200,ft3/s,['A'],0
2012-06-19,82.03333,streamflow,10154200,ft3/s,['A'],0
2012-06-20,80.64375,streamflow,10154200,ft3/s,['A'],0
2012-06-21,79.16354,streamflow,10154200,ft3/s,['A'],0
2012-06-22,77.066666,streamflow,10154200,ft3/s,['A'],0
2012-06-23,72.96146,streamflow,10154200,ft3/s,['A'],0
2012-06-24,69.23021,streamflow,10154200,ft3/s,['A'],0
2012-06-25,68.79271,streamflow,10154200,ft3/s,['A'],0
2012-06-26,69.625,streamflow,10154200,ft3/s,['A'],0
2012-06-27,69.86354,streamflow,10154200,ft3/s,['A'],0
2012-06-28,74.359375,streamflow,10154200,ft3/s,['A'],0
2012-06-29,79.85208,streamflow,10154200,ft3/s,['A'],0
2012-06-30,78.770836,streamflow,10154200,ft3/s,['A'],0
2012-07-01,77.26666,streamflow,10154200,ft3/s,['A'],0
2012-07-02,79.07188,streamflow,10154200,ft3/s,['A'],0
2012-07-03,77.00625,streamflow,10154200,ft3/s,['A'],0
2012-07-04,76.95,streamflow,10154200,ft3/s,['A'],0
2012-07-05,80.001045,streamflow,10154200,ft3/s,['A'],0
2012-07-06,93.40625,streamflow,10154200,ft3/s,['A'],0
2012-07-07,96.53438,streamflow,10154200,ft3/s,['A'],0
2012-07-08,96.47188,streamflow,10154200,ft3/s,['A'],0
2012-07-09,88.22917,streamflow,10154200,ft3/s,['A'],0
2012-07-10,85.572914,streamflow,10154200,ft3/s,['A'],0
2012-07-11,84.13646,streamflow,10154200,ft3/s,['A'],0
2012-07-12,83.73854,streamflow,10154200,ft3/s,['A'],0
2012-07-13,81.82396,streamflow,10154200,ft3/s,['A'],0
2012-07-14,84.98229,streamflow,10154200,ft3/s,['A'],0
2012-07-15,106.745834,streamflow,10154200,ft3/s,['A'],0
2012-07-16,97.54896,streamflow,10154200,ft3/s,['A'],0
2012-07-17,87.46771,streamflow,10154200,ft3/s,['A'],0
2012-07-18,78.87813,streamflow,10154200,ft3/s,['A'],0
2012-07-19,75.77292,streamflow,10154200,ft3/s,['A'],0
2012-07-20,73.583336,streamflow,10154200,ft3/s,['A'],0
2012-07-21,73.8,streamflow,10154200,ft3/s,['A'],0
2012-07-22,81.18854,streamflow,10154200,ft3/s,['A'],0
2012-07-23,76.55,streamflow,10154200,ft3/s,['A'],0
2012-07-24,73.7,streamflow,10154200,ft3/s,['A'],0
2012-07-25,73.4375,streamflow,10154200,ft3/s,['A'],0
2012-07-26,70.671875,streamflow,10154200,ft3/s,['A'],0
2012-07-27,70.5625,streamflow,10154200,ft3/s,['A'],0
2012-07-28,70.89687,streamflow,10154200,ft3/s,['A'],0
2012-07-29,70.447914,streamflow,10154200,ft3/s,['A'],0
2012-07-30,69.1,streamflow,10154200,ft3/s,['A'],0
2012-07-31,68.9,streamflow,10154200,ft3/s,['A'],0
2012-08-01,71.47813,streamflow,10154200,ft3/s,['A'],0
2012-08-02,69.0,streamflow,10154200,ft3/s,['A'],0
2012-08-03,66.17604,streamflow,10154200,ft3/s,['A'],0
2012-08-04,66.57188,streamflow,10154200,ft3/s,['A'],0
2012-08-05,64.15625,streamflow,10154200,ft3/s,['A'],0
2012-08-06,67.09062,streamflow,10154200,ft3/s,['A'],0
2012-08-07,68.9,streamflow,10154200,ft3/s,['A'],0
2012-08-08,68.046875,streamflow,10154200,ft3/s,['A'],0
2012-08-09,67.04271,streamflow,10154200,ft3/s,['A'],0
2012-08-10,65.04479,streamflow,10154200,ft3/s,['A'],0
2012-08-11,69.89271,streamflow,10154200,ft3/s,['A'],0
2012-08-12,67.3,streamflow,10154200,ft3/s,['A'],0
2012-08-13,67.55,streamflow,10154200,ft3/s,['A'],0
2012-08-14,68.668755,streamflow,10154200,ft3/s,['A'],0
2012-08-15,67.00625,streamflow,10154200,ft3/s,['A'],0
2012-08-16,66.1375,streamflow,10154200,ft3/s,['A'],0
2012-08-17,64.17083,streamflow,10154200,ft3/s,['A'],0
2012-08-18,63.479164,streamflow,10154200,ft3/s,['A'],0
2012-08-19,63.942707,streamflow,10154200,ft3/s,['A'],0
2012-08-20,66.025,streamflow,10154200,ft3/s,['A'],0
2012-08-21,64.99375,streamflow,10154200,ft3/s,['A'],0
2012-08-22,67.10625,streamflow,10154200,ft3/s,['A'],0
2012-08-23,71.29271,streamflow,10154200,ft3/s,['A'],0
2012-08-24,62.554165,streamflow,10154200,ft3/s,['A'],0
2012-08-25,,streamflow,10154200,ft3/s,['A'],0
2012-08-26,,streamflow,10154200,ft3/s,['A'],0
2012-08-27,,streamflow,10154200,ft3/s,['A'],0
2012-08-28,,streamflow,10154200,ft3/s,['A'],0
2012-08-29,,streamflow,10154200,ft3/s,['A'],0
2012-08-30,,streamflow,10154200,ft3/s,['A'],0
2012-08-31,39.291668,streamflow,10154200,ft3/s,['A'],0
2012-09-01,47.953125,streamflow,10154200,ft3/s,['A'],0
2012-09-02,56.85625,streamflow,10154200,ft3/s,['A'],0
2012-09-03,45.384373,streamflow,10154200,ft3/s,['A'],0
2012-09-04,41.390625,streamflow,10154200,ft3/s,['A'],0
2012-09-05,38.845833,streamflow,10154200,ft3/s,['A'],0
2012-09-06,37.848957,streamflow,10154200,ft3/s,['A'],0
2012-09-07,38.525,streamflow,10154200,ft3/s,['A'],0
2012-09-08,36.920834,streamflow,10154200,ft3/s,['A'],0
2012-09-09,36.680206,streamflow,10154200,ft3/s,['A'],0
2012-09-10,36.6,streamflow,10154200,ft3/s,['A'],0
2012-09-11,38.9375,streamflow,10154200,ft3/s,['A'],0
2012-09-12,36.94375,streamflow,10154200,ft3/s,['A'],0
2012-09-13,36.6,streamflow,10154200,ft3/s,['A'],0
2012-09-14,35.56875,streamflow,10154200,ft3/s,['A'],0
2012-09-15,35.5,streamflow,10154200,ft3/s,['A'],0
2012-09-16,34.552082,streamflow,10154200,ft3/s,['A'],0
2012-09-17,34.28229,streamflow,10154200,ft3/s,['A'],0
2012-09-18,33.970833,streamflow,10154200,ft3/s,['A'],0
2012-09-19,33.915627,streamflow,10154200,ft3/s,['A'],0
2012-09-20,33.571877,streamflow,10154200,ft3/s,['A'],0
2012-09-21,33.46771,streamflow,10154200,ft3/s,['A'],0
2012-09-22,33.434376,streamflow,10154200,ft3/s,['A'],0
2012-09-23,33.4,streamflow,10154200,ft3/s,['A'],0
2012-09-24,33.4,streamflow,10154200,ft3/s,['A'],0
2012-09-25,40.396877,streamflow,10154200,ft3/s,['A'],0
2012-09-26,44.75,streamflow,10154200,ft3/s,['A'],0
2012-09-27,44.95,streamflow,10154200,ft3/s,['A'],0
2012-09-28,42.478127,streamflow,10154200,ft3/s,['A'],0
2012-09-29,48.4875,streamflow,10154200,ft3/s,['A'],0
2012-09-30,43.300003,streamflow,10154200,ft3/s,['A'],0
2012-10-01,42.108334,streamflow,10154200,ft3/s,['A'],0
2012-10-02,41.45625,streamflow,10154200,ft3/s,['A'],0
2012-10-03,41.097916,streamflow,10154200,ft3/s,['A'],0
2012-10-04,42.388542,streamflow,10154200,ft3/s,['A'],0
2012-10-05,41.09479,streamflow,10154200,ft3/s,['A'],0
2012-10-06,40.496876,streamflow,10154200,ft3/s,['A'],0
2012-10-07,39.800003,streamflow,10154200,ft3/s,['A'],0
2012-10-08,40.45,streamflow,10154200,ft3/s,['A'],0
2012-10-09,41.953125,streamflow,10154200,ft3/s,['A'],0
2012-10-10,40.5625,streamflow,10154200,ft3/s,['A'],0
2012-10-11,40.0875,streamflow,10154200,ft3/s,['A'],0
2012-10-12,40.470833,streamflow,10154200,ft3/s,['A'],0
2012-10-13,48.384377,streamflow,10154200,ft3/s,['A'],0
2012-10-14,47.6875,streamflow,10154200,ft3/s,['A'],0
2012-10-15,44.725,streamflow,10154200,ft3/s,['A'],0
2012-10-16,42.5625,streamflow,10154200,ft3/s,['A'],0
2012-10-17,42.5,streamflow,10154200,ft3/s,['A'],0
2012-10-18,42.152084,streamflow,10154200,ft3/s,['A'],0
2012-10-19,41.35208,streamflow,10154200,ft3/s,['A'],0
2012-10-20,41.1,streamflow,10154200,ft3/s,['A'],0
2012-10-21,41.1,streamflow,10154200,ft3/s,['A'],0
2012-10-22,41.43229,streamflow,10154200,ft3/s,['A'],0
2012-10-23,44.7625,streamflow,10154200,ft3/s,['A'],0
2012-10-24,45.81354,streamflow,10154200,ft3/s,['A'],0
2012-10-25,45.2875,streamflow,10154200,ft3/s,['A'],0
2012-10-26,42.49896,streamflow,10154200,ft3/s,['A'],0
2012-10-27,50.403126,streamflow,10154200,ft3/s,['A'],0
2012-10-28,49.494793,streamflow,10154200,ft3/s,['A'],0
2012-10-29,49.5,streamflow,10154200,ft3/s,['A'],0
2012-10-30,48.649998,streamflow,10154200,ft3/s,['A'],0
2012-10-31,52.5,streamflow,10154200,ft3/s,['A'],0
2012-11-01,54.7,streamflow,10154200,ft3/s,['A'],0
2012-11-02,54.60521,streamflow,10154200,ft3/s,['A'],0
2012-11-03,52.777084,streamflow,10154200,ft3/s,['A'],0
2012-11-04,50.524998,streamflow,10154200,ft3/s,['A'],0
2012-11-05,49.369793,streamflow,10154200,ft3/s,['A'],0
2012-11-06,48.7625,streamflow,10154200,ft3/s,['A'],0
2012-11-07,47.993748,streamflow,10154200,ft3/s,['A'],0
2012-11-08,48.925,streamflow,10154200,ft3/s,['A'],0
2012-11-09,54.33229,streamflow,10154200,ft3/s,['A'],0
2012-11-10,58.503124,streamflow,10154200,ft3/s,['A'],0
2012-11-11,47.93125,streamflow,10154200,ft3/s,['A'],0
2012-11-12,41.586456,streamflow,10154200,ft3/s,['A'],0
2012-11-13,52.18854,streamflow,10154200,ft3/s,['A'],0
2012-11-14,48.704166,streamflow,10154200,ft3/s,['A'],0
2012-11-15,47.49896,streamflow,10154200,ft3/s,['A'],0
2012-11-16,48.148956,streamflow,10154200,ft3/s,['A'],0
2012-11-17,47.71771,streamflow,10154200,ft3/s,['A'],0
2012-11-18,56.14479,streamflow,10154200,ft3/s,['A'],0
2012-11-19,54.946877,streamflow,10154200,ft3/s,['A'],0
2012-11-20,50.541664,streamflow,10154200,ft3/s,['A'],0
2012-11-21,49.271873,streamflow,10154200,ft3/s,['A'],0
2012-11-22,48.38125,streamflow,10154200,ft3/s,['A'],0
2012-11-23,41.685417,streamflow,10154200,ft3/s,['A'],0
2012-11-24,46.182293,streamflow,10154200,ft3/s,['A'],0
2012-11-25,43.838543,streamflow,10154200,ft3/s,['A'],0
2012-11-26,41.619793,streamflow,10154200,ft3/s,['A'],0
2012-11-27,37.083332,streamflow,10154200,ft3/s,['A'],0
2012-11-28,44.87396,streamflow,10154200,ft3/s,['A'],0
2012-11-29,47.359375,streamflow,10154200,ft3/s,['A'],0
2012-11-30,46.861458,streamflow,10154200,ft3/s,['A'],0
2012-12-01,49.0125,streamflow,10154200,ft3/s,['A'],0
2012-12-02,48.23854,streamflow,10154200,ft3/s,['A'],0
2012-12-03,46.810417,streamflow,10154200,ft3/s,['A'],0
2012-12-04,41.68021,streamflow,10154200,ft3/s,['A'],0
2012-12-05,56.2375,streamflow,10154200,ft3/s,['A'],0
2012-12-06,52.24896,streamflow,10154200,ft3/s,['A'],0
2012-12-07,48.6875,streamflow,10154200,ft3/s,['A'],0
2012-12-08,39.145832,streamflow,10154200,ft3/s,['A'],0
2012-12-09,37.884377,streamflow,10154200,ft3/s,['A'],0
2012-12-10,41.3,streamflow,10154200,ft3/s,['A'],0
2012-12-11,47.16771,streamflow,10154200,ft3/s,['A'],0
2012-12-12,50.740623,streamflow,10154200,ft3/s,['A'],0
2012-12-13,49.540623,streamflow,10154200,ft3/s,['A'],0
2012-12-14,47.94479,streamflow,10154200,ft3/s,['A'],0
2012-12-15,47.98854,streamflow,10154200,ft3/s,['A'],0
2012-12-16,47.325,streamflow,10154200,ft3/s,['A'],0
2012-12-17,47.55104,streamflow,10154200,ft3/s,['A'],0
2012-12-18,49.725,streamflow,10154200,ft3/s,['A'],0
2012-12-19,46.44375,streamflow,10154200,ft3/s,['A'],0
2012-12-20,41.433334,streamflow,10154200,ft3/s,['A'],0
2012-12-21,45.79375,streamflow,10154200,ft3/s,['A'],0
2012-12-22,47.610416,streamflow,10154200,ft3/s,['A'],0
2012-12-23,50.306248,streamflow,10154200,ft3/s,['A'],0
2012-12-24,52.1,streamflow,10154200,ft3/s,['A'],0
2012-12-25,50.304165,streamflow,10154200,ft3/s,['A'],0
2012-12-26,49.153126,streamflow,10154200,ft3/s,['A'],0
2012-12-27,50.854164,streamflow,10154200,ft3/s,['A'],0
2012-12-28,50.461456,streamflow,10154200,ft3/s,['A'],0
2012-12-29,48.145832,streamflow,10154200,ft3/s,['A'],0
2012-12-30,50.479164,streamflow,10154200,ft3/s,['A'],0
2012-12-31,48.173958,streamflow,10154200,ft3/s,['A'],0
2013-01-01,47.965626,streamflow,10154200,ft3/s,['A'],0
2013-01-02,46.9,streamflow,10154200,ft3/s,['A'],0
2013-01-03,47.0,streamflow,10154200,ft3/s,['A'],0
2013-01-04,,streamflow,10154200,ft3/s,['A'],0
2013-01-05,,streamflow,10154200,ft3/s,['A'],0
2013-01-06,,streamflow,10154200,ft3/s,['A'],0
2013-01-07,,streamflow,10154200,ft3/s,['A'],0
2013-01-08,,streamflow,10154200,ft3/s,['A'],0
2013-01-09,,streamflow,10154200,ft3/s,['A'],0
2013-01-10,,streamflow,10154200,ft3/s,['A'],0
2013-01-11,,streamflow,10154200,ft3/s,['A'],0
2013-01-12,,streamflow,10154200,ft3/s,['A'],0
2013-01-13,,streamflow,10154200,ft3/s,['A'],0
2013-01-14,,streamflow,10154200,ft3/s,['A'],0
2013-01-15,,streamflow,10154200,ft3/s,['A'],0
2013-01-16,,streamflow,10154200,ft3/s,['A'],0
2013-01-17,,streamflow,10154200,ft3/s,['A'],0
2013-01-18,,streamflow,10154200,ft3/s,['A'],0
2013-01-19,,streamflow,10154200,ft3/s,['A'],0
2013-01-20,,streamflow,10154200,ft3/s,['A'],0
2013-01-21,,streamflow,10154200,ft3/s,['A'],0
2013-01-22,,streamflow,10154200,ft3/s,['A'],0
2013-01-23,,streamflow,10154200,ft3/s,['A'],0
2013-01-24,,streamflow,10154200,ft3/s,['A'],0
2013-01-25,,streamflow,10154200,ft3/s,['A'],0
2013-01-26,,streamflow,10154200,ft3/s,['A'],0
2013-01-27,,streamflow,10154200,ft3/s,['A'],0
2013-01-28,,streamflow,10154200,ft3/s,['A'],0
2013-01-29,42.2,streamflow,10154200,ft3/s,['A'],0
2013-01-30,42.4,streamflow,10154200,ft3/s,['A'],0
2013-01-31,43.15,streamflow,10154200,ft3/s,['A'],0
2013-02-01,43.4,streamflow,10154200,ft3/s,['A'],0
2013-02-02,41.807293,streamflow,10154200,ft3/s,['A'],0
2013-02-03,44.1875,streamflow,10154200,ft3/s,['A'],0
2013-02-04,41.81875,streamflow,10154200,ft3/s,['A'],0
2013-02-05,42.834373,streamflow,10154200,ft3/s,['A'],0
2013-02-06,43.375,streamflow,10154200,ft3/s,['A'],0
2013-02-07,39.270832,streamflow,10154200,ft3/s,['A'],0
2013-02-08,43.12396,streamflow,10154200,ft3/s,['A'],0
2013-02-09,42.90521,streamflow,10154200,ft3/s,['A'],0
2013-02-10,42.129166,streamflow,10154200,ft3/s,['A'],0
2013-02-11,41.621876,streamflow,10154200,ft3/s,['A'],0
2013-02-12,41.317707,streamflow,10154200,ft3/s,['A'],0
2013-02-13,41.589584,streamflow,10154200,ft3/s,['A'],0
2013-02-14,42.575,streamflow,10154200,ft3/s,['A'],0
2013-02-15,41.46979,streamflow,10154200,ft3/s,['A'],0
2013-02-16,41.59375,streamflow,10154200,ft3/s,['A'],0
2013-02-17,41.82396,streamflow,10154200,ft3/s,['A'],0
2013-02-18,40.955208,streamflow,10154200,ft3/s,['A'],0
2013-02-19,40.939583,streamflow,10154200,ft3/s,['A'],0
2013-02-20,41.809376,streamflow,10154200,ft3/s,['A'],0
2013-02-21,41.478123,streamflow,10154200,ft3/s,['A'],0
2013-02-22,40.54375,streamflow,10154200,ft3/s,['A'],0
2013-02-23,40.964584,streamflow,10154200,ft3/s,['A'],0
2013-02-24,41.427082,streamflow,10154200,ft3/s,['A'],0
2013-02-25,43.0625,streamflow,10154200,ft3/s,['A'],0
2013-02-26,43.3875,streamflow,10154200,ft3/s,['A'],0
2013-02-27,42.475002,streamflow,10154200,ft3/s,['A'],0
2013-02-28,43.8875,streamflow,10154200,ft3/s,['A'],0
2013-03-01,46.0875,streamflow,10154200,ft3/s,['A'],0
2013-03-02,42.61771,streamflow,10154200,ft3/s,['A'],0
2013-03-03,44.175,streamflow,10154200,ft3/s,['A'],0
2013-03-04,43.75,streamflow,10154200,ft3/s,['A'],0
2013-03-05,39.4,streamflow,10154200,ft3/s,['A'],0
2013-03-06,44.502083,streamflow,10154200,ft3/s,['A'],0
2013-03-07,45.345833,streamflow,10154200,ft3/s,['A'],0
2013-03-08,44.725,streamflow,10154200,ft3/s,['A'],0
2013-03-09,44.2875,streamflow,10154200,ft3/s,['A'],0
2013-03-10,41.357292,streamflow,10154200,ft3/s,['A'],0
2013-03-11,43.55521,streamflow,10154200,ft3/s,['A'],0
2013-03-12,45.807293,streamflow,10154200,ft3/s,['A'],0
2013-03-13,45.022915,streamflow,10154200,ft3/s,['A'],0
2013-03-14,49.934376,streamflow,10154200,ft3/s,['A'],0
2013-03-15,58.246876,streamflow,10154200,ft3/s,['A'],0
2013-03-16,66.47708,streamflow,10154200,ft3/s,['A'],0
2013-03-17,66.57188,streamflow,10154200,ft3/s,['A'],0
2013-03-18,55.572918,streamflow,10154200,ft3/s,['A'],0
2013-03-19,50.858334,streamflow,10154200,ft3/s,['A'],0
2013-03-20,55.158333,streamflow,10154200,ft3/s,['A'],0
2013-03-21,56.27292,streamflow,10154200,ft3/s,['A'],0
2013-03-22,41.189583,streamflow,10154200,ft3/s,['A'],0
2013-03-23,49.18854,streamflow,10154200,ft3/s,['A'],0
2013-03-24,44.129166,streamflow,10154200,ft3/s,['A'],0
2013-03-25,47.514584,streamflow,10154200,ft3/s,['A'],0
2013-03-26,55.196877,streamflow,10154200,ft3/s,['A'],0
2013-03-27,50.273956,streamflow,10154200,ft3/s,['A'],0
2013-03-28,53.67604,streamflow,10154200,ft3/s,['A'],0
2013-03-29,55.494793,streamflow,10154200,ft3/s,['A'],0
2013-03-30,58.61354,streamflow,10154200,ft3/s,['A'],0
2013-03-31,64.751045,streamflow,10154200,ft3/s,['A'],0
2013-04-01,75.91354,streamflow,10154200,ft3/s,['A'],0
2013-04-02,77.11667,streamflow,10154200,ft3/s,['A'],0
2013-04-03,76.92396,streamflow,10154200,ft3/s,['A'],0
2013-04-04,83.29479,streamflow,10154200,ft3/s,['A'],0
2013-04-05,94.703125,streamflow,10154200,ft3/s,['A'],0
2013-04-06,92.46146,streamflow,10154200,ft3/s,['A'],0
2013-04-07,87.07917,streamflow,10154200,ft3/s,['A'],0
2013-04-08,83.905205,streamflow,10154200,ft3/s,['A'],0
2013-04-09,81.05625,streamflow,10154200,ft3/s,['A'],0
2013-04-10,73.67812,streamflow,10154200,ft3/s,['A'],0
2013-04-11,86.38229,streamflow,10154200,ft3/s,['A'],0
2013-04-12,78.83229,streamflow,10154200,ft3/s,['A'],0
2013-04-13,88.925,streamflow,10154200,ft3/s,['A'],0
2013-04-14,84.5875,streamflow,10154200,ft3/s,['A'],0
2013-04-15,85.597916,streamflow,10154200,ft3/s,['A'],0
2013-04-16,82.25729,streamflow,10154200,ft3/s,['A'],0
2013-04-17,74.18958,streamflow,10154200,ft3/s,['A'],0
2013-04-18,68.94063,streamflow,10154200,ft3/s,['A'],0
2013-04-19,70.32604,streamflow,10154200,ft3/s,['A'],0
2013-04-20,75.76666,streamflow,10154200,ft3/s,['A'],0
2013-04-21,73.03958,streamflow,10154200,ft3/s,['A'],0
2013-04-22,73.8125,streamflow,10154200,ft3/s,['A'],0
2013-04-23,70.99479,streamflow,10154200,ft3/s,['A'],0
2013-04-24,72.13021,streamflow,10154200,ft3/s,['A'],0
2013-04-25,76.703125,streamflow,10154200,ft3/s,['A'],0
2013-04-26,90.43125,streamflow,10154200,ft3/s,['A'],0
2013-04-27,112.870834,streamflow,10154200,ft3/s,['A'],0
2013-04-28,155.94792,streamflow,10154200,ft3/s,['A'],0
2013-04-29,194.29167,streamflow,10154200,ft3/s,['A'],0
2013-04-30,242.67708,streamflow,10154200,ft3/s,['A'],0
2013-05-01,232.44792,streamflow,10154200,ft3/s,['A'],0
2013-05-02,191.23958,streamflow,10154200,ft3/s,['A'],0
2013-05-03,190.625,streamflow,10154200,ft3/s,['A'],0
2013-05-04,221.5625,streamflow,10154200,ft3/s,['A'],0
2013-05-05,226.71875,streamflow,10154200,ft3/s,['A'],0
2013-05-06,268.0104,streamflow,10154200,ft3/s,['A'],0
2013-05-07,287.64584,streamflow,10154200,ft3/s,['A'],0
2013-05-08,308.125,streamflow,10154200,ft3/s,['A'],0
2013-05-09,304.03125,streamflow,10154200,ft3/s,['A'],0
2013-05-10,323.2604,streamflow,10154200,ft3/s,['A'],0
2013-05-11,413.90625,streamflow,10154200,ft3/s,['A'],0
2013-05-12,503.2604,streamflow,10154200,ft3/s,['A'],0
2013-05-13,701.8333,streamflow,10154200,ft3/s,['A'],0
2013-05-14,880.625,streamflow,10154200,ft3/s,['A'],0
2013-05-15,1057.0834,streamflow,10154200,ft3/s,['A'],0
2013-05-16,1140.5209,streamflow,10154200,ft3/s,['A'],0
2013-05-17,1144.875,streamflow,10154200,ft3/s,['A'],0
2013-05-18,1002.09375,streamflow,10154200,ft3/s,['A'],0
2013-05-19,820.21875,streamflow,10154200,ft3/s,['A'],0
2013-05-20,734.21875,streamflow,10154200,ft3/s,['A'],0
2013-05-21,700.7292,streamflow,10154200,ft3/s,['A'],0
2013-05-22,746.4375,streamflow,10154200,ft3/s,['A'],0
2013-05-23,937.4167,streamflow,10154200,ft3/s,['A'],0
2013-05-24,1102.8229,streamflow,10154200,ft3/s,['A'],0
2013-05-25,1083.0938,streamflow,10154200,ft3/s,['A'],0
2013-05-26,1113.8541,streamflow,10154200,ft3/s,['A'],0
2013-05-27,1074.3959,streamflow,10154200,ft3/s,['A'],0
2013-05-28,1021.6667,streamflow,10154200,ft3/s,['A'],0
2013-05-29,851.44794,streamflow,10154200,ft3/s,['A'],0
2013-05-30,670.625,streamflow,10154200,ft3/s,['A'],0
2013-05-31,571.61456,streamflow,10154200,ft3/s,['A'],0
2013-06-01,511.1146,streamflow,10154200,ft3/s,['A'],0
2013-06-02,563.9792,streamflow,10154200,ft3/s,['A'],0
2013-06-03,694.63544,streamflow,10154200,ft3/s,['A'],0
2013-06-04,721.44794,streamflow,10154200,ft3/s,['A'],0
2013-06-05,691.4583,streamflow,10154200,ft3/s,['A'],0
2013-06-06,658.65625,streamflow,10154200,ft3/s,['A'],0
2013-06-07,640.75,streamflow,10154200,ft3/s,['A'],0
2013-06-08,629.59375,streamflow,10154200,ft3/s,['A'],0
2013-06-09,596.96875,streamflow,10154200,ft3/s,['A'],0
2013-06-10,540.03125,streamflow,10154200,ft3/s,['A'],0
2013-06-11,482.22916,streamflow,10154200,ft3/s,['A'],0
2013-06-12,404.3125,streamflow,10154200,ft3/s,['A'],0
2013-06-13,359.3229,streamflow,10154200,ft3/s,['A'],0
2013-06-14,318.5,streamflow,10154200,ft3/s,['A'],0
2013-06-15,288.2396,streamflow,10154200,ft3/s,['A'],0
2013-06-16,259.1875,streamflow,10154200,ft3/s,['A'],0
2013-06-17,236.27083,streamflow,10154200,ft3/s,['A'],0
2013-06-18,211.3125,streamflow,10154200,ft3/s,['A'],0
2013-06-19,192.86458,streamflow,10154200,ft3/s,['A'],0
2013-06-20,170.45833,streamflow,10154200,ft3/s,['A'],0
2013-06-21,157.90625,streamflow,10154200,ft3/s,['A'],0
2013-06-22,150.375,streamflow,10154200,ft3/s,['A'],0
2013-06-23,135.53125,streamflow,10154200,ft3/s,['A'],0
2013-06-24,127.666664,streamflow,10154200,ft3/s,['A'],0
2013-06-25,98.501045,streamflow,10154200,ft3/s,['A'],0
2013-06-26,89.62292,streamflow,10154200,ft3/s,['A'],0
2013-06-27,83.41563,streamflow,10154200,ft3/s,['A'],0
2013-06-28,80.183334,streamflow,10154200,ft3/s,['A'],0
2013-06-29,77.316666,streamflow,10154200,ft3/s,['A'],0
2013-06-30,74.11667,streamflow,10154200,ft3/s,['A'],0
2013-07-01,71.03125,streamflow,10154200,ft3/s,['A'],0
2013-07-02,69.40417,streamflow,10154200,ft3/s,['A'],0
2013-07-03,64.53125,streamflow,10154200,ft3/s,['A'],0
2013-07-04,70.19688,streamflow,10154200,ft3/s,['A'],0
2013-07-05,71.16146,streamflow,10154200,ft3/s,['A'],0
2013-07-06,73.28229,streamflow,10154200,ft3/s,['A'],0
2013-07-07,82.479164,streamflow,10154200,ft3/s,['A'],0
2013-07-08,75.748955,streamflow,10154200,ft3/s,['A'],0
2013-07-09,67.01771,streamflow,10154200,ft3/s,['A'],0
2013-07-10,64.25729,streamflow,10154200,ft3/s,['A'],0
2013-07-11,63.860416,streamflow,10154200,ft3/s,['A'],0
2013-07-12,65.816666,streamflow,10154200,ft3/s,['A'],0
2013-07-13,67.347916,streamflow,10154200,ft3/s,['A'],0
2013-07-14,63.274998,streamflow,10154200,ft3/s,['A'],0
2013-07-15,59.869793,streamflow,10154200,ft3/s,['A'],0
2013-07-16,60.684376,streamflow,10154200,ft3/s,['A'],0
2013-07-17,78.29375,streamflow,10154200,ft3/s,['A'],0
2013-07-18,80.53646,streamflow,10154200,ft3/s,['A'],0
2013-07-19,69.16458,streamflow,10154200,ft3/s,['A'],0
2013-07-20,62.635414,streamflow,10154200,ft3/s,['A'],0
2013-07-21,60.170834,streamflow,10154200,ft3/s,['A'],0
2013-07-22,58.654167,streamflow,10154200,ft3/s,['A'],0
2013-07-23,55.409374,streamflow,10154200,ft3/s,['A'],0
2013-07-24,55.307293,streamflow,10154200,ft3/s,['A'],0
2013-07-25,60.03958,streamflow,10154200,ft3/s,['A'],0
2013-07-26,58.66737,streamflow,10154200,ft3/s,['A'],0
2013-07-27,58.502083,streamflow,10154200,ft3/s,['A'],0
2013-07-28,61.76979,streamflow,10154200,ft3/s,['A'],0
2013-07-29,62.228123,streamflow,10154200,ft3/s,['A'],0
2013-07-30,62.711456,streamflow,10154200,ft3/s,['A'],0
2013-07-31,58.945835,streamflow,10154200,ft3/s,['A'],0
2013-08-01,56.34375,streamflow,10154200,ft3/s,['A'],0
2013-08-02,57.807293,streamflow,10154200,ft3/s,['A'],0
2013-08-03,63.75,streamflow,10154200,ft3/s,['A'],0
2013-08-04,62.673958,streamflow,10154200,ft3/s,['A'],0
2013-08-05,61.390625,streamflow,10154200,ft3/s,['A'],0
2013-08-06,63.722916,streamflow,10154200,ft3/s,['A'],0
2013-08-07,64.625,streamflow,10154200,ft3/s,['A'],0
2013-08-08,65.859375,streamflow,10154200,ft3/s,['A'],0
2013-08-09,67.21042,streamflow,10154200,ft3/s,['A'],0
2013-08-10,64.29791,streamflow,10154200,ft3/s,['A'],0
2013-08-11,60.490623,streamflow,10154200,ft3/s,['A'],0
2013-08-12,62.14375,streamflow,10154200,ft3/s,['A'],0
2013-08-13,65.75208,streamflow,10154200,ft3/s,['A'],0
2013-08-14,61.020832,streamflow,10154200,ft3/s,['A'],0
2013-08-15,61.010418,streamflow,10154200,ft3/s,['A'],0
2013-08-16,58.52292,streamflow,10154200,ft3/s,['A'],0
2013-08-17,58.440624,streamflow,10154200,ft3/s,['A'],0
2013-08-18,65.941666,streamflow,10154200,ft3/s,['A'],0
2013-08-19,60.622917,streamflow,10154200,ft3/s,['A'],0
2013-08-20,57.91146,streamflow,10154200,ft3/s,['A'],0
2013-08-21,61.72708,streamflow,10154200,ft3/s,['A'],0
2013-08-22,55.953125,streamflow,10154200,ft3/s,['A'],0
2013-08-23,58.24896,streamflow,10154200,ft3/s,['A'],0
2013-08-24,57.28229,streamflow,10154200,ft3/s,['A'],0
2013-08-25,50.245834,streamflow,10154200,ft3/s,['A'],0
2013-08-26,44.1125,streamflow,10154200,ft3/s,['A'],0
2013-08-27,42.958336,streamflow,10154200,ft3/s,['A'],0
2013-08-28,39.885418,streamflow,10154200,ft3/s,['A'],0
2013-08-29,38.364582,streamflow,10154200,ft3/s,['A'],0
2013-08-30,36.640625,streamflow,10154200,ft3/s,['A'],0
2013-08-31,34.584373,streamflow,10154200,ft3/s,['A'],0
2013-09-01,33.881252,streamflow,10154200,ft3/s,['A'],0
2013-09-02,33.4,streamflow,10154200,ft3/s,['A'],0
2013-09-03,33.545834,streamflow,10154200,ft3/s,['A'],0
2013-09-04,33.4,streamflow,10154200,ft3/s,['A'],0
2013-09-05,37.05625,streamflow,10154200,ft3/s,['A'],0
2013-09-06,46.98854,streamflow,10154200,ft3/s,['A'],0
2013-09-07,43.06771,streamflow,10154200,ft3/s,['A'],0
2013-09-08,41.510414,streamflow,10154200,ft3/s,['A'],0
2013-09-09,42.109375,streamflow,10154200,ft3/s,['A'],0
2013-09-10,41.264584,streamflow,10154200,ft3/s,['A'],0
2013-09-11,60.110416,streamflow,10154200,ft3/s,['A'],0
2013-09-12,67.520836,streamflow,10154200,ft3/s,['A'],0
2013-09-13,77.433334,streamflow,10154200,ft3/s,['A'],0
2013-09-14,82.61354,streamflow,10154200,ft3/s,['A'],0
2013-09-15,84.19479,streamflow,10154200,ft3/s,['A'],0
2013-09-16,74.98021,streamflow,10154200,ft3/s,['A'],0
2013-09-17,68.152084,streamflow,10154200,ft3/s,['A'],0
2013-09-18,68.078125,streamflow,10154200,ft3/s,['A'],0
2013-09-19,63.454166,streamflow,10154200,ft3/s,['A'],0
2013-09-20,59.01875,streamflow,10154200,ft3/s,['A'],0
2013-09-21,57.45729,streamflow,10154200,ft3/s,['A'],0
2013-09-22,56.161457,streamflow,10154200,ft3/s,['A'],0
2013-09-23,65.44375,streamflow,10154200,ft3/s,['A'],0
2013-09-24,59.63646,streamflow,10154200,ft3/s,['A'],0
2013-09-25,54.802082,streamflow,10154200,ft3/s,['A'],0
2013-09-26,61.89375,streamflow,10154200,ft3/s,['A'],0
2013-09-27,73.6125,streamflow,10154200,ft3/s,['A'],0
2013-09-28,68.76667,streamflow,10154200,ft3/s,['A'],0
2013-09-29,55.642708,streamflow,10154200,ft3/s,['A'],0
2013-09-30,48.067707,streamflow,10154200,ft3/s,['A'],0
2013-10-01,52.451042,streamflow,10154200,ft3/s,['A'],0
2013-10-02,57.041668,streamflow,10154200,ft3/s,['A'],0
2013-10-03,61.86771,streamflow,10154200,ft3/s,['A'],0
2013-10-04,70.921875,streamflow,10154200,ft3/s,['A'],0
2013-10-05,68.2375,streamflow,10154200,ft3/s,['A'],0
2013-10-06,67.82292,streamflow,10154200,ft3/s,['A'],0
2013-10-07,69.175,streamflow,10154200,ft3/s,['A'],0
2013-10-08,67.969795,streamflow,10154200,ft3/s,['A'],0
2013-10-09,65.56458,streamflow,10154200,ft3/s,['A'],0
2013-10-10,64.77604,streamflow,10154200,ft3/s,['A'],0
2013-10-11,73.32083,streamflow,10154200,ft3/s,['A'],0
2013-10-12,71.83646,streamflow,10154200,ft3/s,['A'],0
2013-10-13,69.46562,streamflow,10154200,ft3/s,['A'],0
2013-10-14,79.04063,streamflow,10154200,ft3/s,['A'],0
2013-10-15,76.025,streamflow,10154200,ft3/s,['A'],0
2013-10-16,69.097916,streamflow,10154200,ft3/s,['A'],0
2013-10-17,70.96562,streamflow,10154200,ft3/s,['A'],0
2013-10-18,69.03021,streamflow,10154200,ft3/s,['A'],0
2013-10-19,66.34375,streamflow,10154200,ft3/s,['A'],0
2013-10-20,66.42812,streamflow,10154200,ft3/s,['A'],0
2013-10-21,64.625,streamflow,10154200,ft3/s,['A'],0
2013-10-22,63.59479,streamflow,10154200,ft3/s,['A'],0
2013-10-23,62.709373,streamflow,10154200,ft3/s,['A'],0
2013-10-24,61.669792,streamflow,10154200,ft3/s,['A'],0
2013-10-25,61.496876,streamflow,10154200,ft3/s,['A'],0
2013-10-26,61.075,streamflow,10154200,ft3/s,['A'],0
2013-10-27,60.2,streamflow,10154200,ft3/s,['A'],0
2013-10-28,60.681248,streamflow,10154200,ft3/s,['A'],0
2013-10-29,66.48125,streamflow,10154200,ft3/s,['A'],0
2013-10-30,65.626045,streamflow,10154200,ft3/s,['A'],0
2013-10-31,65.47188,streamflow,10154200,ft3/s,['A'],0
2013-11-01,67.50313,streamflow,10154200,ft3/s,['A'],0
2013-11-02,65.95209,streamflow,10154200,ft3/s,['A'],0
2013-11-03,65.61042,streamflow,10154200,ft3/s,['A'],0
2013-11-04,56.32083,streamflow,10154200,ft3/s,['A'],0
2013-11-05,57.989582,streamflow,10154200,ft3/s,['A'],0
2013-11-06,61.977085,streamflow,10154200,ft3/s,['A'],0
2013-11-07,67.59896,streamflow,10154200,ft3/s,['A'],0
2013-11-08,66.07604,streamflow,10154200,ft3/s,['A'],0
2013-11-09,62.05,streamflow,10154200,ft3/s,['A'],0
2013-11-10,61.116665,streamflow,10154200,ft3/s,['A'],0
2013-11-11,59.252083,streamflow,10154200,ft3/s,['A'],0
2013-11-12,58.14375,streamflow,10154200,ft3/s,['A'],0
2013-11-13,58.75833,streamflow,10154200,ft3/s,['A'],0
2013-11-14,57.56875,streamflow,10154200,ft3/s,['A'],0
2013-11-15,58.372917,streamflow,10154200,ft3/s,['A'],0
2013-11-16,52.647915,streamflow,10154200,ft3/s,['A'],0
2013-11-17,57.096874,streamflow,10154200,ft3/s,['A'],0
2013-11-18,62.675,streamflow,10154200,ft3/s,['A'],0
2013-11-19,67.27187,streamflow,10154200,ft3/s,['A'],0
2013-11-20,65.597916,streamflow,10154200,ft3/s,['A'],0
2013-11-21,65.109375,streamflow,10154200,ft3/s,['A'],0
2013-11-22,53.022915,streamflow,10154200,ft3/s,['A'],0
2013-11-23,46.121876,streamflow,10154200,ft3/s,['A'],0
2013-11-24,66.43437,streamflow,10154200,ft3/s,['A'],0
2013-11-25,53.473957,streamflow,10154200,ft3/s,['A'],0
2013-11-26,53.214584,streamflow,10154200,ft3/s,['A'],0
2013-11-27,55.997917,streamflow,10154200,ft3/s,['A'],0
2013-11-28,57.49375,streamflow,10154200,ft3/s,['A'],0
2013-11-29,57.515625,streamflow,10154200,ft3/s,['A'],0
2013-11-30,50.555206,streamflow,10154200,ft3/s,['A'],0
2013-12-01,55.715626,streamflow,10154200,ft3/s,['A'],0
2013-12-02,57.70729,streamflow,10154200,ft3/s,['A'],0
2013-12-03,56.028126,streamflow,10154200,ft3/s,['A'],0
2013-12-04,49.310417,streamflow,10154200,ft3/s,['A'],0
2013-12-05,39.633335,streamflow,10154200,ft3/s,['A'],0
2013-12-06,39.48021,streamflow,10154200,ft3/s,['A'],0
2013-12-07,48.5625,streamflow,10154200,ft3/s,['A'],0
2013-12-08,49.5,streamflow,10154200,ft3/s,['A'],0
2013-12-09,,streamflow,10154200,ft3/s,['A'],0
2013-12-10,,streamflow,10154200,ft3/s,['A'],0
2013-12-11,,streamflow,10154200,ft3/s,['A'],0
2013-12-12,,streamflow,10154200,ft3/s,['A'],0
2013-12-13,,streamflow,10154200,ft3/s,['A'],0
2013-12-14,,streamflow,10154200,ft3/s,['A'],0
2013-12-15,,streamflow,10154200,ft3/s,['A'],0
2013-12-16,51.92794,streamflow,10154200,ft3/s,['A'],0
2013-12-17,50.8,streamflow,10154200,ft3/s,['A'],0
2013-12-18,50.94896,streamflow,10154200,ft3/s,['A'],0
2013-12-19,53.697918,streamflow,10154200,ft3/s,['A'],0
2013-12-20,55.79375,streamflow,10154200,ft3/s,['A'],0
2013-12-21,54.709377,streamflow,10154200,ft3/s,['A'],0
2013-12-22,53.670834,streamflow,10154200,ft3/s,['A'],0
2013-12-23,53.995834,streamflow,10154200,ft3/s,['A'],0
2013-12-24,54.68646,streamflow,10154200,ft3/s,['A'],0
2013-12-25,49.92604,streamflow,10154200,ft3/s,['A'],0
2013-12-26,51.415623,streamflow,10154200,ft3/s,['A'],0
2013-12-27,54.722916,streamflow,10154200,ft3/s,['A'],0
2013-12-28,52.510418,streamflow,10154200,ft3/s,['A'],0
2013-12-29,50.839584,streamflow,10154200,ft3/s,['A'],0
2013-12-30,51.148956,streamflow,10154200,ft3/s,['A'],0
2013-12-31,52.181248,streamflow,10154200,ft3/s,['A'],0
2014-01-01,51.96458,streamflow,10154200,ft3/s,['A'],0
2014-01-02,50.452084,streamflow,10154200,ft3/s,['A'],0
2014-01-03,50.87604,streamflow,10154200,ft3/s,['A'],0
2014-01-04,51.544792,streamflow,10154200,ft3/s,['A'],0
2014-01-05,49.666668,streamflow,10154200,ft3/s,['A'],0
2014-01-06,48.557293,streamflow,10154200,ft3/s,['A'],0
2014-01-07,51.545834,streamflow,10154200,ft3/s,['A'],0
2014-01-08,52.871876,streamflow,10154200,ft3/s,['A'],0
2014-01-09,51.355206,streamflow,10154200,ft3/s,['A'],0
2014-01-10,51.246876,streamflow,10154200,ft3/s,['A'],0
2014-01-11,52.1,streamflow,10154200,ft3/s,['A'],0
2014-01-12,52.397915,streamflow,10154200,ft3/s,['A'],0
2014-01-13,51.978127,streamflow,10154200,ft3/s,['A'],0
2014-01-14,56.45625,streamflow,10154200,ft3/s,['A'],0
2014-01-15,53.803123,streamflow,10154200,ft3/s,['A'],0
2014-01-16,53.6625,streamflow,10154200,ft3/s,['A'],0
2014-01-17,54.482292,streamflow,10154200,ft3/s,['A'],0
2014-01-18,53.565624,streamflow,10154200,ft3/s,['A'],0
2014-01-19,51.660416,streamflow,10154200,ft3/s,['A'],0
2014-01-20,50.25625,streamflow,10154200,ft3/s,['A'],0
2014-01-21,48.979168,streamflow,10154200,ft3/s,['A'],0
2014-01-22,49.911457,streamflow,10154200,ft3/s,['A'],0
2014-01-23,50.505207,streamflow,10154200,ft3/s,['A'],0
2014-01-24,49.825,streamflow,10154200,ft3/s,['A'],0
2014-01-25,50.7625,streamflow,10154200,ft3/s,['A'],0
2014-01-26,50.909374,streamflow,10154200,ft3/s,['A'],0
2014-01-27,51.571873,streamflow,10154200,ft3/s,['A'],0
2014-01-28,49.70625,streamflow,10154200,ft3/s,['A'],0
2014-01-29,48.997917,streamflow,10154200,ft3/s,['A'],0
2014-01-30,50.475,streamflow,10154200,ft3/s,['A'],0
2014-01-31,52.871876,streamflow,10154200,ft3/s,['A'],0
2014-02-01,51.734375,streamflow,10154200,ft3/s,['A'],0
2014-02-02,52.1,streamflow,10154200,ft3/s,['A'],0
2014-02-03,,streamflow,10154200,ft3/s,['A'],0
2014-02-04,,streamflow,10154200,ft3/s,['A'],0
2014-02-05,,streamflow,10154200,ft3/s,['A'],0
2014-02-06,,streamflow,10154200,ft3/s,['A'],0
2014-02-07,,streamflow,10154200,ft3/s,['A'],0
2014-02-08,,streamflow,10154200,ft3/s,['A'],0
2014-02-09,52.176468,streamflow,10154200,ft3/s,['A'],0
2014-02-10,54.75833,streamflow,10154200,ft3/s,['A'],0
2014-02-11,57.27292,streamflow,10154200,ft3/s,['A'],0
2014-02-12,59.091667,streamflow,10154200,ft3/s,['A'],0
2014-02-13,57.820835,streamflow,10154200,ft3/s,['A'],0
2014-02-14,58.129166,streamflow,10154200,ft3/s,['A'],0
2014-02-15,57.4,streamflow,10154200,ft3/s,['A'],0
2014-02-16,57.822918,streamflow,10154200,ft3/s,['A'],0
2014-02-17,52.31875,streamflow,10154200,ft3/s,['A'],0
2014-02-18,53.505207,streamflow,10154200,ft3/s,['A'],0
2014-02-19,54.526043,streamflow,10154200,ft3/s,['A'],0
2014-02-20,50.784374,streamflow,10154200,ft3/s,['A'],0
2014-02-21,54.134377,streamflow,10154200,ft3/s,['A'],0
2014-02-22,53.66771,streamflow,10154200,ft3/s,['A'],0
2014-02-23,51.172916,streamflow,10154200,ft3/s,['A'],0
2014-02-24,51.18021,streamflow,10154200,ft3/s,['A'],0
2014-02-25,53.057293,streamflow,10154200,ft3/s,['A'],0
2014-02-26,52.817707,streamflow,10154200,ft3/s,['A'],0
2014-02-27,55.286457,streamflow,10154200,ft3/s,['A'],0
2014-02-28,54.879166,streamflow,10154200,ft3/s,['A'],0
2014-03-01,56.35521,streamflow,10154200,ft3/s,['A'],0
2014-03-02,57.983334,streamflow,10154200,ft3/s,['A'],0
2014-03-03,58.464584,streamflow,10154200,ft3/s,['A'],0
2014-03-04,58.588543,streamflow,10154200,ft3/s,['A'],0
2014-03-05,56.452084,streamflow,10154200,ft3/s,['A'],0
2014-03-06,57.15,streamflow,10154200,ft3/s,['A'],0
2014-03-07,58.070835,streamflow,10154200,ft3/s,['A'],0
2014-03-08,57.06979,streamflow,10154200,ft3/s,['A'],0
2014-03-09,57.236458,streamflow,10154200,ft3/s,['A'],0
2014-03-10,61.115623,streamflow,10154200,ft3/s,['A'],0
2014-03-11,60.80104,streamflow,10154200,ft3/s,['A'],0
2014-03-12,51.180206,streamflow,10154200,ft3/s,['A'],0
2014-03-13,61.16771,streamflow,10154200,ft3/s,['A'],0
2014-03-14,60.954166,streamflow,10154200,ft3/s,['A'],0
2014-03-15,66.67396,streamflow,10154200,ft3/s,['A'],0
2014-03-16,58.46875,streamflow,10154200,ft3/s,['A'],0
2014-03-17,66.3125,streamflow,10154200,ft3/s,['A'],0
2014-03-18,60.451042,streamflow,10154200,ft3/s,['A'],0
2014-03-19,52.725,streamflow,10154200,ft3/s,['A'],0
2014-03-20,62.369793,streamflow,10154200,ft3/s,['A'],0
2014-03-21,64.99271,streamflow,10154200,ft3/s,['A'],0
2014-03-22,64.245834,streamflow,10154200,ft3/s,['A'],0
2014-03-23,60.78021,streamflow,10154200,ft3/s,['A'],0
2014-03-24,67.004166,streamflow,10154200,ft3/s,['A'],0
2014-03-25,72.51979,streamflow,10154200,ft3/s,['A'],0
2014-03-26,84.57083,streamflow,10154200,ft3/s,['A'],0
2014-03-27,79.19375,streamflow,10154200,ft3/s,['A'],0
2014-03-28,75.32083,streamflow,10154200,ft3/s,['A'],0
2014-03-29,73.60313,streamflow,10154200,ft3/s,['A'],0
2014-03-30,75.65,streamflow,10154200,ft3/s,['A'],0
2014-03-31,73.3875,streamflow,10154200,ft3/s,['A'],0
2014-04-01,75.39375,streamflow,10154200,ft3/s,['A'],0
2014-04-02,71.125,streamflow,10154200,ft3/s,['A'],0
2014-04-03,68.969795,streamflow,10154200,ft3/s,['A'],0
2014-04-04,72.36562,streamflow,10154200,ft3/s,['A'],0
2014-04-05,73.54479,streamflow,10154200,ft3/s,['A'],0
2014-04-06,71.984375,streamflow,10154200,ft3/s,['A'],0
2014-04-07,71.67292,streamflow,10154200,ft3/s,['A'],0
2014-04-08,96.99375,streamflow,10154200,ft3/s,['A'],0
2014-04-09,166.92708,streamflow,10154200,ft3/s,['A'],0
2014-04-10,206.13542,streamflow,10154200,ft3/s,['A'],0
2014-04-11,242.61458,streamflow,10154200,ft3/s,['A'],0
2014-04-12,306.70834,streamflow,10154200,ft3/s,['A'],0
2014-04-13,297.04166,streamflow,10154200,ft3/s,['A'],0
2014-04-14,241.15625,streamflow,10154200,ft3/s,['A'],0
2014-04-15,221.72917,streamflow,10154200,ft3/s,['A'],0
2014-04-16,233.5,streamflow,10154200,ft3/s,['A'],0
2014-04-17,235.375,streamflow,10154200,ft3/s,['A'],0
2014-04-18,283.84375,streamflow,10154200,ft3/s,['A'],0
2014-04-19,307.0729,streamflow,10154200,ft3/s,['A'],0
2014-04-20,367.8125,streamflow,10154200,ft3/s,['A'],0
2014-04-21,426.75,streamflow,10154200,ft3/s,['A'],0
2014-04-22,491.27084,streamflow,10154200,ft3/s,['A'],0
2014-04-23,550.71875,streamflow,10154200,ft3/s,['A'],0
2014-04-24,445.3646,streamflow,10154200,ft3/s,['A'],0
2014-04-25,428.79166,streamflow,10154200,ft3/s,['A'],0
2014-04-26,436.45834,streamflow,10154200,ft3/s,['A'],0
2014-04-27,398.08334,streamflow,10154200,ft3/s,['A'],0
2014-04-28,348.3646,streamflow,10154200,ft3/s,['A'],0
2014-04-29,306.40625,streamflow,10154200,ft3/s,['A'],0
2014-04-30,284.79166,streamflow,10154200,ft3/s,['A'],0
2014-05-01,271.9271,streamflow,10154200,ft3/s,['A'],0
2014-05-02,302.28125,streamflow,10154200,ft3/s,['A'],0
2014-05-03,415.5,streamflow,10154200,ft3/s,['A'],0
2014-05-04,605.36456,streamflow,10154200,ft3/s,['A'],0
2014-05-05,774.63544,streamflow,10154200,ft3/s,['A'],0
2014-05-06,889.88544,streamflow,10154200,ft3/s,['A'],0
2014-05-07,761.17706,streamflow,10154200,ft3/s,['A'],0
2014-05-08,638.44794,streamflow,10154200,ft3/s,['A'],0
2014-05-09,551.28125,streamflow,10154200,ft3/s,['A'],0
2014-05-10,498.3646,streamflow,10154200,ft3/s,['A'],0
2014-05-11,440.95834,streamflow,10154200,ft3/s,['A'],0
2014-05-12,387.65625,streamflow,10154200,ft3/s,['A'],0
2014-05-13,348.3646,streamflow,10154200,ft3/s,['A'],0
2014-05-14,342.10416,streamflow,10154200,ft3/s,['A'],0
2014-05-15,386.375,streamflow,10154200,ft3/s,['A'],0
2014-05-16,572.6875,streamflow,10154200,ft3/s,['A'],0
2014-05-17,723.78125,streamflow,10154200,ft3/s,['A'],0
2014-05-18,1090.0312,streamflow,10154200,ft3/s,['A'],0
2014-05-19,1380.1041,streamflow,10154200,ft3/s,['A'],0
2014-05-20,1369.375,streamflow,10154200,ft3/s,['A'],0
2014-05-21,1402.8125,streamflow,10154200,ft3/s,['A'],0
2014-05-22,1387.2916,streamflow,10154200,ft3/s,['A'],0
2014-05-23,1472.0834,streamflow,10154200,ft3/s,['A'],0
2014-05-24,1336.875,streamflow,10154200,ft3/s,['A'],0
2014-05-25,1371.1459,streamflow,10154200,ft3/s,['A'],0
2014-05-26,1779.0625,streamflow,10154200,ft3/s,['A'],0
2014-05-27,1987.6041,streamflow,10154200,ft3/s,['A'],0
2014-05-28,2077.1875,streamflow,10154200,ft3/s,['A'],0
2014-05-29,1952.9166,streamflow,10154200,ft3/s,['A'],0
2014-05-30,1893.9584,streamflow,10154200,ft3/s,['A'],0
2014-05-31,1699.6875,streamflow,10154200,ft3/s,['A'],0
2014-06-01,1506.4584,streamflow,10154200,ft3/s,['A'],0
2014-06-02,1379.6875,streamflow,10154200,ft3/s,['A'],0
2014-06-03,1288.125,streamflow,10154200,ft3/s,['A'],0
2014-06-04,1298.6459,streamflow,10154200,ft3/s,['A'],0
2014-06-05,1136.0416,streamflow,10154200,ft3/s,['A'],0
2014-06-06,1032.9896,streamflow,10154200,ft3/s,['A'],0
2014-06-07,916.8542,streamflow,10154200,ft3/s,['A'],0
2014-06-08,816.05206,streamflow,10154200,ft3/s,['A'],0
2014-06-09,699.23956,streamflow,10154200,ft3/s,['A'],0
2014-06-10,637.9792,streamflow,10154200,ft3/s,['A'],0
2014-06-11,597.46875,streamflow,10154200,ft3/s,['A'],0
2014-06-12,528.40625,streamflow,10154200,ft3/s,['A'],0
2014-06-13,510.60416,streamflow,10154200,ft3/s,['A'],0
2014-06-14,467.83334,streamflow,10154200,ft3/s,['A'],0
2014-06-15,423.03125,streamflow,10154200,ft3/s,['A'],0
2014-06-16,380.7604,streamflow,10154200,ft3/s,['A'],0
2014-06-17,355.04166,streamflow,10154200,ft3/s,['A'],0
2014-06-18,345.6146,streamflow,10154200,ft3/s,['A'],0
2014-06-19,329.375,streamflow,10154200,ft3/s,['A'],0
2014-06-20,282.2604,streamflow,10154200,ft3/s,['A'],0
2014-06-21,262.3125,streamflow,10154200,ft3/s,['A'],0
2014-06-22,249.46875,streamflow,10154200,ft3/s,['A'],0
2014-06-23,238.09375,streamflow,10154200,ft3/s,['A'],0
2014-06-24,220.625,streamflow,10154200,ft3/s,['A'],0
2014-06-25,212.25,streamflow,10154200,ft3/s,['A'],0
2014-06-26,209.48958,streamflow,10154200,ft3/s,['A'],0
2014-06-27,210.89583,streamflow,10154200,ft3/s,['A'],0
2014-06-28,208.48958,streamflow,10154200,ft3/s,['A'],0
2014-06-29,192.67708,streamflow,10154200,ft3/s,['A'],0
2014-06-30,180.79167,streamflow,10154200,ft3/s,['A'],0
2014-07-01,166.3125,streamflow,10154200,ft3/s,['A'],0
2014-07-02,127.208336,streamflow,10154200,ft3/s,['A'],0
2014-07-03,103.575,streamflow,10154200,ft3/s,['A'],0
2014-07-04,97.2125,streamflow,10154200,ft3/s,['A'],0
2014-07-05,92.03333,streamflow,10154200,ft3/s,['A'],0
2014-07-06,87.025,streamflow,10154200,ft3/s,['A'],0
2014-07-07,82.254166,streamflow,10154200,ft3/s,['A'],0
2014-07-08,77.38333,streamflow,10154200,ft3/s,['A'],0
2014-07-09,84.54063,streamflow,10154200,ft3/s,['A'],0
2014-07-10,98.16875,streamflow,10154200,ft3/s,['A'],0
2014-07-11,152.81041,streamflow,10154200,ft3/s,['A'],0
2014-07-12,204.8125,streamflow,10154200,ft3/s,['A'],0
2014-07-13,132.36458,streamflow,10154200,ft3/s,['A'],0
2014-07-14,112.791664,streamflow,10154200,ft3/s,['A'],0
2014-07-15,102.479164,streamflow,10154200,ft3/s,['A'],0
2014-07-16,98.92084,streamflow,10154200,ft3/s,['A'],0
2014-07-17,94.15938,streamflow,10154200,ft3/s,['A'],0
2014-07-18,89.13959,streamflow,10154200,ft3/s,['A'],0
2014-07-19,86.83021,streamflow,10154200,ft3/s,['A'],0
2014-07-20,84.280205,streamflow,10154200,ft3/s,['A'],0
2014-07-21,80.765625,streamflow,10154200,ft3/s,['A'],0
2014-07-22,74.907364,streamflow,10154200,ft3/s,['A'],0
2014-07-23,74.03438,streamflow,10154200,ft3/s,['A'],0
2014-07-24,72.453125,streamflow,10154200,ft3/s,['A'],0
2014-07-25,71.609375,streamflow,10154200,ft3/s,['A'],0
2014-07-26,69.26667,streamflow,10154200,ft3/s,['A'],0
2014-07-27,68.0875,streamflow,10154200,ft3/s,['A'],0
2014-07-28,68.71355,streamflow,10154200,ft3/s,['A'],0
2014-07-29,89.739586,streamflow,10154200,ft3/s,['A'],0
2014-07-30,136.79167,streamflow,10154200,ft3/s,['A'],0
2014-07-31,100.73854,streamflow,10154200,ft3/s,['A'],0
2014-08-01,85.152084,streamflow,10154200,ft3/s,['A'],0
2014-08-02,80.34896,streamflow,10154200,ft3/s,['A'],0
2014-08-03,76.933334,streamflow,10154200,ft3/s,['A'],0
2014-08-04,80.2125,streamflow,10154200,ft3/s,['A'],0
2014-08-05,86.11667,streamflow,10154200,ft3/s,['A'],0
2014-08-06,101.739586,streamflow,10154200,ft3/s,['A'],0
2014-08-07,87.43646,streamflow,10154200,ft3/s,['A'],0
2014-08-08,84.24479,streamflow,10154200,ft3/s,['A'],0
2014-08-09,80.50729,streamflow,10154200,ft3/s,['A'],0
2014-08-10,78.28333,streamflow,10154200,ft3/s,['A'],0
2014-08-11,78.16146,streamflow,10154200,ft3/s,['A'],0
2014-08-12,82.19271,streamflow,10154200,ft3/s,['A'],0
2014-08-13,79.91146,streamflow,10154200,ft3/s,['A'],0
2014-08-14,79.03854,streamflow,10154200,ft3/s,['A'],0
2014-08-15,82.49062,streamflow,10154200,ft3/s,['A'],0
2014-08-16,90.152084,streamflow,10154200,ft3/s,['A'],0
2014-08-17,79.9875,streamflow,10154200,ft3/s,['A'],0
2014-08-18,78.683334,streamflow,10154200,ft3/s,['A'],0
2014-08-19,78.575,streamflow,10154200,ft3/s,['A'],0
2014-08-20,120.4875,streamflow,10154200,ft3/s,['A'],0
2014-08-21,116.354164,streamflow,10154200,ft3/s,['A'],0
2014-08-22,97.17292,streamflow,10154200,ft3/s,['A'],0
2014-08-23,160.46562,streamflow,10154200,ft3/s,['A'],0
2014-08-24,192.59375,streamflow,10154200,ft3/s,['A'],0
2014-08-25,210.29167,streamflow,10154200,ft3/s,['A'],0
2014-08-26,221.60417,streamflow,10154200,ft3/s,['A'],0
2014-08-27,200.64583,streamflow,10154200,ft3/s,['A'],0
2014-08-28,206.33333,streamflow,10154200,ft3/s,['A'],0
2014-08-29,168.97917,streamflow,10154200,ft3/s,['A'],0
2014-08-30,146.41667,streamflow,10154200,ft3/s,['A'],0
2014-08-31,139.25,streamflow,10154200,ft3/s,['A'],0
2014-09-01,129.35417,streamflow,10154200,ft3/s,['A'],0
2014-09-02,119.854164,streamflow,10154200,ft3/s,['A'],0
2014-09-03,110.0625,streamflow,10154200,ft3/s,['A'],0
2014-09-04,102.958336,streamflow,10154200,ft3/s,['A'],0
2014-09-05,97.18125,streamflow,10154200,ft3/s,['A'],0
2014-09-06,95.359375,streamflow,10154200,ft3/s,['A'],0
2014-09-07,90.251045,streamflow,10154200,ft3/s,['A'],0
2014-09-08,90.09896,streamflow,10154200,ft3/s,['A'],0
2014-09-09,140.87396,streamflow,10154200,ft3/s,['A'],0
2014-09-10,186.63542,streamflow,10154200,ft3/s,['A'],0
2014-09-11,130.76042,streamflow,10154200,ft3/s,['A'],0
2014-09-12,115.8125,streamflow,10154200,ft3/s,['A'],0
2014-09-13,106.8125,streamflow,10154200,ft3/s,['A'],0
2014-09-14,98.81979,streamflow,10154200,ft3/s,['A'],0
2014-09-15,91.0625,streamflow,10154200,ft3/s,['A'],0
2014-09-16,88.70729,streamflow,10154200,ft3/s,['A'],0
2014-09-17,87.09583,streamflow,10154200,ft3/s,['A'],0
2014-09-18,84.953125,streamflow,10154200,ft3/s,['A'],0
2014-09-19,84.97083,streamflow,10154200,ft3/s,['A'],0
2014-09-20,84.9,streamflow,10154200,ft3/s,['A'],0
2014-09-21,84.46042,streamflow,10154200,ft3/s,['A'],0
2014-09-22,104.4125,streamflow,10154200,ft3/s,['A'],0
2014-09-23,99.56042,streamflow,10154200,ft3/s,['A'],0
2014-09-24,87.34375,streamflow,10154200,ft3/s,['A'],0
2014-09-25,84.91771,streamflow,10154200,ft3/s,['A'],0
2014-09-26,82.20729,streamflow,10154200,ft3/s,['A'],0
2014-09-27,88.354164,streamflow,10154200,ft3/s,['A'],0
2014-09-28,501.39584,streamflow,10154200,ft3/s,['A'],0
2014-09-29,542.0,streamflow,10154200,ft3/s,['A'],0
2014-09-30,389.1875,streamflow,10154200,ft3/s,['A'],0
2014-10-01,363.95834,streamflow,10154200,ft3/s,['A'],0
2014-10-02,325.33334,streamflow,10154200,ft3/s,['A'],0
2014-10-03,284.2396,streamflow,10154200,ft3/s,['A'],0
2014-10-04,257.0,streamflow,10154200,ft3/s,['A'],0
2014-10-05,234.875,streamflow,10154200,ft3/s,['A'],0
2014-10-06,214.55208,streamflow,10154200,ft3/s,['A'],0
2014-10-07,198.08333,streamflow,10154200,ft3/s,['A'],0
2014-10-08,184.0625,streamflow,10154200,ft3/s,['A'],0
2014-10-09,173.92708,streamflow,10154200,ft3/s,['A'],0
2014-10-10,164.86458,streamflow,10154200,ft3/s,['A'],0
2014-10-11,157.51042,streamflow,10154200,ft3/s,['A'],0
2014-10-12,153.73958,streamflow,10154200,ft3/s,['A'],0
2014-10-13,157.8125,streamflow,10154200,ft3/s,['A'],0
2014-10-14,154.33333,streamflow,10154200,ft3/s,['A'],0
2014-10-15,148.34375,streamflow,10154200,ft3/s,['A'],0
2014-10-16,144.125,streamflow,10154200,ft3/s,['A'],0
2014-10-17,135.59375,streamflow,10154200,ft3/s,['A'],0
2014-10-18,130.60417,streamflow,10154200,ft3/s,['A'],0
2014-10-19,125.75,streamflow,10154200,ft3/s,['A'],0
2014-10-20,120.666664,streamflow,10154200,ft3/s,['A'],0
2014-10-21,116.895836,streamflow,10154200,ft3/s,['A'],0
2014-10-22,116.854164,streamflow,10154200,ft3/s,['A'],0
2014-10-23,112.6875,streamflow,10154200,ft3/s,['A'],0
2014-10-24,109.8125,streamflow,10154200,ft3/s,['A'],0
2014-10-25,105.458336,streamflow,10154200,ft3/s,['A'],0
2014-10-26,104.0,streamflow,10154200,ft3/s,['A'],0
2014-10-27,104.0,streamflow,10154200,ft3/s,['A'],0
2014-10-28,101.78333,streamflow,10154200,ft3/s,['A'],0
2014-10-29,96.15938,streamflow,10154200,ft3/s,['A'],0
2014-10-30,93.89896,streamflow,10154200,ft3/s,['A'],0
2014-10-31,91.8,streamflow,10154200,ft3/s,['A'],0
2014-11-01,90.72083,streamflow,10154200,ft3/s,['A'],0
2014-11-02,89.203125,streamflow,10154200,ft3/s,['A'],0
2014-11-03,88.70938,streamflow,10154200,ft3/s,['A'],0
2014-11-04,79.594795,streamflow,10154200,ft3/s,['A'],0
2014-11-05,85.37292,streamflow,10154200,ft3/s,['A'],0
2014-11-06,84.38646,streamflow,10154200,ft3/s,['A'],0
2014-11-07,83.31042,streamflow,10154200,ft3/s,['A'],0
2014-11-08,81.177086,streamflow,10154200,ft3/s,['A'],0
2014-11-09,79.188545,streamflow,10154200,ft3/s,['A'],0
2014-11-10,81.49062,streamflow,10154200,ft3/s,['A'],0
2014-11-11,69.14375,streamflow,10154200,ft3/s,['A'],0
2014-11-12,67.31458,streamflow,10154200,ft3/s,['A'],0
2014-11-13,55.178123,streamflow,10154200,ft3/s,['A'],0
2014-11-14,82.734375,streamflow,10154200,ft3/s,['A'],0
2014-11-15,86.01771,streamflow,10154200,ft3/s,['A'],0
2014-11-16,54.941666,streamflow,10154200,ft3/s,['A'],0
2014-11-17,56.244793,streamflow,10154200,ft3/s,['A'],0
2014-11-18,67.015625,streamflow,10154200,ft3/s,['A'],0
2014-11-19,73.620834,streamflow,10154200,ft3/s,['A'],0
2014-11-20,83.48542,streamflow,10154200,ft3/s,['A'],0
2014-11-21,79.64792,streamflow,10154200,ft3/s,['A'],0
2014-11-22,77.44688,streamflow,10154200,ft3/s,['A'],0
2014-11-23,76.63333,streamflow,10154200,ft3/s,['A'],0
2014-11-24,80.67396,streamflow,10154200,ft3/s,['A'],0
2014-11-25,77.59479,streamflow,10154200,ft3/s,['A'],0
2014-11-26,84.45521,streamflow,10154200,ft3/s,['A'],0
2014-11-27,78.68125,streamflow,10154200,ft3/s,['A'],0
2014-11-28,77.541664,streamflow,10154200,ft3/s,['A'],0
2014-11-29,76.58333,streamflow,10154200,ft3/s,['A'],0
2014-11-30,76.7,streamflow,10154200,ft3/s,['A'],0
2014-12-01,75.43854,streamflow,10154200,ft3/s,['A'],0
2014-12-02,72.59688,streamflow,10154200,ft3/s,['A'],0
2014-12-03,74.754166,streamflow,10154200,ft3/s,['A'],0
2014-12-04,73.816666,streamflow,10154200,ft3/s,['A'],0
2014-12-05,74.14479,streamflow,10154200,ft3/s,['A'],0
2014-12-06,72.734375,streamflow,10154200,ft3/s,['A'],0
2014-12-07,71.80312,streamflow,10154200,ft3/s,['A'],0
2014-12-08,69.18229,streamflow,10154200,ft3/s,['A'],0
2014-12-09,67.54063,streamflow,10154200,ft3/s,['A'],0
2014-12-10,68.60104,streamflow,10154200,ft3/s,['A'],0
2014-12-11,68.22083,streamflow,10154200,ft3/s,['A'],0
2014-12-12,69.95104,streamflow,10154200,ft3/s,['A'],0
2014-12-13,68.98334,streamflow,10154200,ft3/s,['A'],0
2014-12-14,69.7,streamflow,10154200,ft3/s,['A'],0
2014-12-15,56.35625,streamflow,10154200,ft3/s,['A'],0
2014-12-16,64.74062,streamflow,10154200,ft3/s,['A'],0
2014-12-17,73.25208,streamflow,10154200,ft3/s,['A'],0
2014-12-18,66.123955,streamflow,10154200,ft3/s,['A'],0
2014-12-19,61.202084,streamflow,10154200,ft3/s,['A'],0
2014-12-20,71.072914,streamflow,10154200,ft3/s,['A'],0
2014-12-21,67.57188,streamflow,10154200,ft3/s,['A'],0
2014-12-22,75.31771,streamflow,10154200,ft3/s,['A'],0
2014-12-23,61.440624,streamflow,10154200,ft3/s,['A'],0
2014-12-24,56.159374,streamflow,10154200,ft3/s,['A'],0
2014-12-25,82.37708,streamflow,10154200,ft3/s,['A'],0
2014-12-26,73.32083,streamflow,10154200,ft3/s,['A'],0
2014-12-27,62.141666,streamflow,10154200,ft3/s,['A'],0
2014-12-28,63.5875,streamflow,10154200,ft3/s,['A'],0
2014-12-29,70.10104,streamflow,10154200,ft3/s,['A'],0
2014-12-30,66.95729,streamflow,10154200,ft3/s,['A'],0
2014-12-31,61.44583,streamflow,10154200,ft3/s,['A'],0
2015-01-01,52.65521,streamflow,10154200,ft3/s,['A'],0
2015-01-02,61.614586,streamflow,10154200,ft3/s,['A'],0
2015-01-03,68.21563,streamflow,10154200,ft3/s,['A'],0
2015-01-04,70.527084,streamflow,10154200,ft3/s,['A'],0
2015-01-05,69.13438,streamflow,10154200,ft3/s,['A'],0
2015-01-06,69.94271,streamflow,10154200,ft3/s,['A'],0
2015-01-07,68.9,streamflow,10154200,ft3/s,['A'],0
2015-01-08,68.41563,streamflow,10154200,ft3/s,['A'],0
2015-01-09,66.984375,streamflow,10154200,ft3/s,['A'],0
2015-01-10,66.65521,streamflow,10154200,ft3/s,['A'],0
2015-01-11,67.38542,streamflow,10154200,ft3/s,['A'],0
2015-01-12,67.4,streamflow,10154200,ft3/s,['A'],0
2015-01-13,68.72813,streamflow,10154200,ft3/s,['A'],0
2015-01-14,62.963543,streamflow,10154200,ft3/s,['A'],0
2015-01-15,58.86771,streamflow,10154200,ft3/s,['A'],0
2015-01-16,67.739586,streamflow,10154200,ft3/s,['A'],0
2015-01-17,69.44063,streamflow,10154200,ft3/s,['A'],0
2015-01-18,65.20209,streamflow,10154200,ft3/s,['A'],0
2015-01-19,67.9125,streamflow,10154200,ft3/s,['A'],0
2015-01-20,65.895836,streamflow,10154200,ft3/s,['A'],0
2015-01-21,52.26979,streamflow,10154200,ft3/s,['A'],0
2015-01-22,53.715626,streamflow,10154200,ft3/s,['A'],0
2015-01-23,60.378124,streamflow,10154200,ft3/s,['A'],0
2015-01-24,63.928127,streamflow,10154200,ft3/s,['A'],0
2015-01-25,67.42084,streamflow,10154200,ft3/s,['A'],0
2015-01-26,65.96146,streamflow,10154200,ft3/s,['A'],0
2015-01-27,66.55417,streamflow,10154200,ft3/s,['A'],0
2015-01-28,67.54063,streamflow,10154200,ft3/s,['A'],0
2015-01-29,65.828125,streamflow,10154200,ft3/s,['A'],0
2015-01-30,67.219795,streamflow,10154200,ft3/s,['A'],0
2015-01-31,67.26875,streamflow,10154200,ft3/s,['A'],0
2015-02-01,58.6,streamflow,10154200,ft3/s,['A'],0
2015-02-02,71.55104,streamflow,10154200,ft3/s,['A'],0
2015-02-03,67.47813,streamflow,10154200,ft3/s,['A'],0
2015-02-04,70.22083,streamflow,10154200,ft3/s,['A'],0
2015-02-05,72.441666,streamflow,10154200,ft3/s,['A'],0
2015-02-06,69.52187,streamflow,10154200,ft3/s,['A'],0
2015-02-07,71.92396,streamflow,10154200,ft3/s,['A'],0
2015-02-08,73.98646,streamflow,10154200,ft3/s,['A'],0
2015-02-09,74.549995,streamflow,10154200,ft3/s,['A'],0
2015-02-10,77.28958,streamflow,10154200,ft3/s,['A'],0
2015-02-11,67.979164,streamflow,10154200,ft3/s,['A'],0
2015-02-12,74.972916,streamflow,10154200,ft3/s,['A'],0
2015-02-13,75.20729,streamflow,10154200,ft3/s,['A'],0
2015-02-14,99.66458,streamflow,10154200,ft3/s,['A'],0
2015-02-15,103.35625,streamflow,10154200,ft3/s,['A'],0
2015-02-16,98.75,streamflow,10154200,ft3/s,['A'],0
2015-02-17,75.89375,streamflow,10154200,ft3/s,['A'],0
2015-02-18,94.40417,streamflow,10154200,ft3/s,['A'],0
2015-02-19,101.35521,streamflow,10154200,ft3/s,['A'],0
2015-02-20,100.70417,streamflow,10154200,ft3/s,['A'],0
2015-02-21,93.71042,streamflow,10154200,ft3/s,['A'],0
2015-02-22,83.813545,streamflow,10154200,ft3/s,['A'],0
2015-02-23,79.99375,streamflow,10154200,ft3/s,['A'],0
2015-02-24,82.75208,streamflow,10154200,ft3/s,['A'],0
2015-02-25,99.85834,streamflow,10154200,ft3/s,['A'],0
2015-02-26,77.660416,streamflow,10154200,ft3/s,['A'],0
2015-02-27,83.46771,streamflow,10154200,ft3/s,['A'],0
2015-02-28,76.339584,streamflow,10154200,ft3/s,['A'],0
2015-03-01,88.145836,streamflow,10154200,ft3/s,['A'],0
2015-03-02,84.63333,streamflow,10154200,ft3/s,['A'],0
2015-03-03,83.94688,streamflow,10154200,ft3/s,['A'],0
2015-03-04,82.63333,streamflow,10154200,ft3/s,['A'],0
2015-03-05,68.08229,streamflow,10154200,ft3/s,['A'],0
2015-03-06,86.06458,streamflow,10154200,ft3/s,['A'],0
2015-03-07,88.03854,streamflow,10154200,ft3/s,['A'],0
2015-03-08,87.359375,streamflow,10154200,ft3/s,['A'],0
2015-03-09,84.90312,streamflow,10154200,ft3/s,['A'],0
2015-03-10,85.325,streamflow,10154200,ft3/s,['A'],0
2015-03-11,89.92084,streamflow,10154200,ft3/s,['A'],0
2015-03-12,87.39687,streamflow,10154200,ft3/s,['A'],0
2015-03-13,88.74271,streamflow,10154200,ft3/s,['A'],0
2015-03-14,99.52812,streamflow,10154200,ft3/s,['A'],0
2015-03-15,107.916664,streamflow,10154200,ft3/s,['A'],0
2015-03-16,121.479164,streamflow,10154200,ft3/s,['A'],0
2015-03-17,138.57292,streamflow,10154200,ft3/s,['A'],0
2015-03-18,161.57292,streamflow,10154200,ft3/s,['A'],0
2015-03-19,171.52083,streamflow,10154200,ft3/s,['A'],0
2015-03-20,159.03125,streamflow,10154200,ft3/s,['A'],0
2015-03-21,167.30208,streamflow,10154200,ft3/s,['A'],0
2015-03-22,175.97917,streamflow,10154200,ft3/s,['A'],0
2015-03-23,174.10417,streamflow,10154200,ft3/s,['A'],0
2015-03-24,162.77083,streamflow,10154200,ft3/s,['A'],0
2015-03-25,155.13542,streamflow,10154200,ft3/s,['A'],0
2015-03-26,141.28125,streamflow,10154200,ft3/s,['A'],0
2015-03-27,154.90625,streamflow,10154200,ft3/s,['A'],0
2015-03-28,182.11458,streamflow,10154200,ft3/s,['A'],0
2015-03-29,213.75,streamflow,10154200,ft3/s,['A'],0
2015-03-30,236.16667,streamflow,10154200,ft3/s,['A'],0
2015-03-31,265.0,streamflow,10154200,ft3/s,['A'],0
2015-04-01,276.71875,streamflow,10154200,ft3/s,['A'],0
2015-04-02,263.09375,streamflow,10154200,ft3/s,['A'],0
2015-04-03,223.60417,streamflow,10154200,ft3/s,['A'],0
2015-04-04,221.28125,streamflow,10154200,ft3/s,['A'],0
2015-04-05,213.97917,streamflow,10154200,ft3/s,['A'],0
2015-04-06,206.61458,streamflow,10154200,ft3/s,['A'],0
2015-04-07,192.94792,streamflow,10154200,ft3/s,['A'],0
2015-04-08,183.73958,streamflow,10154200,ft3/s,['A'],0
2015-04-09,180.83333,streamflow,10154200,ft3/s,['A'],0
2015-04-10,173.16667,streamflow,10154200,ft3/s,['A'],0
2015-04-11,174.47917,streamflow,10154200,ft3/s,['A'],0
2015-04-12,184.17708,streamflow,10154200,ft3/s,['A'],0
2015-04-13,185.55208,streamflow,10154200,ft3/s,['A'],0
2015-04-14,214.375,streamflow,10154200,ft3/s,['A'],0
2015-04-15,236.35417,streamflow,10154200,ft3/s,['A'],0
2015-04-16,218.05208,streamflow,10154200,ft3/s,['A'],0
2015-04-17,214.59375,streamflow,10154200,ft3/s,['A'],0
2015-04-18,207.27083,streamflow,10154200,ft3/s,['A'],0
2015-04-19,218.875,streamflow,10154200,ft3/s,['A'],0
2015-04-20,222.60417,streamflow,10154200,ft3/s,['A'],0
2015-04-21,254.69792,streamflow,10154200,ft3/s,['A'],0
2015-04-22,287.41666,streamflow,10154200,ft3/s,['A'],0
2015-04-23,289.5625,streamflow,10154200,ft3/s,['A'],0
2015-04-24,297.3646,streamflow,10154200,ft3/s,['A'],0
2015-04-25,320.5625,streamflow,10154200,ft3/s,['A'],0
2015-04-26,314.1146,streamflow,10154200,ft3/s,['A'],0
2015-04-27,286.28125,streamflow,10154200,ft3/s,['A'],0
2015-04-28,288.6979,streamflow,10154200,ft3/s,['A'],0
2015-04-29,363.1979,streamflow,10154200,ft3/s,['A'],0
2015-04-30,508.6875,streamflow,10154200,ft3/s,['A'],0
2015-05-01,627.44794,streamflow,10154200,ft3/s,['A'],0
2015-05-02,667.63544,streamflow,10154200,ft3/s,['A'],0
2015-05-03,758.7083,streamflow,10154200,ft3/s,['A'],0
2015-05-04,795.8333,streamflow,10154200,ft3/s,['A'],0
2015-05-05,754.6042,streamflow,10154200,ft3/s,['A'],0
2015-05-06,770.13544,streamflow,10154200,ft3/s,['A'],0
2015-05-07,768.75,streamflow,10154200,ft3/s,['A'],0
2015-05-08,694.875,streamflow,10154200,ft3/s,['A'],0
2015-05-09,640.1667,streamflow,10154200,ft3/s,['A'],0
2015-05-10,596.0,streamflow,10154200,ft3/s,['A'],0
2015-05-11,529.94794,streamflow,10154200,ft3/s,['A'],0
2015-05-12,503.41666,streamflow,10154200,ft3/s,['A'],0
2015-05-13,498.21875,streamflow,10154200,ft3/s,['A'],0
2015-05-14,491.6979,streamflow,10154200,ft3/s,['A'],0
2015-05-15,512.8542,streamflow,10154200,ft3/s,['A'],0
2015-05-16,501.9271,streamflow,10154200,ft3/s,['A'],0
2015-05-17,549.23956,streamflow,10154200,ft3/s,['A'],0
2015-05-18,534.53125,streamflow,10154200,ft3/s,['A'],0
2015-05-19,553.86456,streamflow,10154200,ft3/s,['A'],0
2015-05-20,558.73956,streamflow,10154200,ft3/s,['A'],0
2015-05-21,630.1042,streamflow,10154200,ft3/s,['A'],0
2015-05-22,655.5,streamflow,10154200,ft3/s,['A'],0
2015-05-23,602.44794,streamflow,10154200,ft3/s,['A'],0
2015-05-24,589.96875,streamflow,10154200,ft3/s,['A'],0
2015-05-25,615.67706,streamflow,10154200,ft3/s,['A'],0
2015-05-26,679.63544,streamflow,10154200,ft3/s,['A'],0
2015-05-27,749.90625,streamflow,10154200,ft3/s,['A'],0
2015-05-28,806.65625,streamflow,10154200,ft3/s,['A'],0
2015-05-29,838.59375,streamflow,10154200,ft3/s,['A'],0
2015-05-30,842.7292,streamflow,10154200,ft3/s,['A'],0
2015-05-31,938.7292,streamflow,10154200,ft3/s,['A'],0
2015-06-01,1094.0729,streamflow,10154200,ft3/s,['A'],0
2015-06-02,1096.2916,streamflow,10154200,ft3/s,['A'],0
2015-06-03,1024.1666,streamflow,10154200,ft3/s,['A'],0
2015-06-04,898.23956,streamflow,10154200,ft3/s,['A'],0
2015-06-05,816.2708,streamflow,10154200,ft3/s,['A'],0
2015-06-06,757.53125,streamflow,10154200,ft3/s,['A'],0
2015-06-07,734.98956,streamflow,10154200,ft3/s,['A'],0
2015-06-08,710.34375,streamflow,10154200,ft3/s,['A'],0
2015-06-09,652.76044,streamflow,10154200,ft3/s,['A'],0
2015-06-10,606.0625,streamflow,10154200,ft3/s,['A'],0
2015-06-11,728.9583,streamflow,10154200,ft3/s,['A'],0
2015-06-12,652.625,streamflow,10154200,ft3/s,['A'],0
2015-06-13,545.17706,streamflow,10154200,ft3/s,['A'],0
2015-06-14,486.40625,streamflow,10154200,ft3/s,['A'],0
2015-06-15,446.0,streamflow,10154200,ft3/s,['A'],0
2015-06-16,420.2396,streamflow,10154200,ft3/s,['A'],0
2015-06-17,378.34375,streamflow,10154200,ft3/s,['A'],0
2015-06-18,337.125,streamflow,10154200,ft3/s,['A'],0
2015-06-19,298.53125,streamflow,10154200,ft3/s,['A'],0
2015-06-20,265.3229,streamflow,10154200,ft3/s,['A'],0
2015-06-21,243.55208,streamflow,10154200,ft3/s,['A'],0
2015-06-22,220.96875,streamflow,10154200,ft3/s,['A'],0
2015-06-23,196.71875,streamflow,10154200,ft3/s,['A'],0
2015-06-24,179.29167,streamflow,10154200,ft3/s,['A'],0
2015-06-25,165.625,streamflow,10154200,ft3/s,['A'],0
2015-06-26,152.11458,streamflow,10154200,ft3/s,['A'],0
2015-06-27,141.875,streamflow,10154200,ft3/s,['A'],0
2015-06-28,158.88542,streamflow,10154200,ft3/s,['A'],0
2015-06-29,140.95833,streamflow,10154200,ft3/s,['A'],0
2015-06-30,141.97917,streamflow,10154200,ft3/s,['A'],0
2015-07-01,134.91667,streamflow,10154200,ft3/s,['A'],0
2015-07-02,125.333336,streamflow,10154200,ft3/s,['A'],0
2015-07-03,115.979164,streamflow,10154200,ft3/s,['A'],0
2015-07-04,109.166664,streamflow,10154200,ft3/s,['A'],0
2015-07-05,122.020836,streamflow,10154200,ft3/s,['A'],0
2015-07-06,123.75,streamflow,10154200,ft3/s,['A'],0
2015-07-07,138.3125,streamflow,10154200,ft3/s,['A'],0
2015-07-08,115.229164,streamflow,10154200,ft3/s,['A'],0
2015-07-09,121.802086,streamflow,10154200,ft3/s,['A'],0
2015-07-10,141.79167,streamflow,10154200,ft3/s,['A'],0
2015-07-11,135.26042,streamflow,10154200,ft3/s,['A'],0
2015-07-12,120.083336,streamflow,10154200,ft3/s,['A'],0
2015-07-13,108.854164,streamflow,10154200,ft3/s,['A'],0
2015-07-14,104.28125,streamflow,10154200,ft3/s,['A'],0
2015-07-15,105.052086,streamflow,10154200,ft3/s,['A'],0
2015-07-16,102.61562,streamflow,10154200,ft3/s,['A'],0
2015-07-17,97.04375,streamflow,10154200,ft3/s,['A'],0
2015-07-18,95.731255,streamflow,10154200,ft3/s,['A'],0
2015-07-19,94.14792,streamflow,10154200,ft3/s,['A'],0
2015-07-20,93.816666,streamflow,10154200,ft3/s,['A'],0
2015-07-21,95.55,streamflow,10154200,ft3/s,['A'],0
2015-07-22,91.91458,streamflow,10154200,ft3/s,['A'],0
2015-07-23,89.94688,streamflow,10154200,ft3/s,['A'],0
2015-07-24,85.1125,streamflow,10154200,ft3/s,['A'],0
2015-07-25,81.10208,streamflow,10154200,ft3/s,['A'],0
2015-07-26,78.36667,streamflow,10154200,ft3/s,['A'],0
2015-07-27,75.666664,streamflow,10154200,ft3/s,['A'],0
2015-07-28,75.5,streamflow,10154200,ft3/s,['A'],0
2015-07-29,76.05,streamflow,10154200,ft3/s,['A'],0
2015-07-30,76.35,streamflow,10154200,ft3/s,['A'],0
2015-07-31,77.166664,streamflow,10154200,ft3/s,['A'],0
2015-08-01,76.53333,streamflow,10154200,ft3/s,['A'],0
2015-08-02,76.2,streamflow,10154200,ft3/s,['A'],0
2015-08-03,94.38646,streamflow,10154200,ft3/s,['A'],0
2015-08-04,110.13333,streamflow,10154200,ft3/s,['A'],0
2015-08-05,86.99479,streamflow,10154200,ft3/s,['A'],0
2015-08-06,84.433334,streamflow,10154200,ft3/s,['A'],0
2015-08-07,80.09688,streamflow,10154200,ft3/s,['A'],0
2015-08-08,101.74062,streamflow,10154200,ft3/s,['A'],0
2015-08-09,89.93125,streamflow,10154200,ft3/s,['A'],0
2015-08-10,81.82917,streamflow,10154200,ft3/s,['A'],0
2015-08-11,80.75208,streamflow,10154200,ft3/s,['A'],0
2015-08-12,79.50938,streamflow,10154200,ft3/s,['A'],0
2015-08-13,87.260414,streamflow,10154200,ft3/s,['A'],0
2015-08-14,79.7875,streamflow,10154200,ft3/s,['A'],0
2015-08-15,76.816666,streamflow,10154200,ft3/s,['A'],0
2015-08-16,70.114586,streamflow,10154200,ft3/s,['A'],0
2015-08-17,69.916664,streamflow,10154200,ft3/s,['A'],0
2015-08-18,73.49479,streamflow,10154200,ft3/s,['A'],0
2015-08-19,75.38333,streamflow,10154200,ft3/s,['A'],0
2015-08-20,74.933334,streamflow,10154200,ft3/s,['A'],0
2015-08-21,74.30312,streamflow,10154200,ft3/s,['A'],0
2015-08-22,76.4,streamflow,10154200,ft3/s,['A'],0
2015-08-23,74.07916,streamflow,10154200,ft3/s,['A'],0
2015-08-24,74.2375,streamflow,10154200,ft3/s,['A'],0
2015-08-25,63.837498,streamflow,10154200,ft3/s,['A'],0
2015-08-26,61.38646,streamflow,10154200,ft3/s,['A'],0
2015-08-27,58.697918,streamflow,10154200,ft3/s,['A'],0
2015-08-28,56.1,streamflow,10154200,ft3/s,['A'],0
2015-08-29,53.359375,streamflow,10154200,ft3/s,['A'],0
2015-08-30,51.422916,streamflow,10154200,ft3/s,['A'],0
2015-08-31,51.30104,streamflow,10154200,ft3/s,['A'],0
2015-09-01,50.8,streamflow,10154200,ft3/s,['A'],0
2015-09-02,50.8,streamflow,10154200,ft3/s,['A'],0
2015-09-03,59.03958,streamflow,10154200,ft3/s,['A'],0
2015-09-04,56.641666,streamflow,10154200,ft3/s,['A'],0
2015-09-05,56.5875,streamflow,10154200,ft3/s,['A'],0
2015-09-06,56.503124,streamflow,10154200,ft3/s,['A'],0
2015-09-07,54.857292,streamflow,10154200,ft3/s,['A'],0
2015-09-08,55.54271,streamflow,10154200,ft3/s,['A'],0
2015-09-09,54.33125,streamflow,10154200,ft3/s,['A'],0
2015-09-10,53.684376,streamflow,10154200,ft3/s,['A'],0
2015-09-11,53.4,streamflow,10154200,ft3/s,['A'],0
2015-09-12,52.479164,streamflow,10154200,ft3/s,['A'],0
2015-09-13,51.598957,streamflow,10154200,ft3/s,['A'],0
2015-09-14,51.585415,streamflow,10154200,ft3/s,['A'],0
2015-09-15,57.986458,streamflow,10154200,ft3/s,['A'],0
2015-09-16,88.61979,streamflow,10154200,ft3/s,['A'],0
2015-09-17,77.9375,streamflow,10154200,ft3/s,['A'],0
2015-09-18,68.51667,streamflow,10154200,ft3/s,['A'],0
2015-09-19,59.806248,streamflow,10154200,ft3/s,['A'],0
2015-09-20,56.411457,streamflow,10154200,ft3/s,['A'],0
2015-09-21,52.709377,streamflow,10154200,ft3/s,['A'],0
2015-09-22,52.755207,streamflow,10154200,ft3/s,['A'],0
2015-09-23,49.716667,streamflow,10154200,ft3/s,['A'],0
2015-09-24,48.38333,streamflow,10154200,ft3/s,['A'],0
2015-09-25,47.58229,streamflow,10154200,ft3/s,['A'],0
2015-09-26,46.9875,streamflow,10154200,ft3/s,['A'],0
2015-09-27,46.3875,streamflow,10154200,ft3/s,['A'],0
2015-09-28,46.149998,streamflow,10154200,ft3/s,['A'],0
2015-09-29,45.875,streamflow,10154200,ft3/s,['A'],0
2015-09-30,46.2375,streamflow,10154200,ft3/s,['A'],0
2015-10-01,47.0,streamflow,10154200,ft3/s,['A'],0
2015-10-02,47.494793,streamflow,10154200,ft3/s,['A'],0
2015-10-03,52.729164,streamflow,10154200,ft3/s,['A'],0
2015-10-04,64.296875,streamflow,10154200,ft3/s,['A'],0
2015-10-05,56.81979,streamflow,10154200,ft3/s,['A'],0
2015-10-06,53.603127,streamflow,10154200,ft3/s,['A'],0
2015-10-07,53.5625,streamflow,10154200,ft3/s,['A'],0
2015-10-08,49.81875,streamflow,10154200,ft3/s,['A'],0
2015-10-09,47.958332,streamflow,10154200,ft3/s,['A'],0
2015-10-10,46.99271,streamflow,10154200,ft3/s,['A'],0
2015-10-11,46.425,streamflow,10154200,ft3/s,['A'],0
2015-10-12,45.074997,streamflow,10154200,ft3/s,['A'],0
2015-10-13,44.6,streamflow,10154200,ft3/s,['A'],0
2015-10-14,44.562103,streamflow,10154200,ft3/s,['A'],0
2015-10-15,43.4,streamflow,10154200,ft3/s,['A'],0
2015-10-16,43.475002,streamflow,10154200,ft3/s,['A'],0
2015-10-17,43.375,streamflow,10154200,ft3/s,['A'],0
2015-10-18,44.25,streamflow,10154200,ft3/s,['A'],0
2015-10-19,48.86354,streamflow,10154200,ft3/s,['A'],0
2015-10-20,61.13333,streamflow,10154200,ft3/s,['A'],0
2015-10-21,54.80417,streamflow,10154200,ft3/s,['A'],0
2015-10-22,51.246876,streamflow,10154200,ft3/s,['A'],0
2015-10-23,49.567707,streamflow,10154200,ft3/s,['A'],0
2015-10-24,49.475,streamflow,10154200,ft3/s,['A'],0
2015-10-25,48.325,streamflow,10154200,ft3/s,['A'],0
2015-10-26,48.3,streamflow,10154200,ft3/s,['A'],0
2015-10-27,47.203125,streamflow,10154200,ft3/s,['A'],0
2015-10-28,45.6,streamflow,10154200,ft3/s,['A'],0
2015-10-29,49.91354,streamflow,10154200,ft3/s,['A'],0
2015-10-30,52.330208,streamflow,10154200,ft3/s,['A'],0
2015-10-31,52.167706,streamflow,10154200,ft3/s,['A'],0
2015-11-01,52.357292,streamflow,10154200,ft3/s,['A'],0
2015-11-02,51.86979,streamflow,10154200,ft3/s,['A'],0
2015-11-03,51.62604,streamflow,10154200,ft3/s,['A'],0
2015-11-04,51.20625,streamflow,10154200,ft3/s,['A'],0
2015-11-05,50.434376,streamflow,10154200,ft3/s,['A'],0
2015-11-06,49.130207,streamflow,10154200,ft3/s,['A'],0
2015-11-07,43.03958,streamflow,10154200,ft3/s,['A'],0
2015-11-08,47.627083,streamflow,10154200,ft3/s,['A'],0
2015-11-09,51.3375,streamflow,10154200,ft3/s,['A'],0
2015-11-10,51.76146,streamflow,10154200,ft3/s,['A'],0
2015-11-11,52.384377,streamflow,10154200,ft3/s,['A'],0
2015-11-12,40.904167,streamflow,10154200,ft3/s,['A'],0
2015-11-13,46.689583,streamflow,10154200,ft3/s,['A'],0
2015-11-14,52.475,streamflow,10154200,ft3/s,['A'],0
2015-11-15,48.67604,streamflow,10154200,ft3/s,['A'],0
2015-11-16,55.038544,streamflow,10154200,ft3/s,['A'],0
2015-11-17,47.861458,streamflow,10154200,ft3/s,['A'],0
2015-11-18,51.975,streamflow,10154200,ft3/s,['A'],0
2015-11-19,49.475,streamflow,10154200,ft3/s,['A'],0
2015-11-20,50.464584,streamflow,10154200,ft3/s,['A'],0
2015-11-21,32.1625,streamflow,10154200,ft3/s,['A'],0
2015-11-22,36.021873,streamflow,10154200,ft3/s,['A'],0
2015-11-23,42.335415,streamflow,10154200,ft3/s,['A'],0
2015-11-24,49.790627,streamflow,10154200,ft3/s,['A'],0
2015-11-25,47.557293,streamflow,10154200,ft3/s,['A'],0
2015-11-26,42.78021,streamflow,10154200,ft3/s,['A'],0
2015-11-27,38.83125,streamflow,10154200,ft3/s,['A'],0
2015-11-28,38.920834,streamflow,10154200,ft3/s,['A'],0
2015-11-29,42.49896,streamflow,10154200,ft3/s,['A'],0
2015-11-30,43.600002,streamflow,10154200,ft3/s,['A'],0
2015-12-01,41.51146,streamflow,10154200,ft3/s,['A'],0
2015-12-02,40.535416,streamflow,10154200,ft3/s,['A'],0
2015-12-03,44.6,streamflow,10154200,ft3/s,['A'],0
2015-12-04,45.8,streamflow,10154200,ft3/s,['A'],0
2015-12-05,46.2625,streamflow,10154200,ft3/s,['A'],0
2015-12-06,43.786457,streamflow,10154200,ft3/s,['A'],0
2015-12-07,44.725,streamflow,10154200,ft3/s,['A'],0
2015-12-08,45.337498,streamflow,10154200,ft3/s,['A'],0
2015-12-09,45.6125,streamflow,10154200,ft3/s,['A'],0
2015-12-10,45.575,streamflow,10154200,ft3/s,['A'],0
2015-12-11,46.3,streamflow,10154200,ft3/s,['A'],0
2015-12-12,42.459373,streamflow,10154200,ft3/s,['A'],0
2015-12-13,42.93125,streamflow,10154200,ft3/s,['A'],0
2015-12-14,48.6,streamflow,10154200,ft3/s,['A'],0
2015-12-15,47.135418,streamflow,10154200,ft3/s,['A'],0
2015-12-16,46.175,streamflow,10154200,ft3/s,['A'],0
2015-12-17,44.05521,streamflow,10154200,ft3/s,['A'],0
2015-12-18,46.547916,streamflow,10154200,ft3/s,['A'],0
2015-12-19,47.620834,streamflow,10154200,ft3/s,['A'],0
2015-12-20,47.0,streamflow,10154200,ft3/s,['A'],0
2015-12-21,47.485416,streamflow,10154200,ft3/s,['A'],0
2015-12-22,47.560417,streamflow,10154200,ft3/s,['A'],0
2015-12-23,47.052082,streamflow,10154200,ft3/s,['A'],0
2015-12-24,43.38229,streamflow,10154200,ft3/s,['A'],0
2015-12-25,45.88571,streamflow,10154200,ft3/s,['A'],0
2015-12-26,,streamflow,10154200,ft3/s,['A'],0
2015-12-27,,streamflow,10154200,ft3/s,['A'],0
2015-12-28,,streamflow,10154200,ft3/s,['A'],0
2015-12-29,,streamflow,10154200,ft3/s,['A'],0
2015-12-30,,streamflow,10154200,ft3/s,['A'],0
2015-12-31,,streamflow,10154200,ft3/s,['A'],0
2016-01-01,,streamflow,10154200,ft3/s,['A'],0
2016-01-02,,streamflow,10154200,ft3/s,['A'],0
2016-01-03,,streamflow,10154200,ft3/s,['A'],0
2016-01-04,,streamflow,10154200,ft3/s,['A'],0
2016-01-05,,streamflow,10154200,ft3/s,['A'],0
2016-01-06,,streamflow,10154200,ft3/s,['A'],0
2016-01-07,,streamflow,10154200,ft3/s,['A'],0
2016-01-08,,streamflow,10154200,ft3/s,['A'],0
2016-01-09,,streamflow,10154200,ft3/s,['A'],0
2016-01-10,,streamflow,10154200,ft3/s,['A'],0
2016-01-11,,streamflow,10154200,ft3/s,['A'],0
2016-01-12,,streamflow,10154200,ft3/s,['A'],0
2016-01-13,,streamflow,10154200,ft3/s,['A'],0
2016-01-14,,streamflow,10154200,ft3/s,['A'],0
2016-01-15,,streamflow,10154200,ft3/s,['A'],0
2016-01-16,,streamflow,10154200,ft3/s,['A'],0
2016-01-17,,streamflow,10154200,ft3/s,['A'],0
2016-01-18,,streamflow,10154200,ft3/s,['A'],0
2016-01-19,45.25294,streamflow,10154200,ft3/s,['A'],0
2016-01-20,47.583332,streamflow,10154200,ft3/s,['A'],0
2016-01-21,45.802082,streamflow,10154200,ft3/s,['A'],0
2016-01-22,48.733334,streamflow,10154200,ft3/s,['A'],0
2016-01-23,48.260418,streamflow,10154200,ft3/s,['A'],0
2016-01-24,48.286457,streamflow,10154200,ft3/s,['A'],0
2016-01-25,48.158333,streamflow,10154200,ft3/s,['A'],0
2016-01-26,44.534374,streamflow,10154200,ft3/s,['A'],0
2016-01-27,46.453125,streamflow,10154200,ft3/s,['A'],0
2016-01-28,48.923958,streamflow,10154200,ft3/s,['A'],0
2016-01-29,49.796875,streamflow,10154200,ft3/s,['A'],0
2016-01-30,50.009373,streamflow,10154200,ft3/s,['A'],0
2016-01-31,49.1375,streamflow,10154200,ft3/s,['A'],0
2016-02-01,51.86979,streamflow,10154200,ft3/s,['A'],0
2016-02-02,51.666668,streamflow,10154200,ft3/s,['A'],0
2016-02-03,49.59479,streamflow,10154200,ft3/s,['A'],0
2016-02-04,50.8,streamflow,10154200,ft3/s,['A'],0
2016-02-05,50.66458,streamflow,10154200,ft3/s,['A'],0
2016-02-06,49.74375,streamflow,10154200,ft3/s,['A'],0
2016-02-07,49.642708,streamflow,10154200,ft3/s,['A'],0
2016-02-08,48.790623,streamflow,10154200,ft3/s,['A'],0
2016-02-09,47.954166,streamflow,10154200,ft3/s,['A'],0
2016-02-10,47.864582,streamflow,10154200,ft3/s,['A'],0
2016-02-11,47.028126,streamflow,10154200,ft3/s,['A'],0
2016-02-12,48.317707,streamflow,10154200,ft3/s,['A'],0
2016-02-13,48.638542,streamflow,10154200,ft3/s,['A'],0
2016-02-14,48.140625,streamflow,10154200,ft3/s,['A'],0
2016-02-15,49.004166,streamflow,10154200,ft3/s,['A'],0
2016-02-16,50.244793,streamflow,10154200,ft3/s,['A'],0
2016-02-17,49.59479,streamflow,10154200,ft3/s,['A'],0
2016-02-18,52.834373,streamflow,10154200,ft3/s,['A'],0
2016-02-19,45.69479,streamflow,10154200,ft3/s,['A'],0
2016-02-20,56.959373,streamflow,10154200,ft3/s,['A'],0
2016-02-21,48.764584,streamflow,10154200,ft3/s,['A'],0
2016-02-22,51.965626,streamflow,10154200,ft3/s,['A'],0
2016-02-23,46.60521,streamflow,10154200,ft3/s,['A'],0
2016-02-24,44.340626,streamflow,10154200,ft3/s,['A'],0
2016-02-25,49.664585,streamflow,10154200,ft3/s,['A'],0
2016-02-26,50.545834,streamflow,10154200,ft3/s,['A'],0
2016-02-27,51.75,streamflow,10154200,ft3/s,['A'],0
2016-02-28,50.786457,streamflow,10154200,ft3/s,['A'],0
2016-02-29,53.65521,streamflow,10154200,ft3/s,['A'],0
2016-03-01,49.09375,streamflow,10154200,ft3/s,['A'],0
2016-03-02,53.308334,streamflow,10154200,ft3/s,['A'],0
2016-03-03,50.246876,streamflow,10154200,ft3/s,['A'],0
2016-03-04,56.453125,streamflow,10154200,ft3/s,['A'],0
2016-03-05,60.6875,streamflow,10154200,ft3/s,['A'],0
2016-03-06,62.390625,streamflow,10154200,ft3/s,['A'],0
2016-03-07,63.8125,streamflow,10154200,ft3/s,['A'],0
2016-03-08,53.172916,streamflow,10154200,ft3/s,['A'],0
2016-03-09,64.075,streamflow,10154200,ft3/s,['A'],0
2016-03-10,56.764584,streamflow,10154200,ft3/s,['A'],0
2016-03-11,63.648956,streamflow,10154200,ft3/s,['A'],0
2016-03-12,65.57604,streamflow,10154200,ft3/s,['A'],0
2016-03-13,69.46667,streamflow,10154200,ft3/s,['A'],0
2016-03-14,68.03333,streamflow,10154200,ft3/s,['A'],0
2016-03-15,61.68646,streamflow,10154200,ft3/s,['A'],0
2016-03-16,62.233334,streamflow,10154200,ft3/s,['A'],0
2016-03-17,64.21146,streamflow,10154200,ft3/s,['A'],0
2016-03-18,59.634377,streamflow,10154200,ft3/s,['A'],0
2016-03-19,55.138542,streamflow,10154200,ft3/s,['A'],0
2016-03-20,63.408333,streamflow,10154200,ft3/s,['A'],0
2016-03-21,73.90625,streamflow,10154200,ft3/s,['A'],0
2016-03-22,75.5125,streamflow,10154200,ft3/s,['A'],0
2016-03-23,69.3625,streamflow,10154200,ft3/s,['A'],0
2016-03-24,67.364586,streamflow,10154200,ft3/s,['A'],0
2016-03-25,68.28333,streamflow,10154200,ft3/s,['A'],0
2016-03-26,56.053123,streamflow,10154200,ft3/s,['A'],0
2016-03-27,64.77292,streamflow,10154200,ft3/s,['A'],0
2016-03-28,68.61979,streamflow,10154200,ft3/s,['A'],0
2016-03-29,66.08542,streamflow,10154200,ft3/s,['A'],0
2016-03-30,64.56875,streamflow,10154200,ft3/s,['A'],0
2016-03-31,65.572914,streamflow,10154200,ft3/s,['A'],0
2016-04-01,61.35625,streamflow,10154200,ft3/s,['A'],0
2016-04-02,69.53333,streamflow,10154200,ft3/s,['A'],0
2016-04-03,77.72083,streamflow,10154200,ft3/s,['A'],0
2016-04-04,83.50208,streamflow,10154200,ft3/s,['A'],0
2016-04-05,93.63125,streamflow,10154200,ft3/s,['A'],0
2016-04-06,92.58646,streamflow,10154200,ft3/s,['A'],0
2016-04-07,112.6875,streamflow,10154200,ft3/s,['A'],0
2016-04-08,146.28125,streamflow,10154200,ft3/s,['A'],0
2016-04-09,174.63542,streamflow,10154200,ft3/s,['A'],0
2016-04-10,174.86458,streamflow,10154200,ft3/s,['A'],0
2016-04-11,192.1875,streamflow,10154200,ft3/s,['A'],0
2016-04-12,193.51042,streamflow,10154200,ft3/s,['A'],0
2016-04-13,224.86458,streamflow,10154200,ft3/s,['A'],0
2016-04-14,256.3229,streamflow,10154200,ft3/s,['A'],0
2016-04-15,239.15625,streamflow,10154200,ft3/s,['A'],0
2016-04-16,205.67708,streamflow,10154200,ft3/s,['A'],0
2016-04-17,192.30208,streamflow,10154200,ft3/s,['A'],0
2016-04-18,176.71875,streamflow,10154200,ft3/s,['A'],0
2016-04-19,169.70833,streamflow,10154200,ft3/s,['A'],0
2016-04-20,163.4375,streamflow,10154200,ft3/s,['A'],0
2016-04-21,194.58333,streamflow,10154200,ft3/s,['A'],0
2016-04-22,290.625,streamflow,10154200,ft3/s,['A'],0
2016-04-23,389.9271,streamflow,10154200,ft3/s,['A'],0
2016-04-24,346.04166,streamflow,10154200,ft3/s,['A'],0
2016-04-25,309.3125,streamflow,10154200,ft3/s,['A'],0
2016-04-26,274.625,streamflow,10154200,ft3/s,['A'],0
2016-04-27,252.97917,streamflow,10154200,ft3/s,['A'],0
2016-04-28,244.6875,streamflow,10154200,ft3/s,['A'],0
2016-04-29,227.55208,streamflow,10154200,ft3/s,['A'],0
2016-04-30,210.88542,streamflow,10154200,ft3/s,['A'],0
2016-05-01,196.8125,streamflow,10154200,ft3/s,['A'],0
2016-05-02,191.66667,streamflow,10154200,ft3/s,['A'],0
2016-05-03,200.51042,streamflow,10154200,ft3/s,['A'],0
2016-05-04,261.6354,streamflow,10154200,ft3/s,['A'],0
2016-05-05,387.45834,streamflow,10154200,ft3/s,['A'],0
2016-05-06,572.78125,streamflow,10154200,ft3/s,['A'],0
2016-05-07,697.59375,streamflow,10154200,ft3/s,['A'],0
2016-05-08,604.15625,streamflow,10154200,ft3/s,['A'],0
2016-05-09,621.90625,streamflow,10154200,ft3/s,['A'],0
2016-05-10,786.9375,streamflow,10154200,ft3/s,['A'],0
2016-05-11,653.92706,streamflow,10154200,ft3/s,['A'],0
2016-05-12,614.7083,streamflow,10154200,ft3/s,['A'],0
2016-05-13,694.51044,streamflow,10154200,ft3/s,['A'],0
2016-05-14,911.9583,streamflow,10154200,ft3/s,['A'],0
2016-05-15,1141.9791,streamflow,10154200,ft3/s,['A'],0
2016-05-16,1126.6666,streamflow,10154200,ft3/s,['A'],0
2016-05-17,923.4167,streamflow,10154200,ft3/s,['A'],0
2016-05-18,894.8125,streamflow,10154200,ft3/s,['A'],0
2016-05-19,916.51044,streamflow,10154200,ft3/s,['A'],0
2016-05-20,1063.75,streamflow,10154200,ft3/s,['A'],0
2016-05-21,1243.75,streamflow,10154200,ft3/s,['A'],0
2016-05-22,1044.4688,streamflow,10154200,ft3/s,['A'],0
2016-05-23,839.4375,streamflow,10154200,ft3/s,['A'],0
2016-05-24,723.11456,streamflow,10154200,ft3/s,['A'],0
2016-05-25,674.28125,streamflow,10154200,ft3/s,['A'],0
2016-05-26,653.67706,streamflow,10154200,ft3/s,['A'],0
2016-05-27,615.9583,streamflow,10154200,ft3/s,['A'],0
2016-05-28,627.5208,streamflow,10154200,ft3/s,['A'],0
2016-05-29,739.19794,streamflow,10154200,ft3/s,['A'],0
2016-05-30,814.88544,streamflow,10154200,ft3/s,['A'],0
2016-05-31,1067.3646,streamflow,10154200,ft3/s,['A'],0
2016-06-01,1258.8541,streamflow,10154200,ft3/s,['A'],0
2016-06-02,1435.0,streamflow,10154200,ft3/s,['A'],0
2016-06-03,1420.9375,streamflow,10154200,ft3/s,['A'],0
2016-06-04,1650.8334,streamflow,10154200,ft3/s,['A'],0
2016-06-05,1722.8125,streamflow,10154200,ft3/s,['A'],0
2016-06-06,1669.2709,streamflow,10154200,ft3/s,['A'],0
2016-06-07,1550.7291,streamflow,10154200,ft3/s,['A'],0
2016-06-08,1423.0209,streamflow,10154200,ft3/s,['A'],0
2016-06-09,1386.1459,streamflow,10154200,ft3/s,['A'],0
2016-06-10,1263.5416,streamflow,10154200,ft3/s,['A'],0
2016-06-11,1068.9166,streamflow,10154200,ft3/s,['A'],0
2016-06-12,958.01044,streamflow,10154200,ft3/s,['A'],0
2016-06-13,873.21875,streamflow,10154200,ft3/s,['A'],0
2016-06-14,743.32294,streamflow,10154200,ft3/s,['A'],0
2016-06-15,645.9167,streamflow,10154200,ft3/s,['A'],0
2016-06-16,605.6042,streamflow,10154200,ft3/s,['A'],0
2016-06-17,563.5208,streamflow,10154200,ft3/s,['A'],0
2016-06-18,506.58334,streamflow,10154200,ft3/s,['A'],0
2016-06-19,433.91666,streamflow,10154200,ft3/s,['A'],0
2016-06-20,397.33334,streamflow,10154200,ft3/s,['A'],0
2016-06-21,360.79166,streamflow,10154200,ft3/s,['A'],0
2016-06-22,335.3646,streamflow,10154200,ft3/s,['A'],0
2016-06-23,303.59375,streamflow,10154200,ft3/s,['A'],0
2016-06-24,273.70834,streamflow,10154200,ft3/s,['A'],0
2016-06-25,252.30208,streamflow,10154200,ft3/s,['A'],0
2016-06-26,239.96875,streamflow,10154200,ft3/s,['A'],0
2016-06-27,209.63542,streamflow,10154200,ft3/s,['A'],0
2016-06-28,185.15958,streamflow,10154200,ft3/s,['A'],0
2016-06-29,170.96875,streamflow,10154200,ft3/s,['A'],0
2016-06-30,188.0625,streamflow,10154200,ft3/s,['A'],0
2016-07-01,179.80208,streamflow,10154200,ft3/s,['A'],0
2016-07-02,168.91667,streamflow,10154200,ft3/s,['A'],0
2016-07-03,151.9375,streamflow,10154200,ft3/s,['A'],0
2016-07-04,140.79167,streamflow,10154200,ft3/s,['A'],0
2016-07-05,134.25,streamflow,10154200,ft3/s,['A'],0
2016-07-06,119.6875,streamflow,10154200,ft3/s,['A'],0
2016-07-07,110.729164,streamflow,10154200,ft3/s,['A'],0
2016-07-08,104.958336,streamflow,10154200,ft3/s,['A'],0
2016-07-09,100.78125,streamflow,10154200,ft3/s,['A'],0
2016-07-10,95.495834,streamflow,10154200,ft3/s,['A'],0
2016-07-11,104.43125,streamflow,10154200,ft3/s,['A'],0
2016-07-12,82.53854,streamflow,10154200,ft3/s,['A'],0
2016-07-13,76.03645,streamflow,10154200,ft3/s,['A'],0
2016-07-14,74.93854,streamflow,10154200,ft3/s,['A'],0
2016-07-15,74.0,streamflow,10154200,ft3/s,['A'],0
2016-07-16,77.96667,streamflow,10154200,ft3/s,['A'],0
2016-07-17,75.770836,streamflow,10154200,ft3/s,['A'],0
2016-07-18,75.73334,streamflow,10154200,ft3/s,['A'],0
2016-07-19,79.15313,streamflow,10154200,ft3/s,['A'],0
2016-07-20,80.18021,streamflow,10154200,ft3/s,['A'],0
2016-07-21,79.56042,streamflow,10154200,ft3/s,['A'],0
2016-07-22,79.489586,streamflow,10154200,ft3/s,['A'],0
2016-07-23,78.49792,streamflow,10154200,ft3/s,['A'],0
2016-07-24,74.76979,streamflow,10154200,ft3/s,['A'],0
2016-07-25,74.25938,streamflow,10154200,ft3/s,['A'],0
2016-07-26,76.07709,streamflow,10154200,ft3/s,['A'],0
2016-07-27,76.28438,streamflow,10154200,ft3/s,['A'],0
2016-07-28,75.36354,streamflow,10154200,ft3/s,['A'],0
2016-07-29,74.60208,streamflow,10154200,ft3/s,['A'],0
2016-07-30,72.433334,streamflow,10154200,ft3/s,['A'],0
2016-07-31,72.51667,streamflow,10154200,ft3/s,['A'],0
2016-08-01,71.11667,streamflow,10154200,ft3/s,['A'],0
2016-08-02,70.03333,streamflow,10154200,ft3/s,['A'],0
2016-08-03,68.183334,streamflow,10154200,ft3/s,['A'],0
2016-08-04,68.15,streamflow,10154200,ft3/s,['A'],0
2016-08-05,67.916664,streamflow,10154200,ft3/s,['A'],0
2016-08-06,70.36667,streamflow,10154200,ft3/s,['A'],0
2016-08-07,70.734375,streamflow,10154200,ft3/s,['A'],0
2016-08-08,75.13646,streamflow,10154200,ft3/s,['A'],0
2016-08-09,69.25,streamflow,10154200,ft3/s,['A'],0
2016-08-10,66.12813,streamflow,10154200,ft3/s,['A'],0
2016-08-11,67.2,streamflow,10154200,ft3/s,['A'],0
2016-08-12,68.05,streamflow,10154200,ft3/s,['A'],0
2016-08-13,66.572914,streamflow,10154200,ft3/s,['A'],0
2016-08-14,64.734375,streamflow,10154200,ft3/s,['A'],0
2016-08-15,63.46875,streamflow,10154200,ft3/s,['A'],0
2016-08-16,63.65625,streamflow,10154200,ft3/s,['A'],0
2016-08-17,63.96875,streamflow,10154200,ft3/s,['A'],0
2016-08-18,63.671875,streamflow,10154200,ft3/s,['A'],0
2016-08-19,60.234375,streamflow,10154200,ft3/s,['A'],0
2016-08-20,58.890625,streamflow,10154200,ft3/s,['A'],0
2016-08-21,57.683334,streamflow,10154200,ft3/s,['A'],0
2016-08-22,57.054165,streamflow,10154200,ft3/s,['A'],0
2016-08-23,62.609375,streamflow,10154200,ft3/s,['A'],0
2016-08-24,45.971874,streamflow,10154200,ft3/s,['A'],0
2016-08-25,41.1,streamflow,10154200,ft3/s,['A'],0
2016-08-26,40.3625,streamflow,10154200,ft3/s,['A'],0
2016-08-27,40.050003,streamflow,10154200,ft3/s,['A'],0
2016-08-28,39.9,streamflow,10154200,ft3/s,['A'],0
2016-08-29,38.8125,streamflow,10154200,ft3/s,['A'],0
2016-08-30,38.7,streamflow,10154200,ft3/s,['A'],0
2016-08-31,38.7,streamflow,10154200,ft3/s,['A'],0
2016-09-01,38.52889,streamflow,10154200,ft3/s,['A'],0
2016-09-02,38.114582,streamflow,10154200,ft3/s,['A'],0
2016-09-03,37.817707,streamflow,10154200,ft3/s,['A'],0
2016-09-04,37.829166,streamflow,10154200,ft3/s,['A'],0
2016-09-05,38.208332,streamflow,10154200,ft3/s,['A'],0
2016-09-06,37.68229,streamflow,10154200,ft3/s,['A'],0
2016-09-07,44.060417,streamflow,10154200,ft3/s,['A'],0
2016-09-08,47.997917,streamflow,10154200,ft3/s,['A'],0
2016-09-09,53.997917,streamflow,10154200,ft3/s,['A'],0
2016-09-10,56.239582,streamflow,10154200,ft3/s,['A'],0
2016-09-11,55.290627,streamflow,10154200,ft3/s,['A'],0
2016-09-12,55.803123,streamflow,10154200,ft3/s,['A'],0
2016-09-13,56.303123,streamflow,10154200,ft3/s,['A'],0
2016-09-14,62.377083,streamflow,10154200,ft3/s,['A'],0
2016-09-15,52.891666,streamflow,10154200,ft3/s,['A'],0
2016-09-16,42.979168,streamflow,10154200,ft3/s,['A'],0
2016-09-17,38.90729,streamflow,10154200,ft3/s,['A'],0
2016-09-18,36.889584,streamflow,10154200,ft3/s,['A'],0
2016-09-19,34.54375,streamflow,10154200,ft3/s,['A'],0
2016-09-20,33.50104,streamflow,10154200,ft3/s,['A'],0
2016-09-21,33.077084,streamflow,10154200,ft3/s,['A'],0
2016-09-22,33.839584,streamflow,10154200,ft3/s,['A'],0
2016-09-23,92.8375,streamflow,10154200,ft3/s,['A'],0
2016-09-24,83.40833,streamflow,10154200,ft3/s,['A'],0
2016-09-25,77.311455,streamflow,10154200,ft3/s,['A'],0
2016-09-26,72.31563,streamflow,10154200,ft3/s,['A'],0
2016-09-27,75.00521,streamflow,10154200,ft3/s,['A'],0
2016-09-28,75.234375,streamflow,10154200,ft3/s,['A'],0
2016-09-29,68.53846,streamflow,10154200,ft3/s,['A'],0
2016-09-30,68.71667,streamflow,10154200,ft3/s,['A'],0
2016-10-01,64.578125,streamflow,10154200,ft3/s,['A'],0
2016-10-02,61.921875,streamflow,10154200,ft3/s,['A'],0
2016-10-03,66.083336,streamflow,10154200,ft3/s,['A'],0
2016-10-04,73.825,streamflow,10154200,ft3/s,['A'],0
2016-10-05,68.86666,streamflow,10154200,ft3/s,['A'],0
2016-10-06,67.77187,streamflow,10154200,ft3/s,['A'],0
2016-10-07,64.5625,streamflow,10154200,ft3/s,['A'],0
2016-10-08,62.03125,streamflow,10154200,ft3/s,['A'],0
2016-10-09,61.25,streamflow,10154200,ft3/s,['A'],0
2016-10-10,60.671875,streamflow,10154200,ft3/s,['A'],0
2016-10-11,60.4375,streamflow,10154200,ft3/s,['A'],0
2016-10-12,59.984375,streamflow,10154200,ft3/s,['A'],0
2016-10-13,58.470833,streamflow,10154200,ft3/s,['A'],0
2016-10-14,57.1,streamflow,10154200,ft3/s,['A'],0
2016-10-15,56.5375,streamflow,10154200,ft3/s,['A'],0
2016-10-16,55.366665,streamflow,10154200,ft3/s,['A'],0
2016-10-17,60.066666,streamflow,10154200,ft3/s,['A'],0
2016-10-18,65.65729,streamflow,10154200,ft3/s,['A'],0
2016-10-19,61.390625,streamflow,10154200,ft3/s,['A'],0
2016-10-20,59.35104,streamflow,10154200,ft3/s,['A'],0
2016-10-21,57.95729,streamflow,10154200,ft3/s,['A'],0
2016-10-22,58.445835,streamflow,10154200,ft3/s,['A'],0
2016-10-23,57.709377,streamflow,10154200,ft3/s,['A'],0
2016-10-24,58.560417,streamflow,10154200,ft3/s,['A'],0
2016-10-25,79.39687,streamflow,10154200,ft3/s,['A'],0
2016-10-26,75.61875,streamflow,10154200,ft3/s,['A'],0
2016-10-27,69.498955,streamflow,10154200,ft3/s,['A'],0
2016-10-28,66.094795,streamflow,10154200,ft3/s,['A'],0
2016-10-29,71.76771,streamflow,10154200,ft3/s,['A'],0
2016-10-30,72.629166,streamflow,10154200,ft3/s,['A'],0
2016-10-31,83.525,streamflow,10154200,ft3/s,['A'],0
2016-11-01,94.27187,streamflow,10154200,ft3/s,['A'],0
2016-11-02,83.63854,streamflow,10154200,ft3/s,['A'],0
2016-11-03,75.479164,streamflow,10154200,ft3/s,['A'],0
2016-11-04,70.66146,streamflow,10154200,ft3/s,['A'],0
2016-11-05,71.50521,streamflow,10154200,ft3/s,['A'],0
2016-11-06,71.45937,streamflow,10154200,ft3/s,['A'],0
2016-11-07,69.79479,streamflow,10154200,ft3/s,['A'],0
2016-11-08,68.225,streamflow,10154200,ft3/s,['A'],0
2016-11-09,66.796875,streamflow,10154200,ft3/s,['A'],0
2016-11-10,65.55625,streamflow,10154200,ft3/s,['A'],0
2016-11-11,64.38438,streamflow,10154200,ft3/s,['A'],0
2016-11-12,64.09271,streamflow,10154200,ft3/s,['A'],0
2016-11-13,62.84271,streamflow,10154200,ft3/s,['A'],0
2016-11-14,61.220833,streamflow,10154200,ft3/s,['A'],0
2016-11-15,60.10521,streamflow,10154200,ft3/s,['A'],0
2016-11-16,59.609375,streamflow,10154200,ft3/s,['A'],0
2016-11-17,59.472916,streamflow,10154200,ft3/s,['A'],0
2016-11-18,44.0375,streamflow,10154200,ft3/s,['A'],0
2016-11-19,54.315624,streamflow,10154200,ft3/s,['A'],0
2016-11-20,60.882294,streamflow,10154200,ft3/s,['A'],0
2016-11-21,61.27396,streamflow,10154200,ft3/s,['A'],0
2016-11-22,65.90625,streamflow,10154200,ft3/s,['A'],0
2016-11-23,58.466667,streamflow,10154200,ft3/s,['A'],0
2016-11-24,60.647915,streamflow,10154200,ft3/s,['A'],0
2016-11-25,48.696877,streamflow,10154200,ft3/s,['A'],0
2016-11-26,60.722916,streamflow,10154200,ft3/s,['A'],0
2016-11-27,65.558334,streamflow,10154200,ft3/s,['A'],0
2016-11-28,62.93333,streamflow,10154200,ft3/s,['A'],0
2016-11-29,60.185417,streamflow,10154200,ft3/s,['A'],0
2016-11-30,49.93125,streamflow,10154200,ft3/s,['A'],0
2016-12-01,61.71146,streamflow,10154200,ft3/s,['A'],0
2016-12-02,52.652084,streamflow,10154200,ft3/s,['A'],0
2016-12-03,48.135418,streamflow,10154200,ft3/s,['A'],0
2016-12-04,55.497917,streamflow,10154200,ft3/s,['A'],0
2016-12-05,61.490623,streamflow,10154200,ft3/s,['A'],0
2016-12-06,48.797916,streamflow,10154200,ft3/s,['A'],0
2016-12-07,54.827084,streamflow,10154200,ft3/s,['A'],0
2016-12-08,46.544792,streamflow,10154200,ft3/s,['A'],0
2016-12-09,56.870834,streamflow,10154200,ft3/s,['A'],0
2016-12-10,64.14687,streamflow,10154200,ft3/s,['A'],0
2016-12-11,65.109375,streamflow,10154200,ft3/s,['A'],0
2016-12-12,65.51771,streamflow,10154200,ft3/s,['A'],0
2016-12-13,64.42083,streamflow,10154200,ft3/s,['A'],0
2016-12-14,66.88854,streamflow,10154200,ft3/s,['A'],0
2016-12-15,65.609375,streamflow,10154200,ft3/s,['A'],0
2016-12-16,72.467705,streamflow,10154200,ft3/s,['A'],0
2016-12-17,66.85729,streamflow,10154200,ft3/s,['A'],0
2016-12-18,56.95625,streamflow,10154200,ft3/s,['A'],0
2016-12-19,56.65,streamflow,10154200,ft3/s,['A'],0
2016-12-20,67.03646,streamflow,10154200,ft3/s,['A'],0
2016-12-21,76.15312,streamflow,10154200,ft3/s,['A'],0
2016-12-22,69.27396,streamflow,10154200,ft3/s,['A'],0
2016-12-23,65.925,streamflow,10154200,ft3/s,['A'],0
2016-12-24,64.03021,streamflow,10154200,ft3/s,['A'],0
2016-12-25,65.972916,streamflow,10154200,ft3/s,['A'],0
2016-12-26,61.869793,streamflow,10154200,ft3/s,['A'],0
2016-12-27,58.079166,streamflow,10154200,ft3/s,['A'],0
2016-12-28,67.81771,streamflow,10154200,ft3/s,['A'],0
2016-12-29,61.13125,streamflow,10154200,ft3/s,['A'],0
2016-12-30,62.4375,streamflow,10154200,ft3/s,['A'],0
2016-12-31,60.234375,streamflow,10154200,ft3/s,['A'],0
2017-01-01,57.434376,streamflow,10154200,ft3/s,['A'],0
2017-01-02,63.828125,streamflow,10154200,ft3/s,['A'],0
2017-01-03,62.78125,streamflow,10154200,ft3/s,['A'],0
2017-01-04,65.29792,streamflow,10154200,ft3/s,['A'],0
2017-01-05,65.0,streamflow,10154200,ft3/s,['A'],0
2017-01-06,59.608334,streamflow,10154200,ft3/s,['A'],0
2017-01-07,55.165627,streamflow,10154200,ft3/s,['A'],0
2017-01-08,69.120834,streamflow,10154200,ft3/s,['A'],0
2017-01-09,81.31458,streamflow,10154200,ft3/s,['A'],0
2017-01-10,84.186455,streamflow,10154200,ft3/s,['A'],0
2017-01-11,83.2875,streamflow,10154200,ft3/s,['A'],0
2017-01-12,84.2,streamflow,10154200,ft3/s,['A'],0
2017-01-13,85.1375,streamflow,10154200,ft3/s,['A'],0
2017-01-14,88.2125,streamflow,10154200,ft3/s,['A'],0
2017-01-15,78.53958,streamflow,10154200,ft3/s,['A'],0
2017-01-16,66.998955,streamflow,10154200,ft3/s,['A'],0
2017-01-17,63.40625,streamflow,10154200,ft3/s,['A'],0
2017-01-18,66.13958,streamflow,10154200,ft3/s,['A'],0
2017-01-19,69.48333,streamflow,10154200,ft3/s,['A'],0
2017-01-20,69.45,streamflow,10154200,ft3/s,['A'],0
2017-01-21,66.566666,streamflow,10154200,ft3/s,['A'],0
2017-01-22,65.12708,streamflow,10154200,ft3/s,['A'],0
2017-01-23,65.90625,streamflow,10154200,ft3/s,['A'],0
2017-01-24,67.833336,streamflow,10154200,ft3/s,['A'],0
2017-01-25,71.066666,streamflow,10154200,ft3/s,['A'],0
2017-01-26,68.2,streamflow,10154200,ft3/s,['A'],0
2017-01-27,61.846874,streamflow,10154200,ft3/s,['A'],0
2017-01-28,57.31875,streamflow,10154200,ft3/s,['A'],0
2017-01-29,59.0,streamflow,10154200,ft3/s,['A'],0
2017-01-30,61.46875,streamflow,10154200,ft3/s,['A'],0
2017-01-31,63.583332,streamflow,10154200,ft3/s,['A'],0
2017-02-01,63.9375,streamflow,10154200,ft3/s,['A'],0
2017-02-02,62.53125,streamflow,10154200,ft3/s,['A'],0
2017-02-03,61.71875,streamflow,10154200,ft3/s,['A'],0
2017-02-04,63.265625,streamflow,10154200,ft3/s,['A'],0
2017-02-05,64.84375,streamflow,10154200,ft3/s,['A'],0
2017-02-06,64.75,streamflow,10154200,ft3/s,['A'],0
2017-02-07,65.40938,streamflow,10154200,ft3/s,['A'],0
2017-02-08,72.725,streamflow,10154200,ft3/s,['A'],0
2017-02-09,75.16875,streamflow,10154200,ft3/s,['A'],0
2017-02-10,84.234375,streamflow,10154200,ft3/s,['A'],0
2017-02-11,101.953125,streamflow,10154200,ft3/s,['A'],0
2017-02-12,86.49271,streamflow,10154200,ft3/s,['A'],0
2017-02-13,81.76146,streamflow,10154200,ft3/s,['A'],0
2017-02-14,78.97604,streamflow,10154200,ft3/s,['A'],0
2017-02-15,81.74687,streamflow,10154200,ft3/s,['A'],0
2017-02-16,81.717705,streamflow,10154200,ft3/s,['A'],0
2017-02-17,98.70625,streamflow,10154200,ft3/s,['A'],0
2017-02-18,107.958336,streamflow,10154200,ft3/s,['A'],0
2017-02-19,105.125,streamflow,10154200,ft3/s,['A'],0
2017-02-20,99.885414,streamflow,10154200,ft3/s,['A'],0
2017-02-21,102.1875,streamflow,10154200,ft3/s,['A'],0
2017-02-22,107.07708,streamflow,10154200,ft3/s,['A'],0
2017-02-23,99.489586,streamflow,10154200,ft3/s,['A'],0
2017-02-24,93.06563,streamflow,10154200,ft3/s,['A'],0
2017-02-25,72.14375,streamflow,10154200,ft3/s,['A'],0
2017-02-26,81.14792,streamflow,10154200,ft3/s,['A'],0
2017-02-27,100.70729,streamflow,10154200,ft3/s,['A'],0
2017-02-28,84.51875,streamflow,10154200,ft3/s,['A'],0
2017-03-01,92.23646,streamflow,10154200,ft3/s,['A'],0
2017-03-02,96.93437,streamflow,10154200,ft3/s,['A'],0
2017-03-03,99.197914,streamflow,10154200,ft3/s,['A'],0
2017-03-04,106.39167,streamflow,10154200,ft3/s,['A'],0
2017-03-05,104.96042,streamflow,10154200,ft3/s,['A'],0
2017-03-06,96.58437,streamflow,10154200,ft3/s,['A'],0
2017-03-07,93.95209,streamflow,10154200,ft3/s,['A'],0
2017-03-08,98.66875,streamflow,10154200,ft3/s,['A'],0
2017-03-09,101.14271,streamflow,10154200,ft3/s,['A'],0
2017-03-10,111.375,streamflow,10154200,ft3/s,['A'],0
2017-03-11,122.645836,streamflow,10154200,ft3/s,['A'],0
2017-03-12,133.89583,streamflow,10154200,ft3/s,['A'],0
2017-03-13,134.64583,streamflow,10154200,ft3/s,['A'],0
2017-03-14,148.89583,streamflow,10154200,ft3/s,['A'],0
2017-03-15,183.01042,streamflow,10154200,ft3/s,['A'],0
2017-03-16,223.94792,streamflow,10154200,ft3/s,['A'],0
2017-03-17,241.55208,streamflow,10154200,ft3/s,['A'],0
2017-03-18,283.1146,streamflow,10154200,ft3/s,['A'],0
2017-03-19,342.33334,streamflow,10154200,ft3/s,['A'],0
2017-03-20,372.875,streamflow,10154200,ft3/s,['A'],0
2017-03-21,370.85416,streamflow,10154200,ft3/s,['A'],0
2017-03-22,391.25,streamflow,10154200,ft3/s,['A'],0
2017-03-23,400.625,streamflow,10154200,ft3/s,['A'],0
2017-03-24,337.1354,streamflow,10154200,ft3/s,['A'],0
2017-03-25,330.7604,streamflow,10154200,ft3/s,['A'],0
2017-03-26,296.71875,streamflow,10154200,ft3/s,['A'],0
2017-03-27,279.60416,streamflow,10154200,ft3/s,['A'],0
2017-03-28,258.4896,streamflow,10154200,ft3/s,['A'],0
2017-03-29,240.67708,streamflow,10154200,ft3/s,['A'],0
2017-03-30,253.65625,streamflow,10154200,ft3/s,['A'],0
2017-03-31,283.875,streamflow,10154200,ft3/s,['A'],0
2017-04-01,260.54166,streamflow,10154200,ft3/s,['A'],0
2017-04-02,271.75,streamflow,10154200,ft3/s,['A'],0
2017-04-03,252.6875,streamflow,10154200,ft3/s,['A'],0
2017-04-04,237.0,streamflow,10154200,ft3/s,['A'],0
2017-04-05,217.36458,streamflow,10154200,ft3/s,['A'],0
2017-04-06,223.38542,streamflow,10154200,ft3/s,['A'],0
2017-04-07,256.875,streamflow,10154200,ft3/s,['A'],0
2017-04-08,287.3229,streamflow,10154200,ft3/s,['A'],0
2017-04-09,320.34375,streamflow,10154200,ft3/s,['A'],0
2017-04-10,275.6146,streamflow,10154200,ft3/s,['A'],0
2017-04-11,273.9271,streamflow,10154200,ft3/s,['A'],0
2017-04-12,270.72916,streamflow,10154200,ft3/s,['A'],0
2017-04-13,347.8229,streamflow,10154200,ft3/s,['A'],0
2017-04-14,468.6354,streamflow,10154200,ft3/s,['A'],0
2017-04-15,459.89584,streamflow,10154200,ft3/s,['A'],0
2017-04-16,457.71875,streamflow,10154200,ft3/s,['A'],0
2017-04-17,513.96875,streamflow,10154200,ft3/s,['A'],0
2017-04-18,563.4167,streamflow,10154200,ft3/s,['A'],0
2017-04-19,600.21875,streamflow,10154200,ft3/s,['A'],0
2017-04-20,553.65625,streamflow,10154200,ft3/s,['A'],0
2017-04-21,513.13544,streamflow,10154200,ft3/s,['A'],0
2017-04-22,456.3125,streamflow,10154200,ft3/s,['A'],0
2017-04-23,448.5729,streamflow,10154200,ft3/s,['A'],0
2017-04-24,521.4792,streamflow,10154200,ft3/s,['A'],0
2017-04-25,491.625,streamflow,10154200,ft3/s,['A'],0
2017-04-26,436.375,streamflow,10154200,ft3/s,['A'],0
2017-04-27,415.125,streamflow,10154200,ft3/s,['A'],0
2017-04-28,381.83334,streamflow,10154200,ft3/s,['A'],0
2017-04-29,353.2396,streamflow,10154200,ft3/s,['A'],0
2017-04-30,341.45834,streamflow,10154200,ft3/s,['A'],0
2017-05-01,329.0729,streamflow,10154200,ft3/s,['A'],0
2017-05-02,332.0104,streamflow,10154200,ft3/s,['A'],0
2017-05-03,336.2604,streamflow,10154200,ft3/s,['A'],0
2017-05-04,393.3646,streamflow,10154200,ft3/s,['A'],0
2017-05-05,561.2083,streamflow,10154200,ft3/s,['A'],0
2017-05-06,862.17706,streamflow,10154200,ft3/s,['A'],0
2017-05-07,1092.7709,streamflow,10154200,ft3/s,['A'],0
2017-05-08,1297.5,streamflow,10154200,ft3/s,['A'],0
2017-05-09,1293.75,streamflow,10154200,ft3/s,['A'],0
2017-05-10,1082.7084,streamflow,10154200,ft3/s,['A'],0
2017-05-11,1235.4166,streamflow,10154200,ft3/s,['A'],0
2017-05-12,1388.0209,streamflow,10154200,ft3/s,['A'],0
2017-05-13,1592.8125,streamflow,10154200,ft3/s,['A'],0
2017-05-14,1578.125,streamflow,10154200,ft3/s,['A'],0
2017-05-15,1335.9375,streamflow,10154200,ft3/s,['A'],0
2017-05-16,1156.6666,streamflow,10154200,ft3/s,['A'],0
2017-05-17,1083.125,streamflow,10154200,ft3/s,['A'],0
2017-05-18,902.96875,streamflow,10154200,ft3/s,['A'],0
2017-05-19,774.09375,streamflow,10154200,ft3/s,['A'],0
2017-05-20,679.0625,streamflow,10154200,ft3/s,['A'],0
2017-05-21,636.05206,streamflow,10154200,ft3/s,['A'],0
2017-05-22,640.2708,streamflow,10154200,ft3/s,['A'],0
2017-05-23,796.7292,streamflow,10154200,ft3/s,['A'],0
2017-05-24,1105.0312,streamflow,10154200,ft3/s,['A'],0
2017-05-25,1419.4791,streamflow,10154200,ft3/s,['A'],0
2017-05-26,1333.2291,streamflow,10154200,ft3/s,['A'],0
2017-05-27,1306.5625,streamflow,10154200,ft3/s,['A'],0
2017-05-28,1485.2084,streamflow,10154200,ft3/s,['A'],0
2017-05-29,1613.6459,streamflow,10154200,ft3/s,['A'],0
2017-05-30,1734.375,streamflow,10154200,ft3/s,['A'],0
2017-05-31,1963.9584,streamflow,10154200,ft3/s,['A'],0
2017-06-01,1941.7709,streamflow,10154200,ft3/s,['A'],0
2017-06-02,2055.7292,streamflow,10154200,ft3/s,['A'],0
2017-06-03,2208.9583,streamflow,10154200,ft3/s,['A'],0
2017-06-04,2231.5625,streamflow,10154200,ft3/s,['A'],0
2017-06-05,2157.8125,streamflow,10154200,ft3/s,['A'],0
2017-06-06,2071.9792,streamflow,10154200,ft3/s,['A'],0
2017-06-07,2006.5625,streamflow,10154200,ft3/s,['A'],0
2017-06-08,1974.0625,streamflow,10154200,ft3/s,['A'],0
2017-06-09,1769.0625,streamflow,10154200,ft3/s,['A'],0
2017-06-10,1917.1875,streamflow,10154200,ft3/s,['A'],0
2017-06-11,1839.1666,streamflow,10154200,ft3/s,['A'],0
2017-06-12,1641.875,streamflow,10154200,ft3/s,['A'],0
2017-06-13,1333.5416,streamflow,10154200,ft3/s,['A'],0
2017-06-14,1108.8125,streamflow,10154200,ft3/s,['A'],0
2017-06-15,1026.9166,streamflow,10154200,ft3/s,['A'],0
2017-06-16,1080.7084,streamflow,10154200,ft3/s,['A'],0
2017-06-17,1212.1875,streamflow,10154200,ft3/s,['A'],0
2017-06-18,1201.1459,streamflow,10154200,ft3/s,['A'],0
2017-06-19,1143.4375,streamflow,10154200,ft3/s,['A'],0
2017-06-20,1073.5416,streamflow,10154200,ft3/s,['A'],0
2017-06-21,1065.1041,streamflow,10154200,ft3/s,['A'],0
2017-06-22,1008.0833,streamflow,10154200,ft3/s,['A'],0
2017-06-23,908.1458,streamflow,10154200,ft3/s,['A'],0
2017-06-24,789.38544,streamflow,10154200,ft3/s,['A'],0
2017-06-25,713.59375,streamflow,10154200,ft3/s,['A'],0
2017-06-26,616.5417,streamflow,10154200,ft3/s,['A'],0
2017-06-27,562.9792,streamflow,10154200,ft3/s,['A'],0
2017-06-28,537.2708,streamflow,10154200,ft3/s,['A'],0
2017-06-29,496.10416,streamflow,10154200,ft3/s,['A'],0
2017-06-30,447.1771,streamflow,10154200,ft3/s,['A'],0
2017-07-01,396.75,streamflow,10154200,ft3/s,['A'],0
2017-07-02,371.47916,streamflow,10154200,ft3/s,['A'],0
2017-07-03,340.71875,streamflow,10154200,ft3/s,['A'],0
2017-07-04,315.59375,streamflow,10154200,ft3/s,['A'],0
2017-07-05,297.90625,streamflow,10154200,ft3/s,['A'],0
2017-07-06,288.3229,streamflow,10154200,ft3/s,['A'],0
2017-07-07,272.35416,streamflow,10154200,ft3/s,['A'],0
2017-07-08,257.39584,streamflow,10154200,ft3/s,['A'],0
2017-07-09,250.0625,streamflow,10154200,ft3/s,['A'],0
2017-07-10,244.0,streamflow,10154200,ft3/s,['A'],0
2017-07-11,239.48958,streamflow,10154200,ft3/s,['A'],0
2017-07-12,227.55208,streamflow,10154200,ft3/s,['A'],0
2017-07-13,237.28125,streamflow,10154200,ft3/s,['A'],0
2017-07-14,244.40625,streamflow,10154200,ft3/s,['A'],0
2017-07-15,230.70833,streamflow,10154200,ft3/s,['A'],0
2017-07-16,223.69792,streamflow,10154200,ft3/s,['A'],0
2017-07-17,219.88542,streamflow,10154200,ft3/s,['A'],0
2017-07-18,228.58333,streamflow,10154200,ft3/s,['A'],0
2017-07-19,229.125,streamflow,10154200,ft3/s,['A'],0
2017-07-20,252.375,streamflow,10154200,ft3/s,['A'],0
2017-07-21,231.32292,streamflow,10154200,ft3/s,['A'],0
2017-07-22,238.17708,streamflow,10154200,ft3/s,['A'],0
2017-07-23,225.15625,streamflow,10154200,ft3/s,['A'],0
2017-07-24,229.14583,streamflow,10154200,ft3/s,['A'],0
2017-07-25,219.96875,streamflow,10154200,ft3/s,['A'],0
2017-07-26,224.53125,streamflow,10154200,ft3/s,['A'],0
2017-07-27,219.09375,streamflow,10154200,ft3/s,['A'],0
2017-07-28,212.875,streamflow,10154200,ft3/s,['A'],0
2017-07-29,204.66667,streamflow,10154200,ft3/s,['A'],0
2017-07-30,197.07292,streamflow,10154200,ft3/s,['A'],0
2017-07-31,199.57292,streamflow,10154200,ft3/s,['A'],0
2017-08-01,195.76042,streamflow,10154200,ft3/s,['A'],0
2017-08-02,177.47917,streamflow,10154200,ft3/s,['A'],0
2017-08-03,171.875,streamflow,10154200,ft3/s,['A'],0
2017-08-04,165.97917,streamflow,10154200,ft3/s,['A'],0
2017-08-05,151.04167,streamflow,10154200,ft3/s,['A'],0
2017-08-06,124.489586,streamflow,10154200,ft3/s,['A'],0
2017-08-07,123.791664,streamflow,10154200,ft3/s,['A'],0
2017-08-08,132.67708,streamflow,10154200,ft3/s,['A'],0
2017-08-09,125.645836,streamflow,10154200,ft3/s,['A'],0
2017-08-10,137.28125,streamflow,10154200,ft3/s,['A'],0
2017-08-11,142.63542,streamflow,10154200,ft3/s,['A'],0
2017-08-12,137.6875,streamflow,10154200,ft3/s,['A'],0
2017-08-13,134.16667,streamflow,10154200,ft3/s,['A'],0
2017-08-14,129.38542,streamflow,10154200,ft3/s,['A'],0
2017-08-15,123.145836,streamflow,10154200,ft3/s,['A'],0
2017-08-16,123.4375,streamflow,10154200,ft3/s,['A'],0
2017-08-17,125.625,streamflow,10154200,ft3/s,['A'],0
2017-08-18,120.395836,streamflow,10154200,ft3/s,['A'],0
2017-08-19,111.791664,streamflow,10154200,ft3/s,['A'],0
2017-08-20,111.25,streamflow,10154200,ft3/s,['A'],0
2017-08-21,108.270836,streamflow,10154200,ft3/s,['A'],0
2017-08-22,108.020836,streamflow,10154200,ft3/s,['A'],0
2017-08-23,110.916664,streamflow,10154200,ft3/s,['A'],0
2017-08-24,101.57604,streamflow,10154200,ft3/s,['A'],0
2017-08-25,93.67812,streamflow,10154200,ft3/s,['A'],0
2017-08-26,86.525,streamflow,10154200,ft3/s,['A'],0
2017-08-27,84.368744,streamflow,10154200,ft3/s,['A'],0
2017-08-28,82.41146,streamflow,10154200,ft3/s,['A'],0
2017-08-29,79.91458,streamflow,10154200,ft3/s,['A'],0
2017-08-30,79.436455,streamflow,10154200,ft3/s,['A'],0
2017-08-31,88.33229,streamflow,10154200,ft3/s,['A'],0
2017-09-01,90.23854,streamflow,10154200,ft3/s,['A'],0
2017-09-02,82.76875,streamflow,10154200,ft3/s,['A'],0
2017-09-03,80.72917,streamflow,10154200,ft3/s,['A'],0
2017-09-04,79.1,streamflow,10154200,ft3/s,['A'],0
2017-09-05,79.1,streamflow,10154200,ft3/s,['A'],0
2017-09-06,78.072914,streamflow,10154200,ft3/s,['A'],0
2017-09-07,77.4,streamflow,10154200,ft3/s,['A'],0
2017-09-08,77.4,streamflow,10154200,ft3/s,['A'],0
2017-09-09,76.17812,streamflow,10154200,ft3/s,['A'],0
2017-09-10,77.4,streamflow,10154200,ft3/s,['A'],0
2017-09-11,76.44375,streamflow,10154200,ft3/s,['A'],0
2017-09-12,75.7,streamflow,10154200,ft3/s,['A'],0
2017-09-13,75.7,streamflow,10154200,ft3/s,['A'],0
2017-09-14,75.82396,streamflow,10154200,ft3/s,['A'],0
2017-09-15,87.59479,streamflow,10154200,ft3/s,['A'],0
2017-09-16,103.37813,streamflow,10154200,ft3/s,['A'],0
2017-09-17,98.44896,streamflow,10154200,ft3/s,['A'],0
2017-09-18,96.89167,streamflow,10154200,ft3/s,['A'],0
2017-09-19,125.45729,streamflow,10154200,ft3/s,['A'],0
2017-09-20,165.76042,streamflow,10154200,ft3/s,['A'],0
2017-09-21,156.89583,streamflow,10154200,ft3/s,['A'],0
2017-09-22,159.10417,streamflow,10154200,ft3/s,['A'],0
2017-09-23,168.22917,streamflow,10154200,ft3/s,['A'],0
2017-09-24,179.8125,streamflow,10154200,ft3/s,['A'],0
2017-09-25,182.90625,streamflow,10154200,ft3/s,['A'],0
2017-09-26,185.53125,streamflow,10154200,ft3/s,['A'],0
2017-09-27,165.92708,streamflow,10154200,ft3/s,['A'],0
2017-09-28,164.46875,streamflow,10154200,ft3/s,['A'],0
2017-09-29,154.4375,streamflow,10154200,ft3/s,['A'],0
2017-09-30,150.40625,streamflow,10154200,ft3/s,['A'],0
2017-10-01,150.97917,streamflow,10154200,ft3/s,['A'],0
2017-10-02,149.3125,streamflow,10154200,ft3/s,['A'],0
2017-10-03,136.89583,streamflow,10154200,ft3/s,['A'],0
2017-10-04,132.61458,streamflow,10154200,ft3/s,['A'],0
2017-10-05,127.458336,streamflow,10154200,ft3/s,['A'],0
2017-10-06,116.78125,streamflow,10154200,ft3/s,['A'],0
2017-10-07,113.666664,streamflow,10154200,ft3/s,['A'],0
2017-10-08,110.84375,streamflow,10154200,ft3/s,['A'],0
2017-10-09,109.020836,streamflow,10154200,ft3/s,['A'],0
2017-10-10,103.469795,streamflow,10154200,ft3/s,['A'],0
2017-10-11,101.620834,streamflow,10154200,ft3/s,['A'],0
2017-10-12,99.42604,streamflow,10154200,ft3/s,['A'],0
2017-10-13,93.76458,streamflow,10154200,ft3/s,['A'],0
2017-10-14,91.33854,streamflow,10154200,ft3/s,['A'],0
2017-10-15,87.52604,streamflow,10154200,ft3/s,['A'],0
2017-10-16,88.78125,streamflow,10154200,ft3/s,['A'],0
2017-10-17,85.405205,streamflow,10154200,ft3/s,['A'],0
2017-10-18,82.88958,streamflow,10154200,ft3/s,['A'],0
2017-10-19,81.80938,streamflow,10154200,ft3/s,['A'],0
2017-10-20,82.21667,streamflow,10154200,ft3/s,['A'],0
2017-10-21,83.155205,streamflow,10154200,ft3/s,['A'],0
2017-10-22,80.74688,streamflow,10154200,ft3/s,['A'],0
2017-10-23,81.10104,streamflow,10154200,ft3/s,['A'],0
2017-10-24,79.347916,streamflow,10154200,ft3/s,['A'],0
2017-10-25,79.046875,streamflow,10154200,ft3/s,['A'],0
2017-10-26,77.93125,streamflow,10154200,ft3/s,['A'],0
2017-10-27,78.14375,streamflow,10154200,ft3/s,['A'],0
2017-10-28,77.4,streamflow,10154200,ft3/s,['A'],0
2017-10-29,77.08125,streamflow,10154200,ft3/s,['A'],0
2017-10-30,76.07188,streamflow,10154200,ft3/s,['A'],0
2017-10-31,75.98333,streamflow,10154200,ft3/s,['A'],0
2017-11-01,75.75312,streamflow,10154200,ft3/s,['A'],0
2017-11-02,75.11562,streamflow,10154200,ft3/s,['A'],0
2017-11-03,77.29375,streamflow,10154200,ft3/s,['A'],0
2017-11-04,78.99375,streamflow,10154200,ft3/s,['A'],0
2017-11-05,85.88021,streamflow,10154200,ft3/s,['A'],0
2017-11-06,86.9,streamflow,10154200,ft3/s,['A'],0
2017-11-07,84.59375,streamflow,10154200,ft3/s,['A'],0
2017-11-08,68.66979,streamflow,10154200,ft3/s,['A'],0
2017-11-09,86.40521,streamflow,10154200,ft3/s,['A'],0
2017-11-10,86.51354,streamflow,10154200,ft3/s,['A'],0
2017-11-11,81.791664,streamflow,10154200,ft3/s,['A'],0
2017-11-12,73.00313,streamflow,10154200,ft3/s,['A'],0
2017-11-13,79.725,streamflow,10154200,ft3/s,['A'],0
2017-11-14,79.79063,streamflow,10154200,ft3/s,['A'],0
2017-11-15,76.30938,streamflow,10154200,ft3/s,['A'],0
2017-11-16,80.941666,streamflow,10154200,ft3/s,['A'],0
2017-11-17,102.81771,streamflow,10154200,ft3/s,['A'],0
2017-11-18,83.09167,streamflow,10154200,ft3/s,['A'],0
2017-11-19,86.51771,streamflow,10154200,ft3/s,['A'],0
2017-11-20,99.93437,streamflow,10154200,ft3/s,['A'],0
2017-11-21,101.55937,streamflow,10154200,ft3/s,['A'],0
2017-11-22,102.32604,streamflow,10154200,ft3/s,['A'],0
2017-11-23,99.3125,streamflow,10154200,ft3/s,['A'],0
2017-11-24,97.0,streamflow,10154200,ft3/s,['A'],0
2017-11-25,95.96146,streamflow,10154200,ft3/s,['A'],0
2017-11-26,90.69063,streamflow,10154200,ft3/s,['A'],0
2017-11-27,87.8,streamflow,10154200,ft3/s,['A'],0
2017-11-28,84.114586,streamflow,10154200,ft3/s,['A'],0
2017-11-29,74.95,streamflow,10154200,ft3/s,['A'],0
2017-11-30,75.69583,streamflow,10154200,ft3/s,['A'],0
2017-12-01,83.16458,streamflow,10154200,ft3/s,['A'],0
2017-12-02,79.175,streamflow,10154200,ft3/s,['A'],0
2017-12-03,80.32709,streamflow,10154200,ft3/s,['A'],0
2017-12-04,69.64687,streamflow,10154200,ft3/s,['A'],0
2017-12-05,58.635418,streamflow,10154200,ft3/s,['A'],0
2017-12-06,57.50729,streamflow,10154200,ft3/s,['A'],0
2017-12-07,57.678123,streamflow,10154200,ft3/s,['A'],0
2017-12-08,64.469795,streamflow,10154200,ft3/s,['A'],0
2017-12-09,69.020836,streamflow,10154200,ft3/s,['A'],0
2017-12-10,67.38021,streamflow,10154200,ft3/s,['A'],0
2017-12-11,68.28333,streamflow,10154200,ft3/s,['A'],0
2017-12-12,73.3625,streamflow,10154200,ft3/s,['A'],0
2017-12-13,74.890625,streamflow,10154200,ft3/s,['A'],0
2017-12-14,76.79791,streamflow,10154200,ft3/s,['A'],0
2017-12-15,71.46979,streamflow,10154200,ft3/s,['A'],0
2017-12-16,71.51667,streamflow,10154200,ft3/s,['A'],0
2017-12-17,70.8,streamflow,10154200,ft3/s,['A'],0
2017-12-18,68.73334,streamflow,10154200,ft3/s,['A'],0
2017-12-19,68.583336,streamflow,10154200,ft3/s,['A'],0
2017-12-20,66.4,streamflow,10154200,ft3/s,['A'],0
2017-12-21,67.2,streamflow,10154200,ft3/s,['A'],0
2017-12-22,60.228127,streamflow,10154200,ft3/s,['A'],0
2017-12-23,65.46042,streamflow,10154200,ft3/s,['A'],0
2017-12-24,63.10521,streamflow,10154200,ft3/s,['A'],0
2017-12-25,69.48333,streamflow,10154200,ft3/s,['A'],0
2017-12-26,68.9,streamflow,10154200,ft3/s,['A'],0
2017-12-27,65.85729,streamflow,10154200,ft3/s,['A'],0
2017-12-28,66.453125,streamflow,10154200,ft3/s,['A'],0
2017-12-29,65.359375,streamflow,10154200,ft3/s,['A'],0
2017-12-30,65.421875,streamflow,10154200,ft3/s,['A'],0
2017-12-31,65.234375,streamflow,10154200,ft3/s,['A'],0
2018-01-01,61.776043,streamflow,10154200,ft3/s,['A'],0
2018-01-02,61.428123,streamflow,10154200,ft3/s,['A'],0
2018-01-03,56.95729,streamflow,10154200,ft3/s,['A'],0
2018-01-04,61.041668,streamflow,10154200,ft3/s,['A'],0
2018-01-05,63.96875,streamflow,10154200,ft3/s,['A'],0
2018-01-06,64.109375,streamflow,10154200,ft3/s,['A'],0
2018-01-07,64.5,streamflow,10154200,ft3/s,['A'],0
2018-01-08,64.4375,streamflow,10154200,ft3/s,['A'],0
2018-01-09,64.5,streamflow,10154200,ft3/s,['A'],0
2018-01-10,67.078125,streamflow,10154200,ft3/s,['A'],0
2018-01-11,67.5625,streamflow,10154200,ft3/s,['A'],0
2018-01-12,68.25,streamflow,10154200,ft3/s,['A'],0
2018-01-13,66.640625,streamflow,10154200,ft3/s,['A'],0
2018-01-14,63.521873,streamflow,10154200,ft3/s,['A'],0
2018-01-15,64.63438,streamflow,10154200,ft3/s,['A'],0
2018-01-16,62.580208,streamflow,10154200,ft3/s,['A'],0
2018-01-17,65.84375,streamflow,10154200,ft3/s,['A'],0
2018-01-18,64.375,streamflow,10154200,ft3/s,['A'],0
2018-01-19,65.265625,streamflow,10154200,ft3/s,['A'],0
2018-01-20,64.78125,streamflow,10154200,ft3/s,['A'],0
2018-01-21,64.28125,streamflow,10154200,ft3/s,['A'],0
2018-01-22,59.441666,streamflow,10154200,ft3/s,['A'],0
2018-01-23,67.65625,streamflow,10154200,ft3/s,['A'],0
2018-01-24,63.69479,streamflow,10154200,ft3/s,['A'],0
2018-01-25,65.15625,streamflow,10154200,ft3/s,['A'],0
2018-01-26,63.859375,streamflow,10154200,ft3/s,['A'],0
2018-01-27,61.8875,streamflow,10154200,ft3/s,['A'],0
2018-01-28,65.5625,streamflow,10154200,ft3/s,['A'],0
2018-01-29,63.078125,streamflow,10154200,ft3/s,['A'],0
2018-01-30,63.1875,streamflow,10154200,ft3/s,['A'],0
2018-01-31,63.0,streamflow,10154200,ft3/s,['A'],0
2018-02-01,63.0,streamflow,10154200,ft3/s,['A'],0
2018-02-02,63.0,streamflow,10154200,ft3/s,['A'],0
2018-02-03,63.171875,streamflow,10154200,ft3/s,['A'],0
2018-02-04,63.734375,streamflow,10154200,ft3/s,['A'],0
2018-02-05,64.453125,streamflow,10154200,ft3/s,['A'],0
2018-02-06,64.359375,streamflow,10154200,ft3/s,['A'],0
2018-02-07,58.79375,streamflow,10154200,ft3/s,['A'],0
2018-02-08,65.140625,streamflow,10154200,ft3/s,['A'],0
2018-02-09,63.78125,streamflow,10154200,ft3/s,['A'],0
2018-02-10,63.671875,streamflow,10154200,ft3/s,['A'],0
2018-02-11,50.548958,streamflow,10154200,ft3/s,['A'],0
2018-02-12,64.998955,streamflow,10154200,ft3/s,['A'],0
2018-02-13,60.669792,streamflow,10154200,ft3/s,['A'],0
2018-02-14,62.45,streamflow,10154200,ft3/s,['A'],0
2018-02-15,61.1875,streamflow,10154200,ft3/s,['A'],0
2018-02-16,51.835415,streamflow,10154200,ft3/s,['A'],0
2018-02-17,65.99792,streamflow,10154200,ft3/s,['A'],0
2018-02-18,62.471874,streamflow,10154200,ft3/s,['A'],0
2018-02-19,62.140625,streamflow,10154200,ft3/s,['A'],0
2018-02-20,56.570835,streamflow,10154200,ft3/s,['A'],0
2018-02-21,60.81875,streamflow,10154200,ft3/s,['A'],0
2018-02-22,63.21875,streamflow,10154200,ft3/s,['A'],0
2018-02-23,62.953125,streamflow,10154200,ft3/s,['A'],0
2018-02-24,61.703125,streamflow,10154200,ft3/s,['A'],0
2018-02-25,61.515625,streamflow,10154200,ft3/s,['A'],0
2018-02-26,61.5,streamflow,10154200,ft3/s,['A'],0
2018-02-27,60.96875,streamflow,10154200,ft3/s,['A'],0
2018-02-28,59.7375,streamflow,10154200,ft3/s,['A'],0
2018-03-01,58.366665,streamflow,10154200,ft3/s,['A'],0
2018-03-02,57.33125,streamflow,10154200,ft3/s,['A'],0
2018-03-03,58.060417,streamflow,10154200,ft3/s,['A'],0
2018-03-04,58.585415,streamflow,10154200,ft3/s,['A'],0
2018-03-05,54.80625,streamflow,10154200,ft3/s,['A'],0
2018-03-06,58.201042,streamflow,10154200,ft3/s,['A'],0
2018-03-07,60.265625,streamflow,10154200,ft3/s,['A'],0
2018-03-08,60.07895,streamflow,10154200,ft3/s,['A'],0
2018-03-09,57.579166,streamflow,10154200,ft3/s,['A'],0
2018-03-10,58.372917,streamflow,10154200,ft3/s,['A'],0
2018-03-11,58.410416,streamflow,10154200,ft3/s,['A'],0
2018-03-12,61.0,streamflow,10154200,ft3/s,['A'],0
2018-03-13,65.59375,streamflow,10154200,ft3/s,['A'],0
2018-03-14,70.2625,streamflow,10154200,ft3/s,['A'],0
2018-03-15,87.558334,streamflow,10154200,ft3/s,['A'],0
2018-03-16,76.81979,streamflow,10154200,ft3/s,['A'],0
2018-03-17,75.578125,streamflow,10154200,ft3/s,['A'],0
2018-03-18,70.60208,streamflow,10154200,ft3/s,['A'],0
2018-03-19,67.19896,streamflow,10154200,ft3/s,['A'],0
2018-03-20,68.572914,streamflow,10154200,ft3/s,['A'],0
2018-03-21,71.67917,streamflow,10154200,ft3/s,['A'],0
2018-03-22,71.683334,streamflow,10154200,ft3/s,['A'],0
2018-03-23,90.67604,streamflow,10154200,ft3/s,['A'],0
2018-03-24,88.04479,streamflow,10154200,ft3/s,['A'],0
2018-03-25,85.29791,streamflow,10154200,ft3/s,['A'],0
2018-03-26,79.183334,streamflow,10154200,ft3/s,['A'],0
2018-03-27,68.98541,streamflow,10154200,ft3/s,['A'],0
2018-03-28,83.75208,streamflow,10154200,ft3/s,['A'],0
2018-03-29,71.54271,streamflow,10154200,ft3/s,['A'],0
2018-03-30,78.376045,streamflow,10154200,ft3/s,['A'],0
2018-03-31,82.85313,streamflow,10154200,ft3/s,['A'],0
2018-04-01,94.191666,streamflow,10154200,ft3/s,['A'],0
2018-04-02,108.958336,streamflow,10154200,ft3/s,['A'],0
2018-04-03,90.484375,streamflow,10154200,ft3/s,['A'],0
2018-04-04,98.046875,streamflow,10154200,ft3/s,['A'],0
2018-04-05,90.890625,streamflow,10154200,ft3/s,['A'],0
2018-04-06,95.10208,streamflow,10154200,ft3/s,['A'],0
2018-04-07,117.1875,streamflow,10154200,ft3/s,['A'],0
2018-04-08,218.20833,streamflow,10154200,ft3/s,['A'],0
2018-04-09,165.83333,streamflow,10154200,ft3/s,['A'],0
2018-04-10,150.25,streamflow,10154200,ft3/s,['A'],0
2018-04-11,152.91667,streamflow,10154200,ft3/s,['A'],0
2018-04-12,198.01042,streamflow,10154200,ft3/s,['A'],0
2018-04-13,165.875,streamflow,10154200,ft3/s,['A'],0
2018-04-14,145.46875,streamflow,10154200,ft3/s,['A'],0
2018-04-15,155.8125,streamflow,10154200,ft3/s,['A'],0
2018-04-16,142.96875,streamflow,10154200,ft3/s,['A'],0
2018-04-17,162.32292,streamflow,10154200,ft3/s,['A'],0
2018-04-18,135.36041,streamflow,10154200,ft3/s,['A'],0
2018-04-19,150.90625,streamflow,10154200,ft3/s,['A'],0
2018-04-20,140.95833,streamflow,10154200,ft3/s,['A'],0
2018-04-21,136.57292,streamflow,10154200,ft3/s,['A'],0
2018-04-22,182.52083,streamflow,10154200,ft3/s,['A'],0
2018-04-23,251.72917,streamflow,10154200,ft3/s,['A'],0
2018-04-24,312.5,streamflow,10154200,ft3/s,['A'],0
2018-04-25,329.1146,streamflow,10154200,ft3/s,['A'],0
2018-04-26,391.9896,streamflow,10154200,ft3/s,['A'],0
2018-04-27,495.0625,streamflow,10154200,ft3/s,['A'],0
2018-04-28,612.92706,streamflow,10154200,ft3/s,['A'],0
2018-04-29,712.48956,streamflow,10154200,ft3/s,['A'],0
2018-04-30,640.80206,streamflow,10154200,ft3/s,['A'],0
2018-05-01,526.6875,streamflow,10154200,ft3/s,['A'],0
2018-05-02,466.6771,streamflow,10154200,ft3/s,['A'],0
2018-05-03,416.96875,streamflow,10154200,ft3/s,['A'],0
2018-05-04,378.08334,streamflow,10154200,ft3/s,['A'],0
2018-05-05,432.27084,streamflow,10154200,ft3/s,['A'],0
2018-05-06,549.73956,streamflow,10154200,ft3/s,['A'],0
2018-05-07,800.67706,streamflow,10154200,ft3/s,['A'],0
2018-05-08,988.21875,streamflow,10154200,ft3/s,['A'],0
2018-05-09,1188.0209,streamflow,10154200,ft3/s,['A'],0
2018-05-10,1258.0209,streamflow,10154200,ft3/s,['A'],0
2018-05-11,1285.4166,streamflow,10154200,ft3/s,['A'],0
2018-05-12,1196.7709,streamflow,10154200,ft3/s,['A'],0
2018-05-13,929.5,streamflow,10154200,ft3/s,['A'],0
2018-05-14,794.11456,streamflow,10154200,ft3/s,['A'],0
2018-05-15,733.8125,streamflow,10154200,ft3/s,['A'],0
2018-05-16,746.3958,streamflow,10154200,ft3/s,['A'],0
2018-05-17,892.19794,streamflow,10154200,ft3/s,['A'],0
2018-05-18,965.3958,streamflow,10154200,ft3/s,['A'],0
2018-05-19,840.6042,streamflow,10154200,ft3/s,['A'],0
2018-05-20,836.375,streamflow,10154200,ft3/s,['A'],0
2018-05-21,851.9375,streamflow,10154200,ft3/s,['A'],0
2018-05-22,828.34375,streamflow,10154200,ft3/s,['A'],0
2018-05-23,830.7292,streamflow,10154200,ft3/s,['A'],0
2018-05-24,797.9375,streamflow,10154200,ft3/s,['A'],0
2018-05-25,834.125,streamflow,10154200,ft3/s,['A'],0
2018-05-26,958.96875,streamflow,10154200,ft3/s,['A'],0
2018-05-27,866.30206,streamflow,10154200,ft3/s,['A'],0
2018-05-28,758.5833,streamflow,10154200,ft3/s,['A'],0
2018-05-29,662.3333,streamflow,10154200,ft3/s,['A'],0
2018-05-30,566.57294,streamflow,10154200,ft3/s,['A'],0
2018-05-31,542.4167,streamflow,10154200,ft3/s,['A'],0
2018-06-01,551.6042,streamflow,10154200,ft3/s,['A'],0
2018-06-02,496.04166,streamflow,10154200,ft3/s,['A'],0
2018-06-03,443.10416,streamflow,10154200,ft3/s,['A'],0
2018-06-04,418.84375,streamflow,10154200,ft3/s,['A'],0
2018-06-05,403.29166,streamflow,10154200,ft3/s,['A'],0
2018-06-06,376.54166,streamflow,10154200,ft3/s,['A'],0
2018-06-07,340.58334,streamflow,10154200,ft3/s,['A'],0
2018-06-08,301.58334,streamflow,10154200,ft3/s,['A'],0
2018-06-09,273.83334,streamflow,10154200,ft3/s,['A'],0
2018-06-10,251.1875,streamflow,10154200,ft3/s,['A'],0
2018-06-11,234.3125,streamflow,10154200,ft3/s,['A'],0
2018-06-12,213.33333,streamflow,10154200,ft3/s,['A'],0
2018-06-13,191.83333,streamflow,10154200,ft3/s,['A'],0
2018-06-14,175.70833,streamflow,10154200,ft3/s,['A'],0
2018-06-15,165.86458,streamflow,10154200,ft3/s,['A'],0
2018-06-16,157.98958,streamflow,10154200,ft3/s,['A'],0
2018-06-17,150.5625,streamflow,10154200,ft3/s,['A'],0
2018-06-18,151.70833,streamflow,10154200,ft3/s,['A'],0
2018-06-19,113.27917,streamflow,10154200,ft3/s,['A'],0
2018-06-20,117.4375,streamflow,10154200,ft3/s,['A'],0
2018-06-21,115.427086,streamflow,10154200,ft3/s,['A'],0
2018-06-22,105.645836,streamflow,10154200,ft3/s,['A'],0
2018-06-23,102.36042,streamflow,10154200,ft3/s,['A'],0
2018-06-24,97.527084,streamflow,10154200,ft3/s,['A'],0
2018-06-25,94.38438,streamflow,10154200,ft3/s,['A'],0
2018-06-26,91.27813,streamflow,10154200,ft3/s,['A'],0
2018-06-27,88.219795,streamflow,10154200,ft3/s,['A'],0
2018-06-28,85.87187,streamflow,10154200,ft3/s,['A'],0
2018-06-29,85.27604,streamflow,10154200,ft3/s,['A'],0
2018-06-30,85.035416,streamflow,10154200,ft3/s,['A'],0
2018-07-01,84.37708,streamflow,10154200,ft3/s,['A'],0
2018-07-02,84.51354,streamflow,10154200,ft3/s,['A'],0
2018-07-03,85.395836,streamflow,10154200,ft3/s,['A'],0
2018-07-04,83.61354,streamflow,10154200,ft3/s,['A'],0
2018-07-05,81.60521,streamflow,10154200,ft3/s,['A'],0
2018-07-06,80.31979,streamflow,10154200,ft3/s,['A'],0
2018-07-07,78.38125,streamflow,10154200,ft3/s,['A'],0
2018-07-08,76.72708,streamflow,10154200,ft3/s,['A'],0
2018-07-09,77.56771,streamflow,10154200,ft3/s,['A'],0
2018-07-10,89.63021,streamflow,10154200,ft3/s,['A'],0
2018-07-11,77.3375,streamflow,10154200,ft3/s,['A'],0
2018-07-12,77.30312,streamflow,10154200,ft3/s,['A'],0
2018-07-13,75.36042,streamflow,10154200,ft3/s,['A'],0
2018-07-14,73.51979,streamflow,10154200,ft3/s,['A'],0
2018-07-15,74.479164,streamflow,10154200,ft3/s,['A'],0
2018-07-16,73.8875,streamflow,10154200,ft3/s,['A'],0
2018-07-17,80.796875,streamflow,10154200,ft3/s,['A'],0
2018-07-18,77.22187,streamflow,10154200,ft3/s,['A'],0
2018-07-19,72.453125,streamflow,10154200,ft3/s,['A'],0
2018-07-20,70.933334,streamflow,10154200,ft3/s,['A'],0
2018-07-21,71.2,streamflow,10154200,ft3/s,['A'],0
2018-07-22,69.98333,streamflow,10154200,ft3/s,['A'],0
2018-07-23,70.28333,streamflow,10154200,ft3/s,['A'],0
2018-07-24,70.6,streamflow,10154200,ft3/s,['A'],0
2018-07-25,70.166664,streamflow,10154200,ft3/s,['A'],0
2018-07-26,69.666664,streamflow,10154200,ft3/s,['A'],0
2018-07-27,68.958336,streamflow,10154200,ft3/s,['A'],0
2018-07-28,65.84375,streamflow,10154200,ft3/s,['A'],0
2018-07-29,65.015625,streamflow,10154200,ft3/s,['A'],0
2018-07-30,63.921875,streamflow,10154200,ft3/s,['A'],0
2018-07-31,66.671875,streamflow,10154200,ft3/s,['A'],0
2018-08-01,67.91771,streamflow,10154200,ft3/s,['A'],0
2018-08-02,71.13333,streamflow,10154200,ft3/s,['A'],0
2018-08-03,69.57604,streamflow,10154200,ft3/s,['A'],0
2018-08-04,66.828125,streamflow,10154200,ft3/s,['A'],0
2018-08-05,65.890625,streamflow,10154200,ft3/s,['A'],0
2018-08-06,61.84375,streamflow,10154200,ft3/s,['A'],0
2018-08-07,60.125,streamflow,10154200,ft3/s,['A'],0
2018-08-08,59.64792,streamflow,10154200,ft3/s,['A'],0
2018-08-09,65.83229,streamflow,10154200,ft3/s,['A'],0
2018-08-10,73.833336,streamflow,10154200,ft3/s,['A'],0
2018-08-11,74.333336,streamflow,10154200,ft3/s,['A'],0
2018-08-12,70.51979,streamflow,10154200,ft3/s,['A'],0
2018-08-13,70.51666,streamflow,10154200,ft3/s,['A'],0
2018-08-14,69.45,streamflow,10154200,ft3/s,['A'],0
2018-08-15,67.09375,streamflow,10154200,ft3/s,['A'],0
2018-08-16,66.828125,streamflow,10154200,ft3/s,['A'],0
2018-08-17,66.328125,streamflow,10154200,ft3/s,['A'],0
2018-08-18,69.60521,streamflow,10154200,ft3/s,['A'],0
2018-08-19,65.046875,streamflow,10154200,ft3/s,['A'],0
2018-08-20,62.6875,streamflow,10154200,ft3/s,['A'],0
2018-08-21,63.140625,streamflow,10154200,ft3/s,['A'],0
2018-08-22,56.98125,streamflow,10154200,ft3/s,['A'],0
2018-08-23,66.95208,streamflow,10154200,ft3/s,['A'],0
2018-08-24,51.37396,streamflow,10154200,ft3/s,['A'],0
2018-08-25,42.712498,streamflow,10154200,ft3/s,['A'],0
2018-08-26,39.317707,streamflow,10154200,ft3/s,['A'],0
2018-08-27,36.92917,streamflow,10154200,ft3/s,['A'],0
2018-08-28,35.9,streamflow,10154200,ft3/s,['A'],0
2018-08-29,35.9,streamflow,10154200,ft3/s,['A'],0
2018-08-30,34.15625,streamflow,10154200,ft3/s,['A'],0
2018-08-31,33.8,streamflow,10154200,ft3/s,['A'],0
2018-09-01,32.71146,streamflow,10154200,ft3/s,['A'],0
2018-09-02,32.7,streamflow,10154200,ft3/s,['A'],0
2018-09-03,32.67917,streamflow,10154200,ft3/s,['A'],0
2018-09-04,30.7,streamflow,10154200,ft3/s,['A'],0
2018-09-05,30.658335,streamflow,10154200,ft3/s,['A'],0
2018-09-06,30.075,streamflow,10154200,ft3/s,['A'],0
2018-09-07,31.3875,streamflow,10154200,ft3/s,['A'],0
2018-09-08,30.7,streamflow,10154200,ft3/s,['A'],0
2018-09-09,30.7,streamflow,10154200,ft3/s,['A'],0
2018-09-10,29.741667,streamflow,10154200,ft3/s,['A'],0
2018-09-11,29.16875,streamflow,10154200,ft3/s,['A'],0
2018-09-12,28.7,streamflow,10154200,ft3/s,['A'],0
2018-09-13,28.7,streamflow,10154200,ft3/s,['A'],0
2018-09-14,28.7,streamflow,10154200,ft3/s,['A'],0
2018-09-15,28.7,streamflow,10154200,ft3/s,['A'],0
2018-09-16,27.897917,streamflow,10154200,ft3/s,['A'],0
2018-09-17,27.7,streamflow,10154200,ft3/s,['A'],0
2018-09-18,27.7,streamflow,10154200,ft3/s,['A'],0
2018-09-19,27.7,streamflow,10154200,ft3/s,['A'],0
2018-09-20,27.578125,streamflow,10154200,ft3/s,['A'],0
2018-09-21,27.11875,streamflow,10154200,ft3/s,['A'],0
2018-09-22,27.184376,streamflow,10154200,ft3/s,['A'],0
2018-09-23,27.783335,streamflow,10154200,ft3/s,['A'],0
2018-09-24,28.241667,streamflow,10154200,ft3/s,['A'],0
2018-09-25,28.814585,streamflow,10154200,ft3/s,['A'],0
2018-09-26,28.7,streamflow,10154200,ft3/s,['A'],0
2018-09-27,28.835417,streamflow,10154200,ft3/s,['A'],0
2018-09-28,29.022917,streamflow,10154200,ft3/s,['A'],0
2018-09-29,28.7,streamflow,10154200,ft3/s,['A'],0
2018-09-30,28.502085,streamflow,10154200,ft3/s,['A'],0
2018-10-01,28.814585,streamflow,10154200,ft3/s,['A'],0
2018-10-02,30.75,streamflow,10154200,ft3/s,['A'],0
2018-10-03,40.2,streamflow,10154200,ft3/s,['A'],0
2018-10-04,50.47708,streamflow,10154200,ft3/s,['A'],0
2018-10-05,87.77187,streamflow,10154200,ft3/s,['A'],0
2018-10-06,74.239586,streamflow,10154200,ft3/s,['A'],0
2018-10-07,61.890625,streamflow,10154200,ft3/s,['A'],0
2018-10-08,57.141666,streamflow,10154200,ft3/s,['A'],0
2018-10-09,57.50625,streamflow,10154200,ft3/s,['A'],0
2018-10-10,61.984375,streamflow,10154200,ft3/s,['A'],0
2018-10-11,65.0625,streamflow,10154200,ft3/s,['A'],0
2018-10-12,64.375,streamflow,10154200,ft3/s,['A'],0
2018-10-13,61.304165,streamflow,10154200,ft3/s,['A'],0
2018-10-14,60.4125,streamflow,10154200,ft3/s,['A'],0
2018-10-15,53.59479,streamflow,10154200,ft3/s,['A'],0
2018-10-16,54.919792,streamflow,10154200,ft3/s,['A'],0
2018-10-17,55.8,streamflow,10154200,ft3/s,['A'],0
2018-10-18,57.25833,streamflow,10154200,ft3/s,['A'],0
2018-10-19,57.229168,streamflow,10154200,ft3/s,['A'],0
2018-10-20,56.179165,streamflow,10154200,ft3/s,['A'],0
2018-10-21,55.625,streamflow,10154200,ft3/s,['A'],0
2018-10-22,56.529167,streamflow,10154200,ft3/s,['A'],0
2018-10-23,64.379166,streamflow,10154200,ft3/s,['A'],0
2018-10-24,68.234375,streamflow,10154200,ft3/s,['A'],0
2018-10-25,64.21875,streamflow,10154200,ft3/s,['A'],0
2018-10-26,62.40625,streamflow,10154200,ft3/s,['A'],0
2018-10-27,59.273956,streamflow,10154200,ft3/s,['A'],0
2018-10-28,58.20625,streamflow,10154200,ft3/s,['A'],0
2018-10-29,58.6,streamflow,10154200,ft3/s,['A'],0
2018-10-30,57.039585,streamflow,10154200,ft3/s,['A'],0
2018-10-31,51.391666,streamflow,10154200,ft3/s,['A'],0
2018-11-01,53.525,streamflow,10154200,ft3/s,['A'],0
2018-11-02,56.82083,streamflow,10154200,ft3/s,['A'],0
2018-11-03,68.8125,streamflow,10154200,ft3/s,['A'],0
2018-11-04,67.875,streamflow,10154200,ft3/s,['A'],0
2018-11-05,68.734375,streamflow,10154200,ft3/s,['A'],0
2018-11-06,64.770836,streamflow,10154200,ft3/s,['A'],0
2018-11-07,57.947918,streamflow,10154200,ft3/s,['A'],0
2018-11-08,53.9625,streamflow,10154200,ft3/s,['A'],0
2018-11-09,51.222916,streamflow,10154200,ft3/s,['A'],0
2018-11-10,56.85104,streamflow,10154200,ft3/s,['A'],0
2018-11-11,56.37604,streamflow,10154200,ft3/s,['A'],0
2018-11-12,51.166668,streamflow,10154200,ft3/s,['A'],0
2018-11-13,46.507294,streamflow,10154200,ft3/s,['A'],0
2018-11-14,54.340626,streamflow,10154200,ft3/s,['A'],0
2018-11-15,55.29271,streamflow,10154200,ft3/s,['A'],0
2018-11-16,55.495834,streamflow,10154200,ft3/s,['A'],0
2018-11-17,54.540627,streamflow,10154200,ft3/s,['A'],0
2018-11-18,50.271873,streamflow,10154200,ft3/s,['A'],0
2018-11-19,44.1875,streamflow,10154200,ft3/s,['A'],0
2018-11-20,45.461456,streamflow,10154200,ft3/s,['A'],0
2018-11-21,47.107292,streamflow,10154200,ft3/s,['A'],0
2018-11-22,50.985416,streamflow,10154200,ft3/s,['A'],0
2018-11-23,51.402084,streamflow,10154200,ft3/s,['A'],0
2018-11-24,53.826042,streamflow,10154200,ft3/s,['A'],0
2018-11-25,45.005207,streamflow,10154200,ft3/s,['A'],0
2018-11-26,43.75729,streamflow,10154200,ft3/s,['A'],0
2018-11-27,54.414585,streamflow,10154200,ft3/s,['A'],0
2018-11-28,63.0,streamflow,10154200,ft3/s,['A'],0
2018-11-29,60.264584,streamflow,10154200,ft3/s,['A'],0
2018-11-30,59.497917,streamflow,10154200,ft3/s,['A'],0
2018-12-01,61.21875,streamflow,10154200,ft3/s,['A'],0
2018-12-02,61.265625,streamflow,10154200,ft3/s,['A'],0
2018-12-03,59.088543,streamflow,10154200,ft3/s,['A'],0
2018-12-04,45.565624,streamflow,10154200,ft3/s,['A'],0
2018-12-05,49.46875,streamflow,10154200,ft3/s,['A'],0
2018-12-06,60.78125,streamflow,10154200,ft3/s,['A'],0
2018-12-07,58.669792,streamflow,10154200,ft3/s,['A'],0
2018-12-08,57.316666,streamflow,10154200,ft3/s,['A'],0
2018-12-09,53.216667,streamflow,10154200,ft3/s,['A'],0
2018-12-10,48.51875,streamflow,10154200,ft3/s,['A'],0
2018-12-11,50.766666,streamflow,10154200,ft3/s,['A'],0
2018-12-12,46.56146,streamflow,10154200,ft3/s,['A'],0
2018-12-13,46.060417,streamflow,10154200,ft3/s,['A'],0
2018-12-14,46.9875,streamflow,10154200,ft3/s,['A'],0
2018-12-15,53.641666,streamflow,10154200,ft3/s,['A'],0
2018-12-16,51.678127,streamflow,10154200,ft3/s,['A'],0
2018-12-17,51.104168,streamflow,10154200,ft3/s,['A'],0
2018-12-18,52.119793,streamflow,10154200,ft3/s,['A'],0
2018-12-19,51.783333,streamflow,10154200,ft3/s,['A'],0
2018-12-20,49.15521,streamflow,10154200,ft3/s,['A'],0
2018-12-21,52.28021,streamflow,10154200,ft3/s,['A'],0
2018-12-22,51.122917,streamflow,10154200,ft3/s,['A'],0
2018-12-23,43.9625,streamflow,10154200,ft3/s,['A'],0
2018-12-24,54.965626,streamflow,10154200,ft3/s,['A'],0
2018-12-25,53.027084,streamflow,10154200,ft3/s,['A'],0
2018-12-26,53.470833,streamflow,10154200,ft3/s,['A'],0
2018-12-27,46.421875,streamflow,10154200,ft3/s,['A'],0
2018-12-28,45.416668,streamflow,10154200,ft3/s,['A'],0
2018-12-29,42.432293,streamflow,10154200,ft3/s,['A'],0
2018-12-30,51.673958,streamflow,10154200,ft3/s,['A'],0
2018-12-31,54.317707,streamflow,10154200,ft3/s,['A'],0
2019-01-01,49.690624,streamflow,10154200,ft3/s,['A'],0
2019-01-02,45.14375,streamflow,10154200,ft3/s,['A'],0
2019-01-03,46.53021,streamflow,10154200,ft3/s,['A'],0
2019-01-04,48.479168,streamflow,10154200,ft3/s,['A'],0
2019-01-05,51.257294,streamflow,10154200,ft3/s,['A'],0
2019-01-06,51.910416,streamflow,10154200,ft3/s,['A'],0
2019-01-07,53.229168,streamflow,10154200,ft3/s,['A'],0
2019-01-08,55.21458,streamflow,10154200,ft3/s,['A'],0
2019-01-09,56.103123,streamflow,10154200,ft3/s,['A'],0
2019-01-10,55.320835,streamflow,10154200,ft3/s,['A'],0
2019-01-11,54.9,streamflow,10154200,ft3/s,['A'],0
2019-01-12,49.627083,streamflow,10154200,ft3/s,['A'],0
2019-01-13,46.6875,streamflow,10154200,ft3/s,['A'],0
2019-01-14,46.833332,streamflow,10154200,ft3/s,['A'],0
2019-01-15,53.497917,streamflow,10154200,ft3/s,['A'],0
2019-01-16,57.145832,streamflow,10154200,ft3/s,['A'],0
2019-01-17,55.507294,streamflow,10154200,ft3/s,['A'],0
2019-01-18,55.41875,streamflow,10154200,ft3/s,['A'],0
2019-01-19,55.240627,streamflow,10154200,ft3/s,['A'],0
2019-01-20,58.896873,streamflow,10154200,ft3/s,['A'],0
2019-01-21,63.09375,streamflow,10154200,ft3/s,['A'],0
2019-01-22,60.50104,streamflow,10154200,ft3/s,['A'],0
2019-01-23,51.264584,streamflow,10154200,ft3/s,['A'],0
2019-01-24,57.95625,streamflow,10154200,ft3/s,['A'],0
2019-01-25,60.99271,streamflow,10154200,ft3/s,['A'],0
2019-01-26,58.486458,streamflow,10154200,ft3/s,['A'],0
2019-01-27,55.98021,streamflow,10154200,ft3/s,['A'],0
2019-01-28,56.135418,streamflow,10154200,ft3/s,['A'],0
2019-01-29,53.122917,streamflow,10154200,ft3/s,['A'],0
2019-01-30,48.839584,streamflow,10154200,ft3/s,['A'],0
2019-01-31,50.86354,streamflow,10154200,ft3/s,['A'],0
2019-02-01,53.659374,streamflow,10154200,ft3/s,['A'],0
2019-02-02,55.088543,streamflow,10154200,ft3/s,['A'],0
2019-02-03,56.23125,streamflow,10154200,ft3/s,['A'],0
2019-02-04,57.34271,streamflow,10154200,ft3/s,['A'],0
2019-02-05,60.03958,streamflow,10154200,ft3/s,['A'],0
2019-02-06,59.8125,streamflow,10154200,ft3/s,['A'],0
2019-02-07,56.45625,streamflow,10154200,ft3/s,['A'],0
2019-02-08,49.204166,streamflow,10154200,ft3/s,['A'],0
2019-02-09,53.54375,streamflow,10154200,ft3/s,['A'],0
2019-02-10,59.076042,streamflow,10154200,ft3/s,['A'],0
2019-02-11,58.432293,streamflow,10154200,ft3/s,['A'],0
2019-02-12,55.628124,streamflow,10154200,ft3/s,['A'],0
2019-02-13,58.958336,streamflow,10154200,ft3/s,['A'],0
2019-02-14,58.796875,streamflow,10154200,ft3/s,['A'],0
2019-02-15,62.42917,streamflow,10154200,ft3/s,['A'],0
2019-02-16,64.322914,streamflow,10154200,ft3/s,['A'],0
2019-02-17,60.366665,streamflow,10154200,ft3/s,['A'],0
2019-02-18,61.526043,streamflow,10154200,ft3/s,['A'],0
2019-02-19,51.711456,streamflow,10154200,ft3/s,['A'],0
2019-02-20,49.793682,streamflow,10154200,ft3/s,['A'],0
2019-02-21,54.560417,streamflow,10154200,ft3/s,['A'],0
2019-02-22,54.545834,streamflow,10154200,ft3/s,['A'],0
2019-02-23,54.020836,streamflow,10154200,ft3/s,['A'],0
2019-02-24,52.891666,streamflow,10154200,ft3/s,['A'],0
2019-02-25,53.029167,streamflow,10154200,ft3/s,['A'],0
2019-02-26,52.458332,streamflow,10154200,ft3/s,['A'],0
2019-02-27,51.171875,streamflow,10154200,ft3/s,['A'],0
2019-02-28,50.440628,streamflow,10154200,ft3/s,['A'],0
2019-03-01,51.03646,streamflow,10154200,ft3/s,['A'],0
2019-03-02,51.727085,streamflow,10154200,ft3/s,['A'],0
2019-03-03,52.025,streamflow,10154200,ft3/s,['A'],0
2019-03-04,51.916668,streamflow,10154200,ft3/s,['A'],0
2019-03-05,49.858334,streamflow,10154200,ft3/s,['A'],0
2019-03-06,54.09375,streamflow,10154200,ft3/s,['A'],0
2019-03-07,54.035416,streamflow,10154200,ft3/s,['A'],0
2019-03-08,56.135418,streamflow,10154200,ft3/s,['A'],0
2019-03-09,54.553127,streamflow,10154200,ft3/s,['A'],0
2019-03-10,56.922916,streamflow,10154200,ft3/s,['A'],0
2019-03-11,54.458332,streamflow,10154200,ft3/s,['A'],0
2019-03-12,53.878124,streamflow,10154200,ft3/s,['A'],0
2019-03-13,57.68125,streamflow,10154200,ft3/s,['A'],0
2019-03-14,53.59479,streamflow,10154200,ft3/s,['A'],0
2019-03-15,48.352085,streamflow,10154200,ft3/s,['A'],0
2019-03-16,52.548958,streamflow,10154200,ft3/s,['A'],0
2019-03-17,56.39896,streamflow,10154200,ft3/s,['A'],0
2019-03-18,57.23021,streamflow,10154200,ft3/s,['A'],0
2019-03-19,59.01875,streamflow,10154200,ft3/s,['A'],0
2019-03-20,59.414585,streamflow,10154200,ft3/s,['A'],0
2019-03-21,63.703125,streamflow,10154200,ft3/s,['A'],0
2019-03-22,60.6875,streamflow,10154200,ft3/s,['A'],0
2019-03-23,61.046875,streamflow,10154200,ft3/s,['A'],0
2019-03-24,62.84375,streamflow,10154200,ft3/s,['A'],0
2019-03-25,58.527084,streamflow,10154200,ft3/s,['A'],0
2019-03-26,67.64375,streamflow,10154200,ft3/s,['A'],0
2019-03-27,71.416664,streamflow,10154200,ft3/s,['A'],0
2019-03-28,74.28333,streamflow,10154200,ft3/s,['A'],0
2019-03-29,80.2625,streamflow,10154200,ft3/s,['A'],0
2019-03-30,75.73021,streamflow,10154200,ft3/s,['A'],0
2019-03-31,72.85833,streamflow,10154200,ft3/s,['A'],0
2019-04-01,79.21875,streamflow,10154200,ft3/s,['A'],0
2019-04-02,83.54271,streamflow,10154200,ft3/s,['A'],0
2019-04-03,88.08125,streamflow,10154200,ft3/s,['A'],0
2019-04-04,95.058334,streamflow,10154200,ft3/s,['A'],0
2019-04-05,103.86146,streamflow,10154200,ft3/s,['A'],0
2019-04-06,115.34375,streamflow,10154200,ft3/s,['A'],0
2019-04-07,128.08333,streamflow,10154200,ft3/s,['A'],0
2019-04-08,138.94792,streamflow,10154200,ft3/s,['A'],0
2019-04-09,185.3125,streamflow,10154200,ft3/s,['A'],0
2019-04-10,196.05208,streamflow,10154200,ft3/s,['A'],0
2019-04-11,164.73958,streamflow,10154200,ft3/s,['A'],0
2019-04-12,147.13542,streamflow,10154200,ft3/s,['A'],0
2019-04-13,134.75,streamflow,10154200,ft3/s,['A'],0
2019-04-14,126.291664,streamflow,10154200,ft3/s,['A'],0
2019-04-15,131.375,streamflow,10154200,ft3/s,['A'],0
2019-04-16,141.36458,streamflow,10154200,ft3/s,['A'],0
2019-04-17,152.96875,streamflow,10154200,ft3/s,['A'],0
2019-04-18,170.41667,streamflow,10154200,ft3/s,['A'],0
2019-04-19,239.04167,streamflow,10154200,ft3/s,['A'],0
2019-04-20,332.0104,streamflow,10154200,ft3/s,['A'],0
2019-04-21,368.60416,streamflow,10154200,ft3/s,['A'],0
2019-04-22,344.1875,streamflow,10154200,ft3/s,['A'],0
2019-04-23,386.90625,streamflow,10154200,ft3/s,['A'],0
2019-04-24,480.40625,streamflow,10154200,ft3/s,['A'],0
2019-04-25,547.7708,streamflow,10154200,ft3/s,['A'],0
2019-04-26,678.69794,streamflow,10154200,ft3/s,['A'],0
2019-04-27,759.28125,streamflow,10154200,ft3/s,['A'],0
2019-04-28,799.57294,streamflow,10154200,ft3/s,['A'],0
2019-04-29,796.23956,streamflow,10154200,ft3/s,['A'],0
2019-04-30,656.63544,streamflow,10154200,ft3/s,['A'],0
2019-05-01,567.09375,streamflow,10154200,ft3/s,['A'],0
2019-05-02,477.375,streamflow,10154200,ft3/s,['A'],0
2019-05-03,427.4479,streamflow,10154200,ft3/s,['A'],0
2019-05-04,438.3125,streamflow,10154200,ft3/s,['A'],0
2019-05-05,471.52084,streamflow,10154200,ft3/s,['A'],0
2019-05-06,576.51044,streamflow,10154200,ft3/s,['A'],0
2019-05-07,610.5417,streamflow,10154200,ft3/s,['A'],0
2019-05-08,605.7917,streamflow,10154200,ft3/s,['A'],0
2019-05-09,566.1667,streamflow,10154200,ft3/s,['A'],0
2019-05-10,524.57294,streamflow,10154200,ft3/s,['A'],0
2019-05-11,523.9792,streamflow,10154200,ft3/s,['A'],0
2019-05-12,625.6042,streamflow,10154200,ft3/s,['A'],0
2019-05-13,866.69794,streamflow,10154200,ft3/s,['A'],0
2019-05-14,1092.1146,streamflow,10154200,ft3/s,['A'],0
2019-05-15,1274.6875,streamflow,10154200,ft3/s,['A'],0
2019-05-16,1485.9375,streamflow,10154200,ft3/s,['A'],0
2019-05-17,1560.7368,streamflow,10154200,ft3/s,['A'],0
2019-05-18,1207.5,streamflow,10154200,ft3/s,['A'],0
2019-05-19,958.71875,streamflow,10154200,ft3/s,['A'],0
2019-05-20,830.5625,streamflow,10154200,ft3/s,['A'],0
2019-05-21,724.7708,streamflow,10154200,ft3/s,['A'],0
2019-05-22,654.9583,streamflow,10154200,ft3/s,['A'],0
2019-05-23,628.2083,streamflow,10154200,ft3/s,['A'],0
2019-05-24,613.6458,streamflow,10154200,ft3/s,['A'],0
2019-05-25,575.73956,streamflow,10154200,ft3/s,['A'],0
2019-05-26,615.9375,streamflow,10154200,ft3/s,['A'],0
2019-05-27,663.36456,streamflow,10154200,ft3/s,['A'],0
2019-05-28,662.13544,streamflow,10154200,ft3/s,['A'],0
2019-05-29,651.73956,streamflow,10154200,ft3/s,['A'],0
2019-05-30,654.1458,streamflow,10154200,ft3/s,['A'],0
2019-05-31,588.28125,streamflow,10154200,ft3/s,['A'],0
2019-06-01,707.28125,streamflow,10154200,ft3/s,['A'],0
2019-06-02,847.09375,streamflow,10154200,ft3/s,['A'],0
2019-06-03,1025.5104,streamflow,10154200,ft3/s,['A'],0
2019-06-04,1113.3334,streamflow,10154200,ft3/s,['A'],0
2019-06-05,1326.875,streamflow,10154200,ft3/s,['A'],0
2019-06-06,1610.8334,streamflow,10154200,ft3/s,['A'],0
2019-06-07,1942.0834,streamflow,10154200,ft3/s,['A'],0
2019-06-08,2051.25,streamflow,10154200,ft3/s,['A'],0
2019-06-09,1540.3125,streamflow,10154200,ft3/s,['A'],0
2019-06-10,1397.1875,streamflow,10154200,ft3/s,['A'],0
2019-06-11,1476.25,streamflow,10154200,ft3/s,['A'],0
2019-06-12,1589.7916,streamflow,10154200,ft3/s,['A'],0
2019-06-13,1650.2084,streamflow,10154200,ft3/s,['A'],0
2019-06-14,1848.6459,streamflow,10154200,ft3/s,['A'],0
2019-06-15,1643.4375,streamflow,10154200,ft3/s,['A'],0
2019-06-16,1713.0209,streamflow,10154200,ft3/s,['A'],0
2019-06-17,1586.875,streamflow,10154200,ft3/s,['A'],0
2019-06-18,1510.1041,streamflow,10154200,ft3/s,['A'],0
2019-06-19,1820.1041,streamflow,10154200,ft3/s,['A'],0
2019-06-20,1885.8334,streamflow,10154200,ft3/s,['A'],0
2019-06-21,1741.7709,streamflow,10154200,ft3/s,['A'],0
2019-06-22,1516.0416,streamflow,10154200,ft3/s,['A'],0
2019-06-23,1180.3125,streamflow,10154200,ft3/s,['A'],0
2019-06-24,1047.1771,streamflow,10154200,ft3/s,['A'],0
2019-06-25,1124.4896,streamflow,10154200,ft3/s,['A'],0
2019-06-26,1167.3959,streamflow,10154200,ft3/s,['A'],0
2019-06-27,1212.6041,streamflow,10154200,ft3/s,['A'],0
2019-06-28,1196.1459,streamflow,10154200,ft3/s,['A'],0
2019-06-29,1122.1041,streamflow,10154200,ft3/s,['A'],0
2019-06-30,1032.7291,streamflow,10154200,ft3/s,['A'],0
2019-07-01,1020.61456,streamflow,10154200,ft3/s,['A'],0
2019-07-02,857.3125,streamflow,10154200,ft3/s,['A'],0
2019-07-03,750.34375,streamflow,10154200,ft3/s,['A'],0
2019-07-04,651.5417,streamflow,10154200,ft3/s,['A'],0
2019-07-05,545.65625,streamflow,10154200,ft3/s,['A'],0
2019-07-06,491.85416,streamflow,10154200,ft3/s,['A'],0
2019-07-07,445.7604,streamflow,10154200,ft3/s,['A'],0
2019-07-08,405.91666,streamflow,10154200,ft3/s,['A'],0
2019-07-09,376.9375,streamflow,10154200,ft3/s,['A'],0
2019-07-10,344.89584,streamflow,10154200,ft3/s,['A'],0
2019-07-11,317.91666,streamflow,10154200,ft3/s,['A'],0
2019-07-12,287.85416,streamflow,10154200,ft3/s,['A'],0
2019-07-13,264.85416,streamflow,10154200,ft3/s,['A'],0
2019-07-14,272.1979,streamflow,10154200,ft3/s,['A'],0
2019-07-15,249.45833,streamflow,10154200,ft3/s,['A'],0
2019-07-16,225.65625,streamflow,10154200,ft3/s,['A'],0
2019-07-17,206.41667,streamflow,10154200,ft3/s,['A'],0
2019-07-18,193.11458,streamflow,10154200,ft3/s,['A'],0
2019-07-19,175.79167,streamflow,10154200,ft3/s,['A'],0
2019-07-20,165.85417,streamflow,10154200,ft3/s,['A'],0
2019-07-21,158.78125,streamflow,10154200,ft3/s,['A'],0
2019-07-22,152.01042,streamflow,10154200,ft3/s,['A'],0
2019-07-23,146.64583,streamflow,10154200,ft3/s,['A'],0
2019-07-24,137.48958,streamflow,10154200,ft3/s,['A'],0
2019-07-25,138.54167,streamflow,10154200,ft3/s,['A'],0
2019-07-26,140.41667,streamflow,10154200,ft3/s,['A'],0
2019-07-27,165.91667,streamflow,10154200,ft3/s,['A'],0
2019-07-28,148.66667,streamflow,10154200,ft3/s,['A'],0
2019-07-29,132.70833,streamflow,10154200,ft3/s,['A'],0
2019-07-30,122.729164,streamflow,10154200,ft3/s,['A'],0
2019-07-31,115.708336,streamflow,10154200,ft3/s,['A'],0
2019-08-01,129.25,streamflow,10154200,ft3/s,['A'],0
2019-08-02,130.17708,streamflow,10154200,ft3/s,['A'],0
2019-08-03,120.083336,streamflow,10154200,ft3/s,['A'],0
2019-08-04,121.208336,streamflow,10154200,ft3/s,['A'],0
2019-08-05,127.260414,streamflow,10154200,ft3/s,['A'],0
2019-08-06,121.322914,streamflow,10154200,ft3/s,['A'],0
2019-08-07,114.083336,streamflow,10154200,ft3/s,['A'],0
2019-08-08,115.375,streamflow,10154200,ft3/s,['A'],0
2019-08-09,118.958336,streamflow,10154200,ft3/s,['A'],0
2019-08-10,109.708336,streamflow,10154200,ft3/s,['A'],0
2019-08-11,103.38438,streamflow,10154200,ft3/s,['A'],0
2019-08-12,96.520836,streamflow,10154200,ft3/s,['A'],0
2019-08-13,90.99479,streamflow,10154200,ft3/s,['A'],0
2019-08-14,87.43438,streamflow,10154200,ft3/s,['A'],0
2019-08-15,83.52188,streamflow,10154200,ft3/s,['A'],0
2019-08-16,90.09062,streamflow,10154200,ft3/s,['A'],0
2019-08-17,94.979164,streamflow,10154200,ft3/s,['A'],0
2019-08-18,97.32083,streamflow,10154200,ft3/s,['A'],0
2019-08-19,94.49271,streamflow,10154200,ft3/s,['A'],0
2019-08-20,93.88958,streamflow,10154200,ft3/s,['A'],0
2019-08-21,92.29063,streamflow,10154200,ft3/s,['A'],0
2019-08-22,90.825,streamflow,10154200,ft3/s,['A'],0
2019-08-23,89.60625,streamflow,10154200,ft3/s,['A'],0
2019-08-24,89.1,streamflow,10154200,ft3/s,['A'],0
2019-08-25,88.05,streamflow,10154200,ft3/s,['A'],0
2019-08-26,85.558334,streamflow,10154200,ft3/s,['A'],0
2019-08-27,82.1,streamflow,10154200,ft3/s,['A'],0
2019-08-28,80.54167,streamflow,10154200,ft3/s,['A'],0
2019-08-29,79.14271,streamflow,10154200,ft3/s,['A'],0
2019-08-30,79.86875,streamflow,10154200,ft3/s,['A'],0
2019-08-31,79.95729,streamflow,10154200,ft3/s,['A'],0
2019-09-01,80.86042,streamflow,10154200,ft3/s,['A'],0
2019-09-02,79.65625,streamflow,10154200,ft3/s,['A'],0
2019-09-03,81.17917,streamflow,10154200,ft3/s,['A'],0
2019-09-04,81.35625,streamflow,10154200,ft3/s,['A'],0
2019-09-05,81.09062,streamflow,10154200,ft3/s,['A'],0
2019-09-06,87.97708,streamflow,10154200,ft3/s,['A'],0
2019-09-07,89.046875,streamflow,10154200,ft3/s,['A'],0
2019-09-08,91.08125,streamflow,10154200,ft3/s,['A'],0
2019-09-09,112.26979,streamflow,10154200,ft3/s,['A'],0
2019-09-10,95.93854,streamflow,10154200,ft3/s,['A'],0
2019-09-11,131.59688,streamflow,10154200,ft3/s,['A'],0
2019-09-12,143.84375,streamflow,10154200,ft3/s,['A'],0
2019-09-13,111.854164,streamflow,10154200,ft3/s,['A'],0
2019-09-14,101.066666,streamflow,10154200,ft3/s,['A'],0
2019-09-15,94.71875,streamflow,10154200,ft3/s,['A'],0
2019-09-16,91.05,streamflow,10154200,ft3/s,['A'],0
2019-09-17,90.9,streamflow,10154200,ft3/s,['A'],0
2019-09-18,92.14166,streamflow,10154200,ft3/s,['A'],0
2019-09-19,88.78125,streamflow,10154200,ft3/s,['A'],0
2019-09-20,86.04271,streamflow,10154200,ft3/s,['A'],0
2019-09-21,89.04375,streamflow,10154200,ft3/s,['A'],0
2019-09-22,87.4875,streamflow,10154200,ft3/s,['A'],0
2019-09-23,85.75938,streamflow,10154200,ft3/s,['A'],0
2019-09-24,83.8375,streamflow,10154200,ft3/s,['A'],0
2019-09-25,83.8,streamflow,10154200,ft3/s,['A'],0
2019-09-26,82.29479,streamflow,10154200,ft3/s,['A'],0
2019-09-27,82.1,streamflow,10154200,ft3/s,['A'],0
2019-09-28,82.91458,streamflow,10154200,ft3/s,['A'],0
2019-09-29,96.74271,streamflow,10154200,ft3/s,['A'],0
2019-09-30,101.620834,streamflow,10154200,ft3/s,['A'],0
2019-10-01,91.07083,streamflow,10154200,ft3/s,['A'],0
2019-10-02,88.33125,streamflow,10154200,ft3/s,['A'],0
2019-10-03,87.506256,streamflow,10154200,ft3/s,['A'],0
2019-10-04,86.68021,streamflow,10154200,ft3/s,['A'],0
2019-10-05,87.79791,streamflow,10154200,ft3/s,['A'],0
2019-10-06,88.893745,streamflow,10154200,ft3/s,['A'],0
2019-10-07,87.90833,streamflow,10154200,ft3/s,['A'],0
2019-10-08,87.26146,streamflow,10154200,ft3/s,['A'],0
2019-10-09,86.30625,streamflow,10154200,ft3/s,['A'],0
2019-10-10,91.74062,streamflow,10154200,ft3/s,['A'],0
2019-10-11,90.796875,streamflow,10154200,ft3/s,['A'],0
2019-10-12,95.88125,streamflow,10154200,ft3/s,['A'],0
2019-10-13,95.44583,streamflow,10154200,ft3/s,['A'],0
2019-10-14,95.041664,streamflow,10154200,ft3/s,['A'],0
2019-10-15,94.339584,streamflow,10154200,ft3/s,['A'],0
2019-10-16,94.36041,streamflow,10154200,ft3/s,['A'],0
2019-10-17,87.975,streamflow,10154200,ft3/s,['A'],0
2019-10-18,81.56875,streamflow,10154200,ft3/s,['A'],0
2019-10-19,72.85521,streamflow,10154200,ft3/s,['A'],0
2019-10-20,71.31875,streamflow,10154200,ft3/s,['A'],0
2019-10-21,72.40937,streamflow,10154200,ft3/s,['A'],0
2019-10-22,73.38854,streamflow,10154200,ft3/s,['A'],0
2019-10-23,72.54271,streamflow,10154200,ft3/s,['A'],0
2019-10-24,64.4625,streamflow,10154200,ft3/s,['A'],0
2019-10-25,66.30416,streamflow,10154200,ft3/s,['A'],0
2019-10-26,70.160416,streamflow,10154200,ft3/s,['A'],0
2019-10-27,69.97083,streamflow,10154200,ft3/s,['A'],0
2019-10-28,51.12396,streamflow,10154200,ft3/s,['A'],0
2019-10-29,66.31146,streamflow,10154200,ft3/s,['A'],0
2019-10-30,44.060417,streamflow,10154200,ft3/s,['A'],0
2019-10-31,54.841667,streamflow,10154200,ft3/s,['A'],0
2019-11-01,64.0,streamflow,10154200,ft3/s,['A'],0
2019-11-02,60.388542,streamflow,10154200,ft3/s,['A'],0
2019-11-03,61.815624,streamflow,10154200,ft3/s,['A'],0
2019-11-04,62.83646,streamflow,10154200,ft3/s,['A'],0
2019-11-05,61.709373,streamflow,10154200,ft3/s,['A'],0
2019-11-06,59.89479,streamflow,10154200,ft3/s,['A'],0
2019-11-07,57.848957,streamflow,10154200,ft3/s,['A'],0
2019-11-08,56.911457,streamflow,10154200,ft3/s,['A'],0
2019-11-09,56.211456,streamflow,10154200,ft3/s,['A'],0
2019-11-10,57.010418,streamflow,10154200,ft3/s,['A'],0
2019-11-11,57.25625,streamflow,10154200,ft3/s,['A'],0
2019-11-12,55.328125,streamflow,10154200,ft3/s,['A'],0
2019-11-13,61.764584,streamflow,10154200,ft3/s,['A'],0
2019-11-14,58.43646,streamflow,10154200,ft3/s,['A'],0
2019-11-15,60.353127,streamflow,10154200,ft3/s,['A'],0
2019-11-16,59.021873,streamflow,10154200,ft3/s,['A'],0
2019-11-17,54.548958,streamflow,10154200,ft3/s,['A'],0
2019-11-18,57.73854,streamflow,10154200,ft3/s,['A'],0
2019-11-19,57.279167,streamflow,10154200,ft3/s,['A'],0
2019-11-20,56.74167,streamflow,10154200,ft3/s,['A'],0
2019-11-21,58.040627,streamflow,10154200,ft3/s,['A'],0
2019-11-22,53.818752,streamflow,10154200,ft3/s,['A'],0
2019-11-23,49.79375,streamflow,10154200,ft3/s,['A'],0
2019-11-24,43.472916,streamflow,10154200,ft3/s,['A'],0
2019-11-25,50.670834,streamflow,10154200,ft3/s,['A'],0
2019-11-26,42.505207,streamflow,10154200,ft3/s,['A'],0
2019-11-27,38.69375,streamflow,10154200,ft3/s,['A'],0
2019-11-28,49.5625,streamflow,10154200,ft3/s,['A'],0
2019-11-29,51.31146,streamflow,10154200,ft3/s,['A'],0
2019-11-30,50.65,streamflow,10154200,ft3/s,['A'],0
2019-12-01,46.452084,streamflow,10154200,ft3/s,['A'],0
2019-12-02,52.56146,streamflow,10154200,ft3/s,['A'],0
2019-12-03,52.796875,streamflow,10154200,ft3/s,['A'],0
2019-12-04,49.958332,streamflow,10154200,ft3/s,['A'],0
2019-12-05,48.870834,streamflow,10154200,ft3/s,['A'],0
2019-12-06,48.34479,streamflow,10154200,ft3/s,['A'],0
2019-12-07,45.16771,streamflow,10154200,ft3/s,['A'],0
2019-12-08,46.89479,streamflow,10154200,ft3/s,['A'],0
2019-12-09,46.2375,streamflow,10154200,ft3/s,['A'],0
2019-12-10,39.409374,streamflow,10154200,ft3/s,['A'],0
2019-12-11,40.075,streamflow,10154200,ft3/s,['A'],0
2019-12-12,47.3,streamflow,10154200,ft3/s,['A'],0
2019-12-13,45.271873,streamflow,10154200,ft3/s,['A'],0
2019-12-14,46.5875,streamflow,10154200,ft3/s,['A'],0
2019-12-15,38.69375,streamflow,10154200,ft3/s,['A'],0
2019-12-16,43.708332,streamflow,10154200,ft3/s,['A'],0
2019-12-17,36.485416,streamflow,10154200,ft3/s,['A'],0
2019-12-18,40.51146,streamflow,10154200,ft3/s,['A'],0
2019-12-19,49.11354,streamflow,10154200,ft3/s,['A'],0
2019-12-20,45.935417,streamflow,10154200,ft3/s,['A'],0
2019-12-21,45.651043,streamflow,10154200,ft3/s,['A'],0
2019-12-22,44.891666,streamflow,10154200,ft3/s,['A'],0
2019-12-23,43.925,streamflow,10154200,ft3/s,['A'],0
2019-12-24,44.0,streamflow,10154200,ft3/s,['A'],0
2019-12-25,44.216667,streamflow,10154200,ft3/s,['A'],0
2019-12-26,43.5125,streamflow,10154200,ft3/s,['A'],0
2019-12-27,40.358334,streamflow,10154200,ft3/s,['A'],0
2019-12-28,42.296875,streamflow,10154200,ft3/s,['A'],0
2019-12-29,37.755207,streamflow,10154200,ft3/s,['A'],0
2019-12-30,42.78958,streamflow,10154200,ft3/s,['A'],0
2019-12-31,41.3875,streamflow,10154200,ft3/s,['A'],0
2020-01-01,43.525,streamflow,10154200,ft3/s,['A'],0
2020-01-02,43.690624,streamflow,10154200,ft3/s,['A'],0
2020-01-03,42.837498,streamflow,10154200,ft3/s,['A'],0
2020-01-04,41.848957,streamflow,10154200,ft3/s,['A'],0
2020-01-05,40.745834,streamflow,10154200,ft3/s,['A'],0
2020-01-06,41.371876,streamflow,10154200,ft3/s,['A'],0
2020-01-07,40.923958,streamflow,10154200,ft3/s,['A'],0
2020-01-08,41.347916,streamflow,10154200,ft3/s,['A'],0
2020-01-09,41.451042,streamflow,10154200,ft3/s,['A'],0
2020-01-10,40.980206,streamflow,10154200,ft3/s,['A'],0
2020-01-11,37.915627,streamflow,10154200,ft3/s,['A'],0
2020-01-12,43.5375,streamflow,10154200,ft3/s,['A'],0
2020-01-13,43.1125,streamflow,10154200,ft3/s,['A'],0
2020-01-14,43.5,streamflow,10154200,ft3/s,['A'],0
2020-01-15,39.779167,streamflow,10154200,ft3/s,['A'],0
2020-01-16,43.265625,streamflow,10154200,ft3/s,['A'],0
2020-01-17,44.834373,streamflow,10154200,ft3/s,['A'],0
2020-01-18,41.59375,streamflow,10154200,ft3/s,['A'],0
2020-01-19,42.865623,streamflow,10154200,ft3/s,['A'],0
2020-01-20,43.555206,streamflow,10154200,ft3/s,['A'],0
2020-01-21,44.013542,streamflow,10154200,ft3/s,['A'],0
2020-01-22,43.4875,streamflow,10154200,ft3/s,['A'],0
2020-01-23,43.875,streamflow,10154200,ft3/s,['A'],0
2020-01-24,43.325,streamflow,10154200,ft3/s,['A'],0
2020-01-25,44.223957,streamflow,10154200,ft3/s,['A'],0
2020-01-26,43.0125,streamflow,10154200,ft3/s,['A'],0
2020-01-27,43.087498,streamflow,10154200,ft3/s,['A'],0
2020-01-28,42.7,streamflow,10154200,ft3/s,['A'],0
2020-01-29,43.254166,streamflow,10154200,ft3/s,['A'],0
2020-01-30,41.69375,streamflow,10154200,ft3/s,['A'],0
2020-01-31,37.165627,streamflow,10154200,ft3/s,['A'],0
2020-02-01,42.022915,streamflow,10154200,ft3/s,['A'],0
2020-02-02,41.486458,streamflow,10154200,ft3/s,['A'],0
2020-02-03,42.98854,streamflow,10154200,ft3/s,['A'],0
2020-02-04,35.47604,streamflow,10154200,ft3/s,['A'],0
2020-02-05,32.25729,streamflow,10154200,ft3/s,['A'],0
2020-02-06,35.253124,streamflow,10154200,ft3/s,['A'],0
2020-02-07,44.048958,streamflow,10154200,ft3/s,['A'],0
2020-02-08,44.570835,streamflow,10154200,ft3/s,['A'],0
2020-02-09,45.221874,streamflow,10154200,ft3/s,['A'],0
2020-02-10,40.572918,streamflow,10154200,ft3/s,['A'],0
2020-02-11,40.770832,streamflow,10154200,ft3/s,['A'],0
2020-02-12,43.264584,streamflow,10154200,ft3/s,['A'],0
2020-02-13,43.932293,streamflow,10154200,ft3/s,['A'],0
2020-02-14,42.151043,streamflow,10154200,ft3/s,['A'],0
2020-02-15,41.43854,streamflow,10154200,ft3/s,['A'],0
2020-02-16,41.233334,streamflow,10154200,ft3/s,['A'],0
2020-02-17,41.93646,streamflow,10154200,ft3/s,['A'],0
2020-02-18,39.273956,streamflow,10154200,ft3/s,['A'],0
2020-02-19,40.48125,streamflow,10154200,ft3/s,['A'],0
2020-02-20,39.4375,streamflow,10154200,ft3/s,['A'],0
2020-02-21,40.495834,streamflow,10154200,ft3/s,['A'],0
2020-02-22,44.1875,streamflow,10154200,ft3/s,['A'],0
2020-02-23,42.18125,streamflow,10154200,ft3/s,['A'],0
2020-02-24,41.329166,streamflow,10154200,ft3/s,['A'],0
2020-02-25,40.61875,streamflow,10154200,ft3/s,['A'],0
2020-02-26,40.60625,streamflow,10154200,ft3/s,['A'],0
2020-02-27,42.263542,streamflow,10154200,ft3/s,['A'],0
2020-02-28,41.647915,streamflow,10154200,ft3/s,['A'],0
2020-02-29,42.361458,streamflow,10154200,ft3/s,['A'],0
2020-03-01,43.5375,streamflow,10154200,ft3/s,['A'],0
2020-03-02,42.204166,streamflow,10154200,ft3/s,['A'],0
2020-03-03,38.416668,streamflow,10154200,ft3/s,['A'],0
2020-03-04,42.302082,streamflow,10154200,ft3/s,['A'],0
2020-03-05,44.12604,streamflow,10154200,ft3/s,['A'],0
2020-03-06,47.260418,streamflow,10154200,ft3/s,['A'],0
2020-03-07,49.947918,streamflow,10154200,ft3/s,['A'],0
2020-03-08,51.58958,streamflow,10154200,ft3/s,['A'],0
2020-03-09,52.817707,streamflow,10154200,ft3/s,['A'],0
2020-03-10,51.341667,streamflow,10154200,ft3/s,['A'],0
2020-03-11,52.4875,streamflow,10154200,ft3/s,['A'],0
2020-03-12,54.678123,streamflow,10154200,ft3/s,['A'],0
2020-03-13,55.665627,streamflow,10154200,ft3/s,['A'],0
2020-03-14,55.19896,streamflow,10154200,ft3/s,['A'],0
2020-03-15,53.615623,streamflow,10154200,ft3/s,['A'],0
2020-03-16,59.459373,streamflow,10154200,ft3/s,['A'],0
2020-03-17,61.19479,streamflow,10154200,ft3/s,['A'],0
2020-03-18,66.16459,streamflow,10154200,ft3/s,['A'],0
2020-03-19,63.685417,streamflow,10154200,ft3/s,['A'],0
2020-03-20,60.23854,streamflow,10154200,ft3/s,['A'],0
2020-03-21,55.727085,streamflow,10154200,ft3/s,['A'],0
2020-03-22,59.263542,streamflow,10154200,ft3/s,['A'],0
2020-03-23,55.485416,streamflow,10154200,ft3/s,['A'],0
2020-03-24,58.3125,streamflow,10154200,ft3/s,['A'],0
2020-03-25,58.111458,streamflow,10154200,ft3/s,['A'],0
2020-03-26,53.014584,streamflow,10154200,ft3/s,['A'],0
2020-03-27,47.87396,streamflow,10154200,ft3/s,['A'],0
2020-03-28,51.228127,streamflow,10154200,ft3/s,['A'],0
2020-03-29,48.965626,streamflow,10154200,ft3/s,['A'],0
2020-03-30,53.461456,streamflow,10154200,ft3/s,['A'],0
2020-03-31,50.382294,streamflow,10154200,ft3/s,['A'],0
2020-04-01,58.22604,streamflow,10154200,ft3/s,['A'],0
2020-04-02,65.20937,streamflow,10154200,ft3/s,['A'],0
2020-04-03,50.952084,streamflow,10154200,ft3/s,['A'],0
2020-04-04,59.80104,streamflow,10154200,ft3/s,['A'],0
2020-04-05,66.79063,streamflow,10154200,ft3/s,['A'],0
2020-04-06,70.31875,streamflow,10154200,ft3/s,['A'],0
2020-04-07,71.9,streamflow,10154200,ft3/s,['A'],0
2020-04-08,87.21875,streamflow,10154200,ft3/s,['A'],0
2020-04-09,115.129166,streamflow,10154200,ft3/s,['A'],0
2020-04-10,154.42708,streamflow,10154200,ft3/s,['A'],0
2020-04-11,173.26042,streamflow,10154200,ft3/s,['A'],0
2020-04-12,160.71875,streamflow,10154200,ft3/s,['A'],0
2020-04-13,127.875,streamflow,10154200,ft3/s,['A'],0
2020-04-14,109.07188,streamflow,10154200,ft3/s,['A'],0
2020-04-15,121.6875,streamflow,10154200,ft3/s,['A'],0
2020-04-16,109.5625,streamflow,10154200,ft3/s,['A'],0
2020-04-17,93.402084,streamflow,10154200,ft3/s,['A'],0
2020-04-18,105.88959,streamflow,10154200,ft3/s,['A'],0
2020-04-19,100.73021,streamflow,10154200,ft3/s,['A'],0
2020-04-20,99.60834,streamflow,10154200,ft3/s,['A'],0
2020-04-21,117.6875,streamflow,10154200,ft3/s,['A'],0
2020-04-22,136.97917,streamflow,10154200,ft3/s,['A'],0
2020-04-23,159.66667,streamflow,10154200,ft3/s,['A'],0
2020-04-24,165.55208,streamflow,10154200,ft3/s,['A'],0
2020-04-25,189.82292,streamflow,10154200,ft3/s,['A'],0
2020-04-26,243.76042,streamflow,10154200,ft3/s,['A'],0
2020-04-27,353.4896,streamflow,10154200,ft3/s,['A'],0
2020-04-28,417.72916,streamflow,10154200,ft3/s,['A'],0
2020-04-29,500.14584,streamflow,10154200,ft3/s,['A'],0
2020-04-30,625.84375,streamflow,10154200,ft3/s,['A'],0
2020-05-01,800.5417,streamflow,10154200,ft3/s,['A'],0
2020-05-02,874.80206,streamflow,10154200,ft3/s,['A'],0
2020-05-03,848.21875,streamflow,10154200,ft3/s,['A'],0
2020-05-04,875.19794,streamflow,10154200,ft3/s,['A'],0
2020-05-05,790.28125,streamflow,10154200,ft3/s,['A'],0
2020-05-06,837.88544,streamflow,10154200,ft3/s,['A'],0
2020-05-07,923.26044,streamflow,10154200,ft3/s,['A'],0
2020-05-08,867.38544,streamflow,10154200,ft3/s,['A'],0
2020-05-09,899.28125,streamflow,10154200,ft3/s,['A'],0
2020-05-10,968.8125,streamflow,10154200,ft3/s,['A'],0
2020-05-11,977.07294,streamflow,10154200,ft3/s,['A'],0
2020-05-12,1150.0,streamflow,10154200,ft3/s,['A'],0
2020-05-13,1197.3959,streamflow,10154200,ft3/s,['A'],0
2020-05-14,1020.34375,streamflow,10154200,ft3/s,['A'],0
2020-05-15,955.7917,streamflow,10154200,ft3/s,['A'],0
2020-05-16,890.17706,streamflow,10154200,ft3/s,['A'],0
2020-05-17,982.78125,streamflow,10154200,ft3/s,['A'],0
2020-05-18,1179.1771,streamflow,10154200,ft3/s,['A'],0
2020-05-19,1486.7709,streamflow,10154200,ft3/s,['A'],0
2020-05-20,1580.3125,streamflow,10154200,ft3/s,['A'],0
2020-05-21,1154.8959,streamflow,10154200,ft3/s,['A'],0
2020-05-22,1017.1458,streamflow,10154200,ft3/s,['A'],0
2020-05-23,889.2292,streamflow,10154200,ft3/s,['A'],0
2020-05-24,769.13544,streamflow,10154200,ft3/s,['A'],0
2020-05-25,700.26044,streamflow,10154200,ft3/s,['A'],0
2020-05-26,769.2917,streamflow,10154200,ft3/s,['A'],0
2020-05-27,966.92706,streamflow,10154200,ft3/s,['A'],0
2020-05-28,1243.2291,streamflow,10154200,ft3/s,['A'],0
2020-05-29,1409.8959,streamflow,10154200,ft3/s,['A'],0
2020-05-30,1508.4375,streamflow,10154200,ft3/s,['A'],0
2020-05-31,1525.3125,streamflow,10154200,ft3/s,['A'],0
2020-06-01,1397.7084,streamflow,10154200,ft3/s,['A'],0
2020-06-02,1157.5625,streamflow,10154200,ft3/s,['A'],0
2020-06-03,926.375,streamflow,10154200,ft3/s,['A'],0
2020-06-04,828.38544,streamflow,10154200,ft3/s,['A'],0
2020-06-05,693.5417,streamflow,10154200,ft3/s,['A'],0
2020-06-06,812.26044,streamflow,10154200,ft3/s,['A'],0
2020-06-07,1173.8541,streamflow,10154200,ft3/s,['A'],0
2020-06-08,902.0417,streamflow,10154200,ft3/s,['A'],0
2020-06-09,688.61456,streamflow,10154200,ft3/s,['A'],0
2020-06-10,688.86456,streamflow,10154200,ft3/s,['A'],0
2020-06-11,619.9375,streamflow,10154200,ft3/s,['A'],0
2020-06-12,539.13544,streamflow,10154200,ft3/s,['A'],0
2020-06-13,485.6146,streamflow,10154200,ft3/s,['A'],0
2020-06-14,441.8021,streamflow,10154200,ft3/s,['A'],0
2020-06-15,402.5,streamflow,10154200,ft3/s,['A'],0
2020-06-16,359.2396,streamflow,10154200,ft3/s,['A'],0
2020-06-17,337.71875,streamflow,10154200,ft3/s,['A'],0
2020-06-18,315.02084,streamflow,10154200,ft3/s,['A'],0
2020-06-19,290.3229,streamflow,10154200,ft3/s,['A'],0
2020-06-20,269.2604,streamflow,10154200,ft3/s,['A'],0
2020-06-21,248.4375,streamflow,10154200,ft3/s,['A'],0
2020-06-22,230.90625,streamflow,10154200,ft3/s,['A'],0
2020-06-23,217.85417,streamflow,10154200,ft3/s,['A'],0
2020-06-24,209.375,streamflow,10154200,ft3/s,['A'],0
2020-06-25,187.07292,streamflow,10154200,ft3/s,['A'],0
2020-06-26,183.73958,streamflow,10154200,ft3/s,['A'],0
2020-06-27,171.29167,streamflow,10154200,ft3/s,['A'],0
2020-06-28,158.04167,streamflow,10154200,ft3/s,['A'],0
2020-06-29,157.77083,streamflow,10154200,ft3/s,['A'],0
2020-06-30,157.86458,streamflow,10154200,ft3/s,['A'],0
2020-07-01,168.54167,streamflow,10154200,ft3/s,['A'],0
2020-07-02,146.75,streamflow,10154200,ft3/s,['A'],0
2020-07-03,133.28125,streamflow,10154200,ft3/s,['A'],0
2020-07-04,124.333336,streamflow,10154200,ft3/s,['A'],0
2020-07-05,118.208336,streamflow,10154200,ft3/s,['A'],0
2020-07-06,112.0,streamflow,10154200,ft3/s,['A'],0
2020-07-07,80.86702,streamflow,10154200,ft3/s,['A'],0
2020-07-08,80.55417,streamflow,10154200,ft3/s,['A'],0
2020-07-09,79.83437,streamflow,10154200,ft3/s,['A'],0
2020-07-10,77.00104,streamflow,10154200,ft3/s,['A'],0
2020-07-11,76.06042,streamflow,10154200,ft3/s,['A'],0
2020-07-12,73.416664,streamflow,10154200,ft3/s,['A'],0
2020-07-13,73.59687,streamflow,10154200,ft3/s,['A'],0
2020-07-14,74.33854,streamflow,10154200,ft3/s,['A'],0
2020-07-15,74.203125,streamflow,10154200,ft3/s,['A'],0
2020-07-16,70.38333,streamflow,10154200,ft3/s,['A'],0
2020-07-17,68.86667,streamflow,10154200,ft3/s,['A'],0
2020-07-18,71.73854,streamflow,10154200,ft3/s,['A'],0
2020-07-19,72.416664,streamflow,10154200,ft3/s,['A'],0
2020-07-20,72.96667,streamflow,10154200,ft3/s,['A'],0
2020-07-21,69.80312,streamflow,10154200,ft3/s,['A'],0
2020-07-22,70.08437,streamflow,10154200,ft3/s,['A'],0
2020-07-23,73.822914,streamflow,10154200,ft3/s,['A'],0
2020-07-24,72.01666,streamflow,10154200,ft3/s,['A'],0
2020-07-25,67.671875,streamflow,10154200,ft3/s,['A'],0
2020-07-26,65.21875,streamflow,10154200,ft3/s,['A'],0
2020-07-27,65.91146,streamflow,10154200,ft3/s,['A'],0
2020-07-28,67.395836,streamflow,10154200,ft3/s,['A'],0
2020-07-29,64.765625,streamflow,10154200,ft3/s,['A'],0
2020-07-30,62.328125,streamflow,10154200,ft3/s,['A'],0
2020-07-31,60.4375,streamflow,10154200,ft3/s,['A'],0
2020-08-01,59.953125,streamflow,10154200,ft3/s,['A'],0
2020-08-02,60.669792,streamflow,10154200,ft3/s,['A'],0
2020-08-03,62.108334,streamflow,10154200,ft3/s,['A'],0
2020-08-04,60.425,streamflow,10154200,ft3/s,['A'],0
2020-08-05,60.658333,streamflow,10154200,ft3/s,['A'],0
2020-08-06,61.546875,streamflow,10154200,ft3/s,['A'],0
2020-08-07,59.766666,streamflow,10154200,ft3/s,['A'],0
2020-08-08,56.179165,streamflow,10154200,ft3/s,['A'],0
2020-08-09,56.339584,streamflow,10154200,ft3/s,['A'],0
2020-08-10,57.302082,streamflow,10154200,ft3/s,['A'],0
2020-08-11,56.63125,streamflow,10154200,ft3/s,['A'],0
2020-08-12,57.23021,streamflow,10154200,ft3/s,['A'],0
2020-08-13,63.460415,streamflow,10154200,ft3/s,['A'],0
2020-08-14,63.078125,streamflow,10154200,ft3/s,['A'],0
2020-08-15,62.484375,streamflow,10154200,ft3/s,['A'],0
2020-08-16,62.046875,streamflow,10154200,ft3/s,['A'],0
2020-08-17,60.954166,streamflow,10154200,ft3/s,['A'],0
2020-08-18,60.058334,streamflow,10154200,ft3/s,['A'],0
2020-08-19,59.41875,streamflow,10154200,ft3/s,['A'],0
2020-08-20,59.76146,streamflow,10154200,ft3/s,['A'],0
2020-08-21,60.489582,streamflow,10154200,ft3/s,['A'],0
2020-08-22,59.204166,streamflow,10154200,ft3/s,['A'],0
2020-08-23,58.69896,streamflow,10154200,ft3/s,['A'],0
2020-08-24,57.725,streamflow,10154200,ft3/s,['A'],0
2020-08-25,49.193752,streamflow,10154200,ft3/s,['A'],0
2020-08-26,44.016666,streamflow,10154200,ft3/s,['A'],0
2020-08-27,43.621876,streamflow,10154200,ft3/s,['A'],0
2020-08-28,42.556248,streamflow,10154200,ft3/s,['A'],0
2020-08-29,40.056248,streamflow,10154200,ft3/s,['A'],0
2020-08-30,40.43021,streamflow,10154200,ft3/s,['A'],0
2020-08-31,40.544792,streamflow,10154200,ft3/s,['A'],0
2020-09-01,41.046875,streamflow,10154200,ft3/s,['A'],0
2020-09-02,41.33646,streamflow,10154200,ft3/s,['A'],0
2020-09-03,40.891666,streamflow,10154200,ft3/s,['A'],0
2020-09-04,40.51875,streamflow,10154200,ft3/s,['A'],0
2020-09-05,39.971874,streamflow,10154200,ft3/s,['A'],0
2020-09-06,40.073956,streamflow,10154200,ft3/s,['A'],0
2020-09-07,39.271873,streamflow,10154200,ft3/s,['A'],0
2020-09-08,39.839584,streamflow,10154200,ft3/s,['A'],0
2020-09-09,41.295834,streamflow,10154200,ft3/s,['A'],0
2020-09-10,41.327084,streamflow,10154200,ft3/s,['A'],0
2020-09-11,40.846874,streamflow,10154200,ft3/s,['A'],0
2020-09-12,39.866665,streamflow,10154200,ft3/s,['A'],0
2020-09-13,39.732292,streamflow,10154200,ft3/s,['A'],0
2020-09-14,39.845833,streamflow,10154200,ft3/s,['A'],0
2020-09-15,39.170834,streamflow,10154200,ft3/s,['A'],0
2020-09-16,38.928127,streamflow,10154200,ft3/s,['A'],0
2020-09-17,38.797916,streamflow,10154200,ft3/s,['A'],0
2020-09-18,44.03021,streamflow,10154200,ft3/s,['A'],0
2020-09-19,47.09375,streamflow,10154200,ft3/s,['A'],0
2020-09-20,46.92604,streamflow,10154200,ft3/s,['A'],0
2020-09-21,39.37604,streamflow,10154200,ft3/s,['A'],0
2020-09-22,35.4375,streamflow,10154200,ft3/s,['A'],0
2020-09-23,34.170834,streamflow,10154200,ft3/s,['A'],0
2020-09-24,33.34375,streamflow,10154200,ft3/s,['A'],0
2020-09-25,31.453125,streamflow,10154200,ft3/s,['A'],0
2020-09-26,31.35729,streamflow,10154200,ft3/s,['A'],0
2020-09-27,31.459375,streamflow,10154200,ft3/s,['A'],0
2020-09-28,31.561459,streamflow,10154200,ft3/s,['A'],0
2020-09-29,31.630108,streamflow,10154200,ft3/s,['A'],0
